[
  {
    "domain": "grip",
    "turns": [
      [
        "Hey coach, I'm looking for a grip for my changeup. Any suggestions?",
        {
          "name": null,
          "type": "changeup",
          "weight": null,
          "material": null,
          "size": null,
          "color": null,
          "texture": null
        },
        "Sure! Do you have a preference for the size or material?"
      ],
      [
        "I prefer a small size and synthetic material.",
        {
          "name": null,
          "type": "changeup",
          "weight": null,
          "material": "synthetic",
          "size": "small",
          "color": null,
          "texture": null
        },
        "Got it! There's a Split-Finger Grip that's small and synthetic. How does that sound?"
      ],
      [
        "That sounds good! What's the weight of that grip?",
        {
          "name": "Split-Finger Grip",
          "type": "changeup",
          "weight": null,
          "material": "synthetic",
          "size": "small",
          "color": null,
          "texture": null
        },
        "The Split-Finger Grip weighs 0.49. Are you happy with that choice?"
      ],
      [
        "Yes, I'm happy with that! What color does it come in?",
        {
          "name": "Split-Finger Grip",
          "type": "changeup",
          "weight": 0.49,
          "material": "synthetic",
          "size": "small",
          "color": null,
          "texture": null
        },
        "It comes in brown. Great choice!"
      ]
    ],
    "preferences_code": "```python\npreferences = GripCriteria(\n    name='Split-Finger Grip',\n    type='changeup',\n    weight=0.49,\n    material='synthetic',\n    size='small',\n    color='brown',\n    texture='smooth'\n)\n```",
    "red_herrings_code": "```python\n# Global variable representing a list of grip examples\ngrip_examples = [\n    GripKnowledge(\n        name='Forkball Grip',\n        type='changeup',\n        weight=0.48,\n        material='leather',\n        size='small',\n        color='dark brown',\n        texture='textured',\n    ),\n    GripKnowledge(\n        name='Split-Finger Grip',\n        type='changeup',\n        weight=0.49,\n        material='synthetic',\n        size='small',\n        color='brown',\n        texture='smooth',\n    ),\n    GripKnowledge(\n        name='Circle Change Grip',\n        type='changeup',\n        weight=0.50,\n        material='leather',\n        size='medium',\n        color='brown',\n        texture='textured',\n    ),\n]\n```",
    "database_code": "```python\n# Global variable representing the coach's knowledge of different grips\ngrip_examples = [\n    GripKnowledge(name=\"Fastball Grip\", type=\"fastball\", weight=0.5, material=\"leather\", size=\"medium\", color=\"black\", texture=\"smooth\"),\n    GripKnowledge(name=\"Curveball Grip\", type=\"curveball\", weight=0.6, material=\"synthetic\", size=\"large\", color=\"red\", texture=\"textured\"),\n    GripKnowledge(name=\"Slider Grip\", type=\"slider\", weight=0.55, material=\"rubber\", size=\"small\", color=\"blue\", texture=\"smooth\"),\n    GripKnowledge(name=\"Changeup Grip\", type=\"changeup\", weight=0.45, material=\"leather\", size=\"medium\", color=\"green\", texture=\"textured\"),\n    GripKnowledge(name=\"Knuckleball Grip\", type=\"fastball\", weight=0.5, material=\"synthetic\", size=\"large\", color=\"white\", texture=\"smooth\"),\n    GripKnowledge(name=\"Two-Seam Grip\", type=\"fastball\", weight=0.52, material=\"rubber\", size=\"medium\", color=\"yellow\", texture=\"textured\"),\n    GripKnowledge(name=\"Cutter Grip\", type=\"slider\", weight=0.58, material=\"leather\", size=\"small\", color=\"orange\", texture=\"smooth\"),\n    GripKnowledge(name=\"Split-Finger Grip\", type=\"changeup\", weight=0.48, material=\"synthetic\", size=\"large\", color=\"purple\", texture=\"textured\"),\n    GripKnowledge(name=\"Screwball Grip\", type=\"curveball\", weight=0.57, material=\"rubber\", size=\"medium\", color=\"pink\", texture=\"smooth\"),\n    GripKnowledge(name=\"Forkball Grip\", type=\"changeup\", weight=0.49, material=\"leather\", size=\"small\", color=\"brown\", texture=\"textured\"),\n]\n```",
    "database": [
      {
        "name": "Slider Grip",
        "type": "slider",
        "weight": 0.55,
        "material": "rubber",
        "size": "small",
        "color": "blue",
        "texture": "smooth"
      },
      {
        "name": "Fastball Grip",
        "type": "fastball",
        "weight": 0.5,
        "material": "leather",
        "size": "medium",
        "color": "black",
        "texture": "smooth"
      },
      {
        "name": "Forkball Grip",
        "type": "changeup",
        "weight": 0.49,
        "material": "leather",
        "size": "small",
        "color": "brown",
        "texture": "textured"
      },
      {
        "name": "Forkball Grip",
        "type": "changeup",
        "weight": 0.48,
        "material": "leather",
        "size": "small",
        "color": "dark brown",
        "texture": "textured"
      },
      {
        "name": "Screwball Grip",
        "type": "curveball",
        "weight": 0.57,
        "material": "rubber",
        "size": "medium",
        "color": "pink",
        "texture": "smooth"
      },
      {
        "name": "Circle Change Grip",
        "type": "changeup",
        "weight": 0.5,
        "material": "leather",
        "size": "medium",
        "color": "brown",
        "texture": "textured"
      },
      {
        "name": "Split-Finger Grip",
        "type": "changeup",
        "weight": 0.48,
        "material": "synthetic",
        "size": "large",
        "color": "purple",
        "texture": "textured"
      },
      {
        "name": "Changeup Grip",
        "type": "changeup",
        "weight": 0.45,
        "material": "leather",
        "size": "medium",
        "color": "green",
        "texture": "textured"
      },
      {
        "name": "Cutter Grip",
        "type": "slider",
        "weight": 0.58,
        "material": "leather",
        "size": "small",
        "color": "orange",
        "texture": "smooth"
      },
      {
        "name": "Knuckleball Grip",
        "type": "fastball",
        "weight": 0.5,
        "material": "synthetic",
        "size": "large",
        "color": "white",
        "texture": "smooth"
      },
      {
        "name": "Curveball Grip",
        "type": "curveball",
        "weight": 0.6,
        "material": "synthetic",
        "size": "large",
        "color": "red",
        "texture": "textured"
      },
      {
        "name": "Two-Seam Grip",
        "type": "fastball",
        "weight": 0.52,
        "material": "rubber",
        "size": "medium",
        "color": "yellow",
        "texture": "textured"
      },
      {
        "name": "Split-Finger Grip",
        "type": "changeup",
        "weight": 0.49,
        "material": "synthetic",
        "size": "small",
        "color": "brown",
        "texture": "smooth"
      }
    ],
    "goal": {
      "name": "Split-Finger Grip",
      "type": "changeup",
      "weight": 0.49,
      "material": "synthetic",
      "size": "small",
      "color": "brown",
      "texture": "smooth"
    },
    "status": "complete"
  },
  {
    "domain": "practice routine",
    "turns": [
      [
        "Thanks! By the way, I need help finding a practice routine. Can we work on that?",
        {
          "name": null,
          "duration": null,
          "focus": null,
          "intensity_level": null,
          "location": null,
          "equipment_needed": null,
          "coach_availability": null
        },
        "Of course! What focus area are you looking for in your practice routine?"
      ],
      [
        "I'm looking to focus on strength.",
        {
          "name": null,
          "duration": null,
          "focus": "strength",
          "intensity_level": null,
          "location": null,
          "equipment_needed": null,
          "coach_availability": null
        },
        "Great! Do you prefer indoor or outdoor practice?"
      ],
      [
        "I prefer indoor practice.",
        {
          "name": null,
          "duration": null,
          "focus": "strength",
          "intensity_level": null,
          "location": "indoor",
          "equipment_needed": null,
          "coach_availability": null
        },
        "Got it! How about the intensity level? Do you want it low, medium, or high?"
      ],
      [
        "I\u2019d like a medium intensity level.",
        {
          "name": null,
          "duration": null,
          "focus": "strength",
          "intensity_level": "medium",
          "location": "indoor",
          "equipment_needed": null,
          "coach_availability": null
        },
        "Perfect! Let me find options for indoor strength routines with medium intensity. One option is \"Core Strength.\" Does that sound good?"
      ],
      [
        "That sounds interesting! How long is the \"Core Strength\" routine?",
        {
          "name": "Core Strength",
          "duration": null,
          "focus": "strength",
          "intensity_level": "medium",
          "location": "indoor",
          "equipment_needed": null,
          "coach_availability": null
        },
        "The \"Core Strength\" routine is 45 minutes long. Does that work for you?"
      ],
      [
        "Yes, that works! Does it require any equipment?",
        {
          "name": "Core Strength",
          "duration": 45,
          "focus": "strength",
          "intensity_level": "medium",
          "location": "indoor",
          "equipment_needed": null,
          "coach_availability": null
        },
        "Yes, the \"Core Strength\" routine does require equipment. Are you okay with that?"
      ],
      [
        "Yes, I'm okay with that! Does a coach need to be available for this routine?",
        {
          "name": "Core Strength",
          "duration": 45,
          "focus": "strength",
          "intensity_level": "medium",
          "location": "indoor",
          "equipment_needed": true,
          "coach_availability": true
        },
        "Yes, a coach is available for the \"Core Strength\" routine. Ready to confirm this choice?"
      ],
      [
        "Yes, let's confirm the \"Core Strength\" routine!",
        {
          "name": "Core Strength",
          "duration": 45,
          "focus": "strength",
          "intensity_level": "medium",
          "location": "indoor",
          "equipment_needed": true,
          "coach_availability": true
        },
        "Awesome choice! You're all set with the \"Core Strength\" routine. Happy practicing!"
      ]
    ],
    "preferences_code": "```python\npreferences = PracticeRoutineCriteria(\n    name='Core Stability',\n    duration=45,\n    focus='strength',\n    intensity_level='medium',\n    location='indoor',\n    equipment_needed=True,\n    coach_availability=True,\n)\n```",
    "red_herrings_code": "```python\n# Global variable representing a list of practice routine examples\npractice_routine_examples = [\n    PracticeRoutine(\n        name='Core Stability',\n        duration=45,\n        focus='strength',\n        intensity_level='medium',\n        location='indoor',\n        equipment_needed=True,\n        coach_availability=True,\n    ),\n    PracticeRoutine(\n        name='Endurance Training',\n        duration=50,\n        focus='endurance',\n        intensity_level='medium',\n        location='indoor',\n        equipment_needed=True,\n        coach_availability=True,\n    ),\n    PracticeRoutine(\n        name='Strength Circuit',\n        duration=45,\n        focus='strength',\n        intensity_level='high',\n        location='indoor',\n        equipment_needed=True,\n        coach_availability=False,\n    ),\n]\n```",
    "database_code": "```python\n# Global variable representing a list of practice routine examples\npractice_routines = [\n    PracticeRoutine(name=\"Fastball Focus\", duration=60, focus='pitching', intensity_level='high', location='outdoor', equipment_needed=True, coach_availability=True),\n    PracticeRoutine(name=\"Strength Training\", duration=45, focus='strength', intensity_level='medium', location='indoor', equipment_needed=True, coach_availability=False),\n    PracticeRoutine(name=\"Endurance Run\", duration=30, focus='endurance', intensity_level='low', location='outdoor', equipment_needed=False, coach_availability=True),\n    PracticeRoutine(name=\"Flexibility Session\", duration=30, focus='flexibility', intensity_level='low', location='indoor', equipment_needed=False, coach_availability=True),\n    PracticeRoutine(name=\"Pitching Drills\", duration=90, focus='pitching', intensity_level='high', location='outdoor', equipment_needed=True, coach_availability=True),\n    PracticeRoutine(name=\"Core Strength\", duration=45, focus='strength', intensity_level='medium', location='indoor', equipment_needed=True, coach_availability=True),\n    PracticeRoutine(name=\"Agility Training\", duration=60, focus='endurance', intensity_level='high', location='outdoor', equipment_needed=True, coach_availability=False),\n    PracticeRoutine(name=\"Yoga for Flexibility\", duration=60, focus='flexibility', intensity_level='low', location='indoor', equipment_needed=False, coach_availability=True),\n    PracticeRoutine(name=\"Pitching Mechanics\", duration=75, focus='pitching', intensity_level='medium', location='outdoor', equipment_needed=True, coach_availability=True),\n    PracticeRoutine(name=\"Conditioning Circuit\", duration=50, focus='strength', intensity_level='high', location='indoor', equipment_needed=True, coach_availability=False),\n]\n```",
    "database": [
      {
        "name": "Pitching Drills",
        "duration": 90,
        "focus": "pitching",
        "intensity_level": "high",
        "location": "outdoor",
        "equipment_needed": true,
        "coach_availability": true
      },
      {
        "name": "Flexibility Session",
        "duration": 30,
        "focus": "flexibility",
        "intensity_level": "low",
        "location": "indoor",
        "equipment_needed": false,
        "coach_availability": true
      },
      {
        "name": "Pitching Mechanics",
        "duration": 75,
        "focus": "pitching",
        "intensity_level": "medium",
        "location": "outdoor",
        "equipment_needed": true,
        "coach_availability": true
      },
      {
        "name": "Endurance Run",
        "duration": 30,
        "focus": "endurance",
        "intensity_level": "low",
        "location": "outdoor",
        "equipment_needed": false,
        "coach_availability": true
      },
      {
        "name": "Yoga for Flexibility",
        "duration": 60,
        "focus": "flexibility",
        "intensity_level": "low",
        "location": "indoor",
        "equipment_needed": false,
        "coach_availability": true
      },
      {
        "name": "Strength Circuit",
        "duration": 45,
        "focus": "strength",
        "intensity_level": "high",
        "location": "indoor",
        "equipment_needed": true,
        "coach_availability": false
      },
      {
        "name": "Agility Training",
        "duration": 60,
        "focus": "endurance",
        "intensity_level": "high",
        "location": "outdoor",
        "equipment_needed": true,
        "coach_availability": false
      },
      {
        "name": "Core Strength",
        "duration": 45,
        "focus": "strength",
        "intensity_level": "medium",
        "location": "indoor",
        "equipment_needed": true,
        "coach_availability": true
      },
      {
        "name": "Endurance Training",
        "duration": 50,
        "focus": "endurance",
        "intensity_level": "medium",
        "location": "indoor",
        "equipment_needed": true,
        "coach_availability": true
      },
      {
        "name": "Core Stability",
        "duration": 45,
        "focus": "strength",
        "intensity_level": "medium",
        "location": "indoor",
        "equipment_needed": true,
        "coach_availability": true
      },
      {
        "name": "Fastball Focus",
        "duration": 60,
        "focus": "pitching",
        "intensity_level": "high",
        "location": "outdoor",
        "equipment_needed": true,
        "coach_availability": true
      },
      {
        "name": "Conditioning Circuit",
        "duration": 50,
        "focus": "strength",
        "intensity_level": "high",
        "location": "indoor",
        "equipment_needed": true,
        "coach_availability": false
      },
      {
        "name": "Strength Training",
        "duration": 45,
        "focus": "strength",
        "intensity_level": "medium",
        "location": "indoor",
        "equipment_needed": true,
        "coach_availability": false
      }
    ],
    "goal": {
      "name": "Core Stability",
      "duration": 45,
      "focus": "strength",
      "intensity_level": "medium",
      "location": "indoor",
      "equipment_needed": true,
      "coach_availability": true
    },
    "status": "complete"
  },
  {
    "domain": "warm-up exercise",
    "turns": [
      [
        "Thanks! Now, can we find a good warm-up exercise? I'm thinking cardio.",
        {
          "name": null,
          "type": "cardio",
          "intensity": "medium",
          "duration": null,
          "focus_area": null,
          "equipment_needed": null,
          "outdoor": null,
          "indoor": true,
          "time_of_day": null
        },
        "Sure! What intensity level do you prefer for the cardio warm-up?"
      ],
      [
        "I prefer a medium intensity level for the cardio warm-up.",
        {
          "name": null,
          "type": "cardio",
          "intensity": "medium",
          "duration": null,
          "focus_area": null,
          "equipment_needed": null,
          "outdoor": null,
          "indoor": true,
          "time_of_day": null
        },
        "Great! Do you want it to be suitable for indoor, outdoor, or both?"
      ],
      [
        "I prefer it to be suitable for indoor.",
        {
          "name": null,
          "type": "cardio",
          "intensity": "medium",
          "duration": null,
          "focus_area": null,
          "equipment_needed": null,
          "outdoor": null,
          "indoor": true,
          "time_of_day": null
        },
        "Got it! One option is \"Jumping Jacks.\" Would you like to know more about it?"
      ],
      [
        "Yes, what\u2019s the duration of \"Jumping Jacks\"?",
        {
          "name": "Jumping Jacks",
          "type": "cardio",
          "intensity": "medium",
          "duration": null,
          "focus_area": null,
          "equipment_needed": null,
          "outdoor": null,
          "indoor": true,
          "time_of_day": null
        },
        "\"Jumping Jacks\" lasts for 5 minutes. Does that work for you?"
      ],
      [
        "Yes, that works! Does it require any equipment?",
        {
          "name": "Jumping Jacks",
          "type": "cardio",
          "intensity": "medium",
          "duration": 5,
          "focus_area": null,
          "equipment_needed": false,
          "outdoor": null,
          "indoor": true,
          "time_of_day": null
        },
        "No, \"Jumping Jacks\" don't require any equipment. Ready to confirm this choice?"
      ],
      [
        "Yes, let's confirm \"Jumping Jacks\" as my warm-up exercise!",
        {
          "name": "Jumping Jacks",
          "type": "cardio",
          "intensity": "medium",
          "duration": 5,
          "focus_area": null,
          "equipment_needed": false,
          "outdoor": null,
          "indoor": true,
          "time_of_day": null
        },
        "Awesome! \"Jumping Jacks\" is confirmed as your warm-up exercise. Enjoy your practice!"
      ]
    ],
    "preferences_code": "```python\npreferences = WarmUpCriteria(\n    name=None,\n    type='cardio',\n    intensity='medium',\n    duration=5,\n    focus_area='full body',\n    equipment_needed=False,\n    outdoor=None,\n    indoor=True,\n    time_of_day='evening',\n)\n```",
    "red_herrings_code": "```python\n# Global variable containing a list of warm-up exercise examples\nwarm_up_exercises = [\n    WarmUpExercise(\n        name='High Knees',\n        type='cardio',\n        intensity='medium',\n        duration=5,\n        focus_area='full body',\n        equipment_needed=False,\n        outdoor=True,\n        indoor=True,\n        time_of_day='afternoon',\n    ),\n    WarmUpExercise(\n        name='Butt Kicks',\n        type='cardio',\n        intensity='medium',\n        duration=5,\n        focus_area='full body',\n        equipment_needed=False,\n        outdoor=True,\n        indoor=True,\n        time_of_day='morning',\n    ),\n    WarmUpExercise(\n        name='Mountain Climbers',\n        type='cardio',\n        intensity='medium',\n        duration=5,\n        focus_area='full body',\n        equipment_needed=False,\n        outdoor=True,\n        indoor=True,\n        time_of_day='evening',\n    ),\n]\n```",
    "database_code": "```python\n# Global variable to store a list of warm-up exercise examples\nwarm_up_exercises = [\n    WarmUpExercise(\n        name=\"Dynamic Stretching\",\n        type=\"stretching\",\n        intensity=\"medium\",\n        duration=10,\n        focus_area=\"full body\",\n        equipment_needed=False,\n        outdoor=True,\n        indoor=True,\n        time_of_day=\"morning\"\n    ),\n    WarmUpExercise(\n        name=\"Jumping Jacks\",\n        type=\"cardio\",\n        intensity=\"medium\",\n        duration=5,\n        focus_area=\"full body\",\n        equipment_needed=False,\n        outdoor=True,\n        indoor=True,\n        time_of_day=\"afternoon\"\n    ),\n    WarmUpExercise(\n        name=\"Bodyweight Squats\",\n        type=\"strength\",\n        intensity=\"medium\",\n        duration=15,\n        focus_area=\"lower body\",\n        equipment_needed=False,\n        outdoor=True,\n        indoor=True,\n        time_of_day=\"evening\"\n    ),\n    WarmUpExercise(\n        name=\"Arm Circles\",\n        type=\"stretching\",\n        intensity=\"low\",\n        duration=5,\n        focus_area=\"upper body\",\n        equipment_needed=False,\n        outdoor=True,\n        indoor=True,\n        time_of_day=\"morning\"\n    ),\n    WarmUpExercise(\n        name=\"High Knees\",\n        type=\"cardio\",\n        intensity=\"high\",\n        duration=10,\n        focus_area=\"full body\",\n        equipment_needed=False,\n        outdoor=True,\n        indoor=True,\n        time_of_day=\"afternoon\"\n    ),\n    WarmUpExercise(\n        name=\"Lunges\",\n        type=\"strength\",\n        intensity=\"medium\",\n        duration=12,\n        focus_area=\"lower body\",\n        equipment_needed=False,\n        outdoor=True,\n        indoor=True,\n        time_of_day=\"evening\"\n    ),\n    WarmUpExercise(\n        name=\"Plank\",\n        type=\"strength\",\n        intensity=\"medium\",\n        duration=8,\n        focus_area=\"full body\",\n        equipment_needed=False,\n        outdoor=False,\n        indoor=True,\n        time_of_day=\"morning\"\n    ),\n    WarmUpExercise(\n        name=\"Butt Kicks\",\n        type=\"cardio\",\n        intensity=\"medium\",\n        duration=5,\n        focus_area=\"full body\",\n        equipment_needed=False,\n        outdoor=True,\n        indoor=True,\n        time_of_day=\"afternoon\"\n    ),\n    WarmUpExercise(\n        name=\"Torso Twist\",\n        type=\"stretching\",\n        intensity=\"low\",\n        duration=7,\n        focus_area=\"upper body\",\n        equipment_needed=False,\n        outdoor=True,\n        indoor=True,\n        time_of_day=\"evening\"\n    ),\n    WarmUpExercise(\n        name=\"Resistance Band Rows\",\n        type=\"strength\",\n        intensity=\"medium\",\n        duration=10,\n        focus_area=\"upper body\",\n        equipment_needed=True,\n        outdoor=False,\n        indoor=True,\n        time_of_day=\"morning\"\n    )\n]\n```",
    "database": [
      {
        "name": "High Knees",
        "type": "cardio",
        "intensity": "high",
        "duration": 10,
        "focus_area": "full body",
        "equipment_needed": false,
        "outdoor": true,
        "indoor": true,
        "time_of_day": "afternoon"
      },
      {
        "name": "Lunges",
        "type": "strength",
        "intensity": "medium",
        "duration": 12,
        "focus_area": "lower body",
        "equipment_needed": false,
        "outdoor": true,
        "indoor": true,
        "time_of_day": "evening"
      },
      {
        "name": "Dynamic Stretching",
        "type": "stretching",
        "intensity": "medium",
        "duration": 10,
        "focus_area": "full body",
        "equipment_needed": false,
        "outdoor": true,
        "indoor": true,
        "time_of_day": "morning"
      },
      {
        "name": "Resistance Band Rows",
        "type": "strength",
        "intensity": "medium",
        "duration": 10,
        "focus_area": "upper body",
        "equipment_needed": true,
        "outdoor": false,
        "indoor": true,
        "time_of_day": "morning"
      },
      {
        "name": "Mountain Climbers",
        "type": "cardio",
        "intensity": "medium",
        "duration": 5,
        "focus_area": "full body",
        "equipment_needed": false,
        "outdoor": true,
        "indoor": true,
        "time_of_day": "evening"
      },
      {
        "name": "Bodyweight Squats",
        "type": "strength",
        "intensity": "medium",
        "duration": 15,
        "focus_area": "lower body",
        "equipment_needed": false,
        "outdoor": true,
        "indoor": true,
        "time_of_day": "evening"
      },
      {
        "name": "Torso Twist",
        "type": "stretching",
        "intensity": "low",
        "duration": 7,
        "focus_area": "upper body",
        "equipment_needed": false,
        "outdoor": true,
        "indoor": true,
        "time_of_day": "evening"
      },
      {
        "name": "Butt Kicks",
        "type": "cardio",
        "intensity": "medium",
        "duration": 5,
        "focus_area": "full body",
        "equipment_needed": false,
        "outdoor": true,
        "indoor": true,
        "time_of_day": "afternoon"
      },
      {
        "name": "Jumping Jacks",
        "type": "cardio",
        "intensity": "medium",
        "duration": 5,
        "focus_area": "full body",
        "equipment_needed": false,
        "outdoor": true,
        "indoor": true,
        "time_of_day": "afternoon"
      },
      {
        "name": "Plank",
        "type": "strength",
        "intensity": "medium",
        "duration": 8,
        "focus_area": "full body",
        "equipment_needed": false,
        "outdoor": false,
        "indoor": true,
        "time_of_day": "morning"
      },
      {
        "name": "Arm Circles",
        "type": "stretching",
        "intensity": "low",
        "duration": 5,
        "focus_area": "upper body",
        "equipment_needed": false,
        "outdoor": true,
        "indoor": true,
        "time_of_day": "morning"
      },
      {
        "name": "Butt Kicks",
        "type": "cardio",
        "intensity": "medium",
        "duration": 5,
        "focus_area": "full body",
        "equipment_needed": false,
        "outdoor": true,
        "indoor": true,
        "time_of_day": "morning"
      },
      {
        "name": "High Knees",
        "type": "cardio",
        "intensity": "medium",
        "duration": 5,
        "focus_area": "full body",
        "equipment_needed": false,
        "outdoor": true,
        "indoor": true,
        "time_of_day": "afternoon"
      }
    ],
    "goal": {
      "name": "Mountain Climbers",
      "type": "cardio",
      "intensity": "medium",
      "duration": 5,
      "focus_area": "full body",
      "equipment_needed": false,
      "outdoor": true,
      "indoor": true,
      "time_of_day": "evening"
    },
    "status": "complete"
  }
]