[
  {
    "domain": "theme",
    "turns": [
      [
        "I'm thinking of a themed holiday party for kids in the fall. Any ideas?",
        {
          "name": null,
          "style": "themed",
          "season": "fall",
          "color_scheme": null,
          "age_group": "children",
          "budget": null,
          "location_type": null,
          "theme_type": "holiday"
        },
        "How about a \"Halloween Bash\"? It\u2019s themed, suitable for all ages, and perfect for fall!"
      ],
      [
        "That sounds great! What color scheme do you suggest for the Halloween Bash?",
        {
          "name": "Halloween Bash",
          "style": "themed",
          "season": "fall",
          "color_scheme": null,
          "age_group": "all_ages",
          "budget": null,
          "location_type": null,
          "theme_type": "holiday"
        },
        "The color scheme is purple and black, which is perfect for a spooky vibe!"
      ],
      [
        "I was hoping for black and green instead. Can we work with that?",
        {
          "name": "Halloween Bash",
          "style": "themed",
          "season": "fall",
          "color_scheme": "black and green",
          "age_group": "children",
          "budget": null,
          "location_type": null,
          "theme_type": "holiday"
        },
        "We can consider the \"Spooky Night\" theme, which features a black and green color scheme for kids in the fall!"
      ],
      [
        "\"Spooky Night\" sounds perfect! What activities should we include for the kids?",
        {
          "name": "Spooky Night",
          "style": "themed",
          "season": "fall",
          "color_scheme": "black and green",
          "age_group": "children",
          "budget": null,
          "location_type": null,
          "theme_type": "holiday"
        },
        "You could have a costume contest, spooky storytelling, and fun Halloween-themed games!"
      ],
      [
        "Those activities are awesome! What about decorations? Any ideas?",
        {
          "name": "Spooky Night",
          "style": "themed",
          "season": "fall",
          "color_scheme": "black and green",
          "age_group": "children",
          "budget": null,
          "location_type": null,
          "theme_type": "holiday"
        },
        "You could use black and green balloons, spooky banners, and fun Halloween props like ghosts and pumpkins!"
      ],
      [
        "Love it! When should we start setting everything up for the party?",
        {
          "name": "Spooky Night",
          "style": "themed",
          "season": "fall",
          "color_scheme": "black and green",
          "age_group": "children",
          "budget": null,
          "location_type": null,
          "theme_type": "holiday"
        },
        "It's best to start setting up at least a day before the party to ensure everything is ready!"
      ]
    ],
    "preferences_code": "```python\npreferences = ThemeCriteria(\n    name='Spooky Night',\n    style='themed',\n    season='fall',\n    color_scheme='black and green',\n    age_group='children',\n    budget='medium',\n    location_type='indoor',\n    theme_type='holiday',\n)\n```",
    "red_herrings_code": "```python\n# Global variable representing a list of theme examples similar to the target theme\nsimilar_themes = [\n    ThemeKnowledge(\n        name='Halloween Bash',\n        style='themed',\n        season='fall',\n        color_scheme='purple and black',\n        age_group='all_ages',\n        budget='medium',\n        location_type='outdoor',\n        theme_type='holiday',\n    ),\n    ThemeKnowledge(\n        name='Autumn Festival',\n        style='casual',\n        season='fall',\n        color_scheme='orange and yellow',\n        age_group='adults',\n        budget='low',\n        location_type='outdoor',\n        theme_type='holiday',\n    ),\n    ThemeKnowledge(\n        name='Spooky Night',\n        style='themed',\n        season='fall',\n        color_scheme='black and green',\n        age_group='children',\n        budget='medium',\n        location_type='indoor',\n        theme_type='holiday',\n    ),\n]\n```",
    "database_code": "```python\n# Global variable containing a list of theme examples using the ThemeKnowledge dataclass.\ntheme_examples = [\n    ThemeKnowledge(name=\"Winter Wonderland\", style=\"formal\", season=\"winter\", color_scheme=\"blue and white\", \n                   age_group=\"all_ages\", budget=\"medium\", location_type=\"indoor\", theme_type=\"holiday\"),\n    ThemeKnowledge(name=\"Beach Party\", style=\"casual\", season=\"summer\", color_scheme=\"bright and colorful\", \n                   age_group=\"teens\", budget=\"low\", location_type=\"outdoor\", theme_type=\"birthday\"),\n    ThemeKnowledge(name=\"Elegant Evening\", style=\"formal\", season=\"fall\", color_scheme=\"gold and burgundy\", \n                   age_group=\"adults\", budget=\"high\", location_type=\"indoor\", theme_type=\"anniversary\"),\n    ThemeKnowledge(name=\"Spring Fling\", style=\"themed\", season=\"spring\", color_scheme=\"pastel colors\", \n                   age_group=\"children\", budget=\"medium\", location_type=\"outdoor\", theme_type=\"birthday\"),\n    ThemeKnowledge(name=\"Corporate Retreat\", style=\"minimalist\", season=\"summer\", color_scheme=\"neutral tones\", \n                   age_group=\"adults\", budget=\"high\", location_type=\"indoor\", theme_type=\"corporate\"),\n    ThemeKnowledge(name=\"Halloween Spooktacular\", style=\"themed\", season=\"fall\", color_scheme=\"black and orange\", \n                   age_group=\"all_ages\", budget=\"medium\", location_type=\"outdoor\", theme_type=\"holiday\"),\n    ThemeKnowledge(name=\"New Year's Eve Gala\", style=\"formal\", season=\"winter\", color_scheme=\"black and gold\", \n                   age_group=\"adults\", budget=\"high\", location_type=\"indoor\", theme_type=\"holiday\"),\n    ThemeKnowledge(name=\"Garden Picnic\", style=\"casual\", season=\"spring\", color_scheme=\"green and floral\", \n                   age_group=\"all_ages\", budget=\"low\", location_type=\"outdoor\", theme_type=\"birthday\"),\n    ThemeKnowledge(name=\"Retro 80s Party\", style=\"themed\", season=\"summer\", color_scheme=\"neon colors\", \n                   age_group=\"teens\", budget=\"medium\", location_type=\"indoor\", theme_type=\"birthday\"),\n    ThemeKnowledge(name=\"Thanksgiving Feast\", style=\"formal\", season=\"fall\", color_scheme=\"autumn colors\", \n                   age_group=\"adults\", budget=\"medium\", location_type=\"indoor\", theme_type=\"holiday\"),\n]\n```",
    "database": [
      {
        "name": "Spring Fling",
        "style": "themed",
        "season": "spring",
        "color_scheme": "pastel colors",
        "age_group": "children",
        "budget": "medium",
        "location_type": "outdoor",
        "theme_type": "birthday"
      },
      {
        "name": "Retro 80s Party",
        "style": "themed",
        "season": "summer",
        "color_scheme": "neon colors",
        "age_group": "teens",
        "budget": "medium",
        "location_type": "indoor",
        "theme_type": "birthday"
      },
      {
        "name": "Elegant Evening",
        "style": "formal",
        "season": "fall",
        "color_scheme": "gold and burgundy",
        "age_group": "adults",
        "budget": "high",
        "location_type": "indoor",
        "theme_type": "anniversary"
      },
      {
        "name": "New Year's Eve Gala",
        "style": "formal",
        "season": "winter",
        "color_scheme": "black and gold",
        "age_group": "adults",
        "budget": "high",
        "location_type": "indoor",
        "theme_type": "holiday"
      },
      {
        "name": "Beach Party",
        "style": "casual",
        "season": "summer",
        "color_scheme": "bright and colorful",
        "age_group": "teens",
        "budget": "low",
        "location_type": "outdoor",
        "theme_type": "birthday"
      },
      {
        "name": "Winter Wonderland",
        "style": "formal",
        "season": "winter",
        "color_scheme": "blue and white",
        "age_group": "all_ages",
        "budget": "medium",
        "location_type": "indoor",
        "theme_type": "holiday"
      },
      {
        "name": "Autumn Festival",
        "style": "casual",
        "season": "fall",
        "color_scheme": "orange and yellow",
        "age_group": "adults",
        "budget": "low",
        "location_type": "outdoor",
        "theme_type": "holiday"
      },
      {
        "name": "Corporate Retreat",
        "style": "minimalist",
        "season": "summer",
        "color_scheme": "neutral tones",
        "age_group": "adults",
        "budget": "high",
        "location_type": "indoor",
        "theme_type": "corporate"
      },
      {
        "name": "Halloween Bash",
        "style": "themed",
        "season": "fall",
        "color_scheme": "purple and black",
        "age_group": "all_ages",
        "budget": "medium",
        "location_type": "outdoor",
        "theme_type": "holiday"
      },
      {
        "name": "Thanksgiving Feast",
        "style": "formal",
        "season": "fall",
        "color_scheme": "autumn colors",
        "age_group": "adults",
        "budget": "medium",
        "location_type": "indoor",
        "theme_type": "holiday"
      },
      {
        "name": "Garden Picnic",
        "style": "casual",
        "season": "spring",
        "color_scheme": "green and floral",
        "age_group": "all_ages",
        "budget": "low",
        "location_type": "outdoor",
        "theme_type": "birthday"
      },
      {
        "name": "Spooky Night",
        "style": "themed",
        "season": "fall",
        "color_scheme": "black and green",
        "age_group": "children",
        "budget": "medium",
        "location_type": "indoor",
        "theme_type": "holiday"
      },
      {
        "name": "Halloween Spooktacular",
        "style": "themed",
        "season": "fall",
        "color_scheme": "black and orange",
        "age_group": "all_ages",
        "budget": "medium",
        "location_type": "outdoor",
        "theme_type": "holiday"
      }
    ],
    "goal": {
      "name": "Spooky Night",
      "style": "themed",
      "season": "fall",
      "color_scheme": "black and green",
      "age_group": "children",
      "budget": "medium",
      "location_type": "indoor",
      "theme_type": "holiday"
    },
    "status": "complete"
  },
  {
    "domain": "catering service",
    "turns": [
      [
        "Got it! Now, can you help me find a catering service? I'm thinking Mexican food.",
        {
          "name": null,
          "cuisine": "Mexican",
          "service_type": null,
          "budget": null,
          "guest_count": null,
          "dietary_requirements": null,
          "location": null,
          "event_date": null,
          "additional_services": null
        },
        "Sure! How many guests are you expecting, and do you have a budget in mind?"
      ],
      [
        "I\u2019m expecting about 100 guests, and my budget is $12 per person.",
        {
          "name": null,
          "cuisine": "Mexican",
          "service_type": null,
          "budget": 12.0,
          "guest_count": 100,
          "dietary_requirements": null,
          "location": null,
          "event_date": null,
          "additional_services": null
        },
        "I found a great option: \"Taco Delight,\" which offers a buffet for $12 per person and can serve 150 guests! Would that work for you?"
      ],
      [
        "\"Taco Delight\" sounds good! Are they available for the holidays?",
        {
          "name": "Taco Delight",
          "cuisine": "Mexican",
          "service_type": "buffet",
          "budget": 12.0,
          "guest_count": 100,
          "dietary_requirements": null,
          "location": null,
          "event_date": null,
          "additional_services": null
        },
        "Yes, \"Taco Delight\" is available for holidays! Would you like to go with them?"
      ],
      [
        "Yes, let's go with \"Taco Delight\"! Thank you for your help!",
        {
          "name": "Taco Delight",
          "cuisine": "Mexican",
          "service_type": "buffet",
          "budget": 12.0,
          "guest_count": 100,
          "dietary_requirements": null,
          "location": null,
          "event_date": null,
          "additional_services": null
        },
        "You're welcome! Enjoy your \"Spooky Night\" party!"
      ]
    ],
    "preferences_code": "```python\npreferences = CateringServiceCriteria(\n    name='Taco Delight',\n    cuisine='Mexican',\n    service_type='buffet',\n    budget=12.0,\n    guest_count=100,\n    dietary_requirements='none',\n    location='North Side',\n    event_date='Holidays',\n    additional_services='none',\n)\n```",
    "red_herrings_code": "```python\ncatering_services = [\n    CateringService(\n        name='Taco Delight',\n        cuisine='Mexican',\n        service_type='buffet',\n        budget=12.0,\n        guest_capacity=150,\n        dietary_options='none',\n        location='North Side',\n        availability='Holidays',\n        additional_services='none',\n    ),\n    CateringService(\n        name='Fiesta on Wheels',\n        cuisine='Mexican',\n        service_type='cocktail',\n        budget=18.0,\n        guest_capacity=100,\n        dietary_options='none',\n        location='South Side',\n        availability='Weekends',\n        additional_services='music',\n    ),\n    CateringService(\n        name='Southwest Flavors',\n        cuisine='Mexican',\n        service_type='buffet',\n        budget=20.0,\n        guest_capacity=250,\n        dietary_options='none',\n        location='East Side',\n        availability='Holidays',\n        additional_services='decoration',\n    ),\n]\n```",
    "database_code": "```python\ncatering_services = [\n    CateringService(\n        name=\"Italian Delight\",\n        cuisine=\"Italian\",\n        service_type=\"buffet\",\n        budget=25.0,\n        guest_capacity=100,\n        dietary_options=\"none\",\n        location=\"Downtown\",\n        availability=\"Weekends\",\n        additional_services=\"decoration\"\n    ),\n    CateringService(\n        name=\"Spicy Indian\",\n        cuisine=\"Indian\",\n        service_type=\"plated\",\n        budget=30.0,\n        guest_capacity=50,\n        dietary_options=\"vegan\",\n        location=\"Uptown\",\n        availability=\"Weekdays\",\n        additional_services=\"none\"\n    ),\n    CateringService(\n        name=\"Chinese Feast\",\n        cuisine=\"Chinese\",\n        service_type=\"family_style\",\n        budget=20.0,\n        guest_capacity=150,\n        dietary_options=\"gluten_free\",\n        location=\"East Side\",\n        availability=\"Evenings\",\n        additional_services=\"music\"\n    ),\n    CateringService(\n        name=\"French Elegance\",\n        cuisine=\"French\",\n        service_type=\"cocktail\",\n        budget=40.0,\n        guest_capacity=75,\n        dietary_options=\"vegetarian\",\n        location=\"West End\",\n        availability=\"Anytime\",\n        additional_services=\"lighting\"\n    ),\n    CateringService(\n        name=\"Mexican Fiesta\",\n        cuisine=\"Mexican\",\n        service_type=\"buffet\",\n        budget=15.0,\n        guest_capacity=200,\n        dietary_options=\"none\",\n        location=\"South Side\",\n        availability=\"Holidays\",\n        additional_services=\"music\"\n    ),\n    CateringService(\n        name=\"American Classics\",\n        cuisine=\"American\",\n        service_type=\"plated\",\n        budget=35.0,\n        guest_capacity=80,\n        dietary_options=\"none\",\n        location=\"North Side\",\n        availability=\"Weekends\",\n        additional_services=\"none\"\n    ),\n    CateringService(\n        name=\"Vegan Delights\",\n        cuisine=\"American\",\n        service_type=\"buffet\",\n        budget=28.0,\n        guest_capacity=60,\n        dietary_options=\"vegan\",\n        location=\"Downtown\",\n        availability=\"Anytime\",\n        additional_services=\"decoration\"\n    ),\n    CateringService(\n        name=\"Gluten-Free Gourmet\",\n        cuisine=\"Italian\",\n        service_type=\"family_style\",\n        budget=32.0,\n        guest_capacity=40,\n        dietary_options=\"gluten_free\",\n        location=\"Uptown\",\n        availability=\"Evenings\",\n        additional_services=\"none\"\n    ),\n    CateringService(\n        name=\"Taco Truck\",\n        cuisine=\"Mexican\",\n        service_type=\"cocktail\",\n        budget=18.0,\n        guest_capacity=120,\n        dietary_options=\"none\",\n        location=\"East Side\",\n        availability=\"Weekdays\",\n        additional_services=\"music\"\n    ),\n    CateringService(\n        name=\"Elegant Events\",\n        cuisine=\"French\",\n        service_type=\"plated\",\n        budget=50.0,\n        guest_capacity=30,\n        dietary_options=\"vegetarian\",\n        location=\"West End\",\n        availability=\"Holidays\",\n        additional_services=\"lighting\"\n    )\n]\n```",
    "database": [
      {
        "name": "Taco Truck",
        "cuisine": "Mexican",
        "service_type": "cocktail",
        "budget": 18.0,
        "guest_capacity": 120,
        "dietary_options": "none",
        "location": "East Side",
        "availability": "Weekdays",
        "additional_services": "music"
      },
      {
        "name": "Mexican Fiesta",
        "cuisine": "Mexican",
        "service_type": "buffet",
        "budget": 15.0,
        "guest_capacity": 200,
        "dietary_options": "none",
        "location": "South Side",
        "availability": "Holidays",
        "additional_services": "music"
      },
      {
        "name": "Italian Delight",
        "cuisine": "Italian",
        "service_type": "buffet",
        "budget": 25.0,
        "guest_capacity": 100,
        "dietary_options": "none",
        "location": "Downtown",
        "availability": "Weekends",
        "additional_services": "decoration"
      },
      {
        "name": "Taco Delight",
        "cuisine": "Mexican",
        "service_type": "buffet",
        "budget": 12.0,
        "guest_capacity": 150,
        "dietary_options": "none",
        "location": "North Side",
        "availability": "Holidays",
        "additional_services": "none"
      },
      {
        "name": "Spicy Indian",
        "cuisine": "Indian",
        "service_type": "plated",
        "budget": 30.0,
        "guest_capacity": 50,
        "dietary_options": "vegan",
        "location": "Uptown",
        "availability": "Weekdays",
        "additional_services": "none"
      },
      {
        "name": "French Elegance",
        "cuisine": "French",
        "service_type": "cocktail",
        "budget": 40.0,
        "guest_capacity": 75,
        "dietary_options": "vegetarian",
        "location": "West End",
        "availability": "Anytime",
        "additional_services": "lighting"
      },
      {
        "name": "Vegan Delights",
        "cuisine": "American",
        "service_type": "buffet",
        "budget": 28.0,
        "guest_capacity": 60,
        "dietary_options": "vegan",
        "location": "Downtown",
        "availability": "Anytime",
        "additional_services": "decoration"
      },
      {
        "name": "Chinese Feast",
        "cuisine": "Chinese",
        "service_type": "family_style",
        "budget": 20.0,
        "guest_capacity": 150,
        "dietary_options": "gluten_free",
        "location": "East Side",
        "availability": "Evenings",
        "additional_services": "music"
      },
      {
        "name": "Gluten-Free Gourmet",
        "cuisine": "Italian",
        "service_type": "family_style",
        "budget": 32.0,
        "guest_capacity": 40,
        "dietary_options": "gluten_free",
        "location": "Uptown",
        "availability": "Evenings",
        "additional_services": "none"
      },
      {
        "name": "Fiesta on Wheels",
        "cuisine": "Mexican",
        "service_type": "cocktail",
        "budget": 18.0,
        "guest_capacity": 100,
        "dietary_options": "none",
        "location": "South Side",
        "availability": "Weekends",
        "additional_services": "music"
      },
      {
        "name": "Elegant Events",
        "cuisine": "French",
        "service_type": "plated",
        "budget": 50.0,
        "guest_capacity": 30,
        "dietary_options": "vegetarian",
        "location": "West End",
        "availability": "Holidays",
        "additional_services": "lighting"
      },
      {
        "name": "American Classics",
        "cuisine": "American",
        "service_type": "plated",
        "budget": 35.0,
        "guest_capacity": 80,
        "dietary_options": "none",
        "location": "North Side",
        "availability": "Weekends",
        "additional_services": "none"
      },
      {
        "name": "Southwest Flavors",
        "cuisine": "Mexican",
        "service_type": "buffet",
        "budget": 20.0,
        "guest_capacity": 250,
        "dietary_options": "none",
        "location": "East Side",
        "availability": "Holidays",
        "additional_services": "decoration"
      }
    ],
    "goal": {
      "name": "Taco Delight",
      "cuisine": "Mexican",
      "service_type": "buffet",
      "budget": 12.0,
      "guest_capacity": 150,
      "dietary_options": "none",
      "location": "North Side",
      "availability": "Holidays",
      "additional_services": "none"
    },
    "status": "complete"
  },
  {
    "domain": "entertainment options",
    "turns": [
      [
        "Thanks! Now, can you help me find some magic entertainment for the kids?",
        {
          "name": null,
          "type": "magic",
          "duration": null,
          "audience_size": 100,
          "budget": 12.0,
          "indoor": null,
          "age_appropriateness": "kids",
          "time_of_day": null,
          "language": null
        },
        "Sure! Are you looking for a specific type of magic show or any particular duration?"
      ],
      [
        "I'm looking for a magic show that's around 45 minutes long.",
        {
          "name": null,
          "type": "magic",
          "duration": 45,
          "audience_size": 100,
          "budget": 12.0,
          "indoor": null,
          "age_appropriateness": "kids",
          "time_of_day": null,
          "language": null
        },
        "I recommend the \"Magic Show,\" which is 45 minutes long and perfect for kids! Would you like more details?"
      ],
      [
        "Yes, please! What\u2019s the budget for the magic show?",
        {
          "name": "Magic Show",
          "type": "magic",
          "duration": 45,
          "audience_size": 100,
          "budget": 12.0,
          "indoor": null,
          "age_appropriateness": "kids",
          "time_of_day": null,
          "language": null
        },
        "The \"Magic Show\" costs $300 and is suitable for indoor settings."
      ],
      [
        "That's a bit over my budget. Can we find something around $200?",
        {
          "name": null,
          "type": "magic",
          "duration": 45,
          "audience_size": 100,
          "budget": 200,
          "indoor": true,
          "age_appropriateness": "kids",
          "time_of_day": null,
          "language": null
        },
        "There's another \"Magic Show\" option for $200, also 45 minutes long, and great for kids! Would you like to go with that?"
      ],
      [
        "Yes, that sounds perfect! Let's book that magic show!",
        {
          "name": "Magic Show",
          "type": "magic",
          "duration": 45,
          "audience_size": 100,
          "budget": 200,
          "indoor": true,
          "age_appropriateness": "kids",
          "time_of_day": null,
          "language": null
        },
        "Great choice! Enjoy the magic show at your party!"
      ]
    ],
    "preferences_code": "```python\npreferences = EntertainmentCriteria(\n    type='magic',\n    duration=45,\n    audience_size=30,\n    budget=200.0,\n    indoor=True,\n    age_appropriateness='kids',\n    time_of_day='afternoon',\n    language='English',\n)\n```",
    "red_herrings_code": "```python\n# Global variable representing a list of entertainment options examples.\nentertainment_options = [\n    EntertainmentOption(\n        name='Magic Show',\n        type='magic',\n        duration=45,\n        audience_size=30,\n        cost=200.0,\n        indoor=True,\n        age_appropriateness='kids',\n        time_of_day='afternoon',\n        language='English',\n    ),\n    EntertainmentOption(\n        name='Puppet Show',\n        type='comedy',\n        duration=30,\n        audience_size=50,\n        cost=120.0,\n        indoor=True,\n        age_appropriateness='kids',\n        time_of_day='afternoon',\n        language='English',\n    ),\n    EntertainmentOption(\n        name='Dance Party',\n        type='dance',\n        duration=60,\n        audience_size=40,\n        cost=180.0,\n        indoor=True,\n        age_appropriateness='kids',\n        time_of_day='evening',\n        language='English',\n    ),\n]\n```",
    "database_code": "```python\nentertainment_options = [\n    EntertainmentOption(\n        name=\"Magic Show\",\n        type='magic',\n        duration=45,\n        audience_size=50,\n        cost=300.0,\n        indoor=True,\n        age_appropriateness='kids',\n        time_of_day='afternoon',\n        language='English'\n    ),\n    EntertainmentOption(\n        name=\"Dance Party\",\n        type='dance',\n        duration=60,\n        audience_size=100,\n        cost=500.0,\n        indoor=False,\n        age_appropriateness='all_ages',\n        time_of_day='evening',\n        language='English'\n    ),\n    EntertainmentOption(\n        name=\"Kids Comedy Hour\",\n        type='comedy',\n        duration=30,\n        audience_size=30,\n        cost=200.0,\n        indoor=True,\n        age_appropriateness='kids',\n        time_of_day='morning',\n        language='English'\n    ),\n    EntertainmentOption(\n        name=\"Live Band\",\n        type='music',\n        duration=120,\n        audience_size=150,\n        cost=1000.0,\n        indoor=True,\n        age_appropriateness='all_ages',\n        time_of_day='night',\n        language='English'\n    ),\n    EntertainmentOption(\n        name=\"Storytelling Session\",\n        type='comedy',\n        duration=40,\n        audience_size=40,\n        cost=150.0,\n        indoor=True,\n        age_appropriateness='kids',\n        time_of_day='afternoon',\n        language='English'\n    ),\n    EntertainmentOption(\n        name=\"Face Painting\",\n        type='comedy',\n        duration=90,\n        audience_size=80,\n        cost=250.0,\n        indoor=False,\n        age_appropriateness='kids',\n        time_of_day='afternoon',\n        language='English'\n    ),\n    EntertainmentOption(\n        name=\"DJ Performance\",\n        type='music',\n        duration=180,\n        audience_size=200,\n        cost=800.0,\n        indoor=True,\n        age_appropriateness='all_ages',\n        time_of_day='night',\n        language='English'\n    ),\n    EntertainmentOption(\n        name=\"Puppet Show\",\n        type='magic',\n        duration=30,\n        audience_size=25,\n        cost=100.0,\n        indoor=True,\n        age_appropriateness='kids',\n        time_of_day='morning',\n        language='English'\n    ),\n    EntertainmentOption(\n        name=\"Karaoke Night\",\n        type='music',\n        duration=120,\n        audience_size=100,\n        cost=400.0,\n        indoor=True,\n        age_appropriateness='all_ages',\n        time_of_day='evening',\n        language='English'\n    ),\n    EntertainmentOption(\n        name=\"Circus Performance\",\n        type='magic',\n        duration=60,\n        audience_size=75,\n        cost=600.0,\n        indoor=False,\n        age_appropriateness='all_ages',\n        time_of_day='afternoon',\n        language='English'\n    )\n]\n```",
    "database": [
      {
        "name": "Magic Show",
        "type": "magic",
        "duration": 45,
        "audience_size": 50,
        "cost": 300.0,
        "indoor": true,
        "age_appropriateness": "kids",
        "time_of_day": "afternoon",
        "language": "English"
      },
      {
        "name": "DJ Performance",
        "type": "music",
        "duration": 180,
        "audience_size": 200,
        "cost": 800.0,
        "indoor": true,
        "age_appropriateness": "all_ages",
        "time_of_day": "night",
        "language": "English"
      },
      {
        "name": "Puppet Show",
        "type": "comedy",
        "duration": 30,
        "audience_size": 50,
        "cost": 120.0,
        "indoor": true,
        "age_appropriateness": "kids",
        "time_of_day": "afternoon",
        "language": "English"
      },
      {
        "name": "Dance Party",
        "type": "dance",
        "duration": 60,
        "audience_size": 40,
        "cost": 180.0,
        "indoor": true,
        "age_appropriateness": "kids",
        "time_of_day": "evening",
        "language": "English"
      },
      {
        "name": "Live Band",
        "type": "music",
        "duration": 120,
        "audience_size": 150,
        "cost": 1000.0,
        "indoor": true,
        "age_appropriateness": "all_ages",
        "time_of_day": "night",
        "language": "English"
      },
      {
        "name": "Karaoke Night",
        "type": "music",
        "duration": 120,
        "audience_size": 100,
        "cost": 400.0,
        "indoor": true,
        "age_appropriateness": "all_ages",
        "time_of_day": "evening",
        "language": "English"
      },
      {
        "name": "Dance Party",
        "type": "dance",
        "duration": 60,
        "audience_size": 100,
        "cost": 500.0,
        "indoor": false,
        "age_appropriateness": "all_ages",
        "time_of_day": "evening",
        "language": "English"
      },
      {
        "name": "Kids Comedy Hour",
        "type": "comedy",
        "duration": 30,
        "audience_size": 30,
        "cost": 200.0,
        "indoor": true,
        "age_appropriateness": "kids",
        "time_of_day": "morning",
        "language": "English"
      },
      {
        "name": "Puppet Show",
        "type": "magic",
        "duration": 30,
        "audience_size": 25,
        "cost": 100.0,
        "indoor": true,
        "age_appropriateness": "kids",
        "time_of_day": "morning",
        "language": "English"
      },
      {
        "name": "Circus Performance",
        "type": "magic",
        "duration": 60,
        "audience_size": 75,
        "cost": 600.0,
        "indoor": false,
        "age_appropriateness": "all_ages",
        "time_of_day": "afternoon",
        "language": "English"
      },
      {
        "name": "Storytelling Session",
        "type": "comedy",
        "duration": 40,
        "audience_size": 40,
        "cost": 150.0,
        "indoor": true,
        "age_appropriateness": "kids",
        "time_of_day": "afternoon",
        "language": "English"
      },
      {
        "name": "Magic Show",
        "type": "magic",
        "duration": 45,
        "audience_size": 30,
        "cost": 200.0,
        "indoor": true,
        "age_appropriateness": "kids",
        "time_of_day": "afternoon",
        "language": "English"
      },
      {
        "name": "Face Painting",
        "type": "comedy",
        "duration": 90,
        "audience_size": 80,
        "cost": 250.0,
        "indoor": false,
        "age_appropriateness": "kids",
        "time_of_day": "afternoon",
        "language": "English"
      }
    ],
    "goal": {
      "name": "Magic Show",
      "type": "magic",
      "duration": 45,
      "audience_size": 30,
      "cost": 200.0,
      "indoor": true,
      "age_appropriateness": "kids",
      "time_of_day": "afternoon",
      "language": "English"
    },
    "status": "complete"
  }
]