[
  {
    "domain": "design inspiration",
    "turns": [
      [
        "I'm looking for some vintage fabric inspiration, could you help me with that?",
        {
          "name": null,
          "style": "vintage",
          "medium": "fabric",
          "source": null,
          "color_palette": null,
          "era": null,
          "motif": null,
          "geographical_influence": null,
          "texture": null,
          "occasion": null
        },
        "Sure! Are you looking for a specific color palette or occasion?"
      ],
      [
        "I'm thinking of a navy and silver color palette for a formal occasion.",
        {
          "name": null,
          "style": "vintage",
          "medium": "fabric",
          "source": null,
          "color_palette": "navy and silver",
          "era": null,
          "motif": null,
          "geographical_influence": null,
          "texture": null,
          "occasion": "formal"
        },
        "I recommend \"Elegant Soir\u00e9e\" with navy and silver, perfect for formal wear! Would you like to go with that?"
      ],
      [
        "That sounds great! Does it have a classic 1950s motif?",
        {
          "name": "Elegant Soir\u00e9e",
          "style": "vintage",
          "medium": "fabric",
          "source": null,
          "color_palette": "navy and silver",
          "era": "1950s",
          "motif": "classic",
          "geographical_influence": null,
          "texture": null,
          "occasion": "formal"
        },
        "Yes, \"Elegant Soir\u00e9e\" features a classic motif from the 1950s. Would you like to confirm your choice?"
      ],
      [
        "Yes, I\u2019d like to confirm \"Elegant Soir\u00e9e\" as my design inspiration!",
        {
          "name": "Elegant Soir\u00e9e",
          "style": "vintage",
          "medium": "fabric",
          "source": null,
          "color_palette": "navy and silver",
          "era": "1950s",
          "motif": "classic",
          "geographical_influence": null,
          "texture": null,
          "occasion": "formal"
        },
        "Great choice! \"Elegant Soir\u00e9e\" is all yours. Happy designing!"
      ]
    ],
    "preferences_code": "```python\npreferences = DesignInspirationCriteria(\n    name='Elegant Soir\u00e9e',\n    style='vintage',\n    medium='fabric',\n    source='fashion_show',\n    color_palette='navy, silver',\n    era='1950s',\n    motif='classic',\n    geographical_influence='American',\n    texture='silky',\n    occasion='formal',\n)\n```",
    "red_herrings_code": "```python\n# Global variable containing a list of design inspiration examples\ndesign_inspiration_examples = [\n    DesignInspiration(\n        name='Timeless Charm',\n        style='vintage',\n        medium='print',\n        source='magazine',\n        color_palette='emerald, gold',\n        era='1950s',\n        motif='classic',\n        geographical_influence='European',\n        texture='smooth',\n        occasion='wedding',\n    ),\n    DesignInspiration(\n        name='Elegant Soir\u00e9e',\n        style='vintage',\n        medium='fabric',\n        source='fashion_show',\n        color_palette='navy, silver',\n        era='1950s',\n        motif='classic',\n        geographical_influence='American',\n        texture='silky',\n        occasion='formal',\n    ),\n    DesignInspiration(\n        name='Chic Heritage',\n        style='vintage',\n        medium='print',\n        source='online',\n        color_palette='navy, gold',\n        era='1960s',\n        motif='classic',\n        geographical_influence='American',\n        texture='smooth',\n        occasion='wedding',\n    ),\n]\n```",
    "database_code": "```python\n# Global variable representing a list of design inspiration examples\ndesign_inspirations = [\n    DesignInspiration(\n        name=\"Urban Chic\",\n        style=\"modern\",\n        medium=\"digital\",\n        source=\"fashion_show\",\n        color_palette=\"black, white, grey\",\n        era=\"2020s\",\n        motif=\"geometric\",\n        geographical_influence=\"urban\",\n        texture=\"smooth\",\n        occasion=\"casual\"\n    ),\n    DesignInspiration(\n        name=\"Vintage Floral\",\n        style=\"vintage\",\n        medium=\"fabric\",\n        source=\"magazine\",\n        color_palette=\"pastel pink, green\",\n        era=\"1970s\",\n        motif=\"floral\",\n        geographical_influence=\"European\",\n        texture=\"soft\",\n        occasion=\"formal\"\n    ),\n    DesignInspiration(\n        name=\"Bohemian Dreams\",\n        style=\"bohemian\",\n        medium=\"embroidery\",\n        source=\"nature\",\n        color_palette=\"earth tones\",\n        era=\"2010s\",\n        motif=\"ethnic patterns\",\n        geographical_influence=\"South American\",\n        texture=\"textured\",\n        occasion=\"party\"\n    ),\n    DesignInspiration(\n        name=\"Minimalist Elegance\",\n        style=\"minimalist\",\n        medium=\"digital\",\n        source=\"online\",\n        color_palette=\"white, beige\",\n        era=\"2020s\",\n        motif=\"simplicity\",\n        geographical_influence=\"Scandinavian\",\n        texture=\"flat\",\n        occasion=\"formal\"\n    ),\n    DesignInspiration(\n        name=\"Avant-Garde Artistry\",\n        style=\"avant-garde\",\n        medium=\"sketch\",\n        source=\"museum\",\n        color_palette=\"bold colors\",\n        era=\"1980s\",\n        motif=\"abstract\",\n        geographical_influence=\"global\",\n        texture=\"mixed\",\n        occasion=\"casual\"\n    ),\n    DesignInspiration(\n        name=\"Sporty Streetwear\",\n        style=\"modern\",\n        medium=\"fabric\",\n        source=\"fashion_show\",\n        color_palette=\"neon colors\",\n        era=\"2020s\",\n        motif=\"sports\",\n        geographical_influence=\"urban\",\n        texture=\"durable\",\n        occasion=\"sport\"\n    ),\n    DesignInspiration(\n        name=\"Classic Elegance\",\n        style=\"vintage\",\n        medium=\"print\",\n        source=\"magazine\",\n        color_palette=\"navy, gold\",\n        era=\"1950s\",\n        motif=\"classic\",\n        geographical_influence=\"American\",\n        texture=\"smooth\",\n        occasion=\"wedding\"\n    ),\n    DesignInspiration(\n        name=\"Eclectic Mix\",\n        style=\"bohemian\",\n        medium=\"digital\",\n        source=\"online\",\n        color_palette=\"bright colors\",\n        era=\"2010s\",\n        motif=\"mixed patterns\",\n        geographical_influence=\"global\",\n        texture=\"varied\",\n        occasion=\"party\"\n    ),\n    DesignInspiration(\n        name=\"Nature Inspired\",\n        style=\"minimalist\",\n        medium=\"sketch\",\n        source=\"nature\",\n        color_palette=\"greens, browns\",\n        era=\"2020s\",\n        motif=\"natural forms\",\n        geographical_influence=\"natural\",\n        texture=\"organic\",\n        occasion=\"casual\"\n    ),\n    DesignInspiration(\n        name=\"Glamorous Night\",\n        style=\"avant-garde\",\n        medium=\"embroidery\",\n        source=\"fashion_show\",\n        color_palette=\"black, gold\",\n        era=\"2010s\",\n        motif=\"glamour\",\n        geographical_influence=\"urban\",\n        texture=\"luxurious\",\n        occasion=\"formal\"\n    )\n]\n```",
    "database": [
      {
        "name": "Bohemian Dreams",
        "style": "bohemian",
        "medium": "embroidery",
        "source": "nature",
        "color_palette": "earth tones",
        "era": "2010s",
        "motif": "ethnic patterns",
        "geographical_influence": "South American",
        "texture": "textured",
        "occasion": "party"
      },
      {
        "name": "Avant-Garde Artistry",
        "style": "avant-garde",
        "medium": "sketch",
        "source": "museum",
        "color_palette": "bold colors",
        "era": "1980s",
        "motif": "abstract",
        "geographical_influence": "global",
        "texture": "mixed",
        "occasion": "casual"
      },
      {
        "name": "Classic Elegance",
        "style": "vintage",
        "medium": "print",
        "source": "magazine",
        "color_palette": "navy, gold",
        "era": "1950s",
        "motif": "classic",
        "geographical_influence": "American",
        "texture": "smooth",
        "occasion": "wedding"
      },
      {
        "name": "Urban Chic",
        "style": "modern",
        "medium": "digital",
        "source": "fashion_show",
        "color_palette": "black, white, grey",
        "era": "2020s",
        "motif": "geometric",
        "geographical_influence": "urban",
        "texture": "smooth",
        "occasion": "casual"
      },
      {
        "name": "Eclectic Mix",
        "style": "bohemian",
        "medium": "digital",
        "source": "online",
        "color_palette": "bright colors",
        "era": "2010s",
        "motif": "mixed patterns",
        "geographical_influence": "global",
        "texture": "varied",
        "occasion": "party"
      },
      {
        "name": "Elegant Soir\u00e9e",
        "style": "vintage",
        "medium": "fabric",
        "source": "fashion_show",
        "color_palette": "navy, silver",
        "era": "1950s",
        "motif": "classic",
        "geographical_influence": "American",
        "texture": "silky",
        "occasion": "formal"
      },
      {
        "name": "Minimalist Elegance",
        "style": "minimalist",
        "medium": "digital",
        "source": "online",
        "color_palette": "white, beige",
        "era": "2020s",
        "motif": "simplicity",
        "geographical_influence": "Scandinavian",
        "texture": "flat",
        "occasion": "formal"
      },
      {
        "name": "Vintage Floral",
        "style": "vintage",
        "medium": "fabric",
        "source": "magazine",
        "color_palette": "pastel pink, green",
        "era": "1970s",
        "motif": "floral",
        "geographical_influence": "European",
        "texture": "soft",
        "occasion": "formal"
      },
      {
        "name": "Timeless Charm",
        "style": "vintage",
        "medium": "print",
        "source": "magazine",
        "color_palette": "emerald, gold",
        "era": "1950s",
        "motif": "classic",
        "geographical_influence": "European",
        "texture": "smooth",
        "occasion": "wedding"
      },
      {
        "name": "Sporty Streetwear",
        "style": "modern",
        "medium": "fabric",
        "source": "fashion_show",
        "color_palette": "neon colors",
        "era": "2020s",
        "motif": "sports",
        "geographical_influence": "urban",
        "texture": "durable",
        "occasion": "sport"
      },
      {
        "name": "Chic Heritage",
        "style": "vintage",
        "medium": "print",
        "source": "online",
        "color_palette": "navy, gold",
        "era": "1960s",
        "motif": "classic",
        "geographical_influence": "American",
        "texture": "smooth",
        "occasion": "wedding"
      },
      {
        "name": "Nature Inspired",
        "style": "minimalist",
        "medium": "sketch",
        "source": "nature",
        "color_palette": "greens, browns",
        "era": "2020s",
        "motif": "natural forms",
        "geographical_influence": "natural",
        "texture": "organic",
        "occasion": "casual"
      },
      {
        "name": "Glamorous Night",
        "style": "avant-garde",
        "medium": "embroidery",
        "source": "fashion_show",
        "color_palette": "black, gold",
        "era": "2010s",
        "motif": "glamour",
        "geographical_influence": "urban",
        "texture": "luxurious",
        "occasion": "formal"
      }
    ],
    "goal": {
      "name": "Elegant Soir\u00e9e",
      "style": "vintage",
      "medium": "fabric",
      "source": "fashion_show",
      "color_palette": "navy, silver",
      "era": "1950s",
      "motif": "classic",
      "geographical_influence": "American",
      "texture": "silky",
      "occasion": "formal"
    },
    "status": "complete"
  },
  {
    "domain": "techniques",
    "turns": [
      [
        "Thanks! Now, could you help me find an advanced knitting technique?",
        {
          "name": null,
          "type": "knitting",
          "level": "advanced",
          "source": null,
          "duration": null,
          "cost": null,
          "popularity": null,
          "eco_friendly": null,
          "required_materials": null
        },
        "Sure! Are you looking for something specific in advanced knitting?"
      ],
      [
        "I'm interested in techniques from an online course that cost around $90.",
        {
          "name": null,
          "type": "knitting",
          "level": "advanced",
          "source": "online course",
          "duration": null,
          "cost": 90.0,
          "popularity": null,
          "eco_friendly": null,
          "required_materials": null
        },
        "I found \"Advanced Knitting Techniques\" from an online course for $90. Does that work for you?"
      ],
      [
        "Yes, that sounds perfect! What materials do I need for it?",
        {
          "name": "Advanced Knitting Techniques",
          "type": "knitting",
          "level": "advanced",
          "source": "online course",
          "duration": null,
          "cost": 90.0,
          "popularity": null,
          "eco_friendly": null,
          "required_materials": null
        },
        "You'll need yarn, knitting needles, and an advanced pattern guide. Ready to confirm?"
      ],
      [
        "Yes, I\u2019m ready to confirm the \"Advanced Knitting Techniques\"!",
        {
          "name": "Advanced Knitting Techniques",
          "type": "knitting",
          "level": "advanced",
          "source": "online course",
          "duration": null,
          "cost": 90.0,
          "popularity": null,
          "eco_friendly": null,
          "required_materials": "yarn, knitting needles, and an advanced pattern guide"
        },
        "Awesome! \"Advanced Knitting Techniques\" is confirmed. Happy knitting!"
      ]
    ],
    "preferences_code": "```python\npreferences = TechniquePreferences(\n    name='Advanced Knitting Techniques',\n    type='knitting',\n    level='advanced',\n    source='Online Course',\n    duration=25,\n    cost=90.0,\n    popularity='medium',\n    eco_friendly=False,\n    required_materials='Yarn, knitting needles, advanced pattern guide',\n)\n```",
    "red_herrings_code": "```python\n# Global variable to store a list of similar technique examples\nsimilar_techniques = [\n    TechniqueKnowledge(\n        name='Basic Knitting',\n        type='knitting',\n        level='beginner',\n        source='YouTube Channel',\n        duration=15,\n        cost=50.0,\n        popularity='high',\n        eco_friendly=True,\n        required_materials='Yarn, knitting needles'\n    ),\n    TechniqueKnowledge(\n        name='Advanced Knitting Techniques',\n        type='knitting',\n        level='advanced',\n        source='Online Course',\n        duration=25,\n        cost=90.0,\n        popularity='medium',\n        eco_friendly=False,\n        required_materials='Yarn, knitting needles, advanced pattern guide'\n    ),\n    TechniqueKnowledge(\n        name='Crochet Patterns',\n        type='knitting',\n        level='intermediate',\n        source='Craft Magazine',\n        duration=20,\n        cost=65.0,\n        popularity='medium',\n        eco_friendly=True,\n        required_materials='Yarn, crochet hook, pattern guide'\n    )\n]\n```",
    "database_code": "```python\n# Global variable to store a list of technique examples\ntechniques_examples = [\n    TechniqueKnowledge(\n        name=\"Basic Sewing\",\n        type=\"sewing\",\n        level=\"beginner\",\n        source=\"Online Course\",\n        duration=10,\n        cost=50.0,\n        popularity=\"high\",\n        eco_friendly=True,\n        required_materials=\"Fabric, thread, sewing machine\"\n    ),\n    TechniqueKnowledge(\n        name=\"Advanced Draping\",\n        type=\"draping\",\n        level=\"advanced\",\n        source=\"Fashion School\",\n        duration=20,\n        cost=150.0,\n        popularity=\"medium\",\n        eco_friendly=False,\n        required_materials=\"Muslin, pins, dress form\"\n    ),\n    TechniqueKnowledge(\n        name=\"Pattern Making Basics\",\n        type=\"pattern making\",\n        level=\"intermediate\",\n        source=\"Book\",\n        duration=15,\n        cost=75.0,\n        popularity=\"high\",\n        eco_friendly=True,\n        required_materials=\"Pattern paper, ruler, pencil\"\n    ),\n    TechniqueKnowledge(\n        name=\"Embroidery Techniques\",\n        type=\"embroidery\",\n        level=\"beginner\",\n        source=\"YouTube\",\n        duration=5,\n        cost=30.0,\n        popularity=\"medium\",\n        eco_friendly=True,\n        required_materials=\"Embroidery floss, hoop, fabric\"\n    ),\n    TechniqueKnowledge(\n        name=\"Knitting for Beginners\",\n        type=\"knitting\",\n        level=\"beginner\",\n        source=\"Online Course\",\n        duration=8,\n        cost=40.0,\n        popularity=\"high\",\n        eco_friendly=True,\n        required_materials=\"Yarn, knitting needles\"\n    ),\n    TechniqueKnowledge(\n        name=\"Intermediate Sewing\",\n        type=\"sewing\",\n        level=\"intermediate\",\n        source=\"Fashion School\",\n        duration=12,\n        cost=80.0,\n        popularity=\"medium\",\n        eco_friendly=False,\n        required_materials=\"Fabric, thread, sewing machine\"\n    ),\n    TechniqueKnowledge(\n        name=\"Fashion Illustration\",\n        type=\"pattern making\",\n        level=\"advanced\",\n        source=\"Art School\",\n        duration=25,\n        cost=200.0,\n        popularity=\"high\",\n        eco_friendly=True,\n        required_materials=\"Sketchbook, markers, colored pencils\"\n    ),\n    TechniqueKnowledge(\n        name=\"Sustainable Sewing\",\n        type=\"sewing\",\n        level=\"intermediate\",\n        source=\"Workshop\",\n        duration=10,\n        cost=60.0,\n        popularity=\"high\",\n        eco_friendly=True,\n        required_materials=\"Recycled fabric, organic thread\"\n    ),\n    TechniqueKnowledge(\n        name=\"Creative Draping\",\n        type=\"draping\",\n        level=\"advanced\",\n        source=\"Fashion Institute\",\n        duration=30,\n        cost=180.0,\n        popularity=\"medium\",\n        eco_friendly=False,\n        required_materials=\"Various fabrics, dress form\"\n    ),\n    TechniqueKnowledge(\n        name=\"Knitting Patterns\",\n        type=\"knitting\",\n        level=\"intermediate\",\n        source=\"Online Blog\",\n        duration=18,\n        cost=70.0,\n        popularity=\"medium\",\n        eco_friendly=True,\n        required_materials=\"Yarn, knitting needles, pattern guide\"\n    )\n]\n```",
    "database": [
      {
        "name": "Pattern Making Basics",
        "type": "pattern making",
        "level": "intermediate",
        "source": "Book",
        "duration": 15,
        "cost": 75.0,
        "popularity": "high",
        "eco_friendly": true,
        "required_materials": "Pattern paper, ruler, pencil"
      },
      {
        "name": "Crochet Patterns",
        "type": "knitting",
        "level": "intermediate",
        "source": "Craft Magazine",
        "duration": 20,
        "cost": 65.0,
        "popularity": "medium",
        "eco_friendly": true,
        "required_materials": "Yarn, crochet hook, pattern guide"
      },
      {
        "name": "Sustainable Sewing",
        "type": "sewing",
        "level": "intermediate",
        "source": "Workshop",
        "duration": 10,
        "cost": 60.0,
        "popularity": "high",
        "eco_friendly": true,
        "required_materials": "Recycled fabric, organic thread"
      },
      {
        "name": "Embroidery Techniques",
        "type": "embroidery",
        "level": "beginner",
        "source": "YouTube",
        "duration": 5,
        "cost": 30.0,
        "popularity": "medium",
        "eco_friendly": true,
        "required_materials": "Embroidery floss, hoop, fabric"
      },
      {
        "name": "Intermediate Sewing",
        "type": "sewing",
        "level": "intermediate",
        "source": "Fashion School",
        "duration": 12,
        "cost": 80.0,
        "popularity": "medium",
        "eco_friendly": false,
        "required_materials": "Fabric, thread, sewing machine"
      },
      {
        "name": "Basic Knitting",
        "type": "knitting",
        "level": "beginner",
        "source": "YouTube Channel",
        "duration": 15,
        "cost": 50.0,
        "popularity": "high",
        "eco_friendly": true,
        "required_materials": "Yarn, knitting needles"
      },
      {
        "name": "Creative Draping",
        "type": "draping",
        "level": "advanced",
        "source": "Fashion Institute",
        "duration": 30,
        "cost": 180.0,
        "popularity": "medium",
        "eco_friendly": false,
        "required_materials": "Various fabrics, dress form"
      },
      {
        "name": "Fashion Illustration",
        "type": "pattern making",
        "level": "advanced",
        "source": "Art School",
        "duration": 25,
        "cost": 200.0,
        "popularity": "high",
        "eco_friendly": true,
        "required_materials": "Sketchbook, markers, colored pencils"
      },
      {
        "name": "Knitting Patterns",
        "type": "knitting",
        "level": "intermediate",
        "source": "Online Blog",
        "duration": 18,
        "cost": 70.0,
        "popularity": "medium",
        "eco_friendly": true,
        "required_materials": "Yarn, knitting needles, pattern guide"
      },
      {
        "name": "Advanced Knitting Techniques",
        "type": "knitting",
        "level": "advanced",
        "source": "Online Course",
        "duration": 25,
        "cost": 90.0,
        "popularity": "medium",
        "eco_friendly": false,
        "required_materials": "Yarn, knitting needles, advanced pattern guide"
      },
      {
        "name": "Basic Sewing",
        "type": "sewing",
        "level": "beginner",
        "source": "Online Course",
        "duration": 10,
        "cost": 50.0,
        "popularity": "high",
        "eco_friendly": true,
        "required_materials": "Fabric, thread, sewing machine"
      },
      {
        "name": "Knitting for Beginners",
        "type": "knitting",
        "level": "beginner",
        "source": "Online Course",
        "duration": 8,
        "cost": 40.0,
        "popularity": "high",
        "eco_friendly": true,
        "required_materials": "Yarn, knitting needles"
      },
      {
        "name": "Advanced Draping",
        "type": "draping",
        "level": "advanced",
        "source": "Fashion School",
        "duration": 20,
        "cost": 150.0,
        "popularity": "medium",
        "eco_friendly": false,
        "required_materials": "Muslin, pins, dress form"
      }
    ],
    "goal": {
      "name": "Advanced Knitting Techniques",
      "type": "knitting",
      "level": "advanced",
      "source": "Online Course",
      "duration": 25,
      "cost": 90.0,
      "popularity": "medium",
      "eco_friendly": false,
      "required_materials": "Yarn, knitting needles, advanced pattern guide"
    },
    "status": "complete"
  },
  {
    "domain": "fabric sources",
    "turns": [
      [
        "Thanks! Now, could you help me find some silk fabric sources in Milan?",
        {
          "name": null,
          "fabric_type": "silk",
          "material": null,
          "location": "Milan",
          "color": null,
          "pattern": null,
          "organic": null,
          "price_range": null,
          "supplier_rating": null,
          "sustainability_certification": null,
          "ethical_certification": null
        },
        "Absolutely! Are you looking for a specific price range for the silk fabric?"
      ],
      [
        "Yes, I'm looking for silk fabric priced between $30 and $50.",
        {
          "name": null,
          "fabric_type": "silk",
          "material": null,
          "location": "Milan",
          "color": null,
          "pattern": null,
          "organic": null,
          "price_range": "$30 - $50",
          "supplier_rating": null,
          "sustainability_certification": null,
          "ethical_certification": null
        },
        "I recommend \"Italian Fabric Boutique\" in Milan, priced at $30-$50. Does that work for you?"
      ],
      [
        "That sounds good! Do they have a floral pattern in silver?",
        {
          "name": "Italian Fabric Boutique",
          "fabric_type": "silk",
          "material": null,
          "location": "Milan",
          "color": "silver",
          "pattern": "floral",
          "organic": null,
          "price_range": "$30-$50",
          "supplier_rating": null,
          "sustainability_certification": null,
          "ethical_certification": null
        },
        "Yes, \"Italian Fabric Boutique\" offers a floral pattern in silver. Would you like to confirm this choice?"
      ],
      [
        "Yes, I\u2019d like to confirm \"Italian Fabric Boutique\" for the silver floral silk!",
        {
          "name": "Italian Fabric Boutique",
          "fabric_type": "silk",
          "material": null,
          "location": "Milan",
          "color": "silver",
          "pattern": "floral",
          "organic": null,
          "price_range": "$30-$50",
          "supplier_rating": null,
          "sustainability_certification": null,
          "ethical_certification": null
        },
        "Great choice! \"Italian Fabric Boutique\" is confirmed for your silver floral silk. Happy sewing!"
      ]
    ],
    "preferences_code": "```python\npreferences = FabricSourceCriteria(\n    name='Italian Fabric Boutique',\n    fabric_type='Silk',\n    material='natural',\n    location='Milan, Italy',\n    color='Silver',\n    pattern='floral',\n    organic=False,\n    price_range='$30-$50',\n    supplier_rating=5,\n    sustainability_certification=False,\n    ethical_certification=True,\n)\n```",
    "red_herrings_code": "```python\n# Global variable representing a list of fabric sources examples\nfabric_sources_examples = [\n    FabricSource(\n        name='Luxury Wool Co.',\n        fabric_type='Wool',\n        material='natural',\n        location='Florence, Italy',\n        color='Navy',\n        pattern='plain',\n        organic=False,\n        price_range='$50-$70',\n        supplier_rating=4,\n        sustainability_certification=True,\n        ethical_certification=True,\n    ),\n    FabricSource(\n        name='Italian Fabric Boutique',\n        fabric_type='Silk',\n        material='natural',\n        location='Milan, Italy',\n        color='Silver',\n        pattern='floral',\n        organic=False,\n        price_range='$30-$50',\n        supplier_rating=5,\n        sustainability_certification=False,\n        ethical_certification=True,\n    ),\n    FabricSource(\n        name='Eco-Friendly Fabrics',\n        fabric_type='Cotton',\n        material='natural',\n        location='Rome, Italy',\n        color='Silver',\n        pattern='checked',\n        organic=True,\n        price_range='$20-$40',\n        supplier_rating=3,\n        sustainability_certification=True,\n        ethical_certification=True,\n    ),\n]\n```",
    "database_code": "```python\n# Global variable holding a list of fabric source examples\nfabric_sources = [\n    FabricSource(\n        name=\"Navy Textiles Co.\",\n        fabric_type=\"Cotton\",\n        material=\"natural\",\n        location=\"New York, USA\",\n        color=\"Navy\",\n        pattern=\"plain\",\n        organic=True,\n        price_range=\"$20-$30\",\n        supplier_rating=5,\n        sustainability_certification=True,\n        ethical_certification=True\n    ),\n    FabricSource(\n        name=\"Silver Linings Fabrics\",\n        fabric_type=\"Silk\",\n        material=\"natural\",\n        location=\"Paris, France\",\n        color=\"Silver\",\n        pattern=\"geometric\",\n        organic=False,\n        price_range=\"$50-$70\",\n        supplier_rating=4,\n        sustainability_certification=False,\n        ethical_certification=True\n    ),\n    FabricSource(\n        name=\"Vintage Fabric Emporium\",\n        fabric_type=\"Linen\",\n        material=\"natural\",\n        location=\"London, UK\",\n        color=\"Navy\",\n        pattern=\"striped\",\n        organic=True,\n        price_range=\"$30-$40\",\n        supplier_rating=5,\n        sustainability_certification=True,\n        ethical_certification=False\n    ),\n    FabricSource(\n        name=\"Fabrics of the World\",\n        fabric_type=\"Polyester\",\n        material=\"synthetic\",\n        location=\"Tokyo, Japan\",\n        color=\"Silver\",\n        pattern=\"checked\",\n        organic=False,\n        price_range=\"$15-$25\",\n        supplier_rating=3,\n        sustainability_certification=False,\n        ethical_certification=True\n    ),\n    FabricSource(\n        name=\"Eco-Friendly Fabrics\",\n        fabric_type=\"Bamboo\",\n        material=\"natural\",\n        location=\"Vancouver, Canada\",\n        color=\"Navy\",\n        pattern=\"floral\",\n        organic=True,\n        price_range=\"$25-$35\",\n        supplier_rating=4,\n        sustainability_certification=True,\n        ethical_certification=True\n    ),\n    FabricSource(\n        name=\"Designer Fabric House\",\n        fabric_type=\"Wool\",\n        material=\"natural\",\n        location=\"Milan, Italy\",\n        color=\"Silver\",\n        pattern=\"plain\",\n        organic=False,\n        price_range=\"$40-$60\",\n        supplier_rating=5,\n        sustainability_certification=True,\n        ethical_certification=False\n    ),\n    FabricSource(\n        name=\"The Fabric Studio\",\n        fabric_type=\"Rayon\",\n        material=\"blended\",\n        location=\"Los Angeles, USA\",\n        color=\"Navy\",\n        pattern=\"geometric\",\n        organic=False,\n        price_range=\"$10-$20\",\n        supplier_rating=2,\n        sustainability_certification=False,\n        ethical_certification=True\n    ),\n    FabricSource(\n        name=\"Heritage Fabrics\",\n        fabric_type=\"Cotton\",\n        material=\"natural\",\n        location=\"Barcelona, Spain\",\n        color=\"Silver\",\n        pattern=\"checked\",\n        organic=True,\n        price_range=\"$20-$30\",\n        supplier_rating=4,\n        sustainability_certification=True,\n        ethical_certification=True\n    ),\n    FabricSource(\n        name=\"Luxury Silk Fabrics\",\n        fabric_type=\"Silk\",\n        material=\"natural\",\n        location=\"Shanghai, China\",\n        color=\"Navy\",\n        pattern=\"floral\",\n        organic=False,\n        price_range=\"$60-$80\",\n        supplier_rating=5,\n        sustainability_certification=False,\n        ethical_certification=False\n    ),\n    FabricSource(\n        name=\"Crafty Fabrics\",\n        fabric_type=\"Polyester\",\n        material=\"synthetic\",\n        location=\"Sydney, Australia\",\n        color=\"Silver\",\n        pattern=\"plain\",\n        organic=False,\n        price_range=\"$15-$25\",\n        supplier_rating=3,\n        sustainability_certification=False,\n        ethical_certification=True\n    )\n]\n```",
    "database": [
      {
        "name": "Fabrics of the World",
        "fabric_type": "Polyester",
        "material": "synthetic",
        "location": "Tokyo, Japan",
        "color": "Silver",
        "pattern": "checked",
        "organic": false,
        "price_range": "$15-$25",
        "supplier_rating": 3,
        "sustainability_certification": false,
        "ethical_certification": true
      },
      {
        "name": "Designer Fabric House",
        "fabric_type": "Wool",
        "material": "natural",
        "location": "Milan, Italy",
        "color": "Silver",
        "pattern": "plain",
        "organic": false,
        "price_range": "$40-$60",
        "supplier_rating": 5,
        "sustainability_certification": true,
        "ethical_certification": false
      },
      {
        "name": "Eco-Friendly Fabrics",
        "fabric_type": "Bamboo",
        "material": "natural",
        "location": "Vancouver, Canada",
        "color": "Navy",
        "pattern": "floral",
        "organic": true,
        "price_range": "$25-$35",
        "supplier_rating": 4,
        "sustainability_certification": true,
        "ethical_certification": true
      },
      {
        "name": "Luxury Silk Fabrics",
        "fabric_type": "Silk",
        "material": "natural",
        "location": "Shanghai, China",
        "color": "Navy",
        "pattern": "floral",
        "organic": false,
        "price_range": "$60-$80",
        "supplier_rating": 5,
        "sustainability_certification": false,
        "ethical_certification": false
      },
      {
        "name": "The Fabric Studio",
        "fabric_type": "Rayon",
        "material": "blended",
        "location": "Los Angeles, USA",
        "color": "Navy",
        "pattern": "geometric",
        "organic": false,
        "price_range": "$10-$20",
        "supplier_rating": 2,
        "sustainability_certification": false,
        "ethical_certification": true
      },
      {
        "name": "Italian Fabric Boutique",
        "fabric_type": "Silk",
        "material": "natural",
        "location": "Milan, Italy",
        "color": "Silver",
        "pattern": "floral",
        "organic": false,
        "price_range": "$30-$50",
        "supplier_rating": 5,
        "sustainability_certification": false,
        "ethical_certification": true
      },
      {
        "name": "Silver Linings Fabrics",
        "fabric_type": "Silk",
        "material": "natural",
        "location": "Paris, France",
        "color": "Silver",
        "pattern": "geometric",
        "organic": false,
        "price_range": "$50-$70",
        "supplier_rating": 4,
        "sustainability_certification": false,
        "ethical_certification": true
      },
      {
        "name": "Vintage Fabric Emporium",
        "fabric_type": "Linen",
        "material": "natural",
        "location": "London, UK",
        "color": "Navy",
        "pattern": "striped",
        "organic": true,
        "price_range": "$30-$40",
        "supplier_rating": 5,
        "sustainability_certification": true,
        "ethical_certification": false
      },
      {
        "name": "Crafty Fabrics",
        "fabric_type": "Polyester",
        "material": "synthetic",
        "location": "Sydney, Australia",
        "color": "Silver",
        "pattern": "plain",
        "organic": false,
        "price_range": "$15-$25",
        "supplier_rating": 3,
        "sustainability_certification": false,
        "ethical_certification": true
      },
      {
        "name": "Luxury Wool Co.",
        "fabric_type": "Wool",
        "material": "natural",
        "location": "Florence, Italy",
        "color": "Navy",
        "pattern": "plain",
        "organic": false,
        "price_range": "$50-$70",
        "supplier_rating": 4,
        "sustainability_certification": true,
        "ethical_certification": true
      },
      {
        "name": "Navy Textiles Co.",
        "fabric_type": "Cotton",
        "material": "natural",
        "location": "New York, USA",
        "color": "Navy",
        "pattern": "plain",
        "organic": true,
        "price_range": "$20-$30",
        "supplier_rating": 5,
        "sustainability_certification": true,
        "ethical_certification": true
      },
      {
        "name": "Heritage Fabrics",
        "fabric_type": "Cotton",
        "material": "natural",
        "location": "Barcelona, Spain",
        "color": "Silver",
        "pattern": "checked",
        "organic": true,
        "price_range": "$20-$30",
        "supplier_rating": 4,
        "sustainability_certification": true,
        "ethical_certification": true
      },
      {
        "name": "Eco-Friendly Fabrics",
        "fabric_type": "Cotton",
        "material": "natural",
        "location": "Rome, Italy",
        "color": "Silver",
        "pattern": "checked",
        "organic": true,
        "price_range": "$20-$40",
        "supplier_rating": 3,
        "sustainability_certification": true,
        "ethical_certification": true
      }
    ],
    "goal": {
      "name": "Italian Fabric Boutique",
      "fabric_type": "Silk",
      "material": "natural",
      "location": "Milan, Italy",
      "color": "Silver",
      "pattern": "floral",
      "organic": false,
      "price_range": "$30-$50",
      "supplier_rating": 5,
      "sustainability_certification": false,
      "ethical_certification": true
    },
    "status": "complete"
  }
]