[
  {
    "domain": "laptop",
    "turns": [
      [
        "I'm looking for an Asus laptop with an i7 processor and 16GB of RAM.",
        {
          "name": null,
          "brand": "Asus",
          "processor": "i7",
          "ram": 16,
          "storage_type": null,
          "storage_capacity": null,
          "screen_size": null,
          "battery_life": null,
          "operating_system": null,
          "price_range": null
        },
        "I have the ZenBook 14 with an i7 processor and 16GB of RAM; does that sound good?"
      ],
      [
        "That sounds great! What storage options does it have?",
        {
          "name": "ZenBook 14",
          "brand": "Asus",
          "processor": "i7",
          "ram": 16,
          "storage_type": null,
          "storage_capacity": null,
          "screen_size": null,
          "battery_life": null,
          "operating_system": null,
          "price_range": null
        },
        "It has a 512GB SSD for storage."
      ],
      [
        "Perfect! How's the battery life on that model?",
        {
          "name": "ZenBook 14",
          "brand": "Asus",
          "processor": "i7",
          "ram": 16,
          "storage_type": "SSD",
          "storage_capacity": 512,
          "screen_size": null,
          "battery_life": null,
          "operating_system": null,
          "price_range": null
        },
        "The battery life is around 12 hours."
      ],
      [
        "Awesome! What operating system does it come with?",
        {
          "name": "ZenBook 14",
          "brand": "Asus",
          "processor": "i7",
          "ram": 16,
          "storage_type": "SSD",
          "storage_capacity": 512,
          "screen_size": null,
          "battery_life": 12,
          "operating_system": null,
          "price_range": null
        },
        "It comes with Windows as the operating system."
      ]
    ],
    "preferences_code": "```python\npreferences = LaptopCriteria(\n    name='ZenBook 14',\n    brand='Asus',\n    processor='i7',\n    ram=16,\n    storage_type='SSD',\n    storage_capacity=512,\n    screen_size=14,\n    battery_life=12,\n    operating_system='Windows',\n    price_range=(1300, 1500)\n)\n```",
    "red_herrings_code": "```python\n# Global variable representing a list of similar laptop search results\nsimilar_laptops = [\n    LaptopKnowledge(\n        name='ZenBook 14',\n        brand='Asus',\n        processor='i7',\n        ram=16,\n        storage_type='SSD',\n        storage_capacity=512,\n        screen_size=14,\n        battery_life=12,\n        operating_system='Windows',\n        price=1399,\n    ),\n    LaptopKnowledge(\n        name='ZenBook 13',\n        brand='Asus',\n        processor='i5',\n        ram=8,\n        storage_type='SSD',\n        storage_capacity=256,\n        screen_size=13,\n        battery_life=10,\n        operating_system='Windows',\n        price=999,\n    ),\n    LaptopKnowledge(\n        name='XPS 13',\n        brand='Dell',\n        processor='i5',\n        ram=16,\n        storage_type='SSD',\n        storage_capacity=512,\n        screen_size=13,\n        battery_life=11,\n        operating_system='Windows',\n        price=1299,\n    ),\n]\n```",
    "database_code": "```python\n# Global variable representing a list of laptop examples available in the store's inventory.\nlaptop_inventory = [\n    LaptopKnowledge(\n        name=\"XPS 13\",\n        brand=\"Dell\",\n        processor=\"i7\",\n        ram=16,\n        storage_type=\"SSD\",\n        storage_capacity=512,\n        screen_size=13.3,\n        battery_life=12,\n        operating_system=\"Windows\",\n        price=1499\n    ),\n    LaptopKnowledge(\n        name=\"Spectre x360\",\n        brand=\"HP\",\n        processor=\"i5\",\n        ram=8,\n        storage_type=\"SSD\",\n        storage_capacity=256,\n        screen_size=13.3,\n        battery_life=10,\n        operating_system=\"Windows\",\n        price=1299\n    ),\n    LaptopKnowledge(\n        name=\"MacBook Air\",\n        brand=\"Apple\",\n        processor=\"M1\",\n        ram=8,\n        storage_type=\"SSD\",\n        storage_capacity=256,\n        screen_size=13.3,\n        battery_life=15,\n        operating_system=\"macOS\",\n        price=999\n    ),\n    LaptopKnowledge(\n        name=\"ThinkPad X1 Carbon\",\n        brand=\"Lenovo\",\n        processor=\"i7\",\n        ram=16,\n        storage_type=\"SSD\",\n        storage_capacity=1_000,\n        screen_size=14,\n        battery_life=14,\n        operating_system=\"Windows\",\n        price=1899\n    ),\n    LaptopKnowledge(\n        name=\"ZenBook 14\",\n        brand=\"Asus\",\n        processor=\"i5\",\n        ram=16,\n        storage_type=\"SSD\",\n        storage_capacity=512,\n        screen_size=14,\n        battery_life=12,\n        operating_system=\"Windows\",\n        price=1199\n    ),\n    LaptopKnowledge(\n        name=\"Aspire 5\",\n        brand=\"Acer\",\n        processor=\"AMD Ryzen 5\",\n        ram=8,\n        storage_type=\"HDD\",\n        storage_capacity=1_000,\n        screen_size=15.6,\n        battery_life=8,\n        operating_system=\"Windows\",\n        price=599\n    ),\n    LaptopKnowledge(\n        name=\"MacBook Pro 16\",\n        brand=\"Apple\",\n        processor=\"M1 Pro\",\n        ram=16,\n        storage_type=\"SSD\",\n        storage_capacity=512,\n        screen_size=16,\n        battery_life=14,\n        operating_system=\"macOS\",\n        price=2499\n    ),\n    LaptopKnowledge(\n        name=\"Pavilion x360\",\n        brand=\"HP\",\n        processor=\"i3\",\n        ram=8,\n        storage_type=\"SSD\",\n        storage_capacity=128,\n        screen_size=14,\n        battery_life=9,\n        operating_system=\"Windows\",\n        price=649\n    ),\n    LaptopKnowledge(\n        name=\"Legion 5\",\n        brand=\"Lenovo\",\n        processor=\"AMD Ryzen 7\",\n        ram=16,\n        storage_type=\"SSD\",\n        storage_capacity=1_000,\n        screen_size=15.6,\n        battery_life=7,\n        operating_system=\"Windows\",\n        price=1399\n    ),\n    LaptopKnowledge(\n        name=\"ROG Zephyrus G14\",\n        brand=\"Asus\",\n        processor=\"AMD Ryzen 9\",\n        ram=32,\n        storage_type=\"SSD\",\n        storage_capacity=1_000,\n        screen_size=14,\n        battery_life=10,\n        operating_system=\"Windows\",\n        price=1999\n    )\n]\n```",
    "database": [
      {
        "name": "MacBook Pro 16",
        "brand": "Apple",
        "processor": "M1 Pro",
        "ram": 16,
        "storage_type": "SSD",
        "storage_capacity": 512,
        "screen_size": 16,
        "battery_life": 14,
        "operating_system": "macOS",
        "price": 2499
      },
      {
        "name": "ThinkPad X1 Carbon",
        "brand": "Lenovo",
        "processor": "i7",
        "ram": 16,
        "storage_type": "SSD",
        "storage_capacity": 1000,
        "screen_size": 14,
        "battery_life": 14,
        "operating_system": "Windows",
        "price": 1899
      },
      {
        "name": "Aspire 5",
        "brand": "Acer",
        "processor": "AMD Ryzen 5",
        "ram": 8,
        "storage_type": "HDD",
        "storage_capacity": 1000,
        "screen_size": 15.6,
        "battery_life": 8,
        "operating_system": "Windows",
        "price": 599
      },
      {
        "name": "ZenBook 14",
        "brand": "Asus",
        "processor": "i5",
        "ram": 16,
        "storage_type": "SSD",
        "storage_capacity": 512,
        "screen_size": 14,
        "battery_life": 12,
        "operating_system": "Windows",
        "price": 1199
      },
      {
        "name": "Legion 5",
        "brand": "Lenovo",
        "processor": "AMD Ryzen 7",
        "ram": 16,
        "storage_type": "SSD",
        "storage_capacity": 1000,
        "screen_size": 15.6,
        "battery_life": 7,
        "operating_system": "Windows",
        "price": 1399
      },
      {
        "name": "Pavilion x360",
        "brand": "HP",
        "processor": "i3",
        "ram": 8,
        "storage_type": "SSD",
        "storage_capacity": 128,
        "screen_size": 14,
        "battery_life": 9,
        "operating_system": "Windows",
        "price": 649
      },
      {
        "name": "Spectre x360",
        "brand": "HP",
        "processor": "i5",
        "ram": 8,
        "storage_type": "SSD",
        "storage_capacity": 256,
        "screen_size": 13.3,
        "battery_life": 10,
        "operating_system": "Windows",
        "price": 1299
      },
      {
        "name": "ZenBook 14",
        "brand": "Asus",
        "processor": "i7",
        "ram": 16,
        "storage_type": "SSD",
        "storage_capacity": 512,
        "screen_size": 14,
        "battery_life": 12,
        "operating_system": "Windows",
        "price": 1399
      },
      {
        "name": "XPS 13",
        "brand": "Dell",
        "processor": "i5",
        "ram": 16,
        "storage_type": "SSD",
        "storage_capacity": 512,
        "screen_size": 13,
        "battery_life": 11,
        "operating_system": "Windows",
        "price": 1299
      },
      {
        "name": "XPS 13",
        "brand": "Dell",
        "processor": "i7",
        "ram": 16,
        "storage_type": "SSD",
        "storage_capacity": 512,
        "screen_size": 13.3,
        "battery_life": 12,
        "operating_system": "Windows",
        "price": 1499
      },
      {
        "name": "ROG Zephyrus G14",
        "brand": "Asus",
        "processor": "AMD Ryzen 9",
        "ram": 32,
        "storage_type": "SSD",
        "storage_capacity": 1000,
        "screen_size": 14,
        "battery_life": 10,
        "operating_system": "Windows",
        "price": 1999
      },
      {
        "name": "ZenBook 13",
        "brand": "Asus",
        "processor": "i5",
        "ram": 8,
        "storage_type": "SSD",
        "storage_capacity": 256,
        "screen_size": 13,
        "battery_life": 10,
        "operating_system": "Windows",
        "price": 999
      },
      {
        "name": "MacBook Air",
        "brand": "Apple",
        "processor": "M1",
        "ram": 8,
        "storage_type": "SSD",
        "storage_capacity": 256,
        "screen_size": 13.3,
        "battery_life": 15,
        "operating_system": "macOS",
        "price": 999
      }
    ],
    "goal": {
      "name": "ZenBook 14",
      "brand": "Asus",
      "processor": "i7",
      "ram": 16,
      "storage_type": "SSD",
      "storage_capacity": 512,
      "screen_size": 14,
      "battery_life": 12,
      "operating_system": "Windows",
      "price": 1399
    },
    "status": "complete"
  },
  {
    "domain": "smartwatch",
    "turns": [
      [
        "Great! By the way, do you have any smartwatches available?",
        {
          "name": null,
          "brand": null,
          "features": null,
          "price_range": null,
          "battery_life": null,
          "water_resistance": null,
          "connectivity": null,
          "operating_system": null,
          "case_material": null,
          "strap_material": null,
          "screen_type": null,
          "color": null
        },
        "Yes, we have a variety of smartwatches; what features are you looking for?"
      ],
      [
        "I'm looking for GPS, heart rate monitoring, and music playback.",
        {
          "name": null,
          "brand": null,
          "features": [
            "GPS",
            "heart rate monitoring",
            "music playback"
          ],
          "price_range": null,
          "battery_life": null,
          "water_resistance": null,
          "connectivity": null,
          "operating_system": null,
          "case_material": null,
          "strap_material": null,
          "screen_type": null,
          "color": null
        },
        "The Samsung Galaxy Watch Active 2 has GPS, heart rate monitoring, and music playback; would you like to know more?"
      ],
      [
        "Yes, what's the price and battery life on that one?",
        {
          "name": "Galaxy Watch Active 2",
          "brand": "Samsung",
          "features": [
            "GPS",
            "heart rate monitoring",
            "music playback"
          ],
          "price_range": null,
          "battery_life": "12 hours",
          "water_resistance": null,
          "connectivity": null,
          "operating_system": null,
          "case_material": null,
          "strap_material": null,
          "screen_type": null,
          "color": null
        },
        "It's priced at $249.99 and has a battery life of about 2 days."
      ],
      [
        "That's a bit higher than I wanted; do you have anything under $200?",
        {
          "name": null,
          "brand": "Samsung",
          "features": [
            "GPS",
            "heart rate monitoring",
            "music playback"
          ],
          "price_range": [
            0,
            200
          ],
          "battery_life": "2 days",
          "water_resistance": null,
          "connectivity": null,
          "operating_system": null,
          "case_material": null,
          "strap_material": null,
          "screen_type": null,
          "color": null
        },
        "Yes, the Amazfit GTS 2 is $149.99 and has GPS, heart rate monitoring, and music playback."
      ],
      [
        "What about its battery life and water resistance?",
        {
          "name": "Amazfit GTS 2",
          "brand": "Amazfit",
          "features": [
            "GPS",
            "heart rate monitoring",
            "music playback"
          ],
          "price_range": [
            0,
            200
          ],
          "battery_life": "2 days",
          "water_resistance": null,
          "connectivity": null,
          "operating_system": null,
          "case_material": null,
          "strap_material": null,
          "screen_type": null,
          "color": null
        },
        "It has a battery life of 14 days and is water-resistant."
      ],
      [
        "Sounds good! What about the connectivity options?",
        {
          "name": null,
          "brand": "Amazfit",
          "features": [
            "GPS",
            "heart rate monitoring",
            "music playback"
          ],
          "price_range": [
            0,
            200
          ],
          "battery_life": "14 days",
          "water_resistance": "Water Resistant",
          "connectivity": null,
          "operating_system": null,
          "case_material": null,
          "strap_material": null,
          "screen_type": null,
          "color": null
        },
        "It offers Bluetooth connectivity."
      ],
      [
        "Great! What about the operating system and the materials used?",
        {
          "name": "Amazfit GTS 2",
          "brand": "Amazfit",
          "features": [
            "GPS",
            "heart rate monitoring",
            "music playback"
          ],
          "price_range": [
            149.99,
            149.99
          ],
          "battery_life": "14 days",
          "water_resistance": "Water Resistant",
          "connectivity": "Bluetooth",
          "operating_system": null,
          "case_material": null,
          "strap_material": null,
          "screen_type": null,
          "color": null
        },
        "It runs on an \"Other\" operating system and has an aluminum case with a silicone strap."
      ],
      [
        "Nice! What color options do you have for the Amazfit GTS 2?",
        {
          "name": "Amazfit GTS 2",
          "brand": "Amazfit",
          "features": [
            "GPS",
            "heart rate monitoring",
            "music playback"
          ],
          "price_range": [
            149.99,
            149.99
          ],
          "battery_life": "14 days",
          "water_resistance": "Water Resistant",
          "connectivity": "Bluetooth",
          "operating_system": "Other",
          "case_material": "aluminum",
          "strap_material": "silicone",
          "screen_type": null,
          "color": null
        },
        "It comes in black."
      ],
      [
        "I think I\u2019ll go with the Amazfit GTS 2 in black. Can I get that?",
        {
          "name": "Amazfit GTS 2",
          "brand": "Amazfit",
          "features": [
            "GPS",
            "heart rate monitoring",
            "music playback"
          ],
          "price_range": [
            149.99,
            149.99
          ],
          "battery_life": "14 days",
          "water_resistance": "Water Resistant",
          "connectivity": "Bluetooth",
          "operating_system": "Other",
          "case_material": "aluminum",
          "strap_material": "silicone",
          "screen_type": null,
          "color": "black"
        },
        "Absolutely! I'll get that for you."
      ]
    ],
    "preferences_code": "```python\npreferences = SmartwatchCriteria(\n    name='Huawei Watch GT 2e',\n    brand='Huawei',\n    features=['GPS', 'Heart Rate Monitoring', 'Music Playback'],\n    price_range=(150, 200),\n    battery_life='14 days',\n    water_resistance='Water Resistant',\n    connectivity='Bluetooth',\n    operating_system='Other',\n    case_material='Plastic',\n    strap_material='Silicone',\n    screen_type='AMOLED',\n    color='Green',\n)\n```",
    "red_herrings_code": "```python\nsmartwatch_examples = [\n    Smartwatch(\n        name='Huawei Watch GT 2e',\n        brand='Huawei',\n        features=['GPS', 'Heart Rate Monitoring', 'Music Playback'],\n        price=179.99,\n        battery_life='14 days',\n        water_resistance='Water Resistant',\n        connectivity='Bluetooth',\n        operating_system='Other',\n        case_material='Plastic',\n        strap_material='Silicone',\n        screen_type='AMOLED',\n        color='Green',\n    ),\n    Smartwatch(\n        name='Amazfit GTS 2',\n        brand='Amazfit',\n        features=['GPS', 'Heart Rate Monitoring', 'Music Playback'],\n        price=149.99,\n        battery_life='14 days',\n        water_resistance='Water Resistant',\n        connectivity='Bluetooth',\n        operating_system='Other',\n        case_material='Aluminum',\n        strap_material='Silicone',\n        screen_type='AMOLED',\n        color='Black',\n    ),\n    Smartwatch(\n        name='Samsung Galaxy Watch Active 2',\n        brand='Samsung',\n        features=['GPS', 'Heart Rate Monitoring', 'Music Playback', 'NFC'],\n        price=249.99,\n        battery_life='2 days',\n        water_resistance='Water Resistant',\n        connectivity='Bluetooth',\n        operating_system='Tizen',\n        case_material='Aluminum',\n        strap_material='Silicone',\n        screen_type='AMOLED',\n        color='Silver',\n    ),\n]\n```",
    "database_code": "```python\n# Global variable to hold a list of smartwatch examples\nsmartwatch_inventory = [\n    Smartwatch(\n        name=\"Apple Watch Series 7\",\n        brand=\"Apple\",\n        features=[\"GPS\", \"Heart Rate Monitoring\", \"NFC\"],\n        price=399.99,\n        battery_life=\"18 hours\",\n        water_resistance=\"Water Resistant\",\n        connectivity=\"Bluetooth\",\n        operating_system=\"watchOS\",\n        case_material=\"Aluminum\",\n        strap_material=\"Silicone\",\n        screen_type=\"OLED\",\n        color=\"Midnight\"\n    ),\n    Smartwatch(\n        name=\"Samsung Galaxy Watch 4\",\n        brand=\"Samsung\",\n        features=[\"GPS\", \"Heart Rate Monitoring\", \"ECG\"],\n        price=249.99,\n        battery_life=\"40 hours\",\n        water_resistance=\"Water Resistant\",\n        connectivity=\"Bluetooth\",\n        operating_system=\"Wear OS\",\n        case_material=\"Stainless Steel\",\n        strap_material=\"Leather\",\n        screen_type=\"AMOLED\",\n        color=\"Black\"\n    ),\n    Smartwatch(\n        name=\"Garmin Forerunner 245\",\n        brand=\"Garmin\",\n        features=[\"GPS\", \"Heart Rate Monitoring\", \"Music Storage\"],\n        price=299.99,\n        battery_life=\"7 days\",\n        water_resistance=\"Water Resistant\",\n        connectivity=\"Bluetooth\",\n        operating_system=\"Other\",\n        case_material=\"Plastic\",\n        strap_material=\"Silicone\",\n        screen_type=\"LCD\",\n        color=\"Slate\"\n    ),\n    Smartwatch(\n        name=\"Fitbit Versa 3\",\n        brand=\"Fitbit\",\n        features=[\"GPS\", \"Heart Rate Monitoring\", \"Sleep Tracking\"],\n        price=229.95,\n        battery_life=\"6 days\",\n        water_resistance=\"Water Resistant\",\n        connectivity=\"Bluetooth\",\n        operating_system=\"Other\",\n        case_material=\"Aluminum\",\n        strap_material=\"Silicone\",\n        screen_type=\"AMOLED\",\n        color=\"Pink Clay\"\n    ),\n    Smartwatch(\n        name=\"Fossil Gen 5\",\n        brand=\"Fossil\",\n        features=[\"GPS\", \"Heart Rate Monitoring\", \"Google Assistant\"],\n        price=299.00,\n        battery_life=\"24 hours\",\n        water_resistance=\"Water Resistant\",\n        connectivity=\"Bluetooth\",\n        operating_system=\"Wear OS\",\n        case_material=\"Stainless Steel\",\n        strap_material=\"Leather\",\n        screen_type=\"AMOLED\",\n        color=\"Black\"\n    ),\n    Smartwatch(\n        name=\"TicWatch Pro 3\",\n        brand=\"Mobvoi\",\n        features=[\"GPS\", \"Heart Rate Monitoring\", \"Dual Display\"],\n        price=299.99,\n        battery_life=\"72 hours\",\n        water_resistance=\"Water Resistant\",\n        connectivity=\"Bluetooth\",\n        operating_system=\"Wear OS\",\n        case_material=\"Plastic\",\n        strap_material=\"Silicone\",\n        screen_type=\"AMOLED\",\n        color=\"Shadow Black\"\n    ),\n    Smartwatch(\n        name=\"Amazfit Bip U Pro\",\n        brand=\"Amazfit\",\n        features=[\"GPS\", \"Heart Rate Monitoring\", \"Alexa Built-in\"],\n        price=69.99,\n        battery_life=\"9 days\",\n        water_resistance=\"Water Resistant\",\n        connectivity=\"Bluetooth\",\n        operating_system=\"Other\",\n        case_material=\"Plastic\",\n        strap_material=\"Silicone\",\n        screen_type=\"LCD\",\n        color=\"Black\"\n    ),\n    Smartwatch(\n        name=\"Withings Steel HR\",\n        brand=\"Withings\",\n        features=[\"Heart Rate Monitoring\", \"Sleep Tracking\", \"Activity Tracking\"],\n        price=199.95,\n        battery_life=\"25 days\",\n        water_resistance=\"Water Resistant\",\n        connectivity=\"Bluetooth\",\n        operating_system=\"Other\",\n        case_material=\"Stainless Steel\",\n        strap_material=\"Leather\",\n        screen_type=\"LCD\",\n        color=\"White\"\n    ),\n    Smartwatch(\n        name=\"Huawei Watch GT 2\",\n        brand=\"Huawei\",\n        features=[\"GPS\", \"Heart Rate Monitoring\", \"Music Playback\"],\n        price=199.99,\n        battery_life=\"14 days\",\n        water_resistance=\"Water Resistant\",\n        connectivity=\"Bluetooth\",\n        operating_system=\"Other\",\n        case_material=\"Plastic\",\n        strap_material=\"Silicone\",\n        screen_type=\"AMOLED\",\n        color=\"Black\"\n    ),\n    Smartwatch(\n        name=\"Suunto 7\",\n        brand=\"Suunto\",\n        features=[\"GPS\", \"Heart Rate Monitoring\", \"Sports Tracking\"],\n        price=499.00,\n        battery_life=\"48 hours\",\n        water_resistance=\"Water Resistant\",\n        connectivity=\"Bluetooth\",\n        operating_system=\"Wear OS\",\n        case_material=\"Stainless Steel\",\n        strap_material=\"Silicone\",\n        screen_type=\"AMOLED\",\n        color=\"Black\"\n    )\n]\n```",
    "database": [
      {
        "name": "TicWatch Pro 3",
        "brand": "Mobvoi",
        "features": [
          "GPS",
          "Heart Rate Monitoring",
          "Dual Display"
        ],
        "price": 299.99,
        "battery_life": "72 hours",
        "water_resistance": "Water Resistant",
        "connectivity": "Bluetooth",
        "operating_system": "Wear OS",
        "case_material": "Plastic",
        "strap_material": "Silicone",
        "screen_type": "AMOLED",
        "color": "Shadow Black"
      },
      {
        "name": "Amazfit Bip U Pro",
        "brand": "Amazfit",
        "features": [
          "GPS",
          "Heart Rate Monitoring",
          "Alexa Built-in"
        ],
        "price": 69.99,
        "battery_life": "9 days",
        "water_resistance": "Water Resistant",
        "connectivity": "Bluetooth",
        "operating_system": "Other",
        "case_material": "Plastic",
        "strap_material": "Silicone",
        "screen_type": "LCD",
        "color": "Black"
      },
      {
        "name": "Withings Steel HR",
        "brand": "Withings",
        "features": [
          "Heart Rate Monitoring",
          "Sleep Tracking",
          "Activity Tracking"
        ],
        "price": 199.95,
        "battery_life": "25 days",
        "water_resistance": "Water Resistant",
        "connectivity": "Bluetooth",
        "operating_system": "Other",
        "case_material": "Stainless Steel",
        "strap_material": "Leather",
        "screen_type": "LCD",
        "color": "White"
      },
      {
        "name": "Suunto 7",
        "brand": "Suunto",
        "features": [
          "GPS",
          "Heart Rate Monitoring",
          "Sports Tracking"
        ],
        "price": 499.0,
        "battery_life": "48 hours",
        "water_resistance": "Water Resistant",
        "connectivity": "Bluetooth",
        "operating_system": "Wear OS",
        "case_material": "Stainless Steel",
        "strap_material": "Silicone",
        "screen_type": "AMOLED",
        "color": "Black"
      },
      {
        "name": "Samsung Galaxy Watch Active 2",
        "brand": "Samsung",
        "features": [
          "GPS",
          "Heart Rate Monitoring",
          "Music Playback",
          "NFC"
        ],
        "price": 249.99,
        "battery_life": "2 days",
        "water_resistance": "Water Resistant",
        "connectivity": "Bluetooth",
        "operating_system": "Tizen",
        "case_material": "Aluminum",
        "strap_material": "Silicone",
        "screen_type": "AMOLED",
        "color": "Silver"
      },
      {
        "name": "Huawei Watch GT 2",
        "brand": "Huawei",
        "features": [
          "GPS",
          "Heart Rate Monitoring",
          "Music Playback"
        ],
        "price": 199.99,
        "battery_life": "14 days",
        "water_resistance": "Water Resistant",
        "connectivity": "Bluetooth",
        "operating_system": "Other",
        "case_material": "Plastic",
        "strap_material": "Silicone",
        "screen_type": "AMOLED",
        "color": "Black"
      },
      {
        "name": "Apple Watch Series 7",
        "brand": "Apple",
        "features": [
          "GPS",
          "Heart Rate Monitoring",
          "NFC"
        ],
        "price": 399.99,
        "battery_life": "18 hours",
        "water_resistance": "Water Resistant",
        "connectivity": "Bluetooth",
        "operating_system": "watchOS",
        "case_material": "Aluminum",
        "strap_material": "Silicone",
        "screen_type": "OLED",
        "color": "Midnight"
      },
      {
        "name": "Huawei Watch GT 2e",
        "brand": "Huawei",
        "features": [
          "GPS",
          "Heart Rate Monitoring",
          "Music Playback"
        ],
        "price": 179.99,
        "battery_life": "14 days",
        "water_resistance": "Water Resistant",
        "connectivity": "Bluetooth",
        "operating_system": "Other",
        "case_material": "Plastic",
        "strap_material": "Silicone",
        "screen_type": "AMOLED",
        "color": "Green"
      },
      {
        "name": "Garmin Forerunner 245",
        "brand": "Garmin",
        "features": [
          "GPS",
          "Heart Rate Monitoring",
          "Music Storage"
        ],
        "price": 299.99,
        "battery_life": "7 days",
        "water_resistance": "Water Resistant",
        "connectivity": "Bluetooth",
        "operating_system": "Other",
        "case_material": "Plastic",
        "strap_material": "Silicone",
        "screen_type": "LCD",
        "color": "Slate"
      },
      {
        "name": "Amazfit GTS 2",
        "brand": "Amazfit",
        "features": [
          "GPS",
          "Heart Rate Monitoring",
          "Music Playback"
        ],
        "price": 149.99,
        "battery_life": "14 days",
        "water_resistance": "Water Resistant",
        "connectivity": "Bluetooth",
        "operating_system": "Other",
        "case_material": "Aluminum",
        "strap_material": "Silicone",
        "screen_type": "AMOLED",
        "color": "Black"
      },
      {
        "name": "Fitbit Versa 3",
        "brand": "Fitbit",
        "features": [
          "GPS",
          "Heart Rate Monitoring",
          "Sleep Tracking"
        ],
        "price": 229.95,
        "battery_life": "6 days",
        "water_resistance": "Water Resistant",
        "connectivity": "Bluetooth",
        "operating_system": "Other",
        "case_material": "Aluminum",
        "strap_material": "Silicone",
        "screen_type": "AMOLED",
        "color": "Pink Clay"
      },
      {
        "name": "Samsung Galaxy Watch 4",
        "brand": "Samsung",
        "features": [
          "GPS",
          "Heart Rate Monitoring",
          "ECG"
        ],
        "price": 249.99,
        "battery_life": "40 hours",
        "water_resistance": "Water Resistant",
        "connectivity": "Bluetooth",
        "operating_system": "Wear OS",
        "case_material": "Stainless Steel",
        "strap_material": "Leather",
        "screen_type": "AMOLED",
        "color": "Black"
      },
      {
        "name": "Fossil Gen 5",
        "brand": "Fossil",
        "features": [
          "GPS",
          "Heart Rate Monitoring",
          "Google Assistant"
        ],
        "price": 299.0,
        "battery_life": "24 hours",
        "water_resistance": "Water Resistant",
        "connectivity": "Bluetooth",
        "operating_system": "Wear OS",
        "case_material": "Stainless Steel",
        "strap_material": "Leather",
        "screen_type": "AMOLED",
        "color": "Black"
      }
    ],
    "goal": {
      "name": "Huawei Watch GT 2e",
      "brand": "Huawei",
      "features": [
        "GPS",
        "Heart Rate Monitoring",
        "Music Playback"
      ],
      "price": 179.99,
      "battery_life": "14 days",
      "water_resistance": "Water Resistant",
      "connectivity": "Bluetooth",
      "operating_system": "Other",
      "case_material": "Plastic",
      "strap_material": "Silicone",
      "screen_type": "AMOLED",
      "color": "Green"
    },
    "status": "complete"
  },
  {
    "domain": "earbuds",
    "turns": [
      [
        "Thanks! By the way, do you have any Bose earbuds available?",
        {
          "name": null,
          "type": null,
          "noise_cancellation": null,
          "wireless": null,
          "battery_life_hours": null,
          "water_resistant": null,
          "price_range": [
            0,
            200
          ],
          "brand_preference": "Bose",
          "color": null,
          "microphone": null,
          "fitness_tracking": null
        },
        "Yes, we have the Bose QuietComfort Earbuds; are you interested in those?"
      ],
      [
        "Yes, do they have active noise cancellation?",
        {
          "name": "Bose QuietComfort Earbuds",
          "type": "in-ear",
          "noise_cancellation": "active",
          "wireless": true,
          "battery_life_hours": null,
          "water_resistant": null,
          "price_range": null,
          "brand_preference": "Bose",
          "color": null,
          "microphone": null,
          "fitness_tracking": null
        },
        "Yes, they feature active noise cancellation."
      ],
      [
        "Awesome! Are they wireless?",
        {
          "name": "Bose QuietComfort Earbuds",
          "type": "in-ear",
          "noise_cancellation": "active",
          "wireless": true,
          "battery_life_hours": null,
          "water_resistant": null,
          "price_range": null,
          "brand_preference": "Bose",
          "color": null,
          "microphone": null,
          "fitness_tracking": null
        },
        "Yes, they are wireless."
      ],
      [
        "Great! What's the battery life on those?",
        {
          "name": "Bose QuietComfort Earbuds",
          "type": null,
          "noise_cancellation": "active",
          "wireless": true,
          "battery_life_hours": null,
          "water_resistant": null,
          "price_range": null,
          "brand_preference": "Bose",
          "color": null,
          "microphone": null,
          "fitness_tracking": null
        },
        "The battery life is about 6 hours."
      ],
      [
        "Sounds good! Are they water-resistant?",
        {
          "name": "Bose QuietComfort Earbuds",
          "type": null,
          "noise_cancellation": "active",
          "wireless": true,
          "battery_life_hours": 6,
          "water_resistant": true,
          "price_range": null,
          "brand_preference": "Bose",
          "color": null,
          "microphone": null,
          "fitness_tracking": null
        },
        "No, they are not water-resistant."
      ],
      [
        "That's okay! What colors do they come in?",
        {
          "name": "Bose QuietComfort Earbuds",
          "type": null,
          "noise_cancellation": "active",
          "wireless": true,
          "battery_life_hours": 6,
          "water_resistant": false,
          "price_range": null,
          "brand_preference": "Bose",
          "color": null,
          "microphone": null,
          "fitness_tracking": null
        },
        "They come in black."
      ],
      [
        "Perfect! Do they have a built-in microphone?",
        {
          "name": "Bose QuietComfort Earbuds",
          "type": null,
          "noise_cancellation": "active",
          "wireless": true,
          "battery_life_hours": 6,
          "water_resistant": false,
          "price_range": null,
          "brand_preference": "Bose",
          "color": "black",
          "microphone": true,
          "fitness_tracking": null
        },
        "Yes, they have a built-in microphone."
      ]
    ],
    "preferences_code": "```python\npreferences = EarbudsCriteria(\n    name='Bose QuietComfort Earbuds',\n    type='in-ear',\n    noise_cancellation='active',\n    wireless=True,\n    battery_life_hours=6,\n    water_resistant=False,\n    price_range=(250, 300),\n    brand_preference='Bose',\n    color='Black',\n    microphone=True,\n    fitness_tracking=False\n)\n```",
    "red_herrings_code": "```python\nearbuds_examples = [\n    EarbudsInfo(\n        name='AirPods Pro 2',\n        type='in-ear',\n        noise_cancellation='active',\n        wireless=True,\n        battery_life_hours=6,\n        water_resistant=True,\n        price=299,\n        brand='Apple',\n        color='White',\n        microphone=True,\n        fitness_tracking=False,\n    ),\n    EarbudsInfo(\n        name='Sony WF-1000XM4',\n        type='in-ear',\n        noise_cancellation='active',\n        wireless=True,\n        battery_life_hours=8,\n        water_resistant=True,\n        price=279,\n        brand='Sony',\n        color='Black',\n        microphone=True,\n        fitness_tracking=True,\n    ),\n    EarbudsInfo(\n        name='Bose QuietComfort Earbuds',\n        type='in-ear',\n        noise_cancellation='active',\n        wireless=True,\n        battery_life_hours=6,\n        water_resistant=False,\n        price=279,\n        brand='Bose',\n        color='Black',\n        microphone=True,\n        fitness_tracking=False,\n    ),\n]\n```",
    "database_code": "```python\nearbuds_examples = [\n    EarbudsInfo(\n        name=\"AirPods Pro\",\n        type=\"in-ear\",\n        noise_cancellation=\"active\",\n        wireless=True,\n        battery_life_hours=4.5,\n        water_resistant=True,\n        price=249,\n        brand=\"Apple\",\n        color=\"White\",\n        microphone=True,\n        fitness_tracking=False\n    ),\n    EarbudsInfo(\n        name=\"Sony WF-1000XM4\",\n        type=\"in-ear\",\n        noise_cancellation=\"active\",\n        wireless=True,\n        battery_life_hours=8,\n        water_resistant=True,\n        price=279,\n        brand=\"Sony\",\n        color=\"Black\",\n        microphone=True,\n        fitness_tracking=False\n    ),\n    EarbudsInfo(\n        name=\"Bose QuietComfort Earbuds\",\n        type=\"in-ear\",\n        noise_cancellation=\"active\",\n        wireless=True,\n        battery_life_hours=6,\n        water_resistant=False,\n        price=279,\n        brand=\"Bose\",\n        color=\"Black\",\n        microphone=True,\n        fitness_tracking=False\n    ),\n    EarbudsInfo(\n        name=\"Jabra Elite 75t\",\n        type=\"in-ear\",\n        noise_cancellation=\"passive\",\n        wireless=True,\n        battery_life_hours=7.5,\n        water_resistant=True,\n        price=199,\n        brand=\"Jabra\",\n        color=\"Titanium Black\",\n        microphone=True,\n        fitness_tracking=True\n    ),\n    EarbudsInfo(\n        name=\"Samsung Galaxy Buds Pro\",\n        type=\"in-ear\",\n        noise_cancellation=\"active\",\n        wireless=True,\n        battery_life_hours=5,\n        water_resistant=True,\n        price=199,\n        brand=\"Samsung\",\n        color=\"Phantom Violet\",\n        microphone=True,\n        fitness_tracking=False\n    ),\n    EarbudsInfo(\n        name=\"Anker Soundcore Life P2\",\n        type=\"in-ear\",\n        noise_cancellation=\"none\",\n        wireless=True,\n        battery_life_hours=7,\n        water_resistant=True,\n        price=79,\n        brand=\"Anker\",\n        color=\"Black\",\n        microphone=True,\n        fitness_tracking=False\n    ),\n    EarbudsInfo(\n        name=\"Sennheiser Momentum True Wireless 2\",\n        type=\"in-ear\",\n        noise_cancellation=\"active\",\n        wireless=True,\n        battery_life_hours=7,\n        water_resistant=False,\n        price=299,\n        brand=\"Sennheiser\",\n        color=\"Black\",\n        microphone=True,\n        fitness_tracking=False\n    ),\n    EarbudsInfo(\n        name=\"Beats Powerbeats Pro\",\n        type=\"over-ear\",\n        noise_cancellation=\"none\",\n        wireless=True,\n        battery_life_hours=9,\n        water_resistant=True,\n        price=249,\n        brand=\"Beats\",\n        color=\"Black\",\n        microphone=True,\n        fitness_tracking=True\n    ),\n    EarbudsInfo(\n        name=\"Google Pixel Buds A-Series\",\n        type=\"in-ear\",\n        noise_cancellation=\"none\",\n        wireless=True,\n        battery_life_hours=5,\n        water_resistant=True,\n        price=99,\n        brand=\"Google\",\n        color=\"White\",\n        microphone=True,\n        fitness_tracking=False\n    ),\n    EarbudsInfo(\n        name=\"Skullcandy Sesh Evo\",\n        type=\"in-ear\",\n        noise_cancellation=\"none\",\n        wireless=True,\n        battery_life_hours=5,\n        water_resistant=True,\n        price=59,\n        brand=\"Skullcandy\",\n        color=\"Black\",\n        microphone=True,\n        fitness_tracking=False\n    )\n]\n```",
    "database": [
      {
        "name": "Sony WF-1000XM4",
        "type": "in-ear",
        "noise_cancellation": "active",
        "wireless": true,
        "battery_life_hours": 8,
        "water_resistant": true,
        "price": 279,
        "brand": "Sony",
        "color": "Black",
        "microphone": true,
        "fitness_tracking": false
      },
      {
        "name": "Sony WF-1000XM4",
        "type": "in-ear",
        "noise_cancellation": "active",
        "wireless": true,
        "battery_life_hours": 8,
        "water_resistant": true,
        "price": 279,
        "brand": "Sony",
        "color": "Black",
        "microphone": true,
        "fitness_tracking": true
      },
      {
        "name": "Bose QuietComfort Earbuds",
        "type": "in-ear",
        "noise_cancellation": "active",
        "wireless": true,
        "battery_life_hours": 6,
        "water_resistant": false,
        "price": 279,
        "brand": "Bose",
        "color": "Black",
        "microphone": true,
        "fitness_tracking": false
      },
      {
        "name": "Samsung Galaxy Buds Pro",
        "type": "in-ear",
        "noise_cancellation": "active",
        "wireless": true,
        "battery_life_hours": 5,
        "water_resistant": true,
        "price": 199,
        "brand": "Samsung",
        "color": "Phantom Violet",
        "microphone": true,
        "fitness_tracking": false
      },
      {
        "name": "Jabra Elite 75t",
        "type": "in-ear",
        "noise_cancellation": "passive",
        "wireless": true,
        "battery_life_hours": 7.5,
        "water_resistant": true,
        "price": 199,
        "brand": "Jabra",
        "color": "Titanium Black",
        "microphone": true,
        "fitness_tracking": true
      },
      {
        "name": "Skullcandy Sesh Evo",
        "type": "in-ear",
        "noise_cancellation": "none",
        "wireless": true,
        "battery_life_hours": 5,
        "water_resistant": true,
        "price": 59,
        "brand": "Skullcandy",
        "color": "Black",
        "microphone": true,
        "fitness_tracking": false
      },
      {
        "name": "AirPods Pro 2",
        "type": "in-ear",
        "noise_cancellation": "active",
        "wireless": true,
        "battery_life_hours": 6,
        "water_resistant": true,
        "price": 299,
        "brand": "Apple",
        "color": "White",
        "microphone": true,
        "fitness_tracking": false
      },
      {
        "name": "Bose QuietComfort Earbuds",
        "type": "in-ear",
        "noise_cancellation": "active",
        "wireless": true,
        "battery_life_hours": 6,
        "water_resistant": false,
        "price": 279,
        "brand": "Bose",
        "color": "Black",
        "microphone": true,
        "fitness_tracking": false
      },
      {
        "name": "Sennheiser Momentum True Wireless 2",
        "type": "in-ear",
        "noise_cancellation": "active",
        "wireless": true,
        "battery_life_hours": 7,
        "water_resistant": false,
        "price": 299,
        "brand": "Sennheiser",
        "color": "Black",
        "microphone": true,
        "fitness_tracking": false
      },
      {
        "name": "Anker Soundcore Life P2",
        "type": "in-ear",
        "noise_cancellation": "none",
        "wireless": true,
        "battery_life_hours": 7,
        "water_resistant": true,
        "price": 79,
        "brand": "Anker",
        "color": "Black",
        "microphone": true,
        "fitness_tracking": false
      },
      {
        "name": "AirPods Pro",
        "type": "in-ear",
        "noise_cancellation": "active",
        "wireless": true,
        "battery_life_hours": 4.5,
        "water_resistant": true,
        "price": 249,
        "brand": "Apple",
        "color": "White",
        "microphone": true,
        "fitness_tracking": false
      },
      {
        "name": "Google Pixel Buds A-Series",
        "type": "in-ear",
        "noise_cancellation": "none",
        "wireless": true,
        "battery_life_hours": 5,
        "water_resistant": true,
        "price": 99,
        "brand": "Google",
        "color": "White",
        "microphone": true,
        "fitness_tracking": false
      },
      {
        "name": "Beats Powerbeats Pro",
        "type": "over-ear",
        "noise_cancellation": "none",
        "wireless": true,
        "battery_life_hours": 9,
        "water_resistant": true,
        "price": 249,
        "brand": "Beats",
        "color": "Black",
        "microphone": true,
        "fitness_tracking": true
      }
    ],
    "goal": {
      "name": "Bose QuietComfort Earbuds",
      "type": "in-ear",
      "noise_cancellation": "active",
      "wireless": true,
      "battery_life_hours": 6,
      "water_resistant": false,
      "price": 279,
      "brand": "Bose",
      "color": "Black",
      "microphone": true,
      "fitness_tracking": false
    },
    "status": "complete"
  }
]