[
  {
    "domain": "laptop",
    "turns": [
      [
        "I'm looking for a Lenovo laptop with an AMD Ryzen 5 processor.",
        {
          "name": null,
          "brand": "Lenovo",
          "processor": "AMD Ryzen 5",
          "ram": null,
          "storage_type": null,
          "storage_capacity": null,
          "screen_size": null,
          "battery_life": null,
          "operating_system": null,
          "price_range": null
        },
        "I have a Lenovo laptop with an AMD Ryzen 5 processor; it's the Legion 5 with 16GB RAM and 1TB SSD. Would that work for you?"
      ],
      [
        "That sounds great! What\u2019s the screen size?",
        {
          "name": "Legion 5",
          "brand": "Lenovo",
          "processor": "AMD Ryzen 5",
          "ram": 16,
          "storage_type": "SSD",
          "storage_capacity": 1000,
          "screen_size": null,
          "battery_life": null,
          "operating_system": null,
          "price_range": null
        },
        "The screen size is 15.6 inches."
      ],
      [
        "Perfect! How\u2019s the battery life on that one?",
        {
          "name": "Legion 5",
          "brand": "Lenovo",
          "processor": "AMD Ryzen 5",
          "ram": 16,
          "storage_type": "SSD",
          "storage_capacity": 1000,
          "screen_size": 15.6,
          "battery_life": null,
          "operating_system": null,
          "price_range": null
        },
        "The battery life is around 6 hours."
      ],
      [
        "Awesome! What operating system does it come with?",
        {
          "name": "Legion 5",
          "brand": "Lenovo",
          "processor": "AMD Ryzen 5",
          "ram": 16,
          "storage_type": "SSD",
          "storage_capacity": 1024,
          "screen_size": 15.6,
          "battery_life": 6,
          "operating_system": null,
          "price_range": null
        },
        "It comes with Windows as the operating system."
      ],
      [
        "Sounds like a solid choice! What\u2019s the price for that laptop?",
        {
          "name": "Legion 5",
          "brand": "Lenovo",
          "processor": "AMD Ryzen 5",
          "ram": 16,
          "storage_type": "SSD",
          "storage_capacity": 1024,
          "screen_size": 15.6,
          "battery_life": 6,
          "operating_system": "Windows",
          "price_range": null
        },
        "The price for the Legion 5 is $1,199."
      ]
    ],
    "preferences_code": "```python\npreferences = LaptopCriteria(\n    name='Legion 5',\n    brand='Lenovo',\n    processor='AMD Ryzen 5',\n    ram=16,\n    storage_type='SSD',\n    storage_capacity=1000,\n    screen_size=15.6,\n    battery_life=6,\n    operating_system='Windows',\n    price_range=(1000, 1200)\n)\n```",
    "red_herrings_code": "```python\n# Global variable to represent a list of similar laptop search results\nsimilar_laptops: list[LaptopKnowledge] = [\n    LaptopKnowledge(\n        name='Legion 5 Pro',\n        brand='Lenovo',\n        processor='AMD Ryzen 7',\n        ram=16,\n        storage_type='SSD',\n        storage_capacity=512,\n        screen_size=15.6,\n        battery_life=8,\n        operating_system='Windows',\n        price=1299,\n    ),\n    LaptopKnowledge(\n        name='Legion 5',\n        brand='Lenovo',\n        processor='AMD Ryzen 5',\n        ram=16,\n        storage_type='SSD',\n        storage_capacity=1000,\n        screen_size=15.6,\n        battery_life=6,\n        operating_system='Windows',\n        price=1199,\n    ),\n    LaptopKnowledge(\n        name='Legion 5',\n        brand='Lenovo',\n        processor='AMD Ryzen 7',\n        ram=32,\n        storage_type='SSD',\n        storage_capacity=1000,\n        screen_size=15.6,\n        battery_life=7,\n        operating_system='Windows',\n        price=1599,\n    ),\n]\n```",
    "database_code": "```python\n# Global variable representing a list of laptop examples available in the store's inventory.\nlaptop_inventory = [\n    LaptopKnowledge(\n        name=\"XPS 13\",\n        brand=\"Dell\",\n        processor=\"i7\",\n        ram=16,\n        storage_type=\"SSD\",\n        storage_capacity=512,\n        screen_size=13.3,\n        battery_life=12,\n        operating_system=\"Windows\",\n        price=1499\n    ),\n    LaptopKnowledge(\n        name=\"Spectre x360\",\n        brand=\"HP\",\n        processor=\"i5\",\n        ram=8,\n        storage_type=\"SSD\",\n        storage_capacity=256,\n        screen_size=13.3,\n        battery_life=10,\n        operating_system=\"Windows\",\n        price=1299\n    ),\n    LaptopKnowledge(\n        name=\"MacBook Air\",\n        brand=\"Apple\",\n        processor=\"M1\",\n        ram=8,\n        storage_type=\"SSD\",\n        storage_capacity=256,\n        screen_size=13.3,\n        battery_life=15,\n        operating_system=\"macOS\",\n        price=999\n    ),\n    LaptopKnowledge(\n        name=\"ThinkPad X1 Carbon\",\n        brand=\"Lenovo\",\n        processor=\"i7\",\n        ram=16,\n        storage_type=\"SSD\",\n        storage_capacity=1_000,\n        screen_size=14,\n        battery_life=14,\n        operating_system=\"Windows\",\n        price=1899\n    ),\n    LaptopKnowledge(\n        name=\"ZenBook 14\",\n        brand=\"Asus\",\n        processor=\"i5\",\n        ram=16,\n        storage_type=\"SSD\",\n        storage_capacity=512,\n        screen_size=14,\n        battery_life=12,\n        operating_system=\"Windows\",\n        price=1199\n    ),\n    LaptopKnowledge(\n        name=\"Aspire 5\",\n        brand=\"Acer\",\n        processor=\"AMD Ryzen 5\",\n        ram=8,\n        storage_type=\"HDD\",\n        storage_capacity=1_000,\n        screen_size=15.6,\n        battery_life=8,\n        operating_system=\"Windows\",\n        price=599\n    ),\n    LaptopKnowledge(\n        name=\"MacBook Pro 16\",\n        brand=\"Apple\",\n        processor=\"M1 Pro\",\n        ram=16,\n        storage_type=\"SSD\",\n        storage_capacity=512,\n        screen_size=16,\n        battery_life=14,\n        operating_system=\"macOS\",\n        price=2499\n    ),\n    LaptopKnowledge(\n        name=\"Pavilion x360\",\n        brand=\"HP\",\n        processor=\"i3\",\n        ram=8,\n        storage_type=\"SSD\",\n        storage_capacity=128,\n        screen_size=14,\n        battery_life=9,\n        operating_system=\"Windows\",\n        price=649\n    ),\n    LaptopKnowledge(\n        name=\"Legion 5\",\n        brand=\"Lenovo\",\n        processor=\"AMD Ryzen 7\",\n        ram=16,\n        storage_type=\"SSD\",\n        storage_capacity=1_000,\n        screen_size=15.6,\n        battery_life=7,\n        operating_system=\"Windows\",\n        price=1399\n    ),\n    LaptopKnowledge(\n        name=\"ROG Zephyrus G14\",\n        brand=\"Asus\",\n        processor=\"AMD Ryzen 9\",\n        ram=32,\n        storage_type=\"SSD\",\n        storage_capacity=1_000,\n        screen_size=14,\n        battery_life=10,\n        operating_system=\"Windows\",\n        price=1999\n    )\n]\n```",
    "database": [
      {
        "name": "Spectre x360",
        "brand": "HP",
        "processor": "i5",
        "ram": 8,
        "storage_type": "SSD",
        "storage_capacity": 256,
        "screen_size": 13.3,
        "battery_life": 10,
        "operating_system": "Windows",
        "price": 1299
      },
      {
        "name": "Aspire 5",
        "brand": "Acer",
        "processor": "AMD Ryzen 5",
        "ram": 8,
        "storage_type": "HDD",
        "storage_capacity": 1000,
        "screen_size": 15.6,
        "battery_life": 8,
        "operating_system": "Windows",
        "price": 599
      },
      {
        "name": "Legion 5",
        "brand": "Lenovo",
        "processor": "AMD Ryzen 5",
        "ram": 16,
        "storage_type": "SSD",
        "storage_capacity": 1000,
        "screen_size": 15.6,
        "battery_life": 6,
        "operating_system": "Windows",
        "price": 1199
      },
      {
        "name": "ThinkPad X1 Carbon",
        "brand": "Lenovo",
        "processor": "i7",
        "ram": 16,
        "storage_type": "SSD",
        "storage_capacity": 1000,
        "screen_size": 14,
        "battery_life": 14,
        "operating_system": "Windows",
        "price": 1899
      },
      {
        "name": "Legion 5",
        "brand": "Lenovo",
        "processor": "AMD Ryzen 7",
        "ram": 16,
        "storage_type": "SSD",
        "storage_capacity": 1000,
        "screen_size": 15.6,
        "battery_life": 7,
        "operating_system": "Windows",
        "price": 1399
      },
      {
        "name": "ZenBook 14",
        "brand": "Asus",
        "processor": "i5",
        "ram": 16,
        "storage_type": "SSD",
        "storage_capacity": 512,
        "screen_size": 14,
        "battery_life": 12,
        "operating_system": "Windows",
        "price": 1199
      },
      {
        "name": "MacBook Air",
        "brand": "Apple",
        "processor": "M1",
        "ram": 8,
        "storage_type": "SSD",
        "storage_capacity": 256,
        "screen_size": 13.3,
        "battery_life": 15,
        "operating_system": "macOS",
        "price": 999
      },
      {
        "name": "XPS 13",
        "brand": "Dell",
        "processor": "i7",
        "ram": 16,
        "storage_type": "SSD",
        "storage_capacity": 512,
        "screen_size": 13.3,
        "battery_life": 12,
        "operating_system": "Windows",
        "price": 1499
      },
      {
        "name": "Pavilion x360",
        "brand": "HP",
        "processor": "i3",
        "ram": 8,
        "storage_type": "SSD",
        "storage_capacity": 128,
        "screen_size": 14,
        "battery_life": 9,
        "operating_system": "Windows",
        "price": 649
      },
      {
        "name": "Legion 5",
        "brand": "Lenovo",
        "processor": "AMD Ryzen 7",
        "ram": 32,
        "storage_type": "SSD",
        "storage_capacity": 1000,
        "screen_size": 15.6,
        "battery_life": 7,
        "operating_system": "Windows",
        "price": 1599
      },
      {
        "name": "MacBook Pro 16",
        "brand": "Apple",
        "processor": "M1 Pro",
        "ram": 16,
        "storage_type": "SSD",
        "storage_capacity": 512,
        "screen_size": 16,
        "battery_life": 14,
        "operating_system": "macOS",
        "price": 2499
      },
      {
        "name": "Legion 5 Pro",
        "brand": "Lenovo",
        "processor": "AMD Ryzen 7",
        "ram": 16,
        "storage_type": "SSD",
        "storage_capacity": 512,
        "screen_size": 15.6,
        "battery_life": 8,
        "operating_system": "Windows",
        "price": 1299
      },
      {
        "name": "ROG Zephyrus G14",
        "brand": "Asus",
        "processor": "AMD Ryzen 9",
        "ram": 32,
        "storage_type": "SSD",
        "storage_capacity": 1000,
        "screen_size": 14,
        "battery_life": 10,
        "operating_system": "Windows",
        "price": 1999
      }
    ],
    "goal": {
      "name": "Legion 5",
      "brand": "Lenovo",
      "processor": "AMD Ryzen 5",
      "ram": 16,
      "storage_type": "SSD",
      "storage_capacity": 1000,
      "screen_size": 15.6,
      "battery_life": 6,
      "operating_system": "Windows",
      "price": 1199
    },
    "status": "complete"
  },
  {
    "domain": "smartwatch",
    "turns": [
      [
        "That's a bit out of my budget. By the way, do you have any smartwatches?",
        {
          "name": null,
          "brand": null,
          "features": null,
          "price_range": null,
          "battery_life": null,
          "water_resistance": null,
          "connectivity": null,
          "operating_system": null,
          "case_material": null,
          "strap_material": null,
          "screen_type": null,
          "color": null
        },
        "Yes, we have several smartwatches available! What features are you looking for?"
      ],
      [
        "I'm interested in GPS, heart rate monitoring, and sleep tracking.",
        {
          "name": null,
          "brand": null,
          "features": [
            "GPS",
            "heart rate monitoring",
            "sleep tracking"
          ],
          "price_range": null,
          "battery_life": null,
          "water_resistance": null,
          "connectivity": null,
          "operating_system": null,
          "case_material": null,
          "strap_material": null,
          "screen_type": null,
          "color": null
        },
        "Great! We have a few options like the Samsung Galaxy Watch Active 2 and the Amazfit GTS 2. Would you like to know more about either?"
      ],
      [
        "I'd like to hear more about the Samsung Galaxy Watch Active 2.",
        {
          "name": "Samsung Galaxy Watch Active 2",
          "brand": "Samsung",
          "features": [
            "GPS",
            "heart rate monitoring",
            "sleep tracking"
          ],
          "price_range": null,
          "battery_life": null,
          "water_resistance": null,
          "connectivity": null,
          "operating_system": null,
          "case_material": null,
          "strap_material": null,
          "screen_type": null,
          "color": null
        },
        "The Samsung Galaxy Watch Active 2 has GPS, heart rate monitoring, sleep tracking, and a price of $249.99."
      ],
      [
        "That fits my budget! What's the battery life like?",
        {
          "name": "Samsung Galaxy Watch Active 2",
          "brand": "Samsung",
          "features": [
            "GPS",
            "heart rate monitoring",
            "sleep tracking"
          ],
          "price_range": [
            249.99,
            249.99
          ],
          "battery_life": "around 2 days",
          "water_resistance": null,
          "connectivity": null,
          "operating_system": null,
          "case_material": null,
          "strap_material": null,
          "screen_type": null,
          "color": null
        },
        "The battery life is about 2 days."
      ],
      [
        "Perfect! Is it water-resistant?",
        {
          "name": "Samsung Galaxy Watch Active 2",
          "brand": "Samsung",
          "features": [
            "GPS",
            "heart rate monitoring",
            "sleep tracking"
          ],
          "price_range": [
            249.99,
            249.99
          ],
          "battery_life": "2 days",
          "water_resistance": "Water Resistant",
          "connectivity": null,
          "operating_system": null,
          "case_material": null,
          "strap_material": null,
          "screen_type": null,
          "color": null
        },
        "Yes, it is water-resistant."
      ],
      [
        "Great! What kind of connectivity does it support?",
        {
          "name": "Samsung Galaxy Watch Active 2",
          "brand": "Samsung",
          "features": [
            "GPS",
            "heart rate monitoring",
            "sleep tracking"
          ],
          "price_range": [
            249.99,
            249.99
          ],
          "battery_life": "2 days",
          "water_resistance": "Water Resistant",
          "connectivity": "Bluetooth",
          "operating_system": null,
          "case_material": null,
          "strap_material": null,
          "screen_type": null,
          "color": null
        },
        "It supports Bluetooth connectivity."
      ],
      [
        "Awesome! What operating system does it run on?",
        {
          "name": "Samsung Galaxy Watch Active 2",
          "brand": "Samsung",
          "features": [
            "GPS",
            "heart rate monitoring",
            "sleep tracking"
          ],
          "price_range": [
            249.99,
            249.99
          ],
          "battery_life": "2 days",
          "water_resistance": "Water Resistant",
          "connectivity": "Bluetooth",
          "operating_system": null,
          "case_material": null,
          "strap_material": null,
          "screen_type": null,
          "color": null
        },
        "It runs on Tizen OS."
      ],
      [
        "Sounds like a great fit! What about the case and strap materials?",
        {
          "name": "Samsung Galaxy Watch Active 2",
          "brand": "Samsung",
          "features": [
            "GPS",
            "heart rate monitoring",
            "sleep tracking"
          ],
          "price_range": [
            249.99,
            249.99
          ],
          "battery_life": "2 days",
          "water_resistance": "Water Resistant",
          "connectivity": "Bluetooth",
          "operating_system": "Tizen",
          "case_material": null,
          "strap_material": null,
          "screen_type": null,
          "color": null
        },
        "The case is aluminum, and the strap is silicone."
      ]
    ],
    "preferences_code": "```python\npreferences = SmartwatchCriteria(\n    name='Samsung Galaxy Watch Active 2',\n    brand='Samsung',\n    features=['GPS', 'Heart Rate Monitoring', 'Sleep Tracking'],\n    price_range=(200.00, 300.00),\n    battery_life='2 days',\n    water_resistance='Water Resistant',\n    connectivity='Bluetooth',\n    operating_system='Tizen',\n    case_material='Aluminum',\n    strap_material='Silicone',\n    screen_type='AMOLED',\n    color='Silver',\n)\n```",
    "red_herrings_code": "```python\nsmartwatch_examples = [\n    Smartwatch(\n        name='Fossil Gen 5',\n        brand='Fossil',\n        features=['GPS', 'Heart Rate Monitoring', 'Google Assistant'],\n        price=229.0,\n        battery_life='24 hours',\n        water_resistance='Splash Proof',\n        connectivity='Bluetooth',\n        operating_system='Wear OS',\n        case_material='Stainless Steel',\n        strap_material='Silicone',\n        screen_type='AMOLED',\n        color='Black',\n    ),\n    Smartwatch(\n        name='Fossil Hybrid HR',\n        brand='Fossil',\n        features=['Heart Rate Monitoring', 'Notifications'],\n        price=199.0,\n        battery_life='2 weeks',\n        water_resistance='Water Resistant',\n        connectivity='Bluetooth',\n        operating_system='Hybrid',\n        case_material='Stainless Steel',\n        strap_material='Leather',\n        screen_type='LCD',\n        color='Brown',\n    ),\n    Smartwatch(\n        name='Samsung Galaxy Watch Active 2',\n        brand='Samsung',\n        features=['GPS', 'Heart Rate Monitoring', 'Sleep Tracking'],\n        price=249.99,\n        battery_life='2 days',\n        water_resistance='Water Resistant',\n        connectivity='Bluetooth',\n        operating_system='Tizen',\n        case_material='Aluminum',\n        strap_material='Silicone',\n        screen_type='AMOLED',\n        color='Silver',\n    ),\n]\n```",
    "database_code": "```python\n# Global variable representing a list of smartwatch examples\nsmartwatch_inventory = [\n    Smartwatch(\n        name=\"Apple Watch Series 7\",\n        brand=\"Apple\",\n        features=[\"GPS\", \"Heart Rate Monitoring\", \"NFC\"],\n        price=399.99,\n        battery_life=\"18 hours\",\n        water_resistance=\"Water Resistant\",\n        connectivity=\"Bluetooth\",\n        operating_system=\"watchOS\",\n        case_material=\"Aluminum\",\n        strap_material=\"Silicone\",\n        screen_type=\"OLED\",\n        color=\"Midnight\"\n    ),\n    Smartwatch(\n        name=\"Samsung Galaxy Watch 4\",\n        brand=\"Samsung\",\n        features=[\"GPS\", \"Heart Rate Monitoring\", \"ECG\"],\n        price=249.99,\n        battery_life=\"40 hours\",\n        water_resistance=\"Water Resistant\",\n        connectivity=\"Bluetooth\",\n        operating_system=\"Wear OS\",\n        case_material=\"Stainless Steel\",\n        strap_material=\"Leather\",\n        screen_type=\"AMOLED\",\n        color=\"Silver\"\n    ),\n    Smartwatch(\n        name=\"Garmin Forerunner 245\",\n        brand=\"Garmin\",\n        features=[\"GPS\", \"Heart Rate Monitoring\", \"Music Storage\"],\n        price=299.99,\n        battery_life=\"7 days\",\n        water_resistance=\"Water Resistant\",\n        connectivity=\"Bluetooth\",\n        operating_system=\"Other\",\n        case_material=\"Plastic\",\n        strap_material=\"Silicone\",\n        screen_type=\"LCD\",\n        color=\"Black\"\n    ),\n    Smartwatch(\n        name=\"Fossil Gen 5\",\n        brand=\"Fossil\",\n        features=[\"GPS\", \"Heart Rate Monitoring\", \"Google Assistant\"],\n        price=249.00,\n        battery_life=\"24 hours\",\n        water_resistance=\"Splash Proof\",\n        connectivity=\"Bluetooth\",\n        operating_system=\"Wear OS\",\n        case_material=\"Stainless Steel\",\n        strap_material=\"Leather\",\n        screen_type=\"AMOLED\",\n        color=\"Rose Gold\"\n    ),\n    Smartwatch(\n        name=\"Fitbit Versa 3\",\n        brand=\"Fitbit\",\n        features=[\"GPS\", \"Heart Rate Monitoring\", \"Voice Assistant\"],\n        price=229.95,\n        battery_life=\"6 days\",\n        water_resistance=\"Water Resistant\",\n        connectivity=\"Bluetooth\",\n        operating_system=\"Other\",\n        case_material=\"Aluminum\",\n        strap_material=\"Silicone\",\n        screen_type=\"LCD\",\n        color=\"Black/Carbon\"\n    ),\n    Smartwatch(\n        name=\"Amazfit GTS 2\",\n        brand=\"Amazfit\",\n        features=[\"GPS\", \"Heart Rate Monitoring\", \"Sleep Tracking\"],\n        price=179.99,\n        battery_life=\"14 days\",\n        water_resistance=\"Water Resistant\",\n        connectivity=\"Bluetooth\",\n        operating_system=\"Other\",\n        case_material=\"Aluminum\",\n        strap_material=\"Silicone\",\n        screen_type=\"AMOLED\",\n        color=\"Graphite\"\n    ),\n    Smartwatch(\n        name=\"TicWatch Pro 3\",\n        brand=\"Mobvoi\",\n        features=[\"GPS\", \"Heart Rate Monitoring\", \"Dual Display\"],\n        price=299.99,\n        battery_life=\"72 hours\",\n        water_resistance=\"Water Resistant\",\n        connectivity=\"Bluetooth\",\n        operating_system=\"Wear OS\",\n        case_material=\"Stainless Steel\",\n        strap_material=\"Silicone\",\n        screen_type=\"AMOLED\",\n        color=\"Black\"\n    ),\n    Smartwatch(\n        name=\"Huawei Watch GT 2\",\n        brand=\"Huawei\",\n        features=[\"GPS\", \"Heart Rate Monitoring\", \"Music Playback\"],\n        price=199.99,\n        battery_life=\"14 days\",\n        water_resistance=\"Water Resistant\",\n        connectivity=\"Bluetooth\",\n        operating_system=\"Other\",\n        case_material=\"Aluminum\",\n        strap_material=\"Leather\",\n        screen_type=\"AMOLED\",\n        color=\"Brown\"\n    ),\n    Smartwatch(\n        name=\"Withings Steel HR\",\n        brand=\"Withings\",\n        features=[\"Heart Rate Monitoring\", \"Sleep Tracking\", \"Activity Tracking\"],\n        price=179.95,\n        battery_life=\"25 days\",\n        water_resistance=\"Water Resistant\",\n        connectivity=\"Bluetooth\",\n        operating_system=\"Other\",\n        case_material=\"Stainless Steel\",\n        strap_material=\"Leather\",\n        screen_type=\"LCD\",\n        color=\"Black\"\n    ),\n    Smartwatch(\n        name=\"Suunto 7\",\n        brand=\"Suunto\",\n        features=[\"GPS\", \"Heart Rate Monitoring\", \"Offline Maps\"],\n        price=499.99,\n        battery_life=\"48 hours\",\n        water_resistance=\"Water Resistant\",\n        connectivity=\"Bluetooth\",\n        operating_system=\"Wear OS\",\n        case_material=\"Plastic\",\n        strap_material=\"Silicone\",\n        screen_type=\"AMOLED\",\n        color=\"Black\"\n    ),\n]\n```",
    "database": [
      {
        "name": "Huawei Watch GT 2",
        "brand": "Huawei",
        "features": [
          "GPS",
          "Heart Rate Monitoring",
          "Music Playback"
        ],
        "price": 199.99,
        "battery_life": "14 days",
        "water_resistance": "Water Resistant",
        "connectivity": "Bluetooth",
        "operating_system": "Other",
        "case_material": "Aluminum",
        "strap_material": "Leather",
        "screen_type": "AMOLED",
        "color": "Brown"
      },
      {
        "name": "Samsung Galaxy Watch Active 2",
        "brand": "Samsung",
        "features": [
          "GPS",
          "Heart Rate Monitoring",
          "Sleep Tracking"
        ],
        "price": 249.99,
        "battery_life": "2 days",
        "water_resistance": "Water Resistant",
        "connectivity": "Bluetooth",
        "operating_system": "Tizen",
        "case_material": "Aluminum",
        "strap_material": "Silicone",
        "screen_type": "AMOLED",
        "color": "Silver"
      },
      {
        "name": "Withings Steel HR",
        "brand": "Withings",
        "features": [
          "Heart Rate Monitoring",
          "Sleep Tracking",
          "Activity Tracking"
        ],
        "price": 179.95,
        "battery_life": "25 days",
        "water_resistance": "Water Resistant",
        "connectivity": "Bluetooth",
        "operating_system": "Other",
        "case_material": "Stainless Steel",
        "strap_material": "Leather",
        "screen_type": "LCD",
        "color": "Black"
      },
      {
        "name": "TicWatch Pro 3",
        "brand": "Mobvoi",
        "features": [
          "GPS",
          "Heart Rate Monitoring",
          "Dual Display"
        ],
        "price": 299.99,
        "battery_life": "72 hours",
        "water_resistance": "Water Resistant",
        "connectivity": "Bluetooth",
        "operating_system": "Wear OS",
        "case_material": "Stainless Steel",
        "strap_material": "Silicone",
        "screen_type": "AMOLED",
        "color": "Black"
      },
      {
        "name": "Apple Watch Series 7",
        "brand": "Apple",
        "features": [
          "GPS",
          "Heart Rate Monitoring",
          "NFC"
        ],
        "price": 399.99,
        "battery_life": "18 hours",
        "water_resistance": "Water Resistant",
        "connectivity": "Bluetooth",
        "operating_system": "watchOS",
        "case_material": "Aluminum",
        "strap_material": "Silicone",
        "screen_type": "OLED",
        "color": "Midnight"
      },
      {
        "name": "Fossil Gen 5",
        "brand": "Fossil",
        "features": [
          "GPS",
          "Heart Rate Monitoring",
          "Google Assistant"
        ],
        "price": 229.0,
        "battery_life": "24 hours",
        "water_resistance": "Splash Proof",
        "connectivity": "Bluetooth",
        "operating_system": "Wear OS",
        "case_material": "Stainless Steel",
        "strap_material": "Silicone",
        "screen_type": "AMOLED",
        "color": "Black"
      },
      {
        "name": "Samsung Galaxy Watch 4",
        "brand": "Samsung",
        "features": [
          "GPS",
          "Heart Rate Monitoring",
          "ECG"
        ],
        "price": 249.99,
        "battery_life": "40 hours",
        "water_resistance": "Water Resistant",
        "connectivity": "Bluetooth",
        "operating_system": "Wear OS",
        "case_material": "Stainless Steel",
        "strap_material": "Leather",
        "screen_type": "AMOLED",
        "color": "Silver"
      },
      {
        "name": "Suunto 7",
        "brand": "Suunto",
        "features": [
          "GPS",
          "Heart Rate Monitoring",
          "Offline Maps"
        ],
        "price": 499.99,
        "battery_life": "48 hours",
        "water_resistance": "Water Resistant",
        "connectivity": "Bluetooth",
        "operating_system": "Wear OS",
        "case_material": "Plastic",
        "strap_material": "Silicone",
        "screen_type": "AMOLED",
        "color": "Black"
      },
      {
        "name": "Garmin Forerunner 245",
        "brand": "Garmin",
        "features": [
          "GPS",
          "Heart Rate Monitoring",
          "Music Storage"
        ],
        "price": 299.99,
        "battery_life": "7 days",
        "water_resistance": "Water Resistant",
        "connectivity": "Bluetooth",
        "operating_system": "Other",
        "case_material": "Plastic",
        "strap_material": "Silicone",
        "screen_type": "LCD",
        "color": "Black"
      },
      {
        "name": "Fossil Hybrid HR",
        "brand": "Fossil",
        "features": [
          "Heart Rate Monitoring",
          "Notifications"
        ],
        "price": 199.0,
        "battery_life": "2 weeks",
        "water_resistance": "Water Resistant",
        "connectivity": "Bluetooth",
        "operating_system": "Hybrid",
        "case_material": "Stainless Steel",
        "strap_material": "Leather",
        "screen_type": "LCD",
        "color": "Brown"
      },
      {
        "name": "Amazfit GTS 2",
        "brand": "Amazfit",
        "features": [
          "GPS",
          "Heart Rate Monitoring",
          "Sleep Tracking"
        ],
        "price": 179.99,
        "battery_life": "14 days",
        "water_resistance": "Water Resistant",
        "connectivity": "Bluetooth",
        "operating_system": "Other",
        "case_material": "Aluminum",
        "strap_material": "Silicone",
        "screen_type": "AMOLED",
        "color": "Graphite"
      },
      {
        "name": "Fitbit Versa 3",
        "brand": "Fitbit",
        "features": [
          "GPS",
          "Heart Rate Monitoring",
          "Voice Assistant"
        ],
        "price": 229.95,
        "battery_life": "6 days",
        "water_resistance": "Water Resistant",
        "connectivity": "Bluetooth",
        "operating_system": "Other",
        "case_material": "Aluminum",
        "strap_material": "Silicone",
        "screen_type": "LCD",
        "color": "Black/Carbon"
      },
      {
        "name": "Fossil Gen 5",
        "brand": "Fossil",
        "features": [
          "GPS",
          "Heart Rate Monitoring",
          "Google Assistant"
        ],
        "price": 249.0,
        "battery_life": "24 hours",
        "water_resistance": "Splash Proof",
        "connectivity": "Bluetooth",
        "operating_system": "Wear OS",
        "case_material": "Stainless Steel",
        "strap_material": "Leather",
        "screen_type": "AMOLED",
        "color": "Rose Gold"
      }
    ],
    "goal": {
      "name": "Samsung Galaxy Watch Active 2",
      "brand": "Samsung",
      "features": [
        "GPS",
        "Heart Rate Monitoring",
        "Sleep Tracking"
      ],
      "price": 249.99,
      "battery_life": "2 days",
      "water_resistance": "Water Resistant",
      "connectivity": "Bluetooth",
      "operating_system": "Tizen",
      "case_material": "Aluminum",
      "strap_material": "Silicone",
      "screen_type": "AMOLED",
      "color": "Silver"
    },
    "status": "complete"
  },
  {
    "domain": "earbuds",
    "turns": [
      [
        "Thanks for the info! By the way, do you have any JBL earbuds?",
        {
          "name": null,
          "type": null,
          "noise_cancellation": null,
          "wireless": null,
          "battery_life_hours": null,
          "water_resistant": null,
          "price_range": null,
          "brand_preference": "JBL",
          "color": null,
          "microphone": null,
          "fitness_tracking": null
        },
        "Yes, we have JBL earbuds! Are you looking for a specific model or features?"
      ],
      [
        "I'm looking for in-ear wireless JBL earbuds with a microphone.",
        {
          "name": null,
          "type": "in-ear",
          "noise_cancellation": null,
          "wireless": true,
          "battery_life_hours": null,
          "water_resistant": null,
          "price_range": null,
          "brand_preference": "JBL",
          "color": null,
          "microphone": true,
          "fitness_tracking": null
        },
        "We have the JBL Tune 125TWS, which are in-ear, wireless, and have a microphone. Would you like to know more?"
      ],
      [
        "Yes, what\u2019s the battery life on the JBL Tune 125TWS?",
        {
          "name": "JBL Tune 125TWS",
          "type": "in-ear",
          "noise_cancellation": null,
          "wireless": true,
          "battery_life_hours": null,
          "water_resistant": null,
          "price_range": null,
          "brand_preference": "JBL",
          "color": null,
          "microphone": true,
          "fitness_tracking": null
        },
        "The battery life is about 8 hours."
      ],
      [
        "Perfect! Do they have noise cancellation features?",
        {
          "name": "JBL Tune 125TWS",
          "type": "in-ear",
          "noise_cancellation": null,
          "wireless": true,
          "battery_life_hours": 8,
          "water_resistant": null,
          "price_range": null,
          "brand_preference": "JBL",
          "color": null,
          "microphone": true,
          "fitness_tracking": null
        },
        "No, they don't have noise cancellation features."
      ],
      [
        "That's okay! Are they water-resistant?",
        {
          "name": "JBL Tune 125TWS",
          "type": "in-ear",
          "noise_cancellation": "none",
          "wireless": true,
          "battery_life_hours": 8,
          "water_resistant": null,
          "price_range": null,
          "brand_preference": "JBL",
          "color": null,
          "microphone": true,
          "fitness_tracking": null
        },
        "No, they are not water-resistant."
      ],
      [
        "Alright! What\u2019s the price for the JBL Tune 125TWS?",
        {
          "name": "JBL Tune 125TWS",
          "type": "in-ear",
          "noise_cancellation": "none",
          "wireless": true,
          "battery_life_hours": 8,
          "water_resistant": false,
          "price_range": null,
          "brand_preference": "JBL",
          "color": null,
          "microphone": true,
          "fitness_tracking": null
        },
        "The price for the JBL Tune 125TWS is $79."
      ],
      [
        "That fits my budget perfectly! I'll take the JBL Tune 125TWS.",
        {
          "name": "JBL Tune 125TWS",
          "type": "in-ear",
          "noise_cancellation": "none",
          "wireless": true,
          "battery_life_hours": 8,
          "water_resistant": false,
          "price_range": [
            0,
            79
          ],
          "brand_preference": "JBL",
          "color": null,
          "microphone": true,
          "fitness_tracking": null
        },
        "Great choice! I'll get that for you."
      ]
    ],
    "preferences_code": "```python\npreferences = EarbudsCriteria(\n    name='JBL Tune 125TWS',\n    type='in-ear',\n    noise_cancellation='none',\n    wireless=True,\n    battery_life_hours=8,\n    water_resistant=False,\n    price_range=(50, 100),\n    brand_preference='JBL',\n    color='Blue',\n    microphone=True,\n    fitness_tracking=False,\n)\n```",
    "red_herrings_code": "```python\nearbuds_examples = [\n    EarbudsInfo(\n        name='OnePlus Buds Z',\n        type='in-ear',\n        noise_cancellation='none',\n        wireless=True,\n        battery_life_hours=5,\n        water_resistant=True,\n        price=49,\n        brand='OnePlus',\n        color='Black',\n        microphone=True,\n        fitness_tracking=False,\n    ),\n    EarbudsInfo(\n        name='Samsung Galaxy Buds',\n        type='in-ear',\n        noise_cancellation='active',\n        wireless=True,\n        battery_life_hours=6,\n        water_resistant=True,\n        price=99,\n        brand='Samsung',\n        color='White',\n        microphone=True,\n        fitness_tracking=True,\n    ),\n    EarbudsInfo(\n        name='JBL Tune 125TWS',\n        type='in-ear',\n        noise_cancellation='none',\n        wireless=True,\n        battery_life_hours=8,\n        water_resistant=False,\n        price=79,\n        brand='JBL',\n        color='Blue',\n        microphone=True,\n        fitness_tracking=False,\n    )\n]\n```",
    "database_code": "```python\n# Global variable to represent a list of earbuds examples\nearbuds_list = [\n    EarbudsInfo(\n        name=\"AirPods Pro\",\n        type=\"in-ear\",\n        noise_cancellation=\"active\",\n        wireless=True,\n        battery_life_hours=4,\n        water_resistant=True,\n        price=249,\n        brand=\"Apple\",\n        color=\"White\",\n        microphone=True,\n        fitness_tracking=False\n    ),\n    EarbudsInfo(\n        name=\"Sony WF-1000XM4\",\n        type=\"in-ear\",\n        noise_cancellation=\"active\",\n        wireless=True,\n        battery_life_hours=8,\n        water_resistant=True,\n        price=279,\n        brand=\"Sony\",\n        color=\"Black\",\n        microphone=True,\n        fitness_tracking=False\n    ),\n    EarbudsInfo(\n        name=\"Bose QuietComfort Earbuds\",\n        type=\"in-ear\",\n        noise_cancellation=\"active\",\n        wireless=True,\n        battery_life_hours=6,\n        water_resistant=True,\n        price=279,\n        brand=\"Bose\",\n        color=\"Black\",\n        microphone=True,\n        fitness_tracking=False\n    ),\n    EarbudsInfo(\n        name=\"Jabra Elite 75t\",\n        type=\"in-ear\",\n        noise_cancellation=\"passive\",\n        wireless=True,\n        battery_life_hours=7.5,\n        water_resistant=True,\n        price=199,\n        brand=\"Jabra\",\n        color=\"Titanium Black\",\n        microphone=True,\n        fitness_tracking=True\n    ),\n    EarbudsInfo(\n        name=\"Samsung Galaxy Buds Pro\",\n        type=\"in-ear\",\n        noise_cancellation=\"active\",\n        wireless=True,\n        battery_life_hours=5,\n        water_resistant=True,\n        price=199,\n        brand=\"Samsung\",\n        color=\"Phantom Violet\",\n        microphone=True,\n        fitness_tracking=False\n    ),\n    EarbudsInfo(\n        name=\"Anker Soundcore Liberty Air 2\",\n        type=\"in-ear\",\n        noise_cancellation=\"none\",\n        wireless=True,\n        battery_life_hours=7,\n        water_resistant=False,\n        price=99,\n        brand=\"Anker\",\n        color=\"White\",\n        microphone=True,\n        fitness_tracking=False\n    ),\n    EarbudsInfo(\n        name=\"Beats Flex\",\n        type=\"in-ear\",\n        noise_cancellation=\"none\",\n        wireless=True,\n        battery_life_hours=12,\n        water_resistant=False,\n        price=49,\n        brand=\"Beats\",\n        color=\"Black\",\n        microphone=True,\n        fitness_tracking=False\n    ),\n    EarbudsInfo(\n        name=\"Sennheiser Momentum True Wireless 2\",\n        type=\"in-ear\",\n        noise_cancellation=\"active\",\n        wireless=True,\n        battery_life_hours=7,\n        water_resistant=True,\n        price=299,\n        brand=\"Sennheiser\",\n        color=\"Black\",\n        microphone=True,\n        fitness_tracking=False\n    ),\n    EarbudsInfo(\n        name=\"OnePlus Buds Z\",\n        type=\"in-ear\",\n        noise_cancellation=\"none\",\n        wireless=True,\n        battery_life_hours=5,\n        water_resistant=True,\n        price=49,\n        brand=\"OnePlus\",\n        color=\"White\",\n        microphone=True,\n        fitness_tracking=False\n    ),\n    EarbudsInfo(\n        name=\"Google Pixel Buds A-Series\",\n        type=\"in-ear\",\n        noise_cancellation=\"none\",\n        wireless=True,\n        battery_life_hours=5,\n        water_resistant=True,\n        price=99,\n        brand=\"Google\",\n        color=\"Clearly White\",\n        microphone=True,\n        fitness_tracking=False\n    )\n]\n```",
    "database": [
      {
        "name": "Samsung Galaxy Buds",
        "type": "in-ear",
        "noise_cancellation": "active",
        "wireless": true,
        "battery_life_hours": 6,
        "water_resistant": true,
        "price": 99,
        "brand": "Samsung",
        "color": "White",
        "microphone": true,
        "fitness_tracking": true
      },
      {
        "name": "OnePlus Buds Z",
        "type": "in-ear",
        "noise_cancellation": "none",
        "wireless": true,
        "battery_life_hours": 5,
        "water_resistant": true,
        "price": 49,
        "brand": "OnePlus",
        "color": "White",
        "microphone": true,
        "fitness_tracking": false
      },
      {
        "name": "Sony WF-1000XM4",
        "type": "in-ear",
        "noise_cancellation": "active",
        "wireless": true,
        "battery_life_hours": 8,
        "water_resistant": true,
        "price": 279,
        "brand": "Sony",
        "color": "Black",
        "microphone": true,
        "fitness_tracking": false
      },
      {
        "name": "Jabra Elite 75t",
        "type": "in-ear",
        "noise_cancellation": "passive",
        "wireless": true,
        "battery_life_hours": 7.5,
        "water_resistant": true,
        "price": 199,
        "brand": "Jabra",
        "color": "Titanium Black",
        "microphone": true,
        "fitness_tracking": true
      },
      {
        "name": "Bose QuietComfort Earbuds",
        "type": "in-ear",
        "noise_cancellation": "active",
        "wireless": true,
        "battery_life_hours": 6,
        "water_resistant": true,
        "price": 279,
        "brand": "Bose",
        "color": "Black",
        "microphone": true,
        "fitness_tracking": false
      },
      {
        "name": "Anker Soundcore Liberty Air 2",
        "type": "in-ear",
        "noise_cancellation": "none",
        "wireless": true,
        "battery_life_hours": 7,
        "water_resistant": false,
        "price": 99,
        "brand": "Anker",
        "color": "White",
        "microphone": true,
        "fitness_tracking": false
      },
      {
        "name": "AirPods Pro",
        "type": "in-ear",
        "noise_cancellation": "active",
        "wireless": true,
        "battery_life_hours": 4,
        "water_resistant": true,
        "price": 249,
        "brand": "Apple",
        "color": "White",
        "microphone": true,
        "fitness_tracking": false
      },
      {
        "name": "JBL Tune 125TWS",
        "type": "in-ear",
        "noise_cancellation": "none",
        "wireless": true,
        "battery_life_hours": 8,
        "water_resistant": false,
        "price": 79,
        "brand": "JBL",
        "color": "Blue",
        "microphone": true,
        "fitness_tracking": false
      },
      {
        "name": "OnePlus Buds Z",
        "type": "in-ear",
        "noise_cancellation": "none",
        "wireless": true,
        "battery_life_hours": 5,
        "water_resistant": true,
        "price": 49,
        "brand": "OnePlus",
        "color": "Black",
        "microphone": true,
        "fitness_tracking": false
      },
      {
        "name": "Google Pixel Buds A-Series",
        "type": "in-ear",
        "noise_cancellation": "none",
        "wireless": true,
        "battery_life_hours": 5,
        "water_resistant": true,
        "price": 99,
        "brand": "Google",
        "color": "Clearly White",
        "microphone": true,
        "fitness_tracking": false
      },
      {
        "name": "Beats Flex",
        "type": "in-ear",
        "noise_cancellation": "none",
        "wireless": true,
        "battery_life_hours": 12,
        "water_resistant": false,
        "price": 49,
        "brand": "Beats",
        "color": "Black",
        "microphone": true,
        "fitness_tracking": false
      },
      {
        "name": "Samsung Galaxy Buds Pro",
        "type": "in-ear",
        "noise_cancellation": "active",
        "wireless": true,
        "battery_life_hours": 5,
        "water_resistant": true,
        "price": 199,
        "brand": "Samsung",
        "color": "Phantom Violet",
        "microphone": true,
        "fitness_tracking": false
      },
      {
        "name": "Sennheiser Momentum True Wireless 2",
        "type": "in-ear",
        "noise_cancellation": "active",
        "wireless": true,
        "battery_life_hours": 7,
        "water_resistant": true,
        "price": 299,
        "brand": "Sennheiser",
        "color": "Black",
        "microphone": true,
        "fitness_tracking": false
      }
    ],
    "goal": {
      "name": "JBL Tune 125TWS",
      "type": "in-ear",
      "noise_cancellation": "none",
      "wireless": true,
      "battery_life_hours": 8,
      "water_resistant": false,
      "price": 79,
      "brand": "JBL",
      "color": "Blue",
      "microphone": true,
      "fitness_tracking": false
    },
    "status": "complete"
  }
]