[
  {
    "domain": "boots",
    "turns": [
      [
        "I'm looking for mountaineering boots, size 9.5.",
        {
          "name": null,
          "size": 9.5,
          "type": "mountaineering",
          "waterproof": null,
          "material": null,
          "color": null,
          "weight": null,
          "brand": null,
          "price_range": null,
          "ankle_support": null,
          "insulation": null,
          "sole_type": null
        },
        "I have two options: the Mountain Trekker and the Winter Shield. Do you prefer waterproof boots?"
      ],
      [
        "Yes, I definitely need waterproof boots.",
        {
          "name": null,
          "size": 9.5,
          "type": "mountaineering",
          "waterproof": true,
          "material": null,
          "color": null,
          "weight": null,
          "brand": null,
          "price_range": null,
          "ankle_support": null,
          "insulation": null,
          "sole_type": null
        },
        "Great! That means the Mountain Trekker and the Winter Shield are both good choices. Do you have a preference for insulation?"
      ],
      [
        "No, I don't need insulation.",
        {
          "name": null,
          "size": 9.5,
          "type": "mountaineering",
          "waterproof": true,
          "material": null,
          "color": null,
          "weight": null,
          "brand": null,
          "price_range": null,
          "ankle_support": null,
          "insulation": false,
          "sole_type": null
        },
        "Then the Mountain Trekker is perfect for you! It's waterproof, size 9.5, and doesn't have insulation. Would you like to go with that?"
      ],
      [
        "What material is the Mountain Trekker made of?",
        {
          "name": "Mountain Trekker",
          "size": 9.5,
          "type": "mountaineering",
          "waterproof": true,
          "material": null,
          "color": null,
          "weight": null,
          "brand": null,
          "price_range": null,
          "ankle_support": null,
          "insulation": false,
          "sole_type": null
        },
        "The Mountain Trekker is made of leather. Would you like to choose it?"
      ],
      [
        "Yes, I\u2019ll go with the Mountain Trekker!",
        {
          "name": "Mountain Trekker",
          "size": 9.5,
          "type": "mountaineering",
          "waterproof": true,
          "material": "leather",
          "color": null,
          "weight": null,
          "brand": null,
          "price_range": null,
          "ankle_support": null,
          "insulation": false,
          "sole_type": null
        },
        "Awesome choice! The Mountain Trekker it is! Happy hiking!"
      ]
    ],
    "preferences_code": "```python\npreferences = BootPreferences(\n    name='Mountain Trekker',\n    size=9.5,\n    type='mountaineering',\n    waterproof=True,\n    material='leather',\n    color='brown',\n    weight=1.6,\n    brand='TrekMaster',\n    price_range=(250.0, 300.0),\n    ankle_support=True,\n    insulation=False,\n    sole_type='rubber',\n)\n```",
    "red_herrings_code": "```python\n# Global variable representing a list of similar boot examples.\nsimilar_boots = [\n    BootKnowledge(\n        name='Alpine Explorer Pro',\n        size=10.0,\n        type='mountaineering',\n        waterproof=True,\n        material='gore-tex',\n        color='grey',\n        weight=1.8,\n        brand='AlpineGear',\n        price=320.0,\n        ankle_support=True,\n        insulation=True,\n        sole_type='vibram',\n    ),\n    BootKnowledge(\n        name='Mountain Trekker',\n        size=9.5,\n        type='mountaineering',\n        waterproof=True,\n        material='leather',\n        color='brown',\n        weight=1.6,\n        brand='TrekMaster',\n        price=280.0,\n        ankle_support=True,\n        insulation=False,\n        sole_type='rubber',\n    ),\n    BootKnowledge(\n        name='Expedition Boot',\n        size=10.0,\n        type='mountaineering',\n        waterproof=False,\n        material='gore-tex',\n        color='black',\n        weight=1.7,\n        brand='AlpineGear',\n        price=290.0,\n        ankle_support=False,\n        insulation=True,\n        sole_type='vibram',\n    ),\n]\n```",
    "database_code": "```python\n# Global variable representing a list of boot examples\nboots_inventory = [\n    BootKnowledge(name=\"TrailBlazer 3000\", size=10.5, type='trail_running', waterproof=True, \n                  material='synthetic', color='blue', weight=1.2, brand='TrailMasters', \n                  price=120.00, ankle_support=True, insulation=False, sole_type='vibram'),\n    \n    BootKnowledge(name=\"Mountain King\", size=11.0, type='mountaineering', waterproof=True, \n                  material='leather', color='black', weight=1.5, brand='PeakGear', \n                  price=250.00, ankle_support=True, insulation=True, sole_type='rubber'),\n    \n    BootKnowledge(name=\"HikePro\", size=9.0, type='hiking', waterproof=False, \n                  material='synthetic', color='green', weight=1.0, brand='HikeCo', \n                  price=80.00, ankle_support=False, insulation=False, sole_type='eva'),\n    \n    BootKnowledge(name=\"Alpine Explorer\", size=10.0, type='mountaineering', waterproof=True, \n                  material='gore-tex', color='grey', weight=1.7, brand='AlpineGear', \n                  price=300.00, ankle_support=True, insulation=True, sole_type='vibram'),\n    \n    BootKnowledge(name=\"FastTrack\", size=8.5, type='trail_running', waterproof=False, \n                  material='synthetic', color='red', weight=0.9, brand='RunFast', \n                  price=90.00, ankle_support=False, insulation=False, sole_type='rubber'),\n    \n    BootKnowledge(name=\"Summit High\", size=12.0, type='hiking', waterproof=True, \n                  material='leather', color='brown', weight=1.6, brand='SummitGear', \n                  price=150.00, ankle_support=True, insulation=True, sole_type='vibram'),\n    \n    BootKnowledge(name=\"EcoStep\", size=9.5, type='hiking', waterproof=False, \n                  material='synthetic', color='tan', weight=1.1, brand='EcoFootwear', \n                  price=70.00, ankle_support=False, insulation=False, sole_type='eva'),\n    \n    BootKnowledge(name=\"Winter Shield\", size=11.5, type='mountaineering', waterproof=True, \n                  material='gore-tex', color='white', weight=1.8, brand='WinterGear', \n                  price=280.00, ankle_support=True, insulation=True, sole_type='rubber'),\n    \n    BootKnowledge(name=\"RunWild\", size=10.0, type='trail_running', waterproof=False, \n                  material='synthetic', color='yellow', weight=0.8, brand='WildRun', \n                  price=85.00, ankle_support=False, insulation=False, sole_type='eva'),\n    \n    BootKnowledge(name=\"Adventure Plus\", size=10.5, type='hiking', waterproof=True, \n                  material='leather', color='navy', weight=1.4, brand='AdventureCo', \n                  price=140.00, ankle_support=True, insulation=False, sole_type='vibram')\n]\n```",
    "database": [
      {
        "name": "Mountain Trekker",
        "size": 9.5,
        "type": "mountaineering",
        "waterproof": true,
        "material": "leather",
        "color": "brown",
        "weight": 1.6,
        "brand": "TrekMaster",
        "price": 280.0,
        "ankle_support": true,
        "insulation": false,
        "sole_type": "rubber"
      },
      {
        "name": "Winter Shield",
        "size": 11.5,
        "type": "mountaineering",
        "waterproof": true,
        "material": "gore-tex",
        "color": "white",
        "weight": 1.8,
        "brand": "WinterGear",
        "price": 280.0,
        "ankle_support": true,
        "insulation": true,
        "sole_type": "rubber"
      },
      {
        "name": "Summit High",
        "size": 12.0,
        "type": "hiking",
        "waterproof": true,
        "material": "leather",
        "color": "brown",
        "weight": 1.6,
        "brand": "SummitGear",
        "price": 150.0,
        "ankle_support": true,
        "insulation": true,
        "sole_type": "vibram"
      },
      {
        "name": "HikePro",
        "size": 9.0,
        "type": "hiking",
        "waterproof": false,
        "material": "synthetic",
        "color": "green",
        "weight": 1.0,
        "brand": "HikeCo",
        "price": 80.0,
        "ankle_support": false,
        "insulation": false,
        "sole_type": "eva"
      },
      {
        "name": "RunWild",
        "size": 10.0,
        "type": "trail_running",
        "waterproof": false,
        "material": "synthetic",
        "color": "yellow",
        "weight": 0.8,
        "brand": "WildRun",
        "price": 85.0,
        "ankle_support": false,
        "insulation": false,
        "sole_type": "eva"
      },
      {
        "name": "EcoStep",
        "size": 9.5,
        "type": "hiking",
        "waterproof": false,
        "material": "synthetic",
        "color": "tan",
        "weight": 1.1,
        "brand": "EcoFootwear",
        "price": 70.0,
        "ankle_support": false,
        "insulation": false,
        "sole_type": "eva"
      },
      {
        "name": "Mountain King",
        "size": 11.0,
        "type": "mountaineering",
        "waterproof": true,
        "material": "leather",
        "color": "black",
        "weight": 1.5,
        "brand": "PeakGear",
        "price": 250.0,
        "ankle_support": true,
        "insulation": true,
        "sole_type": "rubber"
      },
      {
        "name": "FastTrack",
        "size": 8.5,
        "type": "trail_running",
        "waterproof": false,
        "material": "synthetic",
        "color": "red",
        "weight": 0.9,
        "brand": "RunFast",
        "price": 90.0,
        "ankle_support": false,
        "insulation": false,
        "sole_type": "rubber"
      },
      {
        "name": "Alpine Explorer",
        "size": 10.0,
        "type": "mountaineering",
        "waterproof": true,
        "material": "gore-tex",
        "color": "grey",
        "weight": 1.7,
        "brand": "AlpineGear",
        "price": 300.0,
        "ankle_support": true,
        "insulation": true,
        "sole_type": "vibram"
      },
      {
        "name": "Adventure Plus",
        "size": 10.5,
        "type": "hiking",
        "waterproof": true,
        "material": "leather",
        "color": "navy",
        "weight": 1.4,
        "brand": "AdventureCo",
        "price": 140.0,
        "ankle_support": true,
        "insulation": false,
        "sole_type": "vibram"
      },
      {
        "name": "Alpine Explorer Pro",
        "size": 10.0,
        "type": "mountaineering",
        "waterproof": true,
        "material": "gore-tex",
        "color": "grey",
        "weight": 1.8,
        "brand": "AlpineGear",
        "price": 320.0,
        "ankle_support": true,
        "insulation": true,
        "sole_type": "vibram"
      },
      {
        "name": "Expedition Boot",
        "size": 10.0,
        "type": "mountaineering",
        "waterproof": false,
        "material": "gore-tex",
        "color": "black",
        "weight": 1.7,
        "brand": "AlpineGear",
        "price": 290.0,
        "ankle_support": false,
        "insulation": true,
        "sole_type": "vibram"
      },
      {
        "name": "TrailBlazer 3000",
        "size": 10.5,
        "type": "trail_running",
        "waterproof": true,
        "material": "synthetic",
        "color": "blue",
        "weight": 1.2,
        "brand": "TrailMasters",
        "price": 120.0,
        "ankle_support": true,
        "insulation": false,
        "sole_type": "vibram"
      }
    ],
    "goal": {
      "name": "Mountain Trekker",
      "size": 9.5,
      "type": "mountaineering",
      "waterproof": true,
      "material": "leather",
      "color": "brown",
      "weight": 1.6,
      "brand": "TrekMaster",
      "price": 280.0,
      "ankle_support": true,
      "insulation": false,
      "sole_type": "rubber"
    },
    "status": "complete"
  },
  {
    "domain": "backpack",
    "turns": [
      [
        "Thanks! Now I need help finding a backpack.",
        {
          "name": null,
          "capacity_liters": null,
          "pack_type": null,
          "color": null,
          "gender_specific": null,
          "weight": null,
          "price_range": null,
          "material": null,
          "hydration_compatible": null,
          "weather_resistance": null
        },
        "Sure! What capacity are you looking for in a backpack?"
      ],
      [
        "I need around 45 liters.",
        {
          "name": null,
          "capacity_liters": 45,
          "pack_type": null,
          "color": null,
          "gender_specific": null,
          "weight": null,
          "price_range": null,
          "material": null,
          "hydration_compatible": null,
          "weather_resistance": null
        },
        "Got it! Do you prefer a specific type, like multiday or overnight?"
      ],
      [
        "I'm looking for a multiday pack.",
        {
          "name": null,
          "capacity_liters": 45,
          "pack_type": "multiday",
          "color": null,
          "gender_specific": null,
          "weight": null,
          "price_range": null,
          "material": null,
          "hydration_compatible": null,
          "weather_resistance": null
        },
        "Great choice! I have two options: the Explorer Pack and the Weekend Warrior. Do you have a color preference?"
      ],
      [
        "I prefer green.",
        {
          "name": null,
          "capacity_liters": 45,
          "pack_type": "multiday",
          "color": "green",
          "gender_specific": null,
          "weight": null,
          "price_range": null,
          "material": null,
          "hydration_compatible": null,
          "weather_resistance": null
        },
        "That works! The Explorer Pack is green and fits your needs. Would you like to choose that one?"
      ],
      [
        "What\u2019s the weight of the Explorer Pack?",
        {
          "name": "Explorer Pack",
          "capacity_liters": 45,
          "pack_type": "multiday",
          "color": "green",
          "gender_specific": null,
          "weight": null,
          "price_range": null,
          "material": null,
          "hydration_compatible": null,
          "weather_resistance": null
        },
        "The Explorer Pack weighs 1.9 kilograms. Are you happy with that?"
      ],
      [
        "Yes, that weight works for me!",
        {
          "name": "Explorer Pack",
          "capacity_liters": 45,
          "pack_type": "multiday",
          "color": "green",
          "gender_specific": null,
          "weight": 1.9,
          "price_range": null,
          "material": null,
          "hydration_compatible": null,
          "weather_resistance": null
        },
        "Awesome! The Explorer Pack is yours! Happy hiking!"
      ]
    ],
    "preferences_code": "```python\npreferences = BackpackCriteria(\n    name='Explorer Pack',\n    capacity_liters=45.0,\n    pack_type='multiday',\n    color='green',\n    gender_specific='unisex',\n    weight=2.0,\n    price_range=(100.0, 120.0),\n    material='nylon',\n    hydration_compatible=False,\n    weather_resistance='none',\n)\n```",
    "red_herrings_code": "```python\nbackpack_examples = [\n    Backpack(\n        name='Weekend Adventurer',\n        capacity_liters=35.0,\n        pack_type='multiday',\n        color='blue',\n        gender_specific='unisex',\n        weight=1.7,\n        price=99.99,\n        material='nylon',\n        hydration_compatible=True,\n        weather_resistance='none',\n    ),\n    Backpack(\n        name='Weekend Warrior Pro',\n        capacity_liters=40.0,\n        pack_type='multiday',\n        color='black',\n        gender_specific='men',\n        weight=2.0,\n        price=119.99,\n        material='polyester',\n        hydration_compatible=True,\n        weather_resistance='none',\n    ),\n    Backpack(\n        name='Explorer Pack',\n        capacity_liters=45.0,\n        pack_type='multiday',\n        color='green',\n        gender_specific='unisex',\n        weight=1.9,\n        price=109.99,\n        material='nylon',\n        hydration_compatible=False,\n        weather_resistance='none',\n    ),\n]\n```",
    "database_code": "```python\n# Global variable to store examples of backpacks\nbackpack_examples = [\n    Backpack(name=\"Trailblazer\", capacity_liters=30.0, pack_type='daypack', color='blue',\n             gender_specific='unisex', weight=1.2, price=79.99, material='nylon',\n             hydration_compatible=True, weather_resistance='water-resistant'),\n    \n    Backpack(name=\"Summit Seeker\", capacity_liters=50.0, pack_type='overnight', color='green',\n             gender_specific='men', weight=1.5, price=149.99, material='polyester',\n             hydration_compatible=False, weather_resistance='waterproof'),\n    \n    Backpack(name=\"Expedition Pro\", capacity_liters=80.0, pack_type='expedition', color='red',\n             gender_specific='women', weight=2.5, price=249.99, material='canvas',\n             hydration_compatible=True, weather_resistance='waterproof'),\n    \n    Backpack(name=\"Weekend Warrior\", capacity_liters=40.0, pack_type='multiday', color='black',\n             gender_specific='unisex', weight=1.8, price=109.99, material='nylon',\n             hydration_compatible=True, weather_resistance='none'),\n    \n    Backpack(name=\"Day Hiker\", capacity_liters=25.0, pack_type='daypack', color='orange',\n             gender_specific='unisex', weight=1.0, price=59.99, material='polyester',\n             hydration_compatible=False, weather_resistance='water-resistant'),\n    \n    Backpack(name=\"Alpine Explorer\", capacity_liters=60.0, pack_type='multiday', color='grey',\n             gender_specific='men', weight=2.0, price=199.99, material='nylon',\n             hydration_compatible=True, weather_resistance='waterproof'),\n    \n    Backpack(name=\"Urban Commuter\", capacity_liters=20.0, pack_type='daypack', color='black',\n             gender_specific='unisex', weight=0.8, price=49.99, material='canvas',\n             hydration_compatible=False, weather_resistance='none'),\n    \n    Backpack(name=\"Backcountry Adventurer\", capacity_liters=70.0, pack_type='expedition', color='purple',\n             gender_specific='women', weight=2.3, price=229.99, material='nylon',\n             hydration_compatible=True, weather_resistance='waterproof'),\n    \n    Backpack(name=\"Lightweight Trekker\", capacity_liters=15.0, pack_type='daypack', color='yellow',\n             gender_specific='unisex', weight=0.6, price=39.99, material='polyester',\n             hydration_compatible=False, weather_resistance='water-resistant'),\n    \n    Backpack(name=\"Overnight Voyager\", capacity_liters=45.0, pack_type='overnight', color='brown',\n             gender_specific='men', weight=1.7, price=139.99, material='canvas',\n             hydration_compatible=True, weather_resistance='water-resistant'),\n]\n```",
    "database": [
      {
        "name": "Explorer Pack",
        "capacity_liters": 45.0,
        "pack_type": "multiday",
        "color": "green",
        "gender_specific": "unisex",
        "weight": 1.9,
        "price": 109.99,
        "material": "nylon",
        "hydration_compatible": false,
        "weather_resistance": "none"
      },
      {
        "name": "Weekend Warrior",
        "capacity_liters": 40.0,
        "pack_type": "multiday",
        "color": "black",
        "gender_specific": "unisex",
        "weight": 1.8,
        "price": 109.99,
        "material": "nylon",
        "hydration_compatible": true,
        "weather_resistance": "none"
      },
      {
        "name": "Alpine Explorer",
        "capacity_liters": 60.0,
        "pack_type": "multiday",
        "color": "grey",
        "gender_specific": "men",
        "weight": 2.0,
        "price": 199.99,
        "material": "nylon",
        "hydration_compatible": true,
        "weather_resistance": "waterproof"
      },
      {
        "name": "Urban Commuter",
        "capacity_liters": 20.0,
        "pack_type": "daypack",
        "color": "black",
        "gender_specific": "unisex",
        "weight": 0.8,
        "price": 49.99,
        "material": "canvas",
        "hydration_compatible": false,
        "weather_resistance": "none"
      },
      {
        "name": "Trailblazer",
        "capacity_liters": 30.0,
        "pack_type": "daypack",
        "color": "blue",
        "gender_specific": "unisex",
        "weight": 1.2,
        "price": 79.99,
        "material": "nylon",
        "hydration_compatible": true,
        "weather_resistance": "water-resistant"
      },
      {
        "name": "Overnight Voyager",
        "capacity_liters": 45.0,
        "pack_type": "overnight",
        "color": "brown",
        "gender_specific": "men",
        "weight": 1.7,
        "price": 139.99,
        "material": "canvas",
        "hydration_compatible": true,
        "weather_resistance": "water-resistant"
      },
      {
        "name": "Weekend Warrior Pro",
        "capacity_liters": 40.0,
        "pack_type": "multiday",
        "color": "black",
        "gender_specific": "men",
        "weight": 2.0,
        "price": 119.99,
        "material": "polyester",
        "hydration_compatible": true,
        "weather_resistance": "none"
      },
      {
        "name": "Day Hiker",
        "capacity_liters": 25.0,
        "pack_type": "daypack",
        "color": "orange",
        "gender_specific": "unisex",
        "weight": 1.0,
        "price": 59.99,
        "material": "polyester",
        "hydration_compatible": false,
        "weather_resistance": "water-resistant"
      },
      {
        "name": "Weekend Adventurer",
        "capacity_liters": 35.0,
        "pack_type": "multiday",
        "color": "blue",
        "gender_specific": "unisex",
        "weight": 1.7,
        "price": 99.99,
        "material": "nylon",
        "hydration_compatible": true,
        "weather_resistance": "none"
      },
      {
        "name": "Backcountry Adventurer",
        "capacity_liters": 70.0,
        "pack_type": "expedition",
        "color": "purple",
        "gender_specific": "women",
        "weight": 2.3,
        "price": 229.99,
        "material": "nylon",
        "hydration_compatible": true,
        "weather_resistance": "waterproof"
      },
      {
        "name": "Lightweight Trekker",
        "capacity_liters": 15.0,
        "pack_type": "daypack",
        "color": "yellow",
        "gender_specific": "unisex",
        "weight": 0.6,
        "price": 39.99,
        "material": "polyester",
        "hydration_compatible": false,
        "weather_resistance": "water-resistant"
      },
      {
        "name": "Summit Seeker",
        "capacity_liters": 50.0,
        "pack_type": "overnight",
        "color": "green",
        "gender_specific": "men",
        "weight": 1.5,
        "price": 149.99,
        "material": "polyester",
        "hydration_compatible": false,
        "weather_resistance": "waterproof"
      },
      {
        "name": "Expedition Pro",
        "capacity_liters": 80.0,
        "pack_type": "expedition",
        "color": "red",
        "gender_specific": "women",
        "weight": 2.5,
        "price": 249.99,
        "material": "canvas",
        "hydration_compatible": true,
        "weather_resistance": "waterproof"
      }
    ],
    "goal": {
      "name": "Explorer Pack",
      "capacity_liters": 45.0,
      "pack_type": "multiday",
      "color": "green",
      "gender_specific": "unisex",
      "weight": 1.9,
      "price": 109.99,
      "material": "nylon",
      "hydration_compatible": false,
      "weather_resistance": "none"
    },
    "status": "complete"
  },
  {
    "domain": "hydration system",
    "turns": [
      [
        "Thanks! Now I need a hydration system. Can you help me with that?",
        {
          "name": null,
          "type": null,
          "capacity": null,
          "insulated": null,
          "weight": null,
          "material": null,
          "price_range": null,
          "brand": null,
          "color": null,
          "portability": null
        },
        "Of course! What type of hydration system do you prefer: a bladder, bottle, or filter?"
      ],
      [
        "I don't have a preference for the type.",
        {
          "name": null,
          "type": null,
          "capacity": null,
          "insulated": null,
          "weight": null,
          "material": null,
          "price_range": null,
          "brand": null,
          "color": null,
          "portability": null
        },
        "No problem! What capacity are you looking for in a hydration system?"
      ],
      [
        "I need a capacity of 2 liters.",
        {
          "name": null,
          "type": null,
          "capacity": 2,
          "insulated": null,
          "weight": null,
          "material": null,
          "price_range": null,
          "brand": null,
          "color": null,
          "portability": null
        },
        "Great! Do you want an insulated hydration system, or is that not necessary?"
      ],
      [
        "Insulation isn't necessary for me.",
        {
          "name": null,
          "type": null,
          "capacity": 2,
          "insulated": false,
          "weight": null,
          "material": null,
          "price_range": null,
          "brand": null,
          "color": null,
          "portability": null
        },
        "Got it! The CompactBladder and TrailBladder both fit your needs. Do you have a color preference?"
      ],
      [
        "I don't have a color preference.",
        {
          "name": null,
          "type": null,
          "capacity": 2,
          "insulated": false,
          "weight": null,
          "material": null,
          "price_range": null,
          "brand": null,
          "color": null,
          "portability": null
        },
        "Perfect! The CompactBladder is lightweight at 0.55 kg and costs $27.99. Would you like to go with that one?"
      ],
      [
        "What material is the CompactBladder made of?",
        {
          "name": "CompactBladder",
          "type": "bladder",
          "capacity": 2,
          "insulated": false,
          "weight": 0.55,
          "material": null,
          "price_range": [
            27.99,
            27.99
          ],
          "brand": null,
          "color": null,
          "portability": null
        },
        "The CompactBladder is made of silicone. Are you ready to choose it?"
      ],
      [
        "Yes, I'll choose the CompactBladder!",
        {
          "name": "CompactBladder",
          "type": "bladder",
          "capacity": 2,
          "insulated": false,
          "weight": 0.55,
          "material": "silicone",
          "price_range": null,
          "brand": null,
          "color": null,
          "portability": null
        },
        "Great choice! The CompactBladder is yours! Stay hydrated on your adventures!"
      ]
    ],
    "preferences_code": "```python\npreferences = HydrationSystemCriteria(\n    name='TrailBladder',\n    type='bladder',\n    capacity=2,\n    insulated=False,\n    weight=0.6,\n    material='plastic',\n    price_range=(20.00, 35.00),\n    brand='TrailGear',\n    color='green',\n    portability='high',\n)\n```",
    "red_herrings_code": "```python\n# Global variable representing a list of hydration system examples\nhydration_systems = [\n    HydrationSystem(\n        name='UrbanBladder Pro',\n        type='bladder',\n        capacity=3,\n        insulated=True,\n        weight=0.75,\n        material='plastic',\n        price=44.99,\n        brand='UrbanGear',\n        color='black',\n        portability='medium',\n    ),\n    HydrationSystem(\n        name='TrailBladder',\n        type='bladder',\n        capacity=2,\n        insulated=False,\n        weight=0.6,\n        material='plastic',\n        price=29.99,\n        brand='TrailGear',\n        color='green',\n        portability='high',\n    ),\n    HydrationSystem(\n        name='MountainBottle',\n        type='bottle',\n        capacity=3,\n        insulated=True,\n        weight=0.5,\n        material='metal',\n        price=34.99,\n        brand='MountainGear',\n        color='blue',\n        portability='high',\n    ),\n]\n```",
    "database_code": "```python\n# Global variable representing a list of hydration system examples\nhydration_systems = [\n    HydrationSystem(name=\"HydroBladder\", type=\"bladder\", capacity=3, insulated=True, weight=0.5, material=\"plastic\", price=29.99, brand=\"HydroGear\", color=\"blue\", portability=\"high\"),\n    HydrationSystem(name=\"EcoBottle\", type=\"bottle\", capacity=1, insulated=False, weight=0.3, material=\"metal\", price=19.99, brand=\"EcoDrink\", color=\"green\", portability=\"high\"),\n    HydrationSystem(name=\"QuickFilter\", type=\"filter\", capacity=0.5, insulated=False, weight=0.2, material=\"plastic\", price=15.49, brand=\"PureWater\", color=\"black\", portability=\"medium\"),\n    HydrationSystem(name=\"InsulatedBladder\", type=\"bladder\", capacity=2, insulated=True, weight=0.6, material=\"plastic\", price=34.99, brand=\"HydroGear\", color=\"red\", portability=\"high\"),\n    HydrationSystem(name=\"TrailBottle\", type=\"bottle\", capacity=1.5, insulated=False, weight=0.4, material=\"glass\", price=24.99, brand=\"TrailBlazer\", color=\"clear\", portability=\"medium\"),\n    HydrationSystem(name=\"AdventureFilter\", type=\"filter\", capacity=1, insulated=False, weight=0.25, material=\"plastic\", price=22.99, brand=\"AdventureGear\", color=\"orange\", portability=\"high\"),\n    HydrationSystem(name=\"CompactBladder\", type=\"bladder\", capacity=2.5, insulated=False, weight=0.55, material=\"silicone\", price=27.99, brand=\"CompactHydro\", color=\"purple\", portability=\"high\"),\n    HydrationSystem(name=\"SportBottle\", type=\"bottle\", capacity=0.75, insulated=True, weight=0.35, material=\"metal\", price=18.99, brand=\"Sporty\", color=\"yellow\", portability=\"medium\"),\n    HydrationSystem(name=\"FamilyFilter\", type=\"filter\", capacity=1.5, insulated=False, weight=0.4, material=\"plastic\", price=30.99, brand=\"FamilySafe\", color=\"blue\", portability=\"low\"),\n    HydrationSystem(name=\"UrbanBladder\", type=\"bladder\", capacity=3, insulated=True, weight=0.7, material=\"plastic\", price=39.99, brand=\"UrbanGear\", color=\"black\", portability=\"medium\"),\n]\n```",
    "database": [
      {
        "name": "CompactBladder",
        "type": "bladder",
        "capacity": 2.5,
        "insulated": false,
        "weight": 0.55,
        "material": "silicone",
        "price": 27.99,
        "brand": "CompactHydro",
        "color": "purple",
        "portability": "high"
      },
      {
        "name": "HydroBladder",
        "type": "bladder",
        "capacity": 3,
        "insulated": true,
        "weight": 0.5,
        "material": "plastic",
        "price": 29.99,
        "brand": "HydroGear",
        "color": "blue",
        "portability": "high"
      },
      {
        "name": "SportBottle",
        "type": "bottle",
        "capacity": 0.75,
        "insulated": true,
        "weight": 0.35,
        "material": "metal",
        "price": 18.99,
        "brand": "Sporty",
        "color": "yellow",
        "portability": "medium"
      },
      {
        "name": "UrbanBladder Pro",
        "type": "bladder",
        "capacity": 3,
        "insulated": true,
        "weight": 0.75,
        "material": "plastic",
        "price": 44.99,
        "brand": "UrbanGear",
        "color": "black",
        "portability": "medium"
      },
      {
        "name": "InsulatedBladder",
        "type": "bladder",
        "capacity": 2,
        "insulated": true,
        "weight": 0.6,
        "material": "plastic",
        "price": 34.99,
        "brand": "HydroGear",
        "color": "red",
        "portability": "high"
      },
      {
        "name": "TrailBottle",
        "type": "bottle",
        "capacity": 1.5,
        "insulated": false,
        "weight": 0.4,
        "material": "glass",
        "price": 24.99,
        "brand": "TrailBlazer",
        "color": "clear",
        "portability": "medium"
      },
      {
        "name": "MountainBottle",
        "type": "bottle",
        "capacity": 3,
        "insulated": true,
        "weight": 0.5,
        "material": "metal",
        "price": 34.99,
        "brand": "MountainGear",
        "color": "blue",
        "portability": "high"
      },
      {
        "name": "TrailBladder",
        "type": "bladder",
        "capacity": 2,
        "insulated": false,
        "weight": 0.6,
        "material": "plastic",
        "price": 29.99,
        "brand": "TrailGear",
        "color": "green",
        "portability": "high"
      },
      {
        "name": "AdventureFilter",
        "type": "filter",
        "capacity": 1,
        "insulated": false,
        "weight": 0.25,
        "material": "plastic",
        "price": 22.99,
        "brand": "AdventureGear",
        "color": "orange",
        "portability": "high"
      },
      {
        "name": "EcoBottle",
        "type": "bottle",
        "capacity": 1,
        "insulated": false,
        "weight": 0.3,
        "material": "metal",
        "price": 19.99,
        "brand": "EcoDrink",
        "color": "green",
        "portability": "high"
      },
      {
        "name": "QuickFilter",
        "type": "filter",
        "capacity": 0.5,
        "insulated": false,
        "weight": 0.2,
        "material": "plastic",
        "price": 15.49,
        "brand": "PureWater",
        "color": "black",
        "portability": "medium"
      },
      {
        "name": "FamilyFilter",
        "type": "filter",
        "capacity": 1.5,
        "insulated": false,
        "weight": 0.4,
        "material": "plastic",
        "price": 30.99,
        "brand": "FamilySafe",
        "color": "blue",
        "portability": "low"
      },
      {
        "name": "UrbanBladder",
        "type": "bladder",
        "capacity": 3,
        "insulated": true,
        "weight": 0.7,
        "material": "plastic",
        "price": 39.99,
        "brand": "UrbanGear",
        "color": "black",
        "portability": "medium"
      }
    ],
    "goal": {
      "name": "TrailBladder",
      "type": "bladder",
      "capacity": 2,
      "insulated": false,
      "weight": 0.6,
      "material": "plastic",
      "price": 29.99,
      "brand": "TrailGear",
      "color": "green",
      "portability": "high"
    },
    "status": "complete"
  }
]