[
  {
    "domain": "instrument",
    "turns": [
      [
        "I'm looking for a beginner wind instrument, ideally from Lee Oskar.",
        {
          "name": null,
          "instrument_type": "Wind",
          "skill_level": "Beginner",
          "budget": null,
          "brand_preference": "Lee Oskar",
          "material": null,
          "is_acoustic": null,
          "color_preference": null,
          "weight_limit": null
        },
        "I have the Lee Oskar Major Diatonic, it's perfect for beginners and fits your brand preference!"
      ],
      [
        "That sounds great! What's the price on that?",
        {
          "name": "Lee Oskar Major Diatonic",
          "instrument_type": "Wind",
          "skill_level": "Beginner",
          "budget": null,
          "brand_preference": "Lee Oskar",
          "material": null,
          "is_acoustic": null,
          "color_preference": null,
          "weight_limit": null
        },
        "The price for the Lee Oskar Major Diatonic is $55."
      ],
      [
        "That's within my budget! What color options do you have?",
        {
          "name": "Lee Oskar Major Diatonic",
          "instrument_type": "Wind",
          "skill_level": "Beginner",
          "budget": 55.0,
          "brand_preference": "Lee Oskar",
          "material": null,
          "is_acoustic": null,
          "color_preference": null,
          "weight_limit": null
        },
        "The Lee Oskar Major Diatonic comes in green."
      ],
      [
        "Perfect! I love green. Is it lightweight?",
        {
          "name": "Lee Oskar Major Diatonic",
          "instrument_type": "Wind",
          "skill_level": "Beginner",
          "budget": 55.0,
          "brand_preference": "Lee Oskar",
          "material": null,
          "is_acoustic": null,
          "color_preference": "Green",
          "weight_limit": null
        },
        "Yes, it weighs only 0.25 kilograms, very lightweight!"
      ],
      [
        "Awesome! I think I\u2019ll go with the Lee Oskar Major Diatonic then!",
        {
          "name": "Lee Oskar Major Diatonic",
          "instrument_type": "Wind",
          "skill_level": "Beginner",
          "budget": 55.0,
          "brand_preference": "Lee Oskar",
          "material": null,
          "is_acoustic": null,
          "color_preference": "Green",
          "weight_limit": 0.25
        },
        "Great choice! Enjoy playing your new instrument!"
      ]
    ],
    "preferences_code": "```python\npreferences = InstrumentCriteria(\n    name='Lee Oskar Major Diatonic',\n    instrument_type='Wind',\n    skill_level='Beginner',\n    budget=60.0,\n    brand_preference='Lee Oskar',\n    material='Metal',\n    is_acoustic=True,\n    color_preference='Green',\n    weight_limit=0.3,\n)\n```",
    "red_herrings_code": "```python\n# Global variable representing a list of similar instrument search results\nsimilar_instruments = [\n    InstrumentKnowledge(\n        name='Hohner Marine Band',\n        instrument_type='Wind',\n        skill_level='Beginner',\n        price=50.0,\n        brand='Hohner',\n        material='Metal',\n        is_acoustic=True,\n        color='Blue',\n        weight=0.2,\n    ),\n    InstrumentKnowledge(\n        name='Suzuki Promaster',\n        instrument_type='Wind',\n        skill_level='Beginner',\n        price=40.0,\n        brand='Suzuki',\n        material='Metal',\n        is_acoustic=True,\n        color='Black',\n        weight=0.15,\n    ),\n    InstrumentKnowledge(\n        name='Lee Oskar Major Diatonic',\n        instrument_type='Wind',\n        skill_level='Beginner',\n        price=55.0,\n        brand='Lee Oskar',\n        material='Metal',\n        is_acoustic=True,\n        color='Green',\n        weight=0.25,\n    ),\n]\n```",
    "database_code": "```python\n# Global variable to hold a list of instrument examples\ninstruments_data = [\n    InstrumentKnowledge(\n        name=\"Yamaha C40\",\n        instrument_type=\"String\",\n        skill_level=\"Beginner\",\n        price=199.99,\n        brand=\"Yamaha\",\n        material=\"Wood\",\n        is_acoustic=True,\n        color=\"Natural\",\n        weight=1.5\n    ),\n    InstrumentKnowledge(\n        name=\"Selmer S80\",\n        instrument_type=\"Wind\",\n        skill_level=\"Intermediate\",\n        price=450.00,\n        brand=\"Selmer\",\n        material=\"Metal\",\n        is_acoustic=True,\n        color=\"Silver\",\n        weight=0.5\n    ),\n    InstrumentKnowledge(\n        name=\"Pearl Export\",\n        instrument_type=\"Percussion\",\n        skill_level=\"Intermediate\",\n        price=799.99,\n        brand=\"Pearl\",\n        material=\"Wood\",\n        is_acoustic=True,\n        color=\"Black\",\n        weight=20.0\n    ),\n    InstrumentKnowledge(\n        name=\"Yamaha P-45\",\n        instrument_type=\"Keyboard\",\n        skill_level=\"Beginner\",\n        price=499.99,\n        brand=\"Yamaha\",\n        material=\"Plastic\",\n        is_acoustic=False,\n        color=\"Black\",\n        weight=11.0\n    ),\n    InstrumentKnowledge(\n        name=\"Fender Stratocaster\",\n        instrument_type=\"String\",\n        skill_level=\"Advanced\",\n        price=1299.99,\n        brand=\"Fender\",\n        material=\"Wood\",\n        is_acoustic=False,\n        color=\"Sunburst\",\n        weight=3.5\n    ),\n    InstrumentKnowledge(\n        name=\"Gibson Les Paul\",\n        instrument_type=\"String\",\n        skill_level=\"Advanced\",\n        price=2499.99,\n        brand=\"Gibson\",\n        material=\"Wood\",\n        is_acoustic=False,\n        color=\"Cherry Red\",\n        weight=4.0\n    ),\n    InstrumentKnowledge(\n        name=\"Bach TR300H\",\n        instrument_type=\"Wind\",\n        skill_level=\"Intermediate\",\n        price=899.99,\n        brand=\"Bach\",\n        material=\"Brass\",\n        is_acoustic=True,\n        color=\"Brass\",\n        weight=1.2\n    ),\n    InstrumentKnowledge(\n        name=\"Roland FP-10\",\n        instrument_type=\"Keyboard\",\n        skill_level=\"Beginner\",\n        price=599.99,\n        brand=\"Roland\",\n        material=\"Plastic\",\n        is_acoustic=False,\n        color=\"Black\",\n        weight=12.0\n    ),\n    InstrumentKnowledge(\n        name=\"Mapex Mars\",\n        instrument_type=\"Percussion\",\n        skill_level=\"Intermediate\",\n        price=699.99,\n        brand=\"Mapex\",\n        material=\"Wood\",\n        is_acoustic=True,\n        color=\"Red\",\n        weight=18.0\n    ),\n    InstrumentKnowledge(\n        name=\"Hohner Special 20\",\n        instrument_type=\"Wind\",\n        skill_level=\"Beginner\",\n        price=45.00,\n        brand=\"Hohner\",\n        material=\"Metal\",\n        is_acoustic=True,\n        color=\"Silver\",\n        weight=0.2\n    )\n]\n```",
    "database": [
      {
        "name": "Gibson Les Paul",
        "instrument_type": "String",
        "skill_level": "Advanced",
        "price": 2499.99,
        "brand": "Gibson",
        "material": "Wood",
        "is_acoustic": false,
        "color": "Cherry Red",
        "weight": 4.0
      },
      {
        "name": "Yamaha C40",
        "instrument_type": "String",
        "skill_level": "Beginner",
        "price": 199.99,
        "brand": "Yamaha",
        "material": "Wood",
        "is_acoustic": true,
        "color": "Natural",
        "weight": 1.5
      },
      {
        "name": "Lee Oskar Major Diatonic",
        "instrument_type": "Wind",
        "skill_level": "Beginner",
        "price": 55.0,
        "brand": "Lee Oskar",
        "material": "Metal",
        "is_acoustic": true,
        "color": "Green",
        "weight": 0.25
      },
      {
        "name": "Hohner Marine Band",
        "instrument_type": "Wind",
        "skill_level": "Beginner",
        "price": 50.0,
        "brand": "Hohner",
        "material": "Metal",
        "is_acoustic": true,
        "color": "Blue",
        "weight": 0.2
      },
      {
        "name": "Mapex Mars",
        "instrument_type": "Percussion",
        "skill_level": "Intermediate",
        "price": 699.99,
        "brand": "Mapex",
        "material": "Wood",
        "is_acoustic": true,
        "color": "Red",
        "weight": 18.0
      },
      {
        "name": "Bach TR300H",
        "instrument_type": "Wind",
        "skill_level": "Intermediate",
        "price": 899.99,
        "brand": "Bach",
        "material": "Brass",
        "is_acoustic": true,
        "color": "Brass",
        "weight": 1.2
      },
      {
        "name": "Suzuki Promaster",
        "instrument_type": "Wind",
        "skill_level": "Beginner",
        "price": 40.0,
        "brand": "Suzuki",
        "material": "Metal",
        "is_acoustic": true,
        "color": "Black",
        "weight": 0.15
      },
      {
        "name": "Roland FP-10",
        "instrument_type": "Keyboard",
        "skill_level": "Beginner",
        "price": 599.99,
        "brand": "Roland",
        "material": "Plastic",
        "is_acoustic": false,
        "color": "Black",
        "weight": 12.0
      },
      {
        "name": "Fender Stratocaster",
        "instrument_type": "String",
        "skill_level": "Advanced",
        "price": 1299.99,
        "brand": "Fender",
        "material": "Wood",
        "is_acoustic": false,
        "color": "Sunburst",
        "weight": 3.5
      },
      {
        "name": "Hohner Special 20",
        "instrument_type": "Wind",
        "skill_level": "Beginner",
        "price": 45.0,
        "brand": "Hohner",
        "material": "Metal",
        "is_acoustic": true,
        "color": "Silver",
        "weight": 0.2
      },
      {
        "name": "Selmer S80",
        "instrument_type": "Wind",
        "skill_level": "Intermediate",
        "price": 450.0,
        "brand": "Selmer",
        "material": "Metal",
        "is_acoustic": true,
        "color": "Silver",
        "weight": 0.5
      },
      {
        "name": "Yamaha P-45",
        "instrument_type": "Keyboard",
        "skill_level": "Beginner",
        "price": 499.99,
        "brand": "Yamaha",
        "material": "Plastic",
        "is_acoustic": false,
        "color": "Black",
        "weight": 11.0
      },
      {
        "name": "Pearl Export",
        "instrument_type": "Percussion",
        "skill_level": "Intermediate",
        "price": 799.99,
        "brand": "Pearl",
        "material": "Wood",
        "is_acoustic": true,
        "color": "Black",
        "weight": 20.0
      }
    ],
    "goal": {
      "name": "Lee Oskar Major Diatonic",
      "instrument_type": "Wind",
      "skill_level": "Beginner",
      "price": 55.0,
      "brand": "Lee Oskar",
      "material": "Metal",
      "is_acoustic": true,
      "color": "Green",
      "weight": 0.25
    },
    "status": "complete"
  },
  {
    "domain": "lessons",
    "turns": [
      [
        "Thanks! By the way, can you help me find some in-person piano lessons?",
        {
          "name": null,
          "format": "in-person",
          "duration": null,
          "skill_level": "beginner",
          "instrument": "piano",
          "cost": null,
          "teacher_gender": null,
          "location": null
        },
        "Sure! What skill level are you looking for in the piano lessons?"
      ],
      [
        "I'm looking for beginner piano lessons.",
        {
          "name": null,
          "format": "in-person",
          "duration": null,
          "skill_level": "beginner",
          "instrument": "piano",
          "cost": null,
          "teacher_gender": null,
          "location": null
        },
        "Got it! Do you prefer in-person lessons to be in a specific location?"
      ],
      [
        "Yes, I prefer them to be in Downtown.",
        {
          "name": null,
          "format": "in-person",
          "duration": null,
          "skill_level": "beginner",
          "instrument": "piano",
          "cost": null,
          "teacher_gender": null,
          "location": "Downtown"
        },
        "I have two options for beginner piano lessons in Downtown: one is 60 minutes long and costs low, and the other is 60 minutes long and costs medium. Which one would you prefer?"
      ],
      [
        "I\u2019ll go with the 60-minute low-cost lesson.",
        {
          "name": null,
          "format": "in-person",
          "duration": 60,
          "skill_level": "beginner",
          "instrument": "piano",
          "cost": "low",
          "teacher_gender": null,
          "location": "Downtown"
        },
        "Great choice! That lesson is with a female teacher. Enjoy your piano lessons!"
      ]
    ],
    "preferences_code": "```python\npreferences = LessonPreferences(\n    name='Beginner Piano',\n    format='in-person',\n    duration=60,\n    skill_level='beginner',\n    instrument='piano',\n    cost='low',\n    teacher_gender='female',\n    location='Downtown',\n)\n```",
    "red_herrings_code": "```python\n# Global variable containing a list of lesson examples\nlessons_list = [\n    Lesson(\n        name='Beginner Piano',\n        format='online',\n        duration=60,\n        skill_level='beginner',\n        instrument='piano',\n        cost='low',\n        teacher_gender='female',\n        location='Downtown'\n    ),\n    Lesson(\n        name='Beginner Piano',\n        format='in-person',\n        duration=45,\n        skill_level='beginner',\n        instrument='piano',\n        cost='medium',\n        teacher_gender='male',\n        location='Uptown'\n    ),\n    Lesson(\n        name='Beginner Piano',\n        format='in-person',\n        duration=60,\n        skill_level='intermediate',\n        instrument='piano',\n        cost='low',\n        teacher_gender='female',\n        location='Downtown'\n    )\n]\n```",
    "database_code": "```python\n# Global variable to store a list of lesson examples\nlessons = [\n    Lesson(name=\"Beginner Piano\", format='in-person', duration=60, skill_level='beginner', instrument='piano', cost='low', teacher_gender='female', location=\"Downtown\"),\n    Lesson(name=\"Intermediate Guitar\", format='online', duration=45, skill_level='intermediate', instrument='guitar', cost='medium', teacher_gender='male', location=None),\n    Lesson(name=\"Advanced Violin\", format='hybrid', duration=90, skill_level='advanced', instrument='violin', cost='high', teacher_gender='female', location=\"Uptown\"),\n    Lesson(name=\"Beginner Drums\", format='in-person', duration=30, skill_level='beginner', instrument='drums', cost='low', teacher_gender='male', location=\"Suburbs\"),\n    Lesson(name=\"Intermediate Voice\", format='online', duration=60, skill_level='intermediate', instrument='voice', cost='medium', teacher_gender='female', location=None),\n    Lesson(name=\"Advanced Guitar\", format='hybrid', duration=75, skill_level='advanced', instrument='guitar', cost='high', teacher_gender='male', location=\"City Center\"),\n    Lesson(name=\"Beginner Violin\", format='in-person', duration=45, skill_level='beginner', instrument='violin', cost='low', teacher_gender='female', location=\"East Side\"),\n    Lesson(name=\"Intermediate Drums\", format='online', duration=50, skill_level='intermediate', instrument='drums', cost='medium', teacher_gender='male', location=None),\n    Lesson(name=\"Advanced Piano\", format='hybrid', duration=80, skill_level='advanced', instrument='piano', cost='high', teacher_gender='female', location=\"West End\"),\n    Lesson(name=\"Beginner Voice\", format='in-person', duration=40, skill_level='beginner', instrument='voice', cost='low', teacher_gender='male', location=\"North Side\"),\n]\n```",
    "database": [
      {
        "name": "Advanced Piano",
        "format": "hybrid",
        "duration": 80,
        "skill_level": "advanced",
        "instrument": "piano",
        "cost": "high",
        "teacher_gender": "female",
        "location": "West End"
      },
      {
        "name": "Beginner Piano",
        "format": "in-person",
        "duration": 45,
        "skill_level": "beginner",
        "instrument": "piano",
        "cost": "medium",
        "teacher_gender": "male",
        "location": "Uptown"
      },
      {
        "name": "Advanced Guitar",
        "format": "hybrid",
        "duration": 75,
        "skill_level": "advanced",
        "instrument": "guitar",
        "cost": "high",
        "teacher_gender": "male",
        "location": "City Center"
      },
      {
        "name": "Intermediate Drums",
        "format": "online",
        "duration": 50,
        "skill_level": "intermediate",
        "instrument": "drums",
        "cost": "medium",
        "teacher_gender": "male",
        "location": null
      },
      {
        "name": "Beginner Violin",
        "format": "in-person",
        "duration": 45,
        "skill_level": "beginner",
        "instrument": "violin",
        "cost": "low",
        "teacher_gender": "female",
        "location": "East Side"
      },
      {
        "name": "Beginner Piano",
        "format": "online",
        "duration": 60,
        "skill_level": "beginner",
        "instrument": "piano",
        "cost": "low",
        "teacher_gender": "female",
        "location": "Downtown"
      },
      {
        "name": "Intermediate Guitar",
        "format": "online",
        "duration": 45,
        "skill_level": "intermediate",
        "instrument": "guitar",
        "cost": "medium",
        "teacher_gender": "male",
        "location": null
      },
      {
        "name": "Advanced Violin",
        "format": "hybrid",
        "duration": 90,
        "skill_level": "advanced",
        "instrument": "violin",
        "cost": "high",
        "teacher_gender": "female",
        "location": "Uptown"
      },
      {
        "name": "Intermediate Voice",
        "format": "online",
        "duration": 60,
        "skill_level": "intermediate",
        "instrument": "voice",
        "cost": "medium",
        "teacher_gender": "female",
        "location": null
      },
      {
        "name": "Beginner Piano",
        "format": "in-person",
        "duration": 60,
        "skill_level": "intermediate",
        "instrument": "piano",
        "cost": "low",
        "teacher_gender": "female",
        "location": "Downtown"
      },
      {
        "name": "Beginner Piano",
        "format": "in-person",
        "duration": 60,
        "skill_level": "beginner",
        "instrument": "piano",
        "cost": "low",
        "teacher_gender": "female",
        "location": "Downtown"
      },
      {
        "name": "Beginner Drums",
        "format": "in-person",
        "duration": 30,
        "skill_level": "beginner",
        "instrument": "drums",
        "cost": "low",
        "teacher_gender": "male",
        "location": "Suburbs"
      },
      {
        "name": "Beginner Voice",
        "format": "in-person",
        "duration": 40,
        "skill_level": "beginner",
        "instrument": "voice",
        "cost": "low",
        "teacher_gender": "male",
        "location": "North Side"
      }
    ],
    "goal": {
      "name": "Beginner Piano",
      "format": "in-person",
      "duration": 60,
      "skill_level": "intermediate",
      "instrument": "piano",
      "cost": "low",
      "teacher_gender": "female",
      "location": "Downtown"
    },
    "status": "complete"
  },
  {
    "domain": "practice routines",
    "turns": [
      [
        "Thanks! Now, can you help me find a practice routine for improvisation skills?",
        {
          "name": null,
          "frequency": null,
          "duration_minutes": null,
          "intensity_level": null,
          "focus_area": "improvisation",
          "preferred_time_of_day": null,
          "learning_goals": null,
          "additional_notes": null
        },
        "Sure! How often would you like to practice improvisation skills each week?"
      ],
      [
        "I\u2019d like to practice twice a week.",
        {
          "name": null,
          "frequency": 2,
          "duration_minutes": null,
          "intensity_level": null,
          "focus_area": "improvisation",
          "preferred_time_of_day": null,
          "learning_goals": null,
          "additional_notes": null
        },
        "Perfect! Would you prefer a longer session or a shorter one for those practices?"
      ],
      [
        "I prefer 30-minute sessions.",
        {
          "name": null,
          "frequency": 2,
          "duration_minutes": 30,
          "intensity_level": null,
          "focus_area": null,
          "preferred_time_of_day": null,
          "learning_goals": null,
          "additional_notes": null
        },
        "I found a routine: \"Improvisation Skills\" with 30-minute sessions, twice a week. Would you like to go with that?"
      ],
      [
        "Yes, that sounds exactly like what I need!",
        {
          "name": "Improvisation Skills",
          "frequency": 2,
          "duration_minutes": 30,
          "intensity_level": null,
          "focus_area": null,
          "preferred_time_of_day": null,
          "learning_goals": null,
          "additional_notes": null
        },
        "Awesome! Enjoy your improvisation practice routine!"
      ]
    ],
    "preferences_code": "```python\npreferences = PracticeRoutineCriteria(\n    name='Improvisation Skills',\n    frequency=2,\n    duration_minutes=30,\n    intensity_level='medium',\n    focus_area='technique',\n    preferred_time_of_day='afternoon',\n    learning_goals='Develop improvisation techniques.',\n    additional_notes='Focus on jazz scales.',\n)\n```",
    "red_herrings_code": "```python\n# Global variable to hold a list of practice routine examples\npractice_routines_examples = [\n    PracticeRoutine(\n        name='Improvisation Skills',\n        frequency=2,\n        duration_minutes=30,\n        intensity_level='medium',\n        focus_area='technique',\n        preferred_time_of_day='afternoon',\n        learning_goals='Develop improvisation techniques.',\n        additional_notes='Focus on jazz scales.'\n    ),\n    PracticeRoutine(\n        name='Improvisation Skills',\n        frequency=3,\n        duration_minutes=30,\n        intensity_level='medium',\n        focus_area='technique',\n        preferred_time_of_day='evening',\n        learning_goals='Develop improvisation techniques.',\n        additional_notes='Use backing tracks for practice.'\n    ),\n    PracticeRoutine(\n        name='Improvisation Skills',\n        frequency=2,\n        duration_minutes=45,\n        intensity_level='high',\n        focus_area='technique',\n        preferred_time_of_day='evening',\n        learning_goals='Develop improvisation techniques.',\n        additional_notes='Incorporate rhythm exercises.'\n    )\n]\n```",
    "database_code": "```python\n# Global variable to store a list of practice routine examples\npractice_routines = [\n    PracticeRoutine(\n        name=\"Basic Technique\",\n        frequency=5,\n        duration_minutes=30,\n        intensity_level='low',\n        focus_area='technique',\n        preferred_time_of_day='morning',\n        learning_goals=\"Improve finger dexterity and scales.\",\n        additional_notes=\"Focus on even tempo.\"\n    ),\n    PracticeRoutine(\n        name=\"Chord Progressions\",\n        frequency=4,\n        duration_minutes=45,\n        intensity_level='medium',\n        focus_area='repertoire',\n        preferred_time_of_day='afternoon',\n        learning_goals=\"Learn common chord progressions.\",\n        additional_notes=\"Use a metronome.\"\n    ),\n    PracticeRoutine(\n        name=\"Sight Reading Basics\",\n        frequency=3,\n        duration_minutes=20,\n        intensity_level='low',\n        focus_area='sight-reading',\n        preferred_time_of_day='evening',\n        learning_goals=\"Improve sight-reading skills.\",\n        additional_notes=\"Start with simple pieces.\"\n    ),\n    PracticeRoutine(\n        name=\"Music Theory Fundamentals\",\n        frequency=2,\n        duration_minutes=60,\n        intensity_level='medium',\n        focus_area='theory',\n        preferred_time_of_day='afternoon',\n        learning_goals=\"Understand basic music theory concepts.\",\n        additional_notes=\"Use online resources.\"\n    ),\n    PracticeRoutine(\n        name=\"Intermediate Repertoire\",\n        frequency=3,\n        duration_minutes=50,\n        intensity_level='high',\n        focus_area='repertoire',\n        preferred_time_of_day='morning',\n        learning_goals=\"Prepare for upcoming performance.\",\n        additional_notes=\"Focus on dynamics and expression.\"\n    ),\n    PracticeRoutine(\n        name=\"Improvisation Skills\",\n        frequency=2,\n        duration_minutes=30,\n        intensity_level='medium',\n        focus_area='technique',\n        preferred_time_of_day='evening',\n        learning_goals=\"Develop improvisation techniques.\",\n        additional_notes=\"Experiment with different scales.\"\n    ),\n    PracticeRoutine(\n        name=\"Advanced Sight Reading\",\n        frequency=4,\n        duration_minutes=40,\n        intensity_level='high',\n        focus_area='sight-reading',\n        preferred_time_of_day='afternoon',\n        learning_goals=\"Enhance sight-reading speed and accuracy.\",\n        additional_notes=\"Practice with various styles.\"\n    ),\n    PracticeRoutine(\n        name=\"Rhythm Exercises\",\n        frequency=5,\n        duration_minutes=25,\n        intensity_level='low',\n        focus_area='technique',\n        preferred_time_of_day='morning',\n        learning_goals=\"Improve rhythmic accuracy.\",\n        additional_notes=\"Use clapping exercises.\"\n    ),\n    PracticeRoutine(\n        name=\"Classical Repertoire\",\n        frequency=3,\n        duration_minutes=60,\n        intensity_level='high',\n        focus_area='repertoire',\n        preferred_time_of_day='evening',\n        learning_goals=\"Master a classical piece.\",\n        additional_notes=\"Pay attention to phrasing.\"\n    ),\n    PracticeRoutine(\n        name=\"Jazz Improvisation\",\n        frequency=2,\n        duration_minutes=45,\n        intensity_level='medium',\n        focus_area='theory',\n        preferred_time_of_day='afternoon',\n        learning_goals=\"Learn jazz improvisation techniques.\",\n        additional_notes=\"Listen to jazz recordings.\"\n    ),\n]\n```",
    "database": [
      {
        "name": "Rhythm Exercises",
        "frequency": 5,
        "duration_minutes": 25,
        "intensity_level": "low",
        "focus_area": "technique",
        "preferred_time_of_day": "morning",
        "learning_goals": "Improve rhythmic accuracy.",
        "additional_notes": "Use clapping exercises."
      },
      {
        "name": "Improvisation Skills",
        "frequency": 2,
        "duration_minutes": 45,
        "intensity_level": "high",
        "focus_area": "technique",
        "preferred_time_of_day": "evening",
        "learning_goals": "Develop improvisation techniques.",
        "additional_notes": "Incorporate rhythm exercises."
      },
      {
        "name": "Classical Repertoire",
        "frequency": 3,
        "duration_minutes": 60,
        "intensity_level": "high",
        "focus_area": "repertoire",
        "preferred_time_of_day": "evening",
        "learning_goals": "Master a classical piece.",
        "additional_notes": "Pay attention to phrasing."
      },
      {
        "name": "Jazz Improvisation",
        "frequency": 2,
        "duration_minutes": 45,
        "intensity_level": "medium",
        "focus_area": "theory",
        "preferred_time_of_day": "afternoon",
        "learning_goals": "Learn jazz improvisation techniques.",
        "additional_notes": "Listen to jazz recordings."
      },
      {
        "name": "Intermediate Repertoire",
        "frequency": 3,
        "duration_minutes": 50,
        "intensity_level": "high",
        "focus_area": "repertoire",
        "preferred_time_of_day": "morning",
        "learning_goals": "Prepare for upcoming performance.",
        "additional_notes": "Focus on dynamics and expression."
      },
      {
        "name": "Improvisation Skills",
        "frequency": 2,
        "duration_minutes": 30,
        "intensity_level": "medium",
        "focus_area": "technique",
        "preferred_time_of_day": "afternoon",
        "learning_goals": "Develop improvisation techniques.",
        "additional_notes": "Focus on jazz scales."
      },
      {
        "name": "Chord Progressions",
        "frequency": 4,
        "duration_minutes": 45,
        "intensity_level": "medium",
        "focus_area": "repertoire",
        "preferred_time_of_day": "afternoon",
        "learning_goals": "Learn common chord progressions.",
        "additional_notes": "Use a metronome."
      },
      {
        "name": "Sight Reading Basics",
        "frequency": 3,
        "duration_minutes": 20,
        "intensity_level": "low",
        "focus_area": "sight-reading",
        "preferred_time_of_day": "evening",
        "learning_goals": "Improve sight-reading skills.",
        "additional_notes": "Start with simple pieces."
      },
      {
        "name": "Music Theory Fundamentals",
        "frequency": 2,
        "duration_minutes": 60,
        "intensity_level": "medium",
        "focus_area": "theory",
        "preferred_time_of_day": "afternoon",
        "learning_goals": "Understand basic music theory concepts.",
        "additional_notes": "Use online resources."
      },
      {
        "name": "Improvisation Skills",
        "frequency": 3,
        "duration_minutes": 30,
        "intensity_level": "medium",
        "focus_area": "technique",
        "preferred_time_of_day": "evening",
        "learning_goals": "Develop improvisation techniques.",
        "additional_notes": "Use backing tracks for practice."
      },
      {
        "name": "Basic Technique",
        "frequency": 5,
        "duration_minutes": 30,
        "intensity_level": "low",
        "focus_area": "technique",
        "preferred_time_of_day": "morning",
        "learning_goals": "Improve finger dexterity and scales.",
        "additional_notes": "Focus on even tempo."
      },
      {
        "name": "Improvisation Skills",
        "frequency": 2,
        "duration_minutes": 30,
        "intensity_level": "medium",
        "focus_area": "technique",
        "preferred_time_of_day": "evening",
        "learning_goals": "Develop improvisation techniques.",
        "additional_notes": "Experiment with different scales."
      },
      {
        "name": "Advanced Sight Reading",
        "frequency": 4,
        "duration_minutes": 40,
        "intensity_level": "high",
        "focus_area": "sight-reading",
        "preferred_time_of_day": "afternoon",
        "learning_goals": "Enhance sight-reading speed and accuracy.",
        "additional_notes": "Practice with various styles."
      }
    ],
    "goal": {
      "name": "Improvisation Skills",
      "frequency": 2,
      "duration_minutes": 30,
      "intensity_level": "medium",
      "focus_area": "technique",
      "preferred_time_of_day": "afternoon",
      "learning_goals": "Develop improvisation techniques.",
      "additional_notes": "Focus on jazz scales."
    },
    "status": "complete"
  }
]