[
  {
    "domain": "beach destination",
    "turns": [
      [
        "I'm looking for a beach destination in the Indian Ocean.",
        {
          "name": null,
          "location": "Indian Ocean",
          "budget": null,
          "activities": null,
          "accommodation_type": null,
          "travel_distance": null,
          "season": null,
          "family_friendly": null,
          "nightlife": null,
          "nature_preservation": null
        },
        "How about the Maldives? They have two options available!"
      ],
      [
        "That sounds great! What are the options?",
        {
          "name": null,
          "location": "Indian Ocean",
          "budget": null,
          "activities": null,
          "accommodation_type": null,
          "travel_distance": null,
          "season": null,
          "family_friendly": null,
          "nightlife": null,
          "nature_preservation": null
        },
        "You can choose between snorkeling or sunbathing in the Maldives. Which activity do you prefer?"
      ],
      [
        "I prefer sunbathing.",
        {
          "name": "Maldives",
          "location": "Indian Ocean",
          "budget": null,
          "activities": "sunbathing",
          "accommodation_type": null,
          "travel_distance": null,
          "season": null,
          "family_friendly": null,
          "nightlife": null,
          "nature_preservation": null
        },
        "Great choice! There's a resort option for sunbathing in the Maldives, with a budget of $6,000. Does that work for you?"
      ],
      [
        "Yes, that fits my budget perfectly!",
        {
          "name": null,
          "location": "Maldives",
          "budget": 6000,
          "activities": "sunbathing",
          "accommodation_type": "resort",
          "travel_distance": null,
          "season": null,
          "family_friendly": null,
          "nightlife": null,
          "nature_preservation": null
        },
        "Awesome! So, we\u2019ll go with the Maldives resort for sunbathing. Enjoy your trip!"
      ]
    ],
    "preferences_code": "```python\npreferences = BeachDestinationCriteria(\n    name='Maldives',\n    location='Indian Ocean',\n    budget=6000.0,\n    activities='sunbathing',\n    accommodation_type='resort',\n    travel_distance=15000,\n    season='summer',\n    family_friendly=True,\n    nightlife=False,\n    nature_preservation=True,\n)\n```",
    "red_herrings_code": "```python\n# Global variable containing a list of beach destination examples\nbeach_destinations = [\n    BeachDestination(\n        name='Maldives',\n        location='Indian Ocean',\n        budget=6000.0,\n        activities='sunbathing',\n        accommodation_type='resort',\n        travel_distance=15000,\n        season='summer',\n        family_friendly=True,\n        nightlife=False,\n        nature_preservation=True,\n    ),\n    BeachDestination(\n        name='Maui',\n        location='Hawaii',\n        budget=4500.0,\n        activities='sunbathing',\n        accommodation_type='hotel',\n        travel_distance=8000,\n        season='summer',\n        family_friendly=True,\n        nightlife=True,\n        nature_preservation=True,\n    ),\n    BeachDestination(\n        name='Phuket',\n        location='Thailand',\n        budget=3000.0,\n        activities='sunbathing',\n        accommodation_type='vacation rental',\n        travel_distance=10000,\n        season='summer',\n        family_friendly=True,\n        nightlife=True,\n        nature_preservation=False,\n    ),\n]\n```",
    "database_code": "```python\n# Global variable representing a list of beach destination examples\nbeach_destinations = [\n    BeachDestination(\n        name=\"Maui\",\n        location=\"Hawaii\",\n        budget=2000.0,\n        activities='snorkeling',\n        accommodation_type='resort',\n        travel_distance=5000,\n        season='summer',\n        family_friendly=True,\n        nightlife=True,\n        nature_preservation=True\n    ),\n    BeachDestination(\n        name=\"Cancun\",\n        location=\"Mexico\",\n        budget=1500.0,\n        activities='swimming',\n        accommodation_type='hotel',\n        travel_distance=3000,\n        season='winter',\n        family_friendly=True,\n        nightlife=True,\n        nature_preservation=False\n    ),\n    BeachDestination(\n        name=\"Bondi Beach\",\n        location=\"Australia\",\n        budget=1800.0,\n        activities='surfing',\n        accommodation_type='hostel',\n        travel_distance=10000,\n        season='spring',\n        family_friendly=False,\n        nightlife=True,\n        nature_preservation=True\n    ),\n    BeachDestination(\n        name=\"Phuket\",\n        location=\"Thailand\",\n        budget=1200.0,\n        activities='diving',\n        accommodation_type='vacation rental',\n        travel_distance=8000,\n        season='autumn',\n        family_friendly=True,\n        nightlife=True,\n        nature_preservation=False\n    ),\n    BeachDestination(\n        name=\"Bora Bora\",\n        location=\"French Polynesia\",\n        budget=5000.0,\n        activities='sunbathing',\n        accommodation_type='resort',\n        travel_distance=12000,\n        season='summer',\n        family_friendly=True,\n        nightlife=False,\n        nature_preservation=True\n    ),\n    BeachDestination(\n        name=\"Maldives\",\n        location=\"Indian Ocean\",\n        budget=4000.0,\n        activities='snorkeling',\n        accommodation_type='hotel',\n        travel_distance=15000,\n        season='winter',\n        family_friendly=True,\n        nightlife=False,\n        nature_preservation=True\n    ),\n    BeachDestination(\n        name=\"Santa Monica\",\n        location=\"California\",\n        budget=1600.0,\n        activities='beach volleyball',\n        accommodation_type='hotel',\n        travel_distance=4000,\n        season='spring',\n        family_friendly=True,\n        nightlife=True,\n        nature_preservation=False\n    ),\n    BeachDestination(\n        name=\"Copacabana\",\n        location=\"Brazil\",\n        budget=1300.0,\n        activities='swimming',\n        accommodation_type='hostel',\n        travel_distance=9000,\n        season='summer',\n        family_friendly=True,\n        nightlife=True,\n        nature_preservation=False\n    ),\n    BeachDestination(\n        name=\"Santorini\",\n        location=\"Greece\",\n        budget=2500.0,\n        activities='hiking',\n        accommodation_type='vacation rental',\n        travel_distance=11000,\n        season='autumn',\n        family_friendly=False,\n        nightlife=True,\n        nature_preservation=True\n    ),\n    BeachDestination(\n        name=\"Key West\",\n        location=\"Florida\",\n        budget=1400.0,\n        activities='diving',\n        accommodation_type='resort',\n        travel_distance=2000,\n        season='winter',\n        family_friendly=True,\n        nightlife=True,\n        nature_preservation=False\n    )\n]\n```",
    "database": [
      {
        "name": "Copacabana",
        "location": "Brazil",
        "budget": 1300.0,
        "activities": "swimming",
        "accommodation_type": "hostel",
        "travel_distance": 9000,
        "season": "summer",
        "family_friendly": true,
        "nightlife": true,
        "nature_preservation": false
      },
      {
        "name": "Maldives",
        "location": "Indian Ocean",
        "budget": 4000.0,
        "activities": "snorkeling",
        "accommodation_type": "hotel",
        "travel_distance": 15000,
        "season": "winter",
        "family_friendly": true,
        "nightlife": false,
        "nature_preservation": true
      },
      {
        "name": "Maldives",
        "location": "Indian Ocean",
        "budget": 6000.0,
        "activities": "sunbathing",
        "accommodation_type": "resort",
        "travel_distance": 15000,
        "season": "summer",
        "family_friendly": true,
        "nightlife": false,
        "nature_preservation": true
      },
      {
        "name": "Phuket",
        "location": "Thailand",
        "budget": 1200.0,
        "activities": "diving",
        "accommodation_type": "vacation rental",
        "travel_distance": 8000,
        "season": "autumn",
        "family_friendly": true,
        "nightlife": true,
        "nature_preservation": false
      },
      {
        "name": "Key West",
        "location": "Florida",
        "budget": 1400.0,
        "activities": "diving",
        "accommodation_type": "resort",
        "travel_distance": 2000,
        "season": "winter",
        "family_friendly": true,
        "nightlife": true,
        "nature_preservation": false
      },
      {
        "name": "Maui",
        "location": "Hawaii",
        "budget": 4500.0,
        "activities": "sunbathing",
        "accommodation_type": "hotel",
        "travel_distance": 8000,
        "season": "summer",
        "family_friendly": true,
        "nightlife": true,
        "nature_preservation": true
      },
      {
        "name": "Cancun",
        "location": "Mexico",
        "budget": 1500.0,
        "activities": "swimming",
        "accommodation_type": "hotel",
        "travel_distance": 3000,
        "season": "winter",
        "family_friendly": true,
        "nightlife": true,
        "nature_preservation": false
      },
      {
        "name": "Bondi Beach",
        "location": "Australia",
        "budget": 1800.0,
        "activities": "surfing",
        "accommodation_type": "hostel",
        "travel_distance": 10000,
        "season": "spring",
        "family_friendly": false,
        "nightlife": true,
        "nature_preservation": true
      },
      {
        "name": "Bora Bora",
        "location": "French Polynesia",
        "budget": 5000.0,
        "activities": "sunbathing",
        "accommodation_type": "resort",
        "travel_distance": 12000,
        "season": "summer",
        "family_friendly": true,
        "nightlife": false,
        "nature_preservation": true
      },
      {
        "name": "Maui",
        "location": "Hawaii",
        "budget": 2000.0,
        "activities": "snorkeling",
        "accommodation_type": "resort",
        "travel_distance": 5000,
        "season": "summer",
        "family_friendly": true,
        "nightlife": true,
        "nature_preservation": true
      },
      {
        "name": "Santa Monica",
        "location": "California",
        "budget": 1600.0,
        "activities": "beach volleyball",
        "accommodation_type": "hotel",
        "travel_distance": 4000,
        "season": "spring",
        "family_friendly": true,
        "nightlife": true,
        "nature_preservation": false
      },
      {
        "name": "Santorini",
        "location": "Greece",
        "budget": 2500.0,
        "activities": "hiking",
        "accommodation_type": "vacation rental",
        "travel_distance": 11000,
        "season": "autumn",
        "family_friendly": false,
        "nightlife": true,
        "nature_preservation": true
      },
      {
        "name": "Phuket",
        "location": "Thailand",
        "budget": 3000.0,
        "activities": "sunbathing",
        "accommodation_type": "vacation rental",
        "travel_distance": 10000,
        "season": "summer",
        "family_friendly": true,
        "nightlife": true,
        "nature_preservation": false
      }
    ],
    "goal": {
      "name": "Maldives",
      "location": "Indian Ocean",
      "budget": 6000.0,
      "activities": "sunbathing",
      "accommodation_type": "resort",
      "travel_distance": 15000,
      "season": "summer",
      "family_friendly": true,
      "nightlife": false,
      "nature_preservation": true
    },
    "status": "complete"
  },
  {
    "domain": "cultural experience",
    "turns": [
      [
        "Thanks! Now, can you help me find a cultural experience too?",
        {
          "name": null,
          "interest": null,
          "duration": null,
          "budget": 6000.0,
          "location": "Maldives",
          "language": null,
          "accessibility": null,
          "group_size": null,
          "season": null,
          "age_group": null
        },
        "Sure! What type of cultural experience are you interested in?"
      ],
      [
        "I'm open to anything, but I prefer it to be in Spanish.",
        {
          "name": null,
          "interest": null,
          "duration": null,
          "budget": 6000,
          "location": "Maldives",
          "language": "Spanish",
          "accessibility": null,
          "group_size": null,
          "season": null,
          "age_group": null
        },
        "Got it! Would you like to focus on food, dance, or something else?"
      ],
      [
        "How about food?",
        {
          "name": null,
          "interest": "food",
          "duration": null,
          "budget": null,
          "location": null,
          "language": "Spanish",
          "accessibility": null,
          "group_size": null,
          "season": null,
          "age_group": null
        },
        "Great choice! We have several food experiences in Spanish. Do you have a preferred duration or budget for the experience?"
      ],
      [
        "I'm looking for something that lasts about 4 hours and within a budget of $100.",
        {
          "name": null,
          "interest": "food",
          "duration": 4,
          "budget": 100,
          "location": null,
          "language": "Spanish",
          "accessibility": null,
          "group_size": null,
          "season": null,
          "age_group": null
        },
        "I have the perfect match! The \"Culinary Heritage Tour\" in Mexico City lasts 4 hours and costs $70. Would you like to go with that?"
      ],
      [
        "That sounds fantastic! Let's go with the \"Culinary Heritage Tour.\"",
        {
          "name": "Culinary Heritage Tour",
          "interest": "food",
          "duration": 4,
          "budget": 100,
          "location": "Mexico City",
          "language": "Spanish",
          "accessibility": null,
          "group_size": null,
          "season": null,
          "age_group": null
        },
        "Awesome choice! You'll love the \"Culinary Heritage Tour.\" Enjoy your cultural experience!"
      ]
    ],
    "preferences_code": "```python\npreferences = CulturalExperienceCriteria(\n    name='Culinary Heritage Tour',\n    interest='food',\n    duration=4,\n    budget=100.0,\n    location='Mexico City, Mexico',\n    language='Spanish',\n    accessibility='none',\n    group_size=8,\n    season='spring',\n    age_group='adults',\n)\n```",
    "red_herrings_code": "```python\n# Global variable to hold a list of cultural experience examples\ncultural_experience_examples = [\n    CulturalExperienceDetails(\n        name='Culinary Heritage Tour',\n        interest='food',\n        duration=4,\n        price=70.0,\n        location='Mexico City, Mexico',\n        language='Spanish',\n        accessibility='none',\n        group_size=8,\n        season='spring',\n        age_group='adults',\n    ),\n    CulturalExperienceDetails(\n        name='Traditional Cooking Class',\n        interest='food',\n        duration=3,\n        price=40.0,\n        location='Mexico City, Mexico',\n        language='Spanish',\n        accessibility='none',\n        group_size=12,\n        season='summer',\n        age_group='adults',\n    ),\n    CulturalExperienceDetails(\n        name='Street Food Adventure',\n        interest='food',\n        duration=2,\n        price=30.0,\n        location='Mexico City, Mexico',\n        language='Spanish',\n        accessibility='none',\n        group_size=15,\n        season='spring',\n        age_group='adults',\n    ),\n]\n```",
    "database_code": "```python\n# Global variable representing a list of cultural experience examples\ncultural_experiences = [\n    CulturalExperienceDetails(\n        name=\"Traditional Balinese Dance\",\n        interest='dance',\n        duration=2,\n        price=50.0,\n        location=\"Bali, Indonesia\",\n        language=\"Indonesian\",\n        accessibility='none',\n        group_size=20,\n        season='summer',\n        age_group='adults'\n    ),\n    CulturalExperienceDetails(\n        name=\"Italian Cooking Class\",\n        interest='food',\n        duration=3,\n        price=75.0,\n        location=\"Florence, Italy\",\n        language=\"Italian\",\n        accessibility='none',\n        group_size=10,\n        season='autumn',\n        age_group='adults'\n    ),\n    CulturalExperienceDetails(\n        name=\"Historical Tour of Ancient Rome\",\n        interest='history',\n        duration=4,\n        price=100.0,\n        location=\"Rome, Italy\",\n        language=\"English\",\n        accessibility='wheelchair',\n        group_size=15,\n        season='spring',\n        age_group='adults'\n    ),\n    CulturalExperienceDetails(\n        name=\"Local Food Market Tour\",\n        interest='food',\n        duration=2,\n        price=30.0,\n        location=\"Bangkok, Thailand\",\n        language=\"Thai\",\n        accessibility='none',\n        group_size=12,\n        season='summer',\n        age_group='teens'\n    ),\n    CulturalExperienceDetails(\n        name=\"Jazz Music Night\",\n        interest='music',\n        duration=3,\n        price=40.0,\n        location=\"New Orleans, USA\",\n        language=\"English\",\n        accessibility='none',\n        group_size=50,\n        season='autumn',\n        age_group='adults'\n    ),\n    CulturalExperienceDetails(\n        name=\"Art Workshop\",\n        interest='art',\n        duration=5,\n        price=120.0,\n        location=\"Paris, France\",\n        language=\"French\",\n        accessibility='none',\n        group_size=8,\n        season='spring',\n        age_group='adults'\n    ),\n    CulturalExperienceDetails(\n        name=\"Cultural Festival of Lights\",\n        interest='festival',\n        duration=1,\n        price=20.0,\n        location=\"Diwali, India\",\n        language=\"Hindi\",\n        accessibility='none',\n        group_size=100,\n        season='autumn',\n        age_group='all'\n    ),\n    CulturalExperienceDetails(\n        name=\"Salsa Dancing Lessons\",\n        interest='dance',\n        duration=2,\n        price=60.0,\n        location=\"Cuba\",\n        language=\"Spanish\",\n        accessibility='none',\n        group_size=15,\n        season='summer',\n        age_group='adults'\n    ),\n    CulturalExperienceDetails(\n        name=\"Museum of Modern Art Tour\",\n        interest='art',\n        duration=3,\n        price=25.0,\n        location=\"New York, USA\",\n        language=\"English\",\n        accessibility='wheelchair',\n        group_size=30,\n        season='winter',\n        age_group='all'\n    ),\n    CulturalExperienceDetails(\n        name=\"Culinary Heritage Walk\",\n        interest='food',\n        duration=3,\n        price=50.0,\n        location=\"Mexico City, Mexico\",\n        language=\"Spanish\",\n        accessibility='none',\n        group_size=10,\n        season='spring',\n        age_group='adults'\n    )\n]\n```",
    "database": [
      {
        "name": "Culinary Heritage Walk",
        "interest": "food",
        "duration": 3,
        "price": 50.0,
        "location": "Mexico City, Mexico",
        "language": "Spanish",
        "accessibility": "none",
        "group_size": 10,
        "season": "spring",
        "age_group": "adults"
      },
      {
        "name": "Traditional Balinese Dance",
        "interest": "dance",
        "duration": 2,
        "price": 50.0,
        "location": "Bali, Indonesia",
        "language": "Indonesian",
        "accessibility": "none",
        "group_size": 20,
        "season": "summer",
        "age_group": "adults"
      },
      {
        "name": "Museum of Modern Art Tour",
        "interest": "art",
        "duration": 3,
        "price": 25.0,
        "location": "New York, USA",
        "language": "English",
        "accessibility": "wheelchair",
        "group_size": 30,
        "season": "winter",
        "age_group": "all"
      },
      {
        "name": "Local Food Market Tour",
        "interest": "food",
        "duration": 2,
        "price": 30.0,
        "location": "Bangkok, Thailand",
        "language": "Thai",
        "accessibility": "none",
        "group_size": 12,
        "season": "summer",
        "age_group": "teens"
      },
      {
        "name": "Art Workshop",
        "interest": "art",
        "duration": 5,
        "price": 120.0,
        "location": "Paris, France",
        "language": "French",
        "accessibility": "none",
        "group_size": 8,
        "season": "spring",
        "age_group": "adults"
      },
      {
        "name": "Italian Cooking Class",
        "interest": "food",
        "duration": 3,
        "price": 75.0,
        "location": "Florence, Italy",
        "language": "Italian",
        "accessibility": "none",
        "group_size": 10,
        "season": "autumn",
        "age_group": "adults"
      },
      {
        "name": "Culinary Heritage Tour",
        "interest": "food",
        "duration": 4,
        "price": 70.0,
        "location": "Mexico City, Mexico",
        "language": "Spanish",
        "accessibility": "none",
        "group_size": 8,
        "season": "spring",
        "age_group": "adults"
      },
      {
        "name": "Traditional Cooking Class",
        "interest": "food",
        "duration": 3,
        "price": 40.0,
        "location": "Mexico City, Mexico",
        "language": "Spanish",
        "accessibility": "none",
        "group_size": 12,
        "season": "summer",
        "age_group": "adults"
      },
      {
        "name": "Street Food Adventure",
        "interest": "food",
        "duration": 2,
        "price": 30.0,
        "location": "Mexico City, Mexico",
        "language": "Spanish",
        "accessibility": "none",
        "group_size": 15,
        "season": "spring",
        "age_group": "adults"
      },
      {
        "name": "Salsa Dancing Lessons",
        "interest": "dance",
        "duration": 2,
        "price": 60.0,
        "location": "Cuba",
        "language": "Spanish",
        "accessibility": "none",
        "group_size": 15,
        "season": "summer",
        "age_group": "adults"
      },
      {
        "name": "Jazz Music Night",
        "interest": "music",
        "duration": 3,
        "price": 40.0,
        "location": "New Orleans, USA",
        "language": "English",
        "accessibility": "none",
        "group_size": 50,
        "season": "autumn",
        "age_group": "adults"
      },
      {
        "name": "Cultural Festival of Lights",
        "interest": "festival",
        "duration": 1,
        "price": 20.0,
        "location": "Diwali, India",
        "language": "Hindi",
        "accessibility": "none",
        "group_size": 100,
        "season": "autumn",
        "age_group": "all"
      },
      {
        "name": "Historical Tour of Ancient Rome",
        "interest": "history",
        "duration": 4,
        "price": 100.0,
        "location": "Rome, Italy",
        "language": "English",
        "accessibility": "wheelchair",
        "group_size": 15,
        "season": "spring",
        "age_group": "adults"
      }
    ],
    "goal": {
      "name": "Culinary Heritage Tour",
      "interest": "food",
      "duration": 4,
      "price": 70.0,
      "location": "Mexico City, Mexico",
      "language": "Spanish",
      "accessibility": "none",
      "group_size": 8,
      "season": "spring",
      "age_group": "adults"
    },
    "status": "complete"
  }
]