[
  {
    "searcher": "gamer",
    "recommender": "friend",
    "dialogue": "A gamer is getting help from a friend to find the right new game",
    "item_type": "new game",
    "criteria": [
      "genre",
      "platform",
      "multiplayer"
    ],
    "searcher_schema_code": "```python\nfrom dataclasses import dataclass\nfrom typing import Optional, Literal\n\n@dataclass\nclass GameCriteria:\n    \"\"\"\n    A data class to represent the criteria and preferences for finding a new game.\n    \"\"\"\n\n    name: Optional[str] = None\n    \"\"\"The name of the specific game the gamer is looking for.\"\"\"\n    \n    genre: Optional[Literal['Action', 'Adventure', 'RPG', 'Simulation', 'Strategy', 'Sports']] = None\n    \"\"\"The genre of the game, represented as a fixed set of possible values.\"\"\"\n    \n    platform: Optional[Literal['PC', 'PlayStation', 'Xbox', 'Switch', 'Mobile']] = None\n    \"\"\"The gaming platform for which the game is sought.\"\"\"\n    \n    multiplayer: Optional[bool] = None\n    \"\"\"Indicates whether the game should support multiplayer mode.\"\"\"\n    \n    budget: Optional[float] = None\n    \"\"\"The maximum budget the gamer is willing to spend on the game.\"\"\"\n    \n    release_year: Optional[int] = None\n    \"\"\"The release year of the game the gamer is interested in.\"\"\"\n    \n    rating: Optional[float] = None\n    \"\"\"The minimum rating of the game as per reviews or user feedback.\"\"\"\n    \n    content_rating: Optional[Literal['E', 'E10+', 'T', 'M', 'AO']] = None\n    \"\"\"The content rating of the game, indicating the age-appropriateness.\"\"\"\n    \n    online_required: Optional[bool] = None\n    \"\"\"Specifies if an online connection is required to play the game.\"\"\"\n```\n",
    "recommender_schema_code": "```python\nfrom dataclasses import dataclass\nfrom typing import Optional, Literal\n\n@dataclass\nclass GameInfo:\n    \"\"\"\n    A data class to represent the friend's knowledge about a specific game.\n    \"\"\"\n\n    name: Optional[str] = None\n    \"\"\"The name of the game.\"\"\"\n\n    genre: Optional[Literal['Action', 'Adventure', 'RPG', 'Simulation', 'Strategy', 'Sports']] = None\n    \"\"\"The genre of the game.\"\"\"\n\n    platform: Optional[Literal['PC', 'PlayStation', 'Xbox', 'Switch', 'Mobile']] = None\n    \"\"\"The platform on which the game is available.\"\"\"\n\n    multiplayer: Optional[bool] = None\n    \"\"\"Indicates if the game supports multiplayer mode.\"\"\"\n\n    price: Optional[float] = None\n    \"\"\"The price of the game.\"\"\"\n\n    release_year: Optional[int] = None\n    \"\"\"The year the game was released.\"\"\"\n\n    rating: Optional[float] = None\n    \"\"\"The rating of the game.\"\"\"\n\n    content_rating: Optional[Literal['E', 'E10+', 'T', 'M', 'AO']] = None\n    \"\"\"The content rating of the game.\"\"\"\n\n    online_required: Optional[bool] = None\n    \"\"\"Specifies if an online connection is necessary to play the game.\"\"\"\n    \n    def matches_criteria(self, criteria: GameCriteria) -> bool:\n        \"\"\"\n        Determines if this game matches the given search criteria.\n\n        Args:\n            criteria (GameCriteria): The search criteria against which to match the game.\n\n        Returns:\n            bool: True if the game matches the criteria, False otherwise.\n        \"\"\"\n        if criteria.name and self.name != criteria.name:\n            return False\n        if criteria.genre and self.genre != criteria.genre:\n            return False\n        if criteria.platform and self.platform != criteria.platform:\n            return False\n        if criteria.multiplayer is not None and self.multiplayer != criteria.multiplayer:\n            return False\n        if criteria.budget is not None and (self.price is None or self.price > criteria.budget):\n            return False\n        if criteria.release_year is not None and self.release_year != criteria.release_year:\n            return False\n        if criteria.rating is not None and (self.rating is None or self.rating < criteria.rating):\n            return False\n        if criteria.content_rating and self.content_rating != criteria.content_rating:\n            return False\n        if criteria.online_required is not None and self.online_required != criteria.online_required:\n            return False\n        return True\n```",
    "searcher_schema": {
      "name": {
        "type": "typing.Optional[str]",
        "desc": ""
      },
      "genre": {
        "type": "typing.Optional[typing.Literal['Action', 'Adventure', 'RPG', 'Simulation', 'Strategy', 'Sports']]",
        "desc": "The name of the specific game the gamer is looking for."
      },
      "platform": {
        "type": "typing.Optional[typing.Literal['PC', 'PlayStation', 'Xbox', 'Switch', 'Mobile']]",
        "desc": "The genre of the game, represented as a fixed set of possible values."
      },
      "multiplayer": {
        "type": "typing.Optional[bool]",
        "desc": "The gaming platform for which the game is sought."
      },
      "budget": {
        "type": "typing.Optional[float]",
        "desc": "Indicates whether the game should support multiplayer mode."
      },
      "release_year": {
        "type": "typing.Optional[int]",
        "desc": "The maximum budget the gamer is willing to spend on the game."
      },
      "rating": {
        "type": "typing.Optional[float]",
        "desc": "The release year of the game the gamer is interested in."
      },
      "content_rating": {
        "type": "typing.Optional[typing.Literal['E', 'E10+', 'T', 'M', 'AO']]",
        "desc": "The minimum rating of the game as per reviews or user feedback."
      },
      "online_required": {
        "type": "typing.Optional[bool]",
        "desc": "The content rating of the game, indicating the age-appropriateness."
      }
    },
    "recommender_schema": {
      "name": {
        "type": "typing.Optional[str]",
        "desc": ""
      },
      "genre": {
        "type": "typing.Optional[typing.Literal['Action', 'Adventure', 'RPG', 'Simulation', 'Strategy', 'Sports']]",
        "desc": "The name of the game."
      },
      "platform": {
        "type": "typing.Optional[typing.Literal['PC', 'PlayStation', 'Xbox', 'Switch', 'Mobile']]",
        "desc": "The genre of the game."
      },
      "multiplayer": {
        "type": "typing.Optional[bool]",
        "desc": "The platform on which the game is available."
      },
      "price": {
        "type": "typing.Optional[float]",
        "desc": "Indicates if the game supports multiplayer mode."
      },
      "release_year": {
        "type": "typing.Optional[int]",
        "desc": "The price of the game."
      },
      "rating": {
        "type": "typing.Optional[float]",
        "desc": "The year the game was released."
      },
      "content_rating": {
        "type": "typing.Optional[typing.Literal['E', 'E10+', 'T', 'M', 'AO']]",
        "desc": "The rating of the game."
      },
      "online_required": {
        "type": "typing.Optional[bool]",
        "desc": "The content rating of the game."
      }
    }
  },
  {
    "searcher": "gamer",
    "recommender": "friend",
    "dialogue": "A gamer is getting help from a friend to find the right gaming headset",
    "item_type": "gaming headset",
    "criteria": [
      "wireless",
      "noise_cancellation"
    ],
    "searcher_schema_code": "```python\nfrom dataclasses import dataclass\nfrom typing import Optional, Literal\n\n@dataclass\nclass GamingHeadsetCriteria:\n    \"\"\"\n    A data class to represent the criteria and preferences for finding a gaming headset.\n    \"\"\"\n    \n    name: Optional[str] = None\n    \"\"\"The specific name of the gaming headset, if the gamer is looking for a particular model.\"\"\"\n    \n    wireless: Optional[bool] = None\n    \"\"\"A preference indicating whether the headset should be wireless or not.\"\"\"\n    \n    noise_cancellation: Optional[bool] = None\n    \"\"\"A preference indicating the need for noise cancellation features in the headset.\"\"\"\n    \n    surround_sound: Optional[bool] = None\n    \"\"\"A preference for surround sound capabilities in the headset.\"\"\"\n    \n    microphone: Optional[bool] = None\n    \"\"\"A preference for a built-in microphone in the gaming headset.\"\"\"\n    \n    battery_life: Optional[int] = None\n    \"\"\"The minimum battery life in hours that the headset should support, if applicable.\"\"\"\n    \n    connection_type: Optional[Literal['USB', 'Bluetooth', '3.5mm Jack']] = None\n    \"\"\"The preferred type of connection for the gaming headset.\"\"\"\n    \n    color: Optional[str] = None\n    \"\"\"The preferred color of the gaming headset.\"\"\"\n    \n    budget: Optional[float] = None\n    \"\"\"The budget in dollars that the gamer is willing to spend on the gaming headset.\"\"\"\n```\n",
    "recommender_schema_code": "```python\nfrom dataclasses import dataclass\nfrom typing import Optional, Literal\n\n@dataclass\nclass GamingHeadsetKnowledge:\n    \"\"\"\n    A data class to represent the knowledge of a friend about various gaming headsets.\n    \"\"\"\n\n    name: Optional[str] = None\n    \"\"\"The specific name of the gaming headset model.\"\"\"\n\n    wireless: Optional[bool] = None\n    \"\"\"Indicates whether the headset is wireless.\"\"\"\n\n    noise_cancellation: Optional[bool] = None\n    \"\"\"Indicates the presence of noise cancellation features.\"\"\"\n\n    surround_sound: Optional[bool] = None\n    \"\"\"Indicates whether the headset has surround sound capabilities.\"\"\"\n\n    microphone: Optional[bool] = None\n    \"\"\"Indicates if the headset includes a built-in microphone.\"\"\"\n\n    battery_life: Optional[int] = None\n    \"\"\"The battery life in hours of the wireless headset.\"\"\"\n\n    connection_type: Optional[Literal['USB', 'Bluetooth', '3.5mm Jack']] = None\n    \"\"\"The type of connection the headset uses.\"\"\"\n\n    color: Optional[str] = None\n    \"\"\"The color of the gaming headset.\"\"\"\n\n    price: Optional[float] = None\n    \"\"\"The price of the gaming headset in dollars.\"\"\"\n\n    def matches_criteria(self, criteria: GamingHeadsetCriteria) -> bool:\n        \"\"\"\n        Determines if the headset matches the given search criteria.\n\n        :param criteria: An instance of GamingHeadsetCriteria with search preferences.\n        :return: True if the headset matches all specified criteria; False otherwise.\n        \"\"\"\n        if criteria.name is not None and self.name != criteria.name:\n            return False\n        if criteria.wireless is not None and self.wireless != criteria.wireless:\n            return False\n        if criteria.noise_cancellation is not None and self.noise_cancellation != criteria.noise_cancellation:\n            return False\n        if criteria.surround_sound is not None and self.surround_sound != criteria.surround_sound:\n            return False\n        if criteria.microphone is not None and self.microphone != criteria.microphone:\n            return False\n        if criteria.battery_life is not None and (self.battery_life is None or self.battery_life < criteria.battery_life):\n            return False\n        if criteria.connection_type is not None and self.connection_type != criteria.connection_type:\n            return False\n        if criteria.color is not None and self.color != criteria.color:\n            return False\n        if criteria.budget is not None and (self.price is None or self.price > criteria.budget):\n            return False\n        return True\n```",
    "searcher_schema": {
      "name": {
        "type": "typing.Optional[str]",
        "desc": ""
      },
      "wireless": {
        "type": "typing.Optional[bool]",
        "desc": "The specific name of the gaming headset, if the gamer is looking for a particular model."
      },
      "noise_cancellation": {
        "type": "typing.Optional[bool]",
        "desc": "A preference indicating whether the headset should be wireless or not."
      },
      "surround_sound": {
        "type": "typing.Optional[bool]",
        "desc": "A preference indicating the need for noise cancellation features in the headset."
      },
      "microphone": {
        "type": "typing.Optional[bool]",
        "desc": "A preference for surround sound capabilities in the headset."
      },
      "battery_life": {
        "type": "typing.Optional[int]",
        "desc": "A preference for a built-in microphone in the gaming headset."
      },
      "connection_type": {
        "type": "typing.Optional[typing.Literal['USB', 'Bluetooth', '3.5mm Jack']]",
        "desc": "The minimum battery life in hours that the headset should support, if applicable."
      },
      "color": {
        "type": "typing.Optional[str]",
        "desc": "The preferred type of connection for the gaming headset."
      },
      "budget": {
        "type": "typing.Optional[float]",
        "desc": "The preferred color of the gaming headset."
      }
    },
    "recommender_schema": {
      "name": {
        "type": "typing.Optional[str]",
        "desc": ""
      },
      "wireless": {
        "type": "typing.Optional[bool]",
        "desc": "The specific name of the gaming headset model."
      },
      "noise_cancellation": {
        "type": "typing.Optional[bool]",
        "desc": "Indicates whether the headset is wireless."
      },
      "surround_sound": {
        "type": "typing.Optional[bool]",
        "desc": "Indicates the presence of noise cancellation features."
      },
      "microphone": {
        "type": "typing.Optional[bool]",
        "desc": "Indicates whether the headset has surround sound capabilities."
      },
      "battery_life": {
        "type": "typing.Optional[int]",
        "desc": "Indicates if the headset includes a built-in microphone."
      },
      "connection_type": {
        "type": "typing.Optional[typing.Literal['USB', 'Bluetooth', '3.5mm Jack']]",
        "desc": "The battery life in hours of the wireless headset."
      },
      "color": {
        "type": "typing.Optional[str]",
        "desc": "The type of connection the headset uses."
      },
      "price": {
        "type": "typing.Optional[float]",
        "desc": "The color of the gaming headset."
      }
    }
  },
  {
    "searcher": "gamer",
    "recommender": "friend",
    "dialogue": "A gamer is getting help from a friend to find the right controllers",
    "item_type": "controllers",
    "criteria": [
      "type",
      "compatibility"
    ],
    "searcher_schema_code": "```python\nfrom dataclasses import dataclass\nfrom typing import Optional, Literal\n\n@dataclass\nclass ControllerPreferences:\n    \"\"\"\n    A class to represent a gamer's preferences and criteria for finding controllers.\n    \"\"\"\n    \n    name: Optional[str] = None\n    \"\"\"The specific name of the controller, if the gamer is looking for a particular model.\"\"\"\n\n    controller_type: Optional[Literal['wired', 'wireless', 'bluetooth']] = None\n    \"\"\"The type of controller connection preferred by the gamer.\"\"\"\n\n    compatibility: Optional[Literal['PC', 'Xbox', 'PlayStation', 'Nintendo']] = None\n    \"\"\"The gaming platform with which the controller should be compatible.\"\"\"\n\n    price_range: Optional[tuple[float, float]] = None\n    \"\"\"The price range (min, max) within which the gamer is looking for a controller.\"\"\"\n\n    color: Optional[str] = None\n    \"\"\"The preferred color of the controller.\"\"\"\n\n    brand: Optional[str] = None\n    \"\"\"The preferred brand or manufacturer of the controller.\"\"\"\n\n    ergonomic: Optional[bool] = None\n    \"\"\"Whether the controller should be ergonomically designed for comfort.\"\"\"\n\n    battery_life: Optional[int] = None\n    \"\"\"The minimum required battery life in hours for wireless controllers.\"\"\"\n\n    features: Optional[tuple[str, ...]] = None\n    \"\"\"Additional features the gamer is interested in, such as 'vibration', 'gyro controls', or 'adaptive triggers'.\"\"\"\n```",
    "recommender_schema_code": "```python\nfrom dataclasses import dataclass\nfrom typing import Optional, Literal\n\n@dataclass\nclass ControllerInfo:\n    \"\"\"\n    A class to represent a friend's knowledge of a specific controller.\n    This includes details about the controller's specifications and features.\n    \"\"\"\n\n    name: Optional[str] = None\n    \"\"\"The name or model of the controller.\"\"\"\n\n    controller_type: Optional[Literal['wired', 'wireless', 'bluetooth']] = None\n    \"\"\"The type of connection provided by the controller.\"\"\"\n\n    compatibility: Optional[Literal['PC', 'Xbox', 'PlayStation', 'Nintendo']] = None\n    \"\"\"The platform with which the controller is compatible.\"\"\"\n\n    price: Optional[float] = None\n    \"\"\"The price of the controller.\"\"\"\n\n    color: Optional[str] = None\n    \"\"\"The color of the controller.\"\"\"\n\n    brand: Optional[str] = None\n    \"\"\"The brand or manufacturer of the controller.\"\"\"\n\n    ergonomic: Optional[bool] = None\n    \"\"\"Indicates if the controller is ergonomically designed for comfort.\"\"\"\n\n    battery_life: Optional[int] = None\n    \"\"\"The battery life in hours for wireless controllers.\"\"\"\n\n    features: Optional[tuple[str, ...]] = None\n    \"\"\"Features available in the controller such as 'vibration', 'gyro controls', or 'adaptive triggers'.\"\"\"\n\n    def matches_criteria(self, criteria: ControllerPreferences) -> bool:\n        \"\"\"\n        Determines if this controller matches the given search criteria.\n\n        Args:\n            criteria (ControllerPreferences): The search criteria to match against.\n\n        Returns:\n            bool: True if the controller matches the criteria, False otherwise.\n        \"\"\"\n        if criteria.name and self.name != criteria.name:\n            return False\n        if criteria.controller_type and self.controller_type != criteria.controller_type:\n            return False\n        if criteria.compatibility and self.compatibility != criteria.compatibility:\n            return False\n        if criteria.price_range and (self.price is None or not (criteria.price_range[0] <= self.price <= criteria.price_range[1])):\n            return False\n        if criteria.color and self.color != criteria.color:\n            return False\n        if criteria.brand and self.brand != criteria.brand:\n            return False\n        if criteria.ergonomic is not None and self.ergonomic != criteria.ergonomic:\n            return False\n        if criteria.battery_life and (self.battery_life is None or self.battery_life < criteria.battery_life):\n            return False\n        if criteria.features:\n            if self.features is None or not all(feature in self.features for feature in criteria.features):\n                return False\n        return True\n```",
    "searcher_schema": {
      "name": {
        "type": "typing.Optional[str]",
        "desc": ""
      },
      "controller_type": {
        "type": "typing.Optional[typing.Literal['wired', 'wireless', 'bluetooth']]",
        "desc": "The specific name of the controller, if the gamer is looking for a particular model."
      },
      "compatibility": {
        "type": "typing.Optional[typing.Literal['PC', 'Xbox', 'PlayStation', 'Nintendo']]",
        "desc": "The type of controller connection preferred by the gamer."
      },
      "price_range": {
        "type": "typing.Optional[tuple[float, float]]",
        "desc": "The gaming platform with which the controller should be compatible."
      },
      "color": {
        "type": "typing.Optional[str]",
        "desc": "The price range (min, max) within which the gamer is looking for a controller."
      },
      "brand": {
        "type": "typing.Optional[str]",
        "desc": "The preferred color of the controller."
      },
      "ergonomic": {
        "type": "typing.Optional[bool]",
        "desc": "The preferred brand or manufacturer of the controller."
      },
      "battery_life": {
        "type": "typing.Optional[int]",
        "desc": "Whether the controller should be ergonomically designed for comfort."
      },
      "features": {
        "type": "typing.Optional[tuple[str, ...]]",
        "desc": "The minimum required battery life in hours for wireless controllers."
      }
    },
    "recommender_schema": {
      "name": {
        "type": "typing.Optional[str]",
        "desc": ""
      },
      "controller_type": {
        "type": "typing.Optional[typing.Literal['wired', 'wireless', 'bluetooth']]",
        "desc": "The name or model of the controller."
      },
      "compatibility": {
        "type": "typing.Optional[typing.Literal['PC', 'Xbox', 'PlayStation', 'Nintendo']]",
        "desc": "The type of connection provided by the controller."
      },
      "price": {
        "type": "typing.Optional[float]",
        "desc": "The platform with which the controller is compatible."
      },
      "color": {
        "type": "typing.Optional[str]",
        "desc": "The price of the controller."
      },
      "brand": {
        "type": "typing.Optional[str]",
        "desc": "The color of the controller."
      },
      "ergonomic": {
        "type": "typing.Optional[bool]",
        "desc": "The brand or manufacturer of the controller."
      },
      "battery_life": {
        "type": "typing.Optional[int]",
        "desc": "Indicates if the controller is ergonomically designed for comfort."
      },
      "features": {
        "type": "typing.Optional[tuple[str, ...]]",
        "desc": "The battery life in hours for wireless controllers."
      }
    }
  }
]