[
  {
    "domain": "workout plan",
    "turns": [
      [
        "Hey, I'm looking for a low-intensity workout plan I can do at home.",
        {
          "name": null,
          "duration_minutes": null,
          "intensity": "low",
          "goal": null,
          "equipment": "none",
          "location": "home",
          "days_per_week": null
        },
        "Sure! How many days a week are you looking to work out?"
      ],
      [
        "I\u2019d like to work out about two days a week.",
        {
          "name": null,
          "duration_minutes": null,
          "intensity": "low",
          "goal": null,
          "equipment": null,
          "location": "home",
          "days_per_week": 2
        },
        "Great! Would you prefer a focus on flexibility or something else?"
      ],
      [
        "Flexibility sounds good!",
        {
          "name": null,
          "duration_minutes": null,
          "intensity": "low",
          "goal": "flexibility",
          "equipment": null,
          "location": "home",
          "days_per_week": 2
        },
        "I have a couple of options for you: the \"Senior Fitness Program\" and \"Yoga for Flexibility.\" Which one do you prefer?"
      ],
      [
        "I think I\u2019ll go with \"Yoga for Flexibility.\"",
        {
          "name": "Yoga for Flexibility",
          "duration_minutes": null,
          "intensity": "low",
          "goal": "flexibility",
          "equipment": "none",
          "location": "home",
          "days_per_week": 2
        },
        "Awesome choice! \"Yoga for Flexibility\" it is! Enjoy your workouts!"
      ]
    ],
    "preferences_code": "```python\npreferences = WorkoutPlanCriteria(\n    name='Beginner Stretching Routine',\n    duration_minutes=25,\n    intensity='low',\n    goal='flexibility',\n    equipment='none',\n    location='home',\n    days_per_week=2,\n)\n```",
    "red_herrings_code": "```python\n# Global variable to store a list of example workout plans\nworkout_plans = [\n    WorkoutPlan(\n        name='Gentle Yoga Program',\n        duration_minutes=30,\n        intensity='low',\n        goal='flexibility',\n        equipment='none',\n        location='home',\n        days_per_week=3,\n    ),\n    WorkoutPlan(\n        name='Beginner Stretching Routine',\n        duration_minutes=25,\n        intensity='low',\n        goal='flexibility',\n        equipment='none',\n        location='home',\n        days_per_week=2,\n    ),\n    WorkoutPlan(\n        name='Chair Exercises for Seniors',\n        duration_minutes=30,\n        intensity='low',\n        goal='flexibility',\n        equipment='none',\n        location='home',\n        days_per_week=1,\n    ),\n]\n```",
    "database_code": "```python\n# Global variable to store a list of workout plan examples\nworkout_plans = [\n    WorkoutPlan(\n        name=\"Beginner Full Body\",\n        duration_minutes=30,\n        intensity='low',\n        goal='weight_loss',\n        equipment='none',\n        location='home',\n        days_per_week=3\n    ),\n    WorkoutPlan(\n        name=\"Intermediate Strength Training\",\n        duration_minutes=45,\n        intensity='medium',\n        goal='muscle_gain',\n        equipment='basic',\n        location='gym',\n        days_per_week=4\n    ),\n    WorkoutPlan(\n        name=\"Advanced HIIT\",\n        duration_minutes=25,\n        intensity='high',\n        goal='weight_loss',\n        equipment='none',\n        location='outdoors',\n        days_per_week=5\n    ),\n    WorkoutPlan(\n        name=\"Yoga for Flexibility\",\n        duration_minutes=60,\n        intensity='low',\n        goal='flexibility',\n        equipment='none',\n        location='home',\n        days_per_week=2\n    ),\n    WorkoutPlan(\n        name=\"Endurance Running Program\",\n        duration_minutes=50,\n        intensity='medium',\n        goal='endurance',\n        equipment='none',\n        location='outdoors',\n        days_per_week=5\n    ),\n    WorkoutPlan(\n        name=\"Bodyweight Strength\",\n        duration_minutes=40,\n        intensity='medium',\n        goal='muscle_gain',\n        equipment='none',\n        location='home',\n        days_per_week=3\n    ),\n    WorkoutPlan(\n        name=\"Gym Circuit Training\",\n        duration_minutes=30,\n        intensity='high',\n        goal='weight_loss',\n        equipment='advanced',\n        location='gym',\n        days_per_week=4\n    ),\n    WorkoutPlan(\n        name=\"Pilates for Core Strength\",\n        duration_minutes=45,\n        intensity='low',\n        goal='flexibility',\n        equipment='basic',\n        location='home',\n        days_per_week=2\n    ),\n    WorkoutPlan(\n        name=\"Outdoor Bootcamp\",\n        duration_minutes=60,\n        intensity='high',\n        goal='endurance',\n        equipment='none',\n        location='outdoors',\n        days_per_week=3\n    ),\n    WorkoutPlan(\n        name=\"Senior Fitness Program\",\n        duration_minutes=30,\n        intensity='low',\n        goal='flexibility',\n        equipment='none',\n        location='home',\n        days_per_week=2\n    )\n]\n```",
    "database": [
      {
        "name": "Bodyweight Strength",
        "duration_minutes": 40,
        "intensity": "medium",
        "goal": "muscle_gain",
        "equipment": "none",
        "location": "home",
        "days_per_week": 3
      },
      {
        "name": "Senior Fitness Program",
        "duration_minutes": 30,
        "intensity": "low",
        "goal": "flexibility",
        "equipment": "none",
        "location": "home",
        "days_per_week": 2
      },
      {
        "name": "Beginner Stretching Routine",
        "duration_minutes": 25,
        "intensity": "low",
        "goal": "flexibility",
        "equipment": "none",
        "location": "home",
        "days_per_week": 2
      },
      {
        "name": "Beginner Full Body",
        "duration_minutes": 30,
        "intensity": "low",
        "goal": "weight_loss",
        "equipment": "none",
        "location": "home",
        "days_per_week": 3
      },
      {
        "name": "Endurance Running Program",
        "duration_minutes": 50,
        "intensity": "medium",
        "goal": "endurance",
        "equipment": "none",
        "location": "outdoors",
        "days_per_week": 5
      },
      {
        "name": "Advanced HIIT",
        "duration_minutes": 25,
        "intensity": "high",
        "goal": "weight_loss",
        "equipment": "none",
        "location": "outdoors",
        "days_per_week": 5
      },
      {
        "name": "Outdoor Bootcamp",
        "duration_minutes": 60,
        "intensity": "high",
        "goal": "endurance",
        "equipment": "none",
        "location": "outdoors",
        "days_per_week": 3
      },
      {
        "name": "Yoga for Flexibility",
        "duration_minutes": 60,
        "intensity": "low",
        "goal": "flexibility",
        "equipment": "none",
        "location": "home",
        "days_per_week": 2
      },
      {
        "name": "Pilates for Core Strength",
        "duration_minutes": 45,
        "intensity": "low",
        "goal": "flexibility",
        "equipment": "basic",
        "location": "home",
        "days_per_week": 2
      },
      {
        "name": "Chair Exercises for Seniors",
        "duration_minutes": 30,
        "intensity": "low",
        "goal": "flexibility",
        "equipment": "none",
        "location": "home",
        "days_per_week": 1
      },
      {
        "name": "Gym Circuit Training",
        "duration_minutes": 30,
        "intensity": "high",
        "goal": "weight_loss",
        "equipment": "advanced",
        "location": "gym",
        "days_per_week": 4
      },
      {
        "name": "Gentle Yoga Program",
        "duration_minutes": 30,
        "intensity": "low",
        "goal": "flexibility",
        "equipment": "none",
        "location": "home",
        "days_per_week": 3
      },
      {
        "name": "Intermediate Strength Training",
        "duration_minutes": 45,
        "intensity": "medium",
        "goal": "muscle_gain",
        "equipment": "basic",
        "location": "gym",
        "days_per_week": 4
      }
    ],
    "goal": {
      "name": "Beginner Stretching Routine",
      "duration_minutes": 25,
      "intensity": "low",
      "goal": "flexibility",
      "equipment": "none",
      "location": "home",
      "days_per_week": 2
    },
    "status": "complete"
  },
  {
    "domain": "nutrition guide",
    "turns": [
      [
        "Thanks! Now, can we find a good nutrition guide?",
        {
          "name": null,
          "diet_type": null,
          "caloric_intake": null,
          "meal_frequency": null,
          "include_snacks": null,
          "macronutrient_ratio": null,
          "focus_area": null,
          "food_restrictions": null,
          "cuisine_preference": null
        },
        "Of course! What are your main goals with nutrition\u2014weight loss, muscle gain, or maintenance?"
      ],
      [
        "I'm focusing on muscle gain.",
        {
          "name": null,
          "diet_type": null,
          "caloric_intake": null,
          "meal_frequency": null,
          "include_snacks": null,
          "macronutrient_ratio": null,
          "focus_area": "muscle_gain",
          "food_restrictions": null,
          "cuisine_preference": null
        },
        "Got it! Do you have a preferred diet type, like vegan, paleo, or something else?"
      ],
      [
        "Yes, I prefer a Mediterranean diet.",
        {
          "name": null,
          "diet_type": "mediterranean",
          "caloric_intake": null,
          "meal_frequency": null,
          "include_snacks": null,
          "macronutrient_ratio": null,
          "focus_area": "muscle_gain",
          "food_restrictions": null,
          "cuisine_preference": null
        },
        "Perfect! Would you like to include snacks in your meal plan?"
      ],
      [
        "Yes, I\u2019d like to include snacks.",
        {
          "name": null,
          "diet_type": "mediterranean",
          "caloric_intake": null,
          "meal_frequency": null,
          "include_snacks": true,
          "macronutrient_ratio": null,
          "focus_area": "muscle_gain",
          "food_restrictions": null,
          "cuisine_preference": null
        },
        "Great! I recommend the \"Mediterranean Muscle Gain\" guide. Does that sound good to you?"
      ]
    ],
    "preferences_code": "```python\npreferences = NutritionGuideCriteria(\n    name='Mediterranean Muscle Gain',\n    diet_type='mediterranean',\n    caloric_intake=2600,\n    meal_frequency=5,\n    include_snacks=True,\n    macronutrient_ratio='50% carbs, 30% fat, 20% protein',\n    focus_area='muscle_gain',\n    food_restrictions='none',\n    cuisine_preference='Mediterranean',\n)\n```",
    "red_herrings_code": "```python\n# Global variable to store a list of nutrition guide examples\nnutrition_guides = [\n    NutritionGuide(\n        name='Mediterranean Weight Loss',\n        diet_type='mediterranean',\n        caloric_intake=2000,\n        meal_frequency=3,\n        include_snacks=True,\n        macronutrient_ratio='40% carbs, 30% fat, 30% protein',\n        focus_area='weight_loss',\n        food_restrictions='none',\n        cuisine_preference='Mediterranean',\n    ),\n    NutritionGuide(\n        name='Mediterranean Muscle Gain',\n        diet_type='mediterranean',\n        caloric_intake=2600,\n        meal_frequency=5,\n        include_snacks=True,\n        macronutrient_ratio='50% carbs, 30% fat, 20% protein',\n        focus_area='muscle_gain',\n        food_restrictions='none',\n        cuisine_preference='Mediterranean',\n    ),\n    NutritionGuide(\n        name='Mediterranean Maintenance',\n        diet_type='mediterranean',\n        caloric_intake=2200,\n        meal_frequency=4,\n        include_snacks=False,\n        macronutrient_ratio='45% carbs, 35% fat, 20% protein',\n        focus_area='maintenance',\n        food_restrictions='none',\n        cuisine_preference='Mediterranean',\n    ),\n]\n```",
    "database_code": "```python\n# Global variable containing a list of nutrition guide examples\nnutrition_guides = [\n    NutritionGuide(\n        name=\"Vegetarian Weight Loss\",\n        diet_type='vegetarian',\n        caloric_intake=1500,\n        meal_frequency=3,\n        include_snacks=True,\n        macronutrient_ratio=\"40% carbs, 30% protein, 30% fat\",\n        focus_area='weight_loss',\n        food_restrictions=\"none\",\n        cuisine_preference=\"Indian, Italian\"\n    ),\n    NutritionGuide(\n        name=\"Vegan Muscle Gain\",\n        diet_type='vegan',\n        caloric_intake=2500,\n        meal_frequency=5,\n        include_snacks=True,\n        macronutrient_ratio=\"50% carbs, 25% protein, 25% fat\",\n        focus_area='muscle_gain',\n        food_restrictions=\"none\",\n        cuisine_preference=\"Asian, Mediterranean\"\n    ),\n    NutritionGuide(\n        name=\"Keto for Performance\",\n        diet_type='keto',\n        caloric_intake=2000,\n        meal_frequency=4,\n        include_snacks=False,\n        macronutrient_ratio=\"75% fat, 20% protein, 5% carbs\",\n        focus_area='performance',\n        food_restrictions=\"none\",\n        cuisine_preference=\"American\"\n    ),\n    NutritionGuide(\n        name=\"Paleo Maintenance\",\n        diet_type='paleo',\n        caloric_intake=1800,\n        meal_frequency=3,\n        include_snacks=True,\n        macronutrient_ratio=\"40% carbs, 30% protein, 30% fat\",\n        focus_area='maintenance',\n        food_restrictions=\"dairy, grains\",\n        cuisine_preference=\"American, Mediterranean\"\n    ),\n    NutritionGuide(\n        name=\"Mediterranean Diet\",\n        diet_type='mediterranean',\n        caloric_intake=2000,\n        meal_frequency=3,\n        include_snacks=True,\n        macronutrient_ratio=\"50% carbs, 30% fat, 20% protein\",\n        focus_area='maintenance',\n        food_restrictions=\"none\",\n        cuisine_preference=\"Mediterranean\"\n    ),\n    NutritionGuide(\n        name=\"Omnivore Weight Loss\",\n        diet_type='omnivore',\n        caloric_intake=1600,\n        meal_frequency=3,\n        include_snacks=True,\n        macronutrient_ratio=\"40% carbs, 30% protein, 30% fat\",\n        focus_area='weight_loss',\n        food_restrictions=\"none\",\n        cuisine_preference=\"American, Italian\"\n    ),\n    NutritionGuide(\n        name=\"Vegan Weight Loss\",\n        diet_type='vegan',\n        caloric_intake=1400,\n        meal_frequency=3,\n        include_snacks=False,\n        macronutrient_ratio=\"50% carbs, 25% protein, 25% fat\",\n        focus_area='weight_loss',\n        food_restrictions=\"none\",\n        cuisine_preference=\"Asian, Mexican\"\n    ),\n    NutritionGuide(\n        name=\"Keto Maintenance\",\n        diet_type='keto',\n        caloric_intake=2200,\n        meal_frequency=4,\n        include_snacks=True,\n        macronutrient_ratio=\"70% fat, 25% protein, 5% carbs\",\n        focus_area='maintenance',\n        food_restrictions=\"none\",\n        cuisine_preference=\"American\"\n    ),\n    NutritionGuide(\n        name=\"Paleo Muscle Gain\",\n        diet_type='paleo',\n        caloric_intake=3000,\n        meal_frequency=5,\n        include_snacks=True,\n        macronutrient_ratio=\"40% carbs, 35% protein, 25% fat\",\n        focus_area='muscle_gain',\n        food_restrictions=\"dairy, grains\",\n        cuisine_preference=\"American\"\n    ),\n    NutritionGuide(\n        name=\"Mediterranean Performance\",\n        diet_type='mediterranean',\n        caloric_intake=2400,\n        meal_frequency=4,\n        include_snacks=True,\n        macronutrient_ratio=\"45% carbs, 35% fat, 20% protein\",\n        focus_area='performance',\n        food_restrictions=\"none\",\n        cuisine_preference=\"Mediterranean\"\n    )\n]\n```",
    "database": [
      {
        "name": "Vegan Muscle Gain",
        "diet_type": "vegan",
        "caloric_intake": 2500,
        "meal_frequency": 5,
        "include_snacks": true,
        "macronutrient_ratio": "50% carbs, 25% protein, 25% fat",
        "focus_area": "muscle_gain",
        "food_restrictions": "none",
        "cuisine_preference": "Asian, Mediterranean"
      },
      {
        "name": "Paleo Muscle Gain",
        "diet_type": "paleo",
        "caloric_intake": 3000,
        "meal_frequency": 5,
        "include_snacks": true,
        "macronutrient_ratio": "40% carbs, 35% protein, 25% fat",
        "focus_area": "muscle_gain",
        "food_restrictions": "dairy, grains",
        "cuisine_preference": "American"
      },
      {
        "name": "Mediterranean Maintenance",
        "diet_type": "mediterranean",
        "caloric_intake": 2200,
        "meal_frequency": 4,
        "include_snacks": false,
        "macronutrient_ratio": "45% carbs, 35% fat, 20% protein",
        "focus_area": "maintenance",
        "food_restrictions": "none",
        "cuisine_preference": "Mediterranean"
      },
      {
        "name": "Mediterranean Performance",
        "diet_type": "mediterranean",
        "caloric_intake": 2400,
        "meal_frequency": 4,
        "include_snacks": true,
        "macronutrient_ratio": "45% carbs, 35% fat, 20% protein",
        "focus_area": "performance",
        "food_restrictions": "none",
        "cuisine_preference": "Mediterranean"
      },
      {
        "name": "Keto Maintenance",
        "diet_type": "keto",
        "caloric_intake": 2200,
        "meal_frequency": 4,
        "include_snacks": true,
        "macronutrient_ratio": "70% fat, 25% protein, 5% carbs",
        "focus_area": "maintenance",
        "food_restrictions": "none",
        "cuisine_preference": "American"
      },
      {
        "name": "Omnivore Weight Loss",
        "diet_type": "omnivore",
        "caloric_intake": 1600,
        "meal_frequency": 3,
        "include_snacks": true,
        "macronutrient_ratio": "40% carbs, 30% protein, 30% fat",
        "focus_area": "weight_loss",
        "food_restrictions": "none",
        "cuisine_preference": "American, Italian"
      },
      {
        "name": "Vegetarian Weight Loss",
        "diet_type": "vegetarian",
        "caloric_intake": 1500,
        "meal_frequency": 3,
        "include_snacks": true,
        "macronutrient_ratio": "40% carbs, 30% protein, 30% fat",
        "focus_area": "weight_loss",
        "food_restrictions": "none",
        "cuisine_preference": "Indian, Italian"
      },
      {
        "name": "Mediterranean Weight Loss",
        "diet_type": "mediterranean",
        "caloric_intake": 2000,
        "meal_frequency": 3,
        "include_snacks": true,
        "macronutrient_ratio": "40% carbs, 30% fat, 30% protein",
        "focus_area": "weight_loss",
        "food_restrictions": "none",
        "cuisine_preference": "Mediterranean"
      },
      {
        "name": "Mediterranean Diet",
        "diet_type": "mediterranean",
        "caloric_intake": 2000,
        "meal_frequency": 3,
        "include_snacks": true,
        "macronutrient_ratio": "50% carbs, 30% fat, 20% protein",
        "focus_area": "maintenance",
        "food_restrictions": "none",
        "cuisine_preference": "Mediterranean"
      },
      {
        "name": "Mediterranean Muscle Gain",
        "diet_type": "mediterranean",
        "caloric_intake": 2600,
        "meal_frequency": 5,
        "include_snacks": true,
        "macronutrient_ratio": "50% carbs, 30% fat, 20% protein",
        "focus_area": "muscle_gain",
        "food_restrictions": "none",
        "cuisine_preference": "Mediterranean"
      },
      {
        "name": "Keto for Performance",
        "diet_type": "keto",
        "caloric_intake": 2000,
        "meal_frequency": 4,
        "include_snacks": false,
        "macronutrient_ratio": "75% fat, 20% protein, 5% carbs",
        "focus_area": "performance",
        "food_restrictions": "none",
        "cuisine_preference": "American"
      },
      {
        "name": "Vegan Weight Loss",
        "diet_type": "vegan",
        "caloric_intake": 1400,
        "meal_frequency": 3,
        "include_snacks": false,
        "macronutrient_ratio": "50% carbs, 25% protein, 25% fat",
        "focus_area": "weight_loss",
        "food_restrictions": "none",
        "cuisine_preference": "Asian, Mexican"
      },
      {
        "name": "Paleo Maintenance",
        "diet_type": "paleo",
        "caloric_intake": 1800,
        "meal_frequency": 3,
        "include_snacks": true,
        "macronutrient_ratio": "40% carbs, 30% protein, 30% fat",
        "focus_area": "maintenance",
        "food_restrictions": "dairy, grains",
        "cuisine_preference": "American, Mediterranean"
      }
    ],
    "goal": {
      "name": "Mediterranean Muscle Gain",
      "diet_type": "mediterranean",
      "caloric_intake": 2600,
      "meal_frequency": 5,
      "include_snacks": true,
      "macronutrient_ratio": "50% carbs, 30% fat, 20% protein",
      "focus_area": "muscle_gain",
      "food_restrictions": "none",
      "cuisine_preference": "Mediterranean"
    },
    "status": "complete"
  }
]