[
  {
    "domain": "tasting menu",
    "turns": [
      [
        "I'm looking for a Japanese tasting menu in Midtown, preferably gluten-free.",
        {
          "name": null,
          "cuisine": "Japanese",
          "seasonality": null,
          "price_range": null,
          "dietary_restrictions": "Gluten-Free",
          "location": "Midtown",
          "duration": null
        },
        "I have two options: \"Spring Fling\" and \"Spring Delight,\" both gluten-free and in Midtown. Would you like more details on either?"
      ],
      [
        "Can you tell me more about \"Spring Fling\"?",
        {
          "name": "Spring Fling",
          "cuisine": "Japanese",
          "seasonality": "Spring",
          "price_range": null,
          "dietary_restrictions": "Gluten-Free",
          "location": "Midtown",
          "duration": null
        },
        "\"Spring Fling\" is a Japanese menu, budget-friendly, lasts 90 minutes, and is gluten-free. Would you like to know about the other option too?"
      ],
      [
        "What about \"Spring Delight\"?",
        {
          "name": "Spring Fling",
          "cuisine": "Japanese",
          "seasonality": "Spring",
          "price_range": "Budget",
          "dietary_restrictions": "Gluten-Free",
          "location": "Midtown",
          "duration": 90
        },
        "\"Spring Delight\" is also Japanese, mid-range priced, gluten-free, and lasts 90 minutes. Which one do you prefer?"
      ],
      [
        "I think I'll go with \"Spring Delight.\"",
        {
          "name": "Spring Delight",
          "cuisine": "Japanese",
          "seasonality": "Spring",
          "price_range": "Mid-range",
          "dietary_restrictions": "Gluten-Free",
          "location": "Midtown",
          "duration": 90
        },
        "Great choice! \"Spring Delight\" it is. Enjoy your tasting experience!"
      ]
    ],
    "preferences_code": "```python\npreferences = TastingMenuCriteria(\n    name='Spring Delight',\n    cuisine='Japanese',\n    seasonality='Spring',\n    price_range='Mid-range',\n    dietary_restrictions='Gluten-Free',\n    location='Midtown',\n    duration=90,\n)\n```",
    "red_herrings_code": "```python\ntasting_menus = [\n    TastingMenu(\n        name='Spring Delight',\n        cuisine='Japanese',\n        seasonality='Spring',\n        price_range='Mid-range',\n        dietary_restrictions='Gluten-Free',\n        location='Midtown',\n        duration=90,\n    ),\n    TastingMenu(\n        name='Spring Fling',\n        cuisine='Italian',\n        seasonality='Spring',\n        price_range='Budget',\n        dietary_restrictions='None',\n        location='Midtown',\n        duration=90,\n    ),\n    TastingMenu(\n        name='Spring Fling',\n        cuisine='Japanese',\n        seasonality='Summer',\n        price_range='Budget',\n        dietary_restrictions='Gluten-Free',\n        location='Downtown',\n        duration=90,\n    ),\n]\n```",
    "database_code": "```python\ntasting_menus = [\n    TastingMenu(\n        name=\"Autumn Harvest\",\n        cuisine='Italian',\n        seasonality='Autumn',\n        price_range='Mid-range',\n        dietary_restrictions='Vegetarian',\n        location=\"Downtown\",\n        duration=120\n    ),\n    TastingMenu(\n        name=\"Winter Wonderland\",\n        cuisine='French',\n        seasonality='Winter',\n        price_range='Premium',\n        dietary_restrictions='None',\n        location=\"Uptown\",\n        duration=150\n    ),\n    TastingMenu(\n        name=\"Spring Fling\",\n        cuisine='Japanese',\n        seasonality='Spring',\n        price_range='Budget',\n        dietary_restrictions='Gluten-Free',\n        location=\"Midtown\",\n        duration=90\n    ),\n    TastingMenu(\n        name=\"Summer Fiesta\",\n        cuisine='Mexican',\n        seasonality='Summer',\n        price_range='Mid-range',\n        dietary_restrictions='Vegan',\n        location=\"Beachside\",\n        duration=60\n    ),\n    TastingMenu(\n        name=\"Spicy Indian Experience\",\n        cuisine='Indian',\n        seasonality='Autumn',\n        price_range='Premium',\n        dietary_restrictions='None',\n        location=\"Cultural District\",\n        duration=180\n    ),\n    TastingMenu(\n        name=\"Classic French Cuisine\",\n        cuisine='French',\n        seasonality='Spring',\n        price_range='Mid-range',\n        dietary_restrictions='Vegetarian',\n        location=\"City Center\",\n        duration=120\n    ),\n    TastingMenu(\n        name=\"Italian Summer Delights\",\n        cuisine='Italian',\n        seasonality='Summer',\n        price_range='Budget',\n        dietary_restrictions='None',\n        location=\"Riverside\",\n        duration=90\n    ),\n    TastingMenu(\n        name=\"Japanese Winter Retreat\",\n        cuisine='Japanese',\n        seasonality='Winter',\n        price_range='Premium',\n        dietary_restrictions='Gluten-Free',\n        location=\"Mountain Lodge\",\n        duration=150\n    ),\n    TastingMenu(\n        name=\"Vegan Mexican Escape\",\n        cuisine='Mexican',\n        seasonality='Spring',\n        price_range='Mid-range',\n        dietary_restrictions='Vegan',\n        location=\"Downtown\",\n        duration=75\n    ),\n    TastingMenu(\n        name=\"Indian Street Food Extravaganza\",\n        cuisine='Indian',\n        seasonality='Summer',\n        price_range='Budget',\n        dietary_restrictions='Vegetarian',\n        location=\"Market Square\",\n        duration=60\n    )\n]\n```",
    "database": [
      {
        "name": "Spicy Indian Experience",
        "cuisine": "Indian",
        "seasonality": "Autumn",
        "price_range": "Premium",
        "dietary_restrictions": "None",
        "location": "Cultural District",
        "duration": 180
      },
      {
        "name": "Spring Fling",
        "cuisine": "Japanese",
        "seasonality": "Summer",
        "price_range": "Budget",
        "dietary_restrictions": "Gluten-Free",
        "location": "Downtown",
        "duration": 90
      },
      {
        "name": "Japanese Winter Retreat",
        "cuisine": "Japanese",
        "seasonality": "Winter",
        "price_range": "Premium",
        "dietary_restrictions": "Gluten-Free",
        "location": "Mountain Lodge",
        "duration": 150
      },
      {
        "name": "Vegan Mexican Escape",
        "cuisine": "Mexican",
        "seasonality": "Spring",
        "price_range": "Mid-range",
        "dietary_restrictions": "Vegan",
        "location": "Downtown",
        "duration": 75
      },
      {
        "name": "Spring Fling",
        "cuisine": "Italian",
        "seasonality": "Spring",
        "price_range": "Budget",
        "dietary_restrictions": "None",
        "location": "Midtown",
        "duration": 90
      },
      {
        "name": "Winter Wonderland",
        "cuisine": "French",
        "seasonality": "Winter",
        "price_range": "Premium",
        "dietary_restrictions": "None",
        "location": "Uptown",
        "duration": 150
      },
      {
        "name": "Autumn Harvest",
        "cuisine": "Italian",
        "seasonality": "Autumn",
        "price_range": "Mid-range",
        "dietary_restrictions": "Vegetarian",
        "location": "Downtown",
        "duration": 120
      },
      {
        "name": "Italian Summer Delights",
        "cuisine": "Italian",
        "seasonality": "Summer",
        "price_range": "Budget",
        "dietary_restrictions": "None",
        "location": "Riverside",
        "duration": 90
      },
      {
        "name": "Classic French Cuisine",
        "cuisine": "French",
        "seasonality": "Spring",
        "price_range": "Mid-range",
        "dietary_restrictions": "Vegetarian",
        "location": "City Center",
        "duration": 120
      },
      {
        "name": "Summer Fiesta",
        "cuisine": "Mexican",
        "seasonality": "Summer",
        "price_range": "Mid-range",
        "dietary_restrictions": "Vegan",
        "location": "Beachside",
        "duration": 60
      },
      {
        "name": "Spring Fling",
        "cuisine": "Japanese",
        "seasonality": "Spring",
        "price_range": "Budget",
        "dietary_restrictions": "Gluten-Free",
        "location": "Midtown",
        "duration": 90
      },
      {
        "name": "Spring Delight",
        "cuisine": "Japanese",
        "seasonality": "Spring",
        "price_range": "Mid-range",
        "dietary_restrictions": "Gluten-Free",
        "location": "Midtown",
        "duration": 90
      },
      {
        "name": "Indian Street Food Extravaganza",
        "cuisine": "Indian",
        "seasonality": "Summer",
        "price_range": "Budget",
        "dietary_restrictions": "Vegetarian",
        "location": "Market Square",
        "duration": 60
      }
    ],
    "goal": {
      "name": "Spring Delight",
      "cuisine": "Japanese",
      "seasonality": "Spring",
      "price_range": "Mid-range",
      "dietary_restrictions": "Gluten-Free",
      "location": "Midtown",
      "duration": 90
    },
    "status": "complete"
  },
  {
    "domain": "paired wines",
    "turns": [
      [
        "Thanks! Now, can you help me find a red wine to pair with grilled steak?",
        {
          "name": null,
          "wine_type": "red",
          "region": null,
          "year": null,
          "grape_variety": null,
          "sweetness_level": null,
          "body": null,
          "acidity": null,
          "tannin_level": null,
          "food_pairing": "grilled steak"
        },
        "Sure! Are you looking for a specific region or vintage for the red wine?"
      ],
      [
        "I'm interested in a Bordeaux from 2016.",
        {
          "name": null,
          "wine_type": "red",
          "region": "Bordeaux",
          "year": 2016,
          "grape_variety": null,
          "sweetness_level": null,
          "body": null,
          "acidity": null,
          "tannin_level": null,
          "food_pairing": "grilled steak"
        },
        "I recommend Ch\u00e2teau Margaux from Bordeaux, 2016. It pairs perfectly with grilled steak! Would you like to go with that?"
      ],
      [
        "That sounds great! Is it a dry wine with full body?",
        {
          "name": "Ch\u00e2teau Margaux",
          "wine_type": "red",
          "region": "Bordeaux",
          "year": 2016,
          "grape_variety": null,
          "sweetness_level": "dry",
          "body": "full",
          "acidity": null,
          "tannin_level": null,
          "food_pairing": "grilled steak"
        },
        "Yes, Ch\u00e2teau Margaux is a dry, full-bodied wine. Perfect choice for your meal!"
      ]
    ],
    "preferences_code": "```python\npreferences = WinePairingCriteria(\n    name='Ch\u00e2teau Margaux',\n    wine_type='red',\n    region='Bordeaux, France',\n    year=2016,\n    grape_variety='Cabernet Sauvignon',\n    sweetness_level='dry',\n    body='full',\n    acidity='medium',\n    tannin_level='high',\n    food_pairing='Grilled steak',\n)\n```",
    "red_herrings_code": "```python\n# Global variable to represent a list of paired wines examples\npaired_wines_examples = [\n    Wine(\n        name='Ch\u00e2teau Margaux',\n        wine_type='red',\n        region='Bordeaux, France',\n        year=2016,\n        grape_variety='Cabernet Sauvignon',\n        sweetness_level='dry',\n        body='full',\n        acidity='medium',\n        tannin_level='high',\n        food_pairing='Grilled steak',\n    ),\n    Wine(\n        name='Ch\u00e2teau Lafite Rothschild',\n        wine_type='red',\n        region='Bordeaux, France',\n        year=2015,\n        grape_variety='Merlot',\n        sweetness_level='dry',\n        body='full',\n        acidity='medium',\n        tannin_level='high',\n        food_pairing='Roast beef',\n    ),\n    Wine(\n        name='Opus One',\n        wine_type='red',\n        region='Napa Valley, USA',\n        year=2015,\n        grape_variety='Cabernet Sauvignon',\n        sweetness_level='dry',\n        body='full',\n        acidity='medium',\n        tannin_level='high',\n        food_pairing='Grilled lamb',\n    )\n]\n```",
    "database_code": "```python\n# Global variable to represent a list of paired wines examples\npaired_wines = [\n    Wine(\n        name=\"Ch\u00e2teau Margaux\",\n        wine_type='red',\n        region=\"Bordeaux, France\",\n        year=2015,\n        grape_variety=\"Cabernet Sauvignon\",\n        sweetness_level='dry',\n        body='full',\n        acidity='medium',\n        tannin_level='high',\n        food_pairing=\"Grilled lamb\"\n    ),\n    Wine(\n        name=\"Cloudy Bay Sauvignon Blanc\",\n        wine_type='white',\n        region=\"Marlborough, New Zealand\",\n        year=2020,\n        grape_variety=\"Sauvignon Blanc\",\n        sweetness_level='dry',\n        body='light',\n        acidity='high',\n        tannin_level='low',\n        food_pairing=\"Seafood salad\"\n    ),\n    Wine(\n        name=\"Veuve Clicquot Brut\",\n        wine_type='sparkling',\n        region=\"Champagne, France\",\n        year=2018,\n        grape_variety=\"Chardonnay, Pinot Noir\",\n        sweetness_level='dry',\n        body='medium',\n        acidity='high',\n        tannin_level='low',\n        food_pairing=\"Oysters\"\n    ),\n    Wine(\n        name=\"Ch\u00e2teauneuf-du-Pape\",\n        wine_type='red',\n        region=\"Rh\u00f4ne, France\",\n        year=2016,\n        grape_variety=\"Grenache\",\n        sweetness_level='dry',\n        body='full',\n        acidity='medium',\n        tannin_level='high',\n        food_pairing=\"Beef stew\"\n    ),\n    Wine(\n        name=\"Kim Crawford Pinot Noir\",\n        wine_type='red',\n        region=\"Marlborough, New Zealand\",\n        year=2019,\n        grape_variety=\"Pinot Noir\",\n        sweetness_level='dry',\n        body='medium',\n        acidity='medium',\n        tannin_level='medium',\n        food_pairing=\"Roasted chicken\"\n    ),\n    Wine(\n        name=\"Bodega Norton Malbec\",\n        wine_type='red',\n        region=\"Mendoza, Argentina\",\n        year=2017,\n        grape_variety=\"Malbec\",\n        sweetness_level='dry',\n        body='full',\n        acidity='medium',\n        tannin_level='high',\n        food_pairing=\"Grilled steak\"\n    ),\n    Wine(\n        name=\"Domaine Ferret Pouilly-Fuiss\u00e9\",\n        wine_type='white',\n        region=\"Burgundy, France\",\n        year=2018,\n        grape_variety=\"Chardonnay\",\n        sweetness_level='dry',\n        body='medium',\n        acidity='medium',\n        tannin_level='low',\n        food_pairing=\"Creamy pasta\"\n    ),\n    Wine(\n        name=\"Sierra Cantabria Rioja\",\n        wine_type='red',\n        region=\"Rioja, Spain\",\n        year=2014,\n        grape_variety=\"Tempranillo\",\n        sweetness_level='dry',\n        body='full',\n        acidity='medium',\n        tannin_level='high',\n        food_pairing=\"Paella\"\n    ),\n    Wine(\n        name=\"Ch\u00e2teau d'Yquem\",\n        wine_type='dessert',\n        region=\"Sauternes, France\",\n        year=2011,\n        grape_variety=\"S\u00e9millon, Sauvignon Blanc\",\n        sweetness_level='sweet',\n        body='full',\n        acidity='high',\n        tannin_level='low',\n        food_pairing=\"Foie gras\"\n    ),\n    Wine(\n        name=\"Santa Margherita Pinot Grigio\",\n        wine_type='white',\n        region=\"Veneto, Italy\",\n        year=2021,\n        grape_variety=\"Pinot Grigio\",\n        sweetness_level='dry',\n        body='light',\n        acidity='high',\n        tannin_level='low',\n        food_pairing=\"Light appetizers\"\n    )\n]\n```",
    "database": [
      {
        "name": "Domaine Ferret Pouilly-Fuiss\u00e9",
        "wine_type": "white",
        "region": "Burgundy, France",
        "year": 2018,
        "grape_variety": "Chardonnay",
        "sweetness_level": "dry",
        "body": "medium",
        "acidity": "medium",
        "tannin_level": "low",
        "food_pairing": "Creamy pasta"
      },
      {
        "name": "Santa Margherita Pinot Grigio",
        "wine_type": "white",
        "region": "Veneto, Italy",
        "year": 2021,
        "grape_variety": "Pinot Grigio",
        "sweetness_level": "dry",
        "body": "light",
        "acidity": "high",
        "tannin_level": "low",
        "food_pairing": "Light appetizers"
      },
      {
        "name": "Ch\u00e2teau Lafite Rothschild",
        "wine_type": "red",
        "region": "Bordeaux, France",
        "year": 2015,
        "grape_variety": "Merlot",
        "sweetness_level": "dry",
        "body": "full",
        "acidity": "medium",
        "tannin_level": "high",
        "food_pairing": "Roast beef"
      },
      {
        "name": "Bodega Norton Malbec",
        "wine_type": "red",
        "region": "Mendoza, Argentina",
        "year": 2017,
        "grape_variety": "Malbec",
        "sweetness_level": "dry",
        "body": "full",
        "acidity": "medium",
        "tannin_level": "high",
        "food_pairing": "Grilled steak"
      },
      {
        "name": "Cloudy Bay Sauvignon Blanc",
        "wine_type": "white",
        "region": "Marlborough, New Zealand",
        "year": 2020,
        "grape_variety": "Sauvignon Blanc",
        "sweetness_level": "dry",
        "body": "light",
        "acidity": "high",
        "tannin_level": "low",
        "food_pairing": "Seafood salad"
      },
      {
        "name": "Opus One",
        "wine_type": "red",
        "region": "Napa Valley, USA",
        "year": 2015,
        "grape_variety": "Cabernet Sauvignon",
        "sweetness_level": "dry",
        "body": "full",
        "acidity": "medium",
        "tannin_level": "high",
        "food_pairing": "Grilled lamb"
      },
      {
        "name": "Veuve Clicquot Brut",
        "wine_type": "sparkling",
        "region": "Champagne, France",
        "year": 2018,
        "grape_variety": "Chardonnay, Pinot Noir",
        "sweetness_level": "dry",
        "body": "medium",
        "acidity": "high",
        "tannin_level": "low",
        "food_pairing": "Oysters"
      },
      {
        "name": "Sierra Cantabria Rioja",
        "wine_type": "red",
        "region": "Rioja, Spain",
        "year": 2014,
        "grape_variety": "Tempranillo",
        "sweetness_level": "dry",
        "body": "full",
        "acidity": "medium",
        "tannin_level": "high",
        "food_pairing": "Paella"
      },
      {
        "name": "Kim Crawford Pinot Noir",
        "wine_type": "red",
        "region": "Marlborough, New Zealand",
        "year": 2019,
        "grape_variety": "Pinot Noir",
        "sweetness_level": "dry",
        "body": "medium",
        "acidity": "medium",
        "tannin_level": "medium",
        "food_pairing": "Roasted chicken"
      },
      {
        "name": "Ch\u00e2teau Margaux",
        "wine_type": "red",
        "region": "Bordeaux, France",
        "year": 2016,
        "grape_variety": "Cabernet Sauvignon",
        "sweetness_level": "dry",
        "body": "full",
        "acidity": "medium",
        "tannin_level": "high",
        "food_pairing": "Grilled steak"
      },
      {
        "name": "Ch\u00e2teauneuf-du-Pape",
        "wine_type": "red",
        "region": "Rh\u00f4ne, France",
        "year": 2016,
        "grape_variety": "Grenache",
        "sweetness_level": "dry",
        "body": "full",
        "acidity": "medium",
        "tannin_level": "high",
        "food_pairing": "Beef stew"
      },
      {
        "name": "Ch\u00e2teau Margaux",
        "wine_type": "red",
        "region": "Bordeaux, France",
        "year": 2015,
        "grape_variety": "Cabernet Sauvignon",
        "sweetness_level": "dry",
        "body": "full",
        "acidity": "medium",
        "tannin_level": "high",
        "food_pairing": "Grilled lamb"
      },
      {
        "name": "Ch\u00e2teau d'Yquem",
        "wine_type": "dessert",
        "region": "Sauternes, France",
        "year": 2011,
        "grape_variety": "S\u00e9millon, Sauvignon Blanc",
        "sweetness_level": "sweet",
        "body": "full",
        "acidity": "high",
        "tannin_level": "low",
        "food_pairing": "Foie gras"
      }
    ],
    "goal": {
      "name": "Ch\u00e2teau Margaux",
      "wine_type": "red",
      "region": "Bordeaux, France",
      "year": 2016,
      "grape_variety": "Cabernet Sauvignon",
      "sweetness_level": "dry",
      "body": "full",
      "acidity": "medium",
      "tannin_level": "high",
      "food_pairing": "Grilled steak"
    },
    "status": "complete"
  },
  {
    "domain": "desserts",
    "turns": [
      [
        "Speaking of perfect choices, could you help me find a cookie dessert?",
        {
          "name": null,
          "type": "cookie",
          "serving_size": null,
          "preparation_style": null,
          "sweetness_level": null,
          "dietary_restriction": null,
          "flavor_profile": null
        },
        "Absolutely! Do you have any specific preferences for the cookie, like sweetness level or dietary restrictions?"
      ],
      [
        "I'm looking for a nut-free cookie with a medium sweetness level.",
        {
          "name": null,
          "type": "cookie",
          "serving_size": null,
          "preparation_style": null,
          "sweetness_level": "medium",
          "dietary_restriction": "nut-free",
          "flavor_profile": null
        },
        "I have the perfect option: Oatmeal Raisin Cookies! They're nut-free and have a medium sweetness level. Would you like to go with that?"
      ],
      [
        "That sounds delicious! Are they baked?",
        {
          "name": "Oatmeal Raisin Cookies",
          "type": "cookie",
          "serving_size": null,
          "preparation_style": "baked",
          "sweetness_level": "medium",
          "dietary_restriction": "nut-free",
          "flavor_profile": null
        },
        "Yes, the Oatmeal Raisin Cookies are baked! Would you like to confirm your choice?"
      ],
      [
        "Yes, I'll go with the Oatmeal Raisin Cookies! Thank you!",
        {
          "name": "Oatmeal Raisin Cookies",
          "type": "cookie",
          "serving_size": null,
          "preparation_style": "baked",
          "sweetness_level": "medium",
          "dietary_restriction": "nut-free",
          "flavor_profile": null
        },
        "You're welcome! Enjoy your Oatmeal Raisin Cookies!"
      ]
    ],
    "preferences_code": "```python\npreferences = DessertPreferences(\n    name='Oatmeal Raisin Cookies',\n    type='cookie',\n    serving_size='single',\n    preparation_style='baked',\n    sweetness_level='medium',\n    dietary_restriction='nut-free',\n    flavor_profile='fruit',\n)\n```",
    "red_herrings_code": "```python\n# Global variable representing a list of similar dessert examples\nsimilar_desserts = [\n    DessertKnowledge(\n        name='Chocolate Chip Cookies',\n        type='cookie',\n        serving_size='single',\n        preparation_style='baked',\n        sweetness_level='high',\n        dietary_restriction='nut-free',\n        flavor_profile='chocolate',\n    ),\n    DessertKnowledge(\n        name='Oatmeal Raisin Cookies',\n        type='cookie',\n        serving_size='single',\n        preparation_style='baked',\n        sweetness_level='medium',\n        dietary_restriction='nut-free',\n        flavor_profile='fruit',\n    ),\n    DessertKnowledge(\n        name='Almond Cookies',\n        type='cookie',\n        serving_size='single',\n        preparation_style='baked',\n        sweetness_level='high',\n        dietary_restriction='gluten-free',\n        flavor_profile='nutty',\n    ),\n]\n```",
    "database_code": "```python\n# Global variable representing a list of dessert examples known by the chef\ndessert_examples = [\n    DessertKnowledge(name=\"Chocolate Cake\", type=\"cake\", serving_size=\"single\", \n                     preparation_style=\"baked\", sweetness_level=\"high\", \n                     dietary_restriction=\"gluten-free\", flavor_profile=\"chocolate\"),\n    \n    DessertKnowledge(name=\"Apple Pie\", type=\"pie\", serving_size=\"share\", \n                     preparation_style=\"baked\", sweetness_level=\"medium\", \n                     dietary_restriction=\"none\", flavor_profile=\"fruit\"),\n    \n    DessertKnowledge(name=\"Vanilla Ice Cream\", type=\"ice cream\", serving_size=\"single\", \n                     preparation_style=\"frozen\", sweetness_level=\"high\", \n                     dietary_restriction=\"dairy-free\", flavor_profile=\"vanilla\"),\n    \n    DessertKnowledge(name=\"Chocolate Pudding\", type=\"pudding\", serving_size=\"family\", \n                     preparation_style=\"raw\", sweetness_level=\"medium\", \n                     dietary_restriction=\"gluten-free\", flavor_profile=\"chocolate\"),\n    \n    DessertKnowledge(name=\"Fruit Tart\", type=\"pastry\", serving_size=\"share\", \n                     preparation_style=\"baked\", sweetness_level=\"medium\", \n                     dietary_restriction=\"none\", flavor_profile=\"fruit\"),\n    \n    DessertKnowledge(name=\"Peanut Butter Cookies\", type=\"cookie\", serving_size=\"single\", \n                     preparation_style=\"baked\", sweetness_level=\"high\", \n                     dietary_restriction=\"nut-free\", flavor_profile=\"nutty\"),\n    \n    DessertKnowledge(name=\"Mango Sorbet\", type=\"ice cream\", serving_size=\"single\", \n                     preparation_style=\"frozen\", sweetness_level=\"medium\", \n                     dietary_restriction=\"vegan\", flavor_profile=\"fruit\"),\n    \n    DessertKnowledge(name=\"Lemon Meringue Pie\", type=\"pie\", serving_size=\"share\", \n                     preparation_style=\"baked\", sweetness_level=\"high\", \n                     dietary_restriction=\"none\", flavor_profile=\"fruit\"),\n    \n    DessertKnowledge(name=\"Churros\", type=\"pastry\", serving_size=\"family\", \n                     preparation_style=\"fried\", sweetness_level=\"high\", \n                     dietary_restriction=\"none\", flavor_profile=\"savory\"),\n    \n    DessertKnowledge(name=\"Raw Chocolate Brownies\", type=\"cake\", serving_size=\"single\", \n                     preparation_style=\"raw\", sweetness_level=\"medium\", \n                     dietary_restriction=\"gluten-free\", flavor_profile=\"chocolate\")\n]\n```",
    "database": [
      {
        "name": "Almond Cookies",
        "type": "cookie",
        "serving_size": "single",
        "preparation_style": "baked",
        "sweetness_level": "high",
        "dietary_restriction": "gluten-free",
        "flavor_profile": "nutty"
      },
      {
        "name": "Chocolate Chip Cookies",
        "type": "cookie",
        "serving_size": "single",
        "preparation_style": "baked",
        "sweetness_level": "high",
        "dietary_restriction": "nut-free",
        "flavor_profile": "chocolate"
      },
      {
        "name": "Oatmeal Raisin Cookies",
        "type": "cookie",
        "serving_size": "single",
        "preparation_style": "baked",
        "sweetness_level": "medium",
        "dietary_restriction": "nut-free",
        "flavor_profile": "fruit"
      },
      {
        "name": "Churros",
        "type": "pastry",
        "serving_size": "family",
        "preparation_style": "fried",
        "sweetness_level": "high",
        "dietary_restriction": "none",
        "flavor_profile": "savory"
      },
      {
        "name": "Chocolate Pudding",
        "type": "pudding",
        "serving_size": "family",
        "preparation_style": "raw",
        "sweetness_level": "medium",
        "dietary_restriction": "gluten-free",
        "flavor_profile": "chocolate"
      },
      {
        "name": "Peanut Butter Cookies",
        "type": "cookie",
        "serving_size": "single",
        "preparation_style": "baked",
        "sweetness_level": "high",
        "dietary_restriction": "nut-free",
        "flavor_profile": "nutty"
      },
      {
        "name": "Chocolate Cake",
        "type": "cake",
        "serving_size": "single",
        "preparation_style": "baked",
        "sweetness_level": "high",
        "dietary_restriction": "gluten-free",
        "flavor_profile": "chocolate"
      },
      {
        "name": "Raw Chocolate Brownies",
        "type": "cake",
        "serving_size": "single",
        "preparation_style": "raw",
        "sweetness_level": "medium",
        "dietary_restriction": "gluten-free",
        "flavor_profile": "chocolate"
      },
      {
        "name": "Lemon Meringue Pie",
        "type": "pie",
        "serving_size": "share",
        "preparation_style": "baked",
        "sweetness_level": "high",
        "dietary_restriction": "none",
        "flavor_profile": "fruit"
      },
      {
        "name": "Apple Pie",
        "type": "pie",
        "serving_size": "share",
        "preparation_style": "baked",
        "sweetness_level": "medium",
        "dietary_restriction": "none",
        "flavor_profile": "fruit"
      },
      {
        "name": "Fruit Tart",
        "type": "pastry",
        "serving_size": "share",
        "preparation_style": "baked",
        "sweetness_level": "medium",
        "dietary_restriction": "none",
        "flavor_profile": "fruit"
      },
      {
        "name": "Mango Sorbet",
        "type": "ice cream",
        "serving_size": "single",
        "preparation_style": "frozen",
        "sweetness_level": "medium",
        "dietary_restriction": "vegan",
        "flavor_profile": "fruit"
      },
      {
        "name": "Vanilla Ice Cream",
        "type": "ice cream",
        "serving_size": "single",
        "preparation_style": "frozen",
        "sweetness_level": "high",
        "dietary_restriction": "dairy-free",
        "flavor_profile": "vanilla"
      }
    ],
    "goal": {
      "name": "Oatmeal Raisin Cookies",
      "type": "cookie",
      "serving_size": "single",
      "preparation_style": "baked",
      "sweetness_level": "medium",
      "dietary_restriction": "nut-free",
      "flavor_profile": "fruit"
    },
    "status": "complete"
  }
]