[
  {
    "searcher": "food critic",
    "recommender": "chef",
    "dialogue": "A food critic is getting help from a chef to find the right tasting menu",
    "item_type": "tasting menu",
    "criteria": [
      "cuisine",
      "seasonality",
      "price_range"
    ],
    "searcher_schema_code": "```python\nfrom dataclasses import dataclass\nfrom typing import Optional, Literal\n\n@dataclass\nclass TastingMenuCriteria:\n    \"\"\"A class to represent the criteria and preferences for finding a tasting menu.\"\"\"\n\n    name: Optional[str] = None\n    \"\"\"The name of the specific tasting menu the food critic is looking for.\"\"\"\n\n    cuisine: Optional[Literal['French', 'Italian', 'Japanese', 'Mexican', 'Indian']] = None\n    \"\"\"The preferred cuisine type for the tasting menu.\"\"\"\n\n    seasonality: Optional[Literal['Spring', 'Summer', 'Autumn', 'Winter']] = None\n    \"\"\"The preferred seasonality for the tasting menu.\"\"\"\n\n    price_range: Optional[Literal['Budget', 'Mid-range', 'Premium']] = None\n    \"\"\"The preferred price range for the tasting menu.\"\"\"\n\n    dietary_restrictions: Optional[Literal['Vegan', 'Vegetarian', 'Gluten-Free', 'None']] = None\n    \"\"\"Any dietary restrictions to consider for the tasting menu.\"\"\"\n\n    location: Optional[str] = None\n    \"\"\"The preferred location for the tasting menu, such as a city or specific area.\"\"\"\n\n    duration: Optional[int] = None\n    \"\"\"The preferred duration in minutes for the entire tasting menu experience.\"\"\"\n```",
    "recommender_schema_code": "```python\nfrom dataclasses import dataclass\nfrom typing import Optional, Literal\n\n@dataclass\nclass TastingMenu:\n    \"\"\"A class to represent a chef's knowledge of a specific tasting menu.\"\"\"\n\n    name: Optional[str] = None\n    \"\"\"The name of the tasting menu.\"\"\"\n\n    cuisine: Optional[Literal['French', 'Italian', 'Japanese', 'Mexican', 'Indian']] = None\n    \"\"\"The cuisine type of the tasting menu.\"\"\"\n\n    seasonality: Optional[Literal['Spring', 'Summer', 'Autumn', 'Winter']] = None\n    \"\"\"The seasonality of the tasting menu.\"\"\"\n\n    price_range: Optional[Literal['Budget', 'Mid-range', 'Premium']] = None\n    \"\"\"The price range of the tasting menu.\"\"\"\n\n    dietary_restrictions: Optional[Literal['Vegan', 'Vegetarian', 'Gluten-Free', 'None']] = None\n    \"\"\"The dietary accommodations offered by the tasting menu.\"\"\"\n\n    location: Optional[str] = None\n    \"\"\"The location where the tasting menu is offered.\"\"\"\n\n    duration: Optional[int] = None\n    \"\"\"The duration in minutes of the tasting menu experience.\"\"\"\n\n    def matches_criteria(self, criteria: TastingMenuCriteria) -> bool:\n        \"\"\"\n        Determine if this tasting menu matches the given criteria.\n\n        Args:\n            criteria (TastingMenuCriteria): The criteria to match against.\n\n        Returns:\n            bool: True if the tasting menu matches the criteria; False otherwise.\n        \"\"\"\n        if criteria.name is not None and self.name != criteria.name:\n            return False\n        if criteria.cuisine is not None and self.cuisine != criteria.cuisine:\n            return False\n        if criteria.seasonality is not None and self.seasonality != criteria.seasonality:\n            return False\n        if criteria.price_range is not None and self.price_range != criteria.price_range:\n            return False\n        if criteria.dietary_restrictions is not None and self.dietary_restrictions != criteria.dietary_restrictions:\n            return False\n        if criteria.location is not None and self.location != criteria.location:\n            return False\n        if criteria.duration is not None and self.duration != criteria.duration:\n            return False\n        return True\n```",
    "searcher_schema": {
      "name": {
        "type": "typing.Optional[str]",
        "desc": "The name of the specific tasting menu the food critic is looking for."
      },
      "cuisine": {
        "type": "typing.Optional[typing.Literal['French', 'Italian', 'Japanese', 'Mexican', 'Indian']]",
        "desc": "The preferred cuisine type for the tasting menu."
      },
      "seasonality": {
        "type": "typing.Optional[typing.Literal['Spring', 'Summer', 'Autumn', 'Winter']]",
        "desc": "The preferred seasonality for the tasting menu."
      },
      "price_range": {
        "type": "typing.Optional[typing.Literal['Budget', 'Mid-range', 'Premium']]",
        "desc": "The preferred price range for the tasting menu."
      },
      "dietary_restrictions": {
        "type": "typing.Optional[typing.Literal['Vegan', 'Vegetarian', 'Gluten-Free', 'None']]",
        "desc": "Any dietary restrictions to consider for the tasting menu."
      },
      "location": {
        "type": "typing.Optional[str]",
        "desc": "The preferred location for the tasting menu, such as a city or specific area."
      },
      "duration": {
        "type": "typing.Optional[int]",
        "desc": "The preferred duration in minutes for the entire tasting menu experience."
      }
    },
    "recommender_schema": {
      "name": {
        "type": "typing.Optional[str]",
        "desc": "The name of the tasting menu."
      },
      "cuisine": {
        "type": "typing.Optional[typing.Literal['French', 'Italian', 'Japanese', 'Mexican', 'Indian']]",
        "desc": "The cuisine type of the tasting menu."
      },
      "seasonality": {
        "type": "typing.Optional[typing.Literal['Spring', 'Summer', 'Autumn', 'Winter']]",
        "desc": "The seasonality of the tasting menu."
      },
      "price_range": {
        "type": "typing.Optional[typing.Literal['Budget', 'Mid-range', 'Premium']]",
        "desc": "The price range of the tasting menu."
      },
      "dietary_restrictions": {
        "type": "typing.Optional[typing.Literal['Vegan', 'Vegetarian', 'Gluten-Free', 'None']]",
        "desc": "The dietary accommodations offered by the tasting menu."
      },
      "location": {
        "type": "typing.Optional[str]",
        "desc": "The location where the tasting menu is offered."
      },
      "duration": {
        "type": "typing.Optional[int]",
        "desc": "The duration in minutes of the tasting menu experience."
      }
    }
  },
  {
    "searcher": "food critic",
    "recommender": "chef",
    "dialogue": "A food critic is getting help from a chef to find the right paired wines",
    "item_type": "paired wines",
    "criteria": [
      "wine_type",
      "region",
      "year"
    ],
    "searcher_schema_code": "```python\nfrom dataclasses import dataclass\nfrom typing import Optional, Literal\n\n@dataclass\nclass WinePairingCriteria:\n    \"\"\"Class to represent criteria and preferences for finding paired wines.\"\"\"\n    \n    name: Optional[str] = None\n    \"\"\"The specific name of a wine if the critic has a particular wine in mind.\"\"\"\n    \n    wine_type: Optional[Literal['red', 'white', 'ros\u00e9', 'sparkling', 'dessert']] = None\n    \"\"\"The type of the wine, which can be red, white, ros\u00e9, sparkling, or dessert.\"\"\"\n    \n    region: Optional[str] = None\n    \"\"\"The wine-producing region from which the critic prefers the wine to come from.\"\"\"\n    \n    year: Optional[int] = None\n    \"\"\"The vintage year of the wine, representing the year the grapes were harvested.\"\"\"\n    \n    grape_variety: Optional[str] = None\n    \"\"\"The variety of grape used in the wine, such as Cabernet Sauvignon, Chardonnay, etc.\"\"\"\n    \n    sweetness_level: Optional[Literal['dry', 'off-dry', 'medium', 'sweet']] = None\n    \"\"\"The sweetness level of the wine, which can be dry, off-dry, medium, or sweet.\"\"\"\n    \n    body: Optional[Literal['light', 'medium', 'full']] = None\n    \"\"\"The body of the wine, indicating light, medium, or full-bodied wine preferences.\"\"\"\n    \n    acidity: Optional[Literal['low', 'medium', 'high']] = None\n    \"\"\"The acidity level of the wine, which can be low, medium, or high.\"\"\"\n    \n    tannin_level: Optional[Literal['low', 'medium', 'high']] = None\n    \"\"\"The tannin level of the wine, applicable primarily to red wines, it can be low, medium, or high.\"\"\"\n    \n    food_pairing: Optional[str] = None\n    \"\"\"Specific food or dish the wine should pair well with.\"\"\"\n```\n",
    "recommender_schema_code": "```python\nfrom dataclasses import dataclass\nfrom typing import Optional, Literal\n\n@dataclass\nclass Wine:\n    \"\"\"Class to represent the chef's knowledge of each paired wine.\"\"\"\n\n    name: Optional[str] = None\n    \"\"\"The name of the wine.\"\"\"\n\n    wine_type: Optional[Literal['red', 'white', 'ros\u00e9', 'sparkling', 'dessert']] = None\n    \"\"\"The type of the wine, which can be red, white, ros\u00e9, sparkling, or dessert.\"\"\"\n\n    region: Optional[str] = None\n    \"\"\"The wine-producing region where the wine is made.\"\"\"\n\n    year: Optional[int] = None\n    \"\"\"The vintage year of the wine.\"\"\"\n\n    grape_variety: Optional[str] = None\n    \"\"\"The variety of grape used in the wine.\"\"\"\n\n    sweetness_level: Optional[Literal['dry', 'off-dry', 'medium', 'sweet']] = None\n    \"\"\"The sweetness level of the wine.\"\"\"\n\n    body: Optional[Literal['light', 'medium', 'full']] = None\n    \"\"\"The body of the wine, indicating whether it is light, medium, or full-bodied.\"\"\"\n\n    acidity: Optional[Literal['low', 'medium', 'high']] = None\n    \"\"\"The acidity level of the wine.\"\"\"\n\n    tannin_level: Optional[Literal['low', 'medium', 'high']] = None\n    \"\"\"The tannin level of the wine.\"\"\"\n\n    food_pairing: Optional[str] = None\n    \"\"\"The food or dish the wine pairs well with.\"\"\"\n\n    def matches_criteria(self, criteria: WinePairingCriteria) -> bool:\n        \"\"\"Check if this wine matches the given pairing criteria.\"\"\"\n\n        if criteria.name and self.name != criteria.name:\n            return False\n        if criteria.wine_type and self.wine_type != criteria.wine_type:\n            return False\n        if criteria.region and self.region != criteria.region:\n            return False\n        if criteria.year and self.year != criteria.year:\n            return False\n        if criteria.grape_variety and self.grape_variety != criteria.grape_variety:\n            return False\n        if criteria.sweetness_level and self.sweetness_level != criteria.sweetness_level:\n            return False\n        if criteria.body and self.body != criteria.body:\n            return False\n        if criteria.acidity and self.acidity != criteria.acidity:\n            return False\n        if criteria.tannin_level and self.tannin_level != criteria.tannin_level:\n            return False\n        if criteria.food_pairing and self.food_pairing != criteria.food_pairing:\n            return False\n\n        return True\n```",
    "searcher_schema": {
      "name": {
        "type": "typing.Optional[str]",
        "desc": "The specific name of a wine if the critic has a particular wine in mind."
      },
      "wine_type": {
        "type": "typing.Optional[typing.Literal['red', 'white', 'ros\u00e9', 'sparkling', 'dessert']]",
        "desc": "The type of the wine, which can be red, white, ros\u00e9, sparkling, or dessert."
      },
      "region": {
        "type": "typing.Optional[str]",
        "desc": "The wine-producing region from which the critic prefers the wine to come from."
      },
      "year": {
        "type": "typing.Optional[int]",
        "desc": "The vintage year of the wine, representing the year the grapes were harvested."
      },
      "grape_variety": {
        "type": "typing.Optional[str]",
        "desc": "The variety of grape used in the wine, such as Cabernet Sauvignon, Chardonnay, etc."
      },
      "sweetness_level": {
        "type": "typing.Optional[typing.Literal['dry', 'off-dry', 'medium', 'sweet']]",
        "desc": "The sweetness level of the wine, which can be dry, off-dry, medium, or sweet."
      },
      "body": {
        "type": "typing.Optional[typing.Literal['light', 'medium', 'full']]",
        "desc": "The body of the wine, indicating light, medium, or full-bodied wine preferences."
      },
      "acidity": {
        "type": "typing.Optional[typing.Literal['low', 'medium', 'high']]",
        "desc": "The acidity level of the wine, which can be low, medium, or high."
      },
      "tannin_level": {
        "type": "typing.Optional[typing.Literal['low', 'medium', 'high']]",
        "desc": "The tannin level of the wine, applicable primarily to red wines, it can be low, medium, or high."
      },
      "food_pairing": {
        "type": "typing.Optional[str]",
        "desc": "Specific food or dish the wine should pair well with."
      }
    },
    "recommender_schema": {
      "name": {
        "type": "typing.Optional[str]",
        "desc": "The name of the wine."
      },
      "wine_type": {
        "type": "typing.Optional[typing.Literal['red', 'white', 'ros\u00e9', 'sparkling', 'dessert']]",
        "desc": "The type of the wine, which can be red, white, ros\u00e9, sparkling, or dessert."
      },
      "region": {
        "type": "typing.Optional[str]",
        "desc": "The wine-producing region where the wine is made."
      },
      "year": {
        "type": "typing.Optional[int]",
        "desc": "The vintage year of the wine."
      },
      "grape_variety": {
        "type": "typing.Optional[str]",
        "desc": "The variety of grape used in the wine."
      },
      "sweetness_level": {
        "type": "typing.Optional[typing.Literal['dry', 'off-dry', 'medium', 'sweet']]",
        "desc": "The sweetness level of the wine."
      },
      "body": {
        "type": "typing.Optional[typing.Literal['light', 'medium', 'full']]",
        "desc": "The body of the wine, indicating whether it is light, medium, or full-bodied."
      },
      "acidity": {
        "type": "typing.Optional[typing.Literal['low', 'medium', 'high']]",
        "desc": "The acidity level of the wine."
      },
      "tannin_level": {
        "type": "typing.Optional[typing.Literal['low', 'medium', 'high']]",
        "desc": "The tannin level of the wine."
      },
      "food_pairing": {
        "type": "typing.Optional[str]",
        "desc": "The food or dish the wine pairs well with."
      }
    }
  },
  {
    "searcher": "food critic",
    "recommender": "chef",
    "dialogue": "A food critic is getting help from a chef to find the right desserts",
    "item_type": "desserts",
    "criteria": [
      "type",
      "serving_size",
      "preparation_style"
    ],
    "searcher_schema_code": "```python\nfrom dataclasses import dataclass\nfrom typing import Optional, Literal\n\n@dataclass\nclass DessertPreferences:\n    \"\"\"\n    A dataclass representing the preferences and criteria for finding desserts.\n    \"\"\"\n\n    name: Optional[str] = None\n    \"\"\"Optional; the specific name of the dessert the critic is searching for.\"\"\"\n\n    type: Optional[Literal['cake', 'pie', 'ice cream', 'pudding', 'pastry', 'cookie']] = None\n    \"\"\"Optional; the type of dessert, chosen from a fixed set of possible types.\"\"\"\n\n    serving_size: Optional[Literal['single', 'share', 'family']] = None\n    \"\"\"Optional; the size of the serving desired, with options for single, share, or family-sized portions.\"\"\"\n\n    preparation_style: Optional[Literal['baked', 'frozen', 'fried', 'raw', 'grilled']] = None\n    \"\"\"Optional; the preferred preparation style of the dessert, selected from a fixed set of styles.\"\"\"\n\n    sweetness_level: Optional[Literal['low', 'medium', 'high']] = None\n    \"\"\"Optional; the desired level of sweetness in the dessert, ranging from low to high.\"\"\"\n\n    dietary_restriction: Optional[Literal['gluten-free', 'vegan', 'nut-free', 'dairy-free', 'sugar-free']] = None\n    \"\"\"Optional; any dietary restrictions to be considered when selecting a dessert, from a set list of restrictions.\"\"\"\n\n    flavor_profile: Optional[Literal['chocolate', 'vanilla', 'fruit', 'nutty', 'spicy', 'savory']] = None\n    \"\"\"Optional; the flavor profile preference for the dessert, selected from a fixed set of profiles.\"\"\"\n```\n",
    "recommender_schema_code": "```python\nfrom dataclasses import dataclass\nfrom typing import Optional, Literal\n\n@dataclass\nclass DessertKnowledge:\n    \"\"\"\n    A dataclass representing the chef's knowledge of a specific dessert.\n    \"\"\"\n\n    name: Optional[str] = None\n    \"\"\"Optional; the specific name of the dessert known by the chef.\"\"\"\n\n    type: Optional[Literal['cake', 'pie', 'ice cream', 'pudding', 'pastry', 'cookie']] = None\n    \"\"\"Optional; the type of dessert, known by the chef, chosen from a fixed set of possible types.\"\"\"\n\n    serving_size: Optional[Literal['single', 'share', 'family']] = None\n    \"\"\"Optional; the size of the serving known by the chef, with options for single, share, or family-sized portions.\"\"\"\n\n    preparation_style: Optional[Literal['baked', 'frozen', 'fried', 'raw', 'grilled']] = None\n    \"\"\"Optional; the known preparation style of the dessert, selected from a fixed set of styles.\"\"\"\n\n    sweetness_level: Optional[Literal['low', 'medium', 'high']] = None\n    \"\"\"Optional; the known level of sweetness in the dessert, ranging from low to high.\"\"\"\n\n    dietary_restriction: Optional[Literal['gluten-free', 'vegan', 'nut-free', 'dairy-free', 'sugar-free']] = None\n    \"\"\"Optional; any known dietary restrictions for the dessert, from a set list of restrictions.\"\"\"\n\n    flavor_profile: Optional[Literal['chocolate', 'vanilla', 'fruit', 'nutty', 'spicy', 'savory']] = None\n    \"\"\"Optional; the known flavor profile of the dessert, selected from a fixed set of profiles.\"\"\"\n\n    def matches_criteria(self, criteria: DessertPreferences) -> bool:\n        \"\"\"\n        Determines if the dessert matches the given search criteria.\n\n        :param criteria: DessertPreferences object containing the search criteria.\n        :return: True if the dessert matches all specified criteria, False otherwise.\n        \"\"\"\n        if criteria.name is not None and self.name != criteria.name:\n            return False\n        if criteria.type is not None and self.type != criteria.type:\n            return False\n        if criteria.serving_size is not None and self.serving_size != criteria.serving_size:\n            return False\n        if criteria.preparation_style is not None and self.preparation_style != criteria.preparation_style:\n            return False\n        if criteria.sweetness_level is not None and self.sweetness_level != criteria.sweetness_level:\n            return False\n        if criteria.dietary_restriction is not None and self.dietary_restriction != criteria.dietary_restriction:\n            return False\n        if criteria.flavor_profile is not None and self.flavor_profile != criteria.flavor_profile:\n            return False\n        return True\n```",
    "searcher_schema": {
      "name": {
        "type": "typing.Optional[str]",
        "desc": ""
      },
      "type": {
        "type": "typing.Optional[typing.Literal['cake', 'pie', 'ice cream', 'pudding', 'pastry', 'cookie']]",
        "desc": "Optional; the specific name of the dessert the critic is searching for."
      },
      "serving_size": {
        "type": "typing.Optional[typing.Literal['single', 'share', 'family']]",
        "desc": "Optional; the type of dessert, chosen from a fixed set of possible types."
      },
      "preparation_style": {
        "type": "typing.Optional[typing.Literal['baked', 'frozen', 'fried', 'raw', 'grilled']]",
        "desc": "Optional; the size of the serving desired, with options for single, share, or family-sized portions."
      },
      "sweetness_level": {
        "type": "typing.Optional[typing.Literal['low', 'medium', 'high']]",
        "desc": "Optional; the preferred preparation style of the dessert, selected from a fixed set of styles."
      },
      "dietary_restriction": {
        "type": "typing.Optional[typing.Literal['gluten-free', 'vegan', 'nut-free', 'dairy-free', 'sugar-free']]",
        "desc": "Optional; the desired level of sweetness in the dessert, ranging from low to high."
      },
      "flavor_profile": {
        "type": "typing.Optional[typing.Literal['chocolate', 'vanilla', 'fruit', 'nutty', 'spicy', 'savory']]",
        "desc": "Optional; any dietary restrictions to be considered when selecting a dessert, from a set list of restrictions."
      }
    },
    "recommender_schema": {
      "name": {
        "type": "typing.Optional[str]",
        "desc": ""
      },
      "type": {
        "type": "typing.Optional[typing.Literal['cake', 'pie', 'ice cream', 'pudding', 'pastry', 'cookie']]",
        "desc": "Optional; the specific name of the dessert known by the chef."
      },
      "serving_size": {
        "type": "typing.Optional[typing.Literal['single', 'share', 'family']]",
        "desc": "Optional; the type of dessert, known by the chef, chosen from a fixed set of possible types."
      },
      "preparation_style": {
        "type": "typing.Optional[typing.Literal['baked', 'frozen', 'fried', 'raw', 'grilled']]",
        "desc": "Optional; the size of the serving known by the chef, with options for single, share, or family-sized portions."
      },
      "sweetness_level": {
        "type": "typing.Optional[typing.Literal['low', 'medium', 'high']]",
        "desc": "Optional; the known preparation style of the dessert, selected from a fixed set of styles."
      },
      "dietary_restriction": {
        "type": "typing.Optional[typing.Literal['gluten-free', 'vegan', 'nut-free', 'dairy-free', 'sugar-free']]",
        "desc": "Optional; the known level of sweetness in the dessert, ranging from low to high."
      },
      "flavor_profile": {
        "type": "typing.Optional[typing.Literal['chocolate', 'vanilla', 'fruit', 'nutty', 'spicy', 'savory']]",
        "desc": "Optional; any known dietary restrictions for the dessert, from a set list of restrictions."
      }
    }
  }
]