[
  {
    "domain": "foundation",
    "turns": [
      [
        "I'm looking for a medium coverage foundation with a satin finish. Any recommendations?",
        {
          "name": null,
          "coverage": "medium",
          "finish": "satin",
          "skin_type": null,
          "undertone": null,
          "longevity": null,
          "spf": null,
          "cruelty_free": null,
          "vegan": null,
          "price_range": null
        },
        "Sure! How about the \"Luminous Touch\"? It has medium coverage and a satin finish."
      ],
      [
        "Does it work well for combination skin?",
        {
          "name": "Luminous Touch",
          "coverage": "medium",
          "finish": "satin",
          "skin_type": "combination",
          "undertone": null,
          "longevity": null,
          "spf": null,
          "cruelty_free": null,
          "vegan": null,
          "price_range": null
        },
        "Yes, it\u2019s suitable for combination skin! Would you like to know more about it?"
      ],
      [
        "What about the undertone? Is it good for cool undertones?",
        {
          "name": "Luminous Touch",
          "coverage": "medium",
          "finish": "satin",
          "skin_type": "combination",
          "undertone": "cool",
          "longevity": null,
          "spf": null,
          "cruelty_free": null,
          "vegan": null,
          "price_range": null
        },
        "It has a neutral undertone, which can work for cool undertones too. Does that work for you?"
      ],
      [
        "That could work! How long does it last throughout the day?",
        {
          "name": "Luminous Touch",
          "coverage": "medium",
          "finish": "satin",
          "skin_type": "combination",
          "undertone": "neutral",
          "longevity": null,
          "spf": null,
          "cruelty_free": null,
          "vegan": null,
          "price_range": null
        },
        "It has a medium longevity, so it should last a good part of the day. Does that sound good?"
      ],
      [
        "Yes, that sounds perfect! What's the price range for this foundation?",
        {
          "name": "Luminous Touch",
          "coverage": "medium",
          "finish": "satin",
          "skin_type": "combination",
          "undertone": "neutral",
          "longevity": "medium",
          "spf": null,
          "cruelty_free": null,
          "vegan": null,
          "price_range": null
        },
        "The \"Luminous Touch\" is in the budget price range. Would you like to go with that?"
      ],
      [
        "Yes, let's go with the \"Luminous Touch\"!",
        {
          "name": "Luminous Touch",
          "coverage": "medium",
          "finish": "satin",
          "skin_type": "combination",
          "undertone": "neutral",
          "longevity": "medium",
          "spf": null,
          "cruelty_free": null,
          "vegan": null,
          "price_range": "budget"
        },
        "Great choice! Enjoy your new foundation!"
      ]
    ],
    "preferences_code": "```python\npreferences = FoundationPreferences(\n    name='Luminous Touch',\n    coverage='medium',\n    finish='satin',\n    skin_type='combination',\n    undertone='cool',\n    longevity='medium',\n    spf=False,\n    cruelty_free=False,\n    vegan=False,\n    price_range='budget',\n)\n```",
    "red_herrings_code": "```python\n# A global list of foundation examples representing similar search results.\nfoundation_examples = [\n    Foundation(\n        name='Satin Glow',\n        coverage='light',\n        finish='satin',\n        skin_type='normal',\n        undertone='cool',\n        longevity='short',\n        spf=False,\n        cruelty_free=False,\n        vegan=False,\n        price_range='budget',\n    ),\n    Foundation(\n        name='Radiant Silk',\n        coverage='light',\n        finish='dewy',\n        skin_type='combination',\n        undertone='neutral',\n        longevity='short',\n        spf=False,\n        cruelty_free=False,\n        vegan=False,\n        price_range='mid-range',\n    ),\n    Foundation(\n        name='Luminous Touch',\n        coverage='medium',\n        finish='satin',\n        skin_type='combination',\n        undertone='cool',\n        longevity='medium',\n        spf=False,\n        cruelty_free=False,\n        vegan=False,\n        price_range='budget',\n    ),\n]\n```",
    "database_code": "```python\nfoundations_list = [\n    Foundation(\n        name=\"Matte Perfection\",\n        coverage=\"full\",\n        finish=\"matte\",\n        skin_type=\"oily\",\n        undertone=\"neutral\",\n        longevity=\"long\",\n        spf=True,\n        cruelty_free=True,\n        vegan=False,\n        price_range=\"mid-range\"\n    ),\n    Foundation(\n        name=\"Dewy Glow\",\n        coverage=\"medium\",\n        finish=\"dewy\",\n        skin_type=\"dry\",\n        undertone=\"warm\",\n        longevity=\"medium\",\n        spf=False,\n        cruelty_free=True,\n        vegan=True,\n        price_range=\"high-end\"\n    ),\n    Foundation(\n        name=\"Satin Radiance\",\n        coverage=\"light\",\n        finish=\"satin\",\n        skin_type=\"combination\",\n        undertone=\"cool\",\n        longevity=\"short\",\n        spf=False,\n        cruelty_free=False,\n        vegan=False,\n        price_range=\"budget\"\n    ),\n    Foundation(\n        name=\"Ultra Matte\",\n        coverage=\"full\",\n        finish=\"matte\",\n        skin_type=\"oily\",\n        undertone=\"warm\",\n        longevity=\"long\",\n        spf=True,\n        cruelty_free=True,\n        vegan=True,\n        price_range=\"high-end\"\n    ),\n    Foundation(\n        name=\"Hydrating Foundation\",\n        coverage=\"medium\",\n        finish=\"dewy\",\n        skin_type=\"dry\",\n        undertone=\"neutral\",\n        longevity=\"medium\",\n        spf=True,\n        cruelty_free=False,\n        vegan=False,\n        price_range=\"mid-range\"\n    ),\n    Foundation(\n        name=\"Silk Finish\",\n        coverage=\"light\",\n        finish=\"satin\",\n        skin_type=\"normal\",\n        undertone=\"cool\",\n        longevity=\"long\",\n        spf=False,\n        cruelty_free=True,\n        vegan=True,\n        price_range=\"mid-range\"\n    ),\n    Foundation(\n        name=\"Longwear Matte\",\n        coverage=\"full\",\n        finish=\"matte\",\n        skin_type=\"combination\",\n        undertone=\"warm\",\n        longevity=\"long\",\n        spf=False,\n        cruelty_free=False,\n        vegan=False,\n        price_range=\"budget\"\n    ),\n    Foundation(\n        name=\"Natural Glow\",\n        coverage=\"medium\",\n        finish=\"dewy\",\n        skin_type=\"normal\",\n        undertone=\"neutral\",\n        longevity=\"medium\",\n        spf=True,\n        cruelty_free=True,\n        vegan=True,\n        price_range=\"high-end\"\n    ),\n    Foundation(\n        name=\"Everyday Wear\",\n        coverage=\"light\",\n        finish=\"satin\",\n        skin_type=\"dry\",\n        undertone=\"warm\",\n        longevity=\"short\",\n        spf=False,\n        cruelty_free=True,\n        vegan=False,\n        price_range=\"mid-range\"\n    ),\n    Foundation(\n        name=\"Complete Coverage\",\n        coverage=\"full\",\n        finish=\"matte\",\n        skin_type=\"oily\",\n        undertone=\"cool\",\n        longevity=\"long\",\n        spf=True,\n        cruelty_free=True,\n        vegan=True,\n        price_range=\"high-end\"\n    )\n]\n```",
    "database": [
      {
        "name": "Satin Glow",
        "coverage": "light",
        "finish": "satin",
        "skin_type": "normal",
        "undertone": "cool",
        "longevity": "short",
        "spf": false,
        "cruelty_free": false,
        "vegan": false,
        "price_range": "budget"
      },
      {
        "name": "Natural Glow",
        "coverage": "medium",
        "finish": "dewy",
        "skin_type": "normal",
        "undertone": "neutral",
        "longevity": "medium",
        "spf": true,
        "cruelty_free": true,
        "vegan": true,
        "price_range": "high-end"
      },
      {
        "name": "Hydrating Foundation",
        "coverage": "medium",
        "finish": "dewy",
        "skin_type": "dry",
        "undertone": "neutral",
        "longevity": "medium",
        "spf": true,
        "cruelty_free": false,
        "vegan": false,
        "price_range": "mid-range"
      },
      {
        "name": "Matte Perfection",
        "coverage": "full",
        "finish": "matte",
        "skin_type": "oily",
        "undertone": "neutral",
        "longevity": "long",
        "spf": true,
        "cruelty_free": true,
        "vegan": false,
        "price_range": "mid-range"
      },
      {
        "name": "Everyday Wear",
        "coverage": "light",
        "finish": "satin",
        "skin_type": "dry",
        "undertone": "warm",
        "longevity": "short",
        "spf": false,
        "cruelty_free": true,
        "vegan": false,
        "price_range": "mid-range"
      },
      {
        "name": "Complete Coverage",
        "coverage": "full",
        "finish": "matte",
        "skin_type": "oily",
        "undertone": "cool",
        "longevity": "long",
        "spf": true,
        "cruelty_free": true,
        "vegan": true,
        "price_range": "high-end"
      },
      {
        "name": "Satin Radiance",
        "coverage": "light",
        "finish": "satin",
        "skin_type": "combination",
        "undertone": "cool",
        "longevity": "short",
        "spf": false,
        "cruelty_free": false,
        "vegan": false,
        "price_range": "budget"
      },
      {
        "name": "Silk Finish",
        "coverage": "light",
        "finish": "satin",
        "skin_type": "normal",
        "undertone": "cool",
        "longevity": "long",
        "spf": false,
        "cruelty_free": true,
        "vegan": true,
        "price_range": "mid-range"
      },
      {
        "name": "Longwear Matte",
        "coverage": "full",
        "finish": "matte",
        "skin_type": "combination",
        "undertone": "warm",
        "longevity": "long",
        "spf": false,
        "cruelty_free": false,
        "vegan": false,
        "price_range": "budget"
      },
      {
        "name": "Ultra Matte",
        "coverage": "full",
        "finish": "matte",
        "skin_type": "oily",
        "undertone": "warm",
        "longevity": "long",
        "spf": true,
        "cruelty_free": true,
        "vegan": true,
        "price_range": "high-end"
      },
      {
        "name": "Luminous Touch",
        "coverage": "medium",
        "finish": "satin",
        "skin_type": "combination",
        "undertone": "cool",
        "longevity": "medium",
        "spf": false,
        "cruelty_free": false,
        "vegan": false,
        "price_range": "budget"
      },
      {
        "name": "Dewy Glow",
        "coverage": "medium",
        "finish": "dewy",
        "skin_type": "dry",
        "undertone": "warm",
        "longevity": "medium",
        "spf": false,
        "cruelty_free": true,
        "vegan": true,
        "price_range": "high-end"
      },
      {
        "name": "Radiant Silk",
        "coverage": "light",
        "finish": "dewy",
        "skin_type": "combination",
        "undertone": "neutral",
        "longevity": "short",
        "spf": false,
        "cruelty_free": false,
        "vegan": false,
        "price_range": "mid-range"
      }
    ],
    "goal": {
      "name": "Luminous Touch",
      "coverage": "medium",
      "finish": "satin",
      "skin_type": "combination",
      "undertone": "cool",
      "longevity": "medium",
      "spf": false,
      "cruelty_free": false,
      "vegan": false,
      "price_range": "budget"
    },
    "status": "complete"
  },
  {
    "domain": "lipstick shade",
    "turns": [
      [
        "Thanks! Now, can you help me find a pink lipstick?",
        {
          "name": null,
          "color": "pink",
          "finish": null,
          "brand": null,
          "price_range": null,
          "long_wear": null,
          "cruelty_free": null,
          "vegan": null,
          "hypoallergenic": null
        },
        "Absolutely! Do you prefer a specific finish for the pink lipstick?"
      ],
      [
        "I prefer a glossy finish.",
        {
          "name": null,
          "color": "pink",
          "finish": "glossy",
          "brand": null,
          "price_range": null,
          "long_wear": null,
          "cruelty_free": null,
          "vegan": null,
          "hypoallergenic": null
        },
        "Got it! How about \"Pink Bliss\"? It's a pink glossy lipstick. Would you like to know more about it?"
      ],
      [
        "Yes, is it from Brand B?",
        {
          "name": "Pink Bliss",
          "color": "pink",
          "finish": "glossy",
          "brand": "Brand B",
          "price_range": null,
          "long_wear": null,
          "cruelty_free": null,
          "vegan": null,
          "hypoallergenic": null
        },
        "Yes, \"Pink Bliss\" is from Brand B! Does that sound good to you?"
      ],
      [
        "That sounds great! What's the price for \"Pink Bliss\"?",
        {
          "name": "Pink Bliss",
          "color": "pink",
          "finish": "glossy",
          "brand": "Brand B",
          "price_range": null,
          "long_wear": null,
          "cruelty_free": null,
          "vegan": null,
          "hypoallergenic": null
        },
        "\"Pink Bliss\" is in the $20-$40 price range. Does that work for you?"
      ],
      [
        "Yes, that works! Is it long-wear?",
        {
          "name": "Pink Bliss",
          "color": "pink",
          "finish": "glossy",
          "brand": "Brand B",
          "price_range": "$20-$40",
          "long_wear": null,
          "cruelty_free": null,
          "vegan": null,
          "hypoallergenic": null
        },
        "No, \"Pink Bliss\" is not long-wear. Would you like to consider another option?"
      ],
      [
        "Yes, do you have a long-wear pink glossy lipstick from Brand B?",
        {
          "name": null,
          "color": "pink",
          "finish": "glossy",
          "brand": "Brand B",
          "price_range": "$20-$40",
          "long_wear": null,
          "cruelty_free": null,
          "vegan": null,
          "hypoallergenic": null
        },
        "I don't have a long-wear pink glossy option from Brand B, but I can suggest \"Fuchsia Flash\" from Brand F. Would you like to hear about that?"
      ],
      [
        "Sure, does \"Fuchsia Flash\" have a glossy finish?",
        {
          "name": "Fuchsia Flash",
          "color": "pink",
          "finish": "glossy",
          "brand": "Brand F",
          "price_range": "$20-$40",
          "long_wear": null,
          "cruelty_free": null,
          "vegan": null,
          "hypoallergenic": null
        },
        "Yes, \"Fuchsia Flash\" has a metallic finish, not glossy. Would you like to consider it anyway?"
      ],
      [
        "I prefer glossy, so I\u2019ll pass. Any other options from Brand B?",
        {
          "name": null,
          "color": "pink",
          "finish": "glossy",
          "brand": "Brand B",
          "price_range": "$20-$40",
          "long_wear": null,
          "cruelty_free": null,
          "vegan": null,
          "hypoallergenic": null
        },
        "The only other option from Brand B is \"Pink Velvet,\" but it\u2019s satin finish. Would you like to consider that?"
      ],
      [
        "Yes, I'll consider \"Pink Velvet.\" Is it long-wear?",
        {
          "name": "Pink Velvet",
          "color": "pink",
          "finish": "satin",
          "brand": "Brand B",
          "price_range": "$20-$40",
          "long_wear": null,
          "cruelty_free": null,
          "vegan": null,
          "hypoallergenic": null
        },
        "No, \"Pink Velvet\" is not long-wear either. Would you like to go with it or keep looking?"
      ],
      [
        "Let's keep looking for a long-wear pink glossy lipstick.",
        {
          "name": null,
          "color": "pink",
          "finish": "glossy",
          "brand": "Brand B",
          "price_range": "$20-$40",
          "long_wear": null,
          "cruelty_free": null,
          "vegan": null,
          "hypoallergenic": null
        },
        "The only long-wear pink glossy option I have is \"Pink Bliss,\" but it\u2019s not long-wear. Would you like to explore other colors or finishes?"
      ],
      [
        "I\u2019d prefer to stick with pink. Any long-wear options from other brands?",
        {
          "name": null,
          "color": "pink",
          "finish": "glossy",
          "brand": "Brand B",
          "price_range": "$20-$40",
          "long_wear": null,
          "cruelty_free": null,
          "vegan": null,
          "hypoallergenic": null
        },
        "Yes! \"Ruby Red\" is a long-wear option, but it's red. Would you like to consider that, or keep looking for pink?"
      ],
      [
        "I\u2019d like to keep looking for a pink option.",
        {
          "name": null,
          "color": "pink",
          "finish": "glossy",
          "brand": "Brand B",
          "price_range": "$20-$40",
          "long_wear": null,
          "cruelty_free": null,
          "vegan": null,
          "hypoallergenic": null
        },
        "Okay! Unfortunately, I don't have any long-wear pink glossy lipsticks available. Would you like to try a different finish or color?"
      ],
      [
        "How about a pink satin lipstick? Any long-wear options?",
        {
          "name": null,
          "color": "pink",
          "finish": "satin",
          "brand": "Brand B",
          "price_range": "$20-$40",
          "long_wear": null,
          "cruelty_free": null,
          "vegan": null,
          "hypoallergenic": null
        },
        "The \"Pink Velvet\" is a satin finish, but it's not long-wear. Would you like to consider it anyway?"
      ],
      [
        "Yes, let's go with \"Pink Velvet\"!",
        {
          "name": "Pink Velvet",
          "color": "pink",
          "finish": "satin",
          "brand": "Brand B",
          "price_range": "$20-$40",
          "long_wear": null,
          "cruelty_free": null,
          "vegan": null,
          "hypoallergenic": null
        },
        "Great choice! Enjoy your \"Pink Velvet\" lipstick!"
      ]
    ],
    "preferences_code": "```python\npreferences = LipstickPreference(\n    color='pink',\n    finish='glossy',\n    brand='Brand B',\n    price_range='$20-$40',\n    long_wear=True,\n    cruelty_free=True\n)\n```",
    "red_herrings_code": "```python\n# Global variable representing a list of similar lipstick shade examples\nsimilar_lipstick_shades = [\n    LipstickShade(\n        name='Soft Pink',\n        color='pink',\n        finish='satin',\n        brand='Brand A',\n        price_range='$15-$30',\n        long_wear=False,\n        cruelty_free=True,\n        vegan=True,\n        hypoallergenic=False,\n    ),\n    LipstickShade(\n        name='Pink Bliss',\n        color='pink',\n        finish='glossy',\n        brand='Brand B',\n        price_range='$20-$40',\n        long_wear=True,\n        cruelty_free=True,\n        vegan=False,\n        hypoallergenic=False,\n    ),\n    LipstickShade(\n        name='Velvet Rose',\n        color='rose',\n        finish='satin',\n        brand='Brand C',\n        price_range='$20-$40',\n        long_wear=False,\n        cruelty_free=True,\n        vegan=True,\n        hypoallergenic=True,\n    ),\n]\n```",
    "database_code": "```python\nlipstick_shades = [\n    LipstickShade(name=\"Ruby Red\", color=\"red\", finish=\"matte\", brand=\"Brand A\", price_range=\"under $20\", long_wear=True, cruelty_free=True, vegan=False, hypoallergenic=True),\n    LipstickShade(name=\"Pink Velvet\", color=\"pink\", finish=\"satin\", brand=\"Brand B\", price_range=\"$20-$40\", long_wear=False, cruelty_free=True, vegan=True, hypoallergenic=False),\n    LipstickShade(name=\"Nude Bliss\", color=\"nude\", finish=\"glossy\", brand=\"Brand C\", price_range=\"luxury\", long_wear=True, cruelty_free=False, vegan=False, hypoallergenic=True),\n    LipstickShade(name=\"Coral Dream\", color=\"coral\", finish=\"satin\", brand=\"Brand D\", price_range=\"$20-$40\", long_wear=False, cruelty_free=True, vegan=True, hypoallergenic=False),\n    LipstickShade(name=\"Deep Plum\", color=\"purple\", finish=\"matte\", brand=\"Brand E\", price_range=\"under $20\", long_wear=True, cruelty_free=True, vegan=False, hypoallergenic=True),\n    LipstickShade(name=\"Fuchsia Flash\", color=\"pink\", finish=\"metallic\", brand=\"Brand F\", price_range=\"$20-$40\", long_wear=False, cruelty_free=False, vegan=True, hypoallergenic=False),\n    LipstickShade(name=\"Classic Red\", color=\"red\", finish=\"glossy\", brand=\"Brand G\", price_range=\"luxury\", long_wear=True, cruelty_free=True, vegan=False, hypoallergenic=True),\n    LipstickShade(name=\"Mauve Magic\", color=\"mauve\", finish=\"satin\", brand=\"Brand H\", price_range=\"under $20\", long_wear=False, cruelty_free=True, vegan=True, hypoallergenic=False),\n    LipstickShade(name=\"Berry Bliss\", color=\"berry\", finish=\"matte\", brand=\"Brand I\", price_range=\"$20-$40\", long_wear=True, cruelty_free=False, vegan=False, hypoallergenic=True),\n    LipstickShade(name=\"Peachy Keen\", color=\"peach\", finish=\"glossy\", brand=\"Brand J\", price_range=\"luxury\", long_wear=False, cruelty_free=True, vegan=True, hypoallergenic=False),\n]\n```",
    "database": [
      {
        "name": "Berry Bliss",
        "color": "berry",
        "finish": "matte",
        "brand": "Brand I",
        "price_range": "$20-$40",
        "long_wear": true,
        "cruelty_free": false,
        "vegan": false,
        "hypoallergenic": true
      },
      {
        "name": "Fuchsia Flash",
        "color": "pink",
        "finish": "metallic",
        "brand": "Brand F",
        "price_range": "$20-$40",
        "long_wear": false,
        "cruelty_free": false,
        "vegan": true,
        "hypoallergenic": false
      },
      {
        "name": "Ruby Red",
        "color": "red",
        "finish": "matte",
        "brand": "Brand A",
        "price_range": "under $20",
        "long_wear": true,
        "cruelty_free": true,
        "vegan": false,
        "hypoallergenic": true
      },
      {
        "name": "Mauve Magic",
        "color": "mauve",
        "finish": "satin",
        "brand": "Brand H",
        "price_range": "under $20",
        "long_wear": false,
        "cruelty_free": true,
        "vegan": true,
        "hypoallergenic": false
      },
      {
        "name": "Pink Bliss",
        "color": "pink",
        "finish": "glossy",
        "brand": "Brand B",
        "price_range": "$20-$40",
        "long_wear": true,
        "cruelty_free": true,
        "vegan": false,
        "hypoallergenic": false
      },
      {
        "name": "Classic Red",
        "color": "red",
        "finish": "glossy",
        "brand": "Brand G",
        "price_range": "luxury",
        "long_wear": true,
        "cruelty_free": true,
        "vegan": false,
        "hypoallergenic": true
      },
      {
        "name": "Deep Plum",
        "color": "purple",
        "finish": "matte",
        "brand": "Brand E",
        "price_range": "under $20",
        "long_wear": true,
        "cruelty_free": true,
        "vegan": false,
        "hypoallergenic": true
      },
      {
        "name": "Soft Pink",
        "color": "pink",
        "finish": "satin",
        "brand": "Brand A",
        "price_range": "$15-$30",
        "long_wear": false,
        "cruelty_free": true,
        "vegan": true,
        "hypoallergenic": false
      },
      {
        "name": "Nude Bliss",
        "color": "nude",
        "finish": "glossy",
        "brand": "Brand C",
        "price_range": "luxury",
        "long_wear": true,
        "cruelty_free": false,
        "vegan": false,
        "hypoallergenic": true
      },
      {
        "name": "Peachy Keen",
        "color": "peach",
        "finish": "glossy",
        "brand": "Brand J",
        "price_range": "luxury",
        "long_wear": false,
        "cruelty_free": true,
        "vegan": true,
        "hypoallergenic": false
      },
      {
        "name": "Velvet Rose",
        "color": "rose",
        "finish": "satin",
        "brand": "Brand C",
        "price_range": "$20-$40",
        "long_wear": false,
        "cruelty_free": true,
        "vegan": true,
        "hypoallergenic": true
      },
      {
        "name": "Coral Dream",
        "color": "coral",
        "finish": "satin",
        "brand": "Brand D",
        "price_range": "$20-$40",
        "long_wear": false,
        "cruelty_free": true,
        "vegan": true,
        "hypoallergenic": false
      },
      {
        "name": "Pink Velvet",
        "color": "pink",
        "finish": "satin",
        "brand": "Brand B",
        "price_range": "$20-$40",
        "long_wear": false,
        "cruelty_free": true,
        "vegan": true,
        "hypoallergenic": false
      }
    ],
    "goal": {
      "name": "Pink Bliss",
      "color": "pink",
      "finish": "glossy",
      "brand": "Brand B",
      "price_range": "$20-$40",
      "long_wear": true,
      "cruelty_free": true,
      "vegan": false,
      "hypoallergenic": false
    },
    "status": "complete"
  },
  {
    "domain": "makeup brushes",
    "turns": [
      [
        "Thanks! Now, can you help me find a small concealer brush?",
        {
          "name": null,
          "brush_type": "concealer",
          "size": "small",
          "bristle_material": null,
          "handle_material": null,
          "price_range": null,
          "brand_preference": null,
          "cruelty_free": null
        },
        "Sure! Do you have any preferences for the bristle material or brand?"
      ],
      [
        "I prefer cruelty-free options, and I like Brand G.",
        {
          "name": null,
          "brush_type": "concealer",
          "size": "small",
          "bristle_material": null,
          "handle_material": null,
          "price_range": null,
          "brand_preference": "Brand G",
          "cruelty_free": true
        },
        "I have a small concealer brush from Brand G that's cruelty-free! It's called the \"Precision Concealer Brush.\" Would you like to go with that?"
      ],
      [
        "Yes, that sounds perfect! What's the price for the \"Precision Concealer Brush\"?",
        {
          "name": "Precision Concealer Brush",
          "brush_type": "concealer",
          "size": "small",
          "bristle_material": null,
          "handle_material": null,
          "price_range": null,
          "brand_preference": "Brand G",
          "cruelty_free": true
        },
        "The \"Precision Concealer Brush\" is priced at $11.49. Does that work for you?"
      ]
    ],
    "preferences_code": "```python\npreferences = MakeupBrushCriteria(\n    brush_type='concealer',\n    size='small',\n    bristle_material='synthetic',\n    handle_material='plastic',\n    price_range=(10.00, 15.00),\n    brand_preference='Brand G',\n    cruelty_free=True,\n)\n```",
    "red_herrings_code": "```python\n# Global variable representing a list of similar MakeupBrush objects\nsimilar_makeup_brushes = [\n    MakeupBrush(\n        name='Detail Concealer Brush',\n        brush_type='concealer',\n        size='small',\n        bristle_material='natural',\n        handle_material='plastic',\n        price=12.99,\n        brand='Brand E',\n        cruelty_free=True,\n    ),\n    MakeupBrush(\n        name='Concealer Blending Brush',\n        brush_type='concealer',\n        size='medium',\n        bristle_material='synthetic',\n        handle_material='wood',\n        price=9.99,\n        brand='Brand F',\n        cruelty_free=False,\n    ),\n    MakeupBrush(\n        name='Precision Concealer Brush',\n        brush_type='concealer',\n        size='small',\n        bristle_material='synthetic',\n        handle_material='plastic',\n        price=11.49,\n        brand='Brand G',\n        cruelty_free=True,\n    ),\n]\n```",
    "database_code": "```python\n# Global variable to store a list of makeup brushes examples\nmakeup_brushes = [\n    MakeupBrush(name=\"Foundation Brush\", brush_type=\"foundation\", size=\"medium\", \n                bristle_material=\"synthetic\", handle_material=\"wood\", \n                price=25.99, brand=\"Brand A\", cruelty_free=True),\n    \n    MakeupBrush(name=\"Blush Brush\", brush_type=\"blush\", size=\"small\", \n                bristle_material=\"natural\", handle_material=\"plastic\", \n                price=15.49, brand=\"Brand B\", cruelty_free=True),\n    \n    MakeupBrush(name=\"Eyeshadow Brush\", brush_type=\"eyeshadow\", size=\"small\", \n                bristle_material=\"synthetic\", handle_material=\"metal\", \n                price=12.99, brand=\"Brand C\", cruelty_free=False),\n    \n    MakeupBrush(name=\"Contour Brush\", brush_type=\"contour\", size=\"large\", \n                bristle_material=\"natural\", handle_material=\"wood\", \n                price=30.00, brand=\"Brand D\", cruelty_free=True),\n    \n    MakeupBrush(name=\"Concealer Brush\", brush_type=\"concealer\", size=\"small\", \n                bristle_material=\"synthetic\", handle_material=\"plastic\", \n                price=10.99, brand=\"Brand E\", cruelty_free=True),\n    \n    MakeupBrush(name=\"Large Powder Brush\", brush_type=\"foundation\", size=\"large\", \n                bristle_material=\"natural\", handle_material=\"wood\", \n                price=35.50, brand=\"Brand F\", cruelty_free=False),\n    \n    MakeupBrush(name=\"Detail Eyeshadow Brush\", brush_type=\"eyeshadow\", size=\"small\", \n                bristle_material=\"synthetic\", handle_material=\"metal\", \n                price=18.75, brand=\"Brand G\", cruelty_free=True),\n    \n    MakeupBrush(name=\"Fan Brush\", brush_type=\"blush\", size=\"medium\", \n                bristle_material=\"natural\", handle_material=\"wood\", \n                price=22.00, brand=\"Brand H\", cruelty_free=True),\n    \n    MakeupBrush(name=\"Flat Concealer Brush\", brush_type=\"concealer\", size=\"small\", \n                bristle_material=\"synthetic\", handle_material=\"plastic\", \n                price=9.99, brand=\"Brand I\", cruelty_free=False),\n    \n    MakeupBrush(name=\"Angled Blush Brush\", brush_type=\"blush\", size=\"medium\", \n                bristle_material=\"natural\", handle_material=\"wood\", \n                price=27.50, brand=\"Brand J\", cruelty_free=True)\n]\n```",
    "database": [
      {
        "name": "Detail Eyeshadow Brush",
        "brush_type": "eyeshadow",
        "size": "small",
        "bristle_material": "synthetic",
        "handle_material": "metal",
        "price": 18.75,
        "brand": "Brand G",
        "cruelty_free": true
      },
      {
        "name": "Concealer Blending Brush",
        "brush_type": "concealer",
        "size": "medium",
        "bristle_material": "synthetic",
        "handle_material": "wood",
        "price": 9.99,
        "brand": "Brand F",
        "cruelty_free": false
      },
      {
        "name": "Angled Blush Brush",
        "brush_type": "blush",
        "size": "medium",
        "bristle_material": "natural",
        "handle_material": "wood",
        "price": 27.5,
        "brand": "Brand J",
        "cruelty_free": true
      },
      {
        "name": "Contour Brush",
        "brush_type": "contour",
        "size": "large",
        "bristle_material": "natural",
        "handle_material": "wood",
        "price": 30.0,
        "brand": "Brand D",
        "cruelty_free": true
      },
      {
        "name": "Eyeshadow Brush",
        "brush_type": "eyeshadow",
        "size": "small",
        "bristle_material": "synthetic",
        "handle_material": "metal",
        "price": 12.99,
        "brand": "Brand C",
        "cruelty_free": false
      },
      {
        "name": "Flat Concealer Brush",
        "brush_type": "concealer",
        "size": "small",
        "bristle_material": "synthetic",
        "handle_material": "plastic",
        "price": 9.99,
        "brand": "Brand I",
        "cruelty_free": false
      },
      {
        "name": "Blush Brush",
        "brush_type": "blush",
        "size": "small",
        "bristle_material": "natural",
        "handle_material": "plastic",
        "price": 15.49,
        "brand": "Brand B",
        "cruelty_free": true
      },
      {
        "name": "Concealer Brush",
        "brush_type": "concealer",
        "size": "small",
        "bristle_material": "synthetic",
        "handle_material": "plastic",
        "price": 10.99,
        "brand": "Brand E",
        "cruelty_free": true
      },
      {
        "name": "Large Powder Brush",
        "brush_type": "foundation",
        "size": "large",
        "bristle_material": "natural",
        "handle_material": "wood",
        "price": 35.5,
        "brand": "Brand F",
        "cruelty_free": false
      },
      {
        "name": "Precision Concealer Brush",
        "brush_type": "concealer",
        "size": "small",
        "bristle_material": "synthetic",
        "handle_material": "plastic",
        "price": 11.49,
        "brand": "Brand G",
        "cruelty_free": true
      },
      {
        "name": "Fan Brush",
        "brush_type": "blush",
        "size": "medium",
        "bristle_material": "natural",
        "handle_material": "wood",
        "price": 22.0,
        "brand": "Brand H",
        "cruelty_free": true
      },
      {
        "name": "Foundation Brush",
        "brush_type": "foundation",
        "size": "medium",
        "bristle_material": "synthetic",
        "handle_material": "wood",
        "price": 25.99,
        "brand": "Brand A",
        "cruelty_free": true
      },
      {
        "name": "Detail Concealer Brush",
        "brush_type": "concealer",
        "size": "small",
        "bristle_material": "natural",
        "handle_material": "plastic",
        "price": 12.99,
        "brand": "Brand E",
        "cruelty_free": true
      }
    ],
    "goal": {
      "name": "Precision Concealer Brush",
      "brush_type": "concealer",
      "size": "small",
      "bristle_material": "synthetic",
      "handle_material": "plastic",
      "price": 11.49,
      "brand": "Brand G",
      "cruelty_free": true
    },
    "status": "complete"
  }
]