[
  {
    "domain": "foundation",
    "turns": [
      [
        "I'm looking for a foundation with medium coverage and a matte finish.",
        {
          "name": null,
          "coverage": "medium",
          "finish": "matte",
          "skin_type": null,
          "undertone": null,
          "longevity": null,
          "spf": null,
          "cruelty_free": null,
          "vegan": null,
          "price_range": null
        },
        "Great choice! Do you have a specific skin type, like oily or dry?"
      ],
      [
        "Yes, I have oily skin.",
        {
          "name": null,
          "coverage": "medium",
          "finish": "matte",
          "skin_type": "oily",
          "undertone": null,
          "longevity": null,
          "spf": null,
          "cruelty_free": null,
          "vegan": null,
          "price_range": null
        },
        "Perfect! I found a couple of options. Do you prefer a high-end or mid-range price?"
      ],
      [
        "I'm looking for something in the mid-range price.",
        {
          "name": null,
          "coverage": "medium",
          "finish": "matte",
          "skin_type": "oily",
          "undertone": null,
          "longevity": null,
          "spf": null,
          "cruelty_free": null,
          "vegan": null,
          "price_range": "mid-range"
        },
        "I recommend the \"Matte Perfection\" with full coverage and a matte finish, or the \"Velvet Matte\" with medium coverage. Which one sounds better to you?"
      ],
      [
        "I think I prefer the \"Velvet Matte\" with medium coverage.",
        {
          "name": "Velvet Matte",
          "coverage": "medium",
          "finish": "matte",
          "skin_type": "oily",
          "undertone": null,
          "longevity": null,
          "spf": null,
          "cruelty_free": null,
          "vegan": null,
          "price_range": "mid-range"
        },
        "Awesome choice! Just to confirm, are you okay with it being not vegan?"
      ],
      [
        "Yes, I'm fine with it not being vegan.",
        {
          "name": "Velvet Matte",
          "coverage": "medium",
          "finish": "matte",
          "skin_type": "oily",
          "undertone": null,
          "longevity": null,
          "spf": null,
          "cruelty_free": null,
          "vegan": false,
          "price_range": "mid-range"
        },
        "Great! The \"Velvet Matte\" is a perfect fit for you. Enjoy your new foundation!"
      ]
    ],
    "preferences_code": "```python\npreferences = FoundationPreferences(\n    name='Velvet Matte',\n    coverage='medium',\n    finish='matte',\n    skin_type='oily',\n    undertone='neutral',\n    longevity='long',\n    spf=True,\n    cruelty_free=True,\n    vegan=False,\n    price_range='mid-range',\n)\n```",
    "red_herrings_code": "```python\n# A list of foundation examples representing similar search results\nsimilar_foundations = [\n    Foundation(\n        name='Matte Perfection',\n        coverage='full',\n        finish='matte',\n        skin_type='oily',\n        undertone='warm',\n        longevity='long',\n        spf=True,\n        cruelty_free=True,\n        vegan=True,\n        price_range='high-end',\n    ),\n    Foundation(\n        name='Velvet Matte',\n        coverage='medium',\n        finish='matte',\n        skin_type='oily',\n        undertone='neutral',\n        longevity='long',\n        spf=True,\n        cruelty_free=True,\n        vegan=False,\n        price_range='mid-range',\n    ),\n    Foundation(\n        name='Ultimate Matte',\n        coverage='full',\n        finish='satin',\n        skin_type='oily',\n        undertone='warm',\n        longevity='medium',\n        spf=True,\n        cruelty_free=False,\n        vegan=True,\n        price_range='high-end',\n    )\n]\n```",
    "database_code": "```python\nfoundations_list = [\n    Foundation(\n        name=\"Matte Perfection\",\n        coverage=\"full\",\n        finish=\"matte\",\n        skin_type=\"oily\",\n        undertone=\"neutral\",\n        longevity=\"long\",\n        spf=True,\n        cruelty_free=True,\n        vegan=False,\n        price_range=\"mid-range\"\n    ),\n    Foundation(\n        name=\"Dewy Glow\",\n        coverage=\"medium\",\n        finish=\"dewy\",\n        skin_type=\"dry\",\n        undertone=\"warm\",\n        longevity=\"medium\",\n        spf=False,\n        cruelty_free=True,\n        vegan=True,\n        price_range=\"high-end\"\n    ),\n    Foundation(\n        name=\"Satin Radiance\",\n        coverage=\"light\",\n        finish=\"satin\",\n        skin_type=\"combination\",\n        undertone=\"cool\",\n        longevity=\"short\",\n        spf=False,\n        cruelty_free=False,\n        vegan=False,\n        price_range=\"budget\"\n    ),\n    Foundation(\n        name=\"Ultra Matte\",\n        coverage=\"full\",\n        finish=\"matte\",\n        skin_type=\"oily\",\n        undertone=\"warm\",\n        longevity=\"long\",\n        spf=True,\n        cruelty_free=True,\n        vegan=True,\n        price_range=\"high-end\"\n    ),\n    Foundation(\n        name=\"Hydrating Foundation\",\n        coverage=\"medium\",\n        finish=\"dewy\",\n        skin_type=\"dry\",\n        undertone=\"neutral\",\n        longevity=\"medium\",\n        spf=True,\n        cruelty_free=False,\n        vegan=False,\n        price_range=\"mid-range\"\n    ),\n    Foundation(\n        name=\"Silk Finish\",\n        coverage=\"light\",\n        finish=\"satin\",\n        skin_type=\"normal\",\n        undertone=\"cool\",\n        longevity=\"long\",\n        spf=False,\n        cruelty_free=True,\n        vegan=True,\n        price_range=\"mid-range\"\n    ),\n    Foundation(\n        name=\"Longwear Matte\",\n        coverage=\"full\",\n        finish=\"matte\",\n        skin_type=\"combination\",\n        undertone=\"warm\",\n        longevity=\"long\",\n        spf=False,\n        cruelty_free=False,\n        vegan=False,\n        price_range=\"budget\"\n    ),\n    Foundation(\n        name=\"Natural Glow\",\n        coverage=\"medium\",\n        finish=\"dewy\",\n        skin_type=\"normal\",\n        undertone=\"neutral\",\n        longevity=\"medium\",\n        spf=True,\n        cruelty_free=True,\n        vegan=True,\n        price_range=\"high-end\"\n    ),\n    Foundation(\n        name=\"Everyday Wear\",\n        coverage=\"light\",\n        finish=\"satin\",\n        skin_type=\"dry\",\n        undertone=\"warm\",\n        longevity=\"short\",\n        spf=False,\n        cruelty_free=True,\n        vegan=False,\n        price_range=\"mid-range\"\n    ),\n    Foundation(\n        name=\"Complete Coverage\",\n        coverage=\"full\",\n        finish=\"matte\",\n        skin_type=\"oily\",\n        undertone=\"cool\",\n        longevity=\"long\",\n        spf=True,\n        cruelty_free=True,\n        vegan=True,\n        price_range=\"high-end\"\n    )\n]\n```",
    "database": [
      {
        "name": "Natural Glow",
        "coverage": "medium",
        "finish": "dewy",
        "skin_type": "normal",
        "undertone": "neutral",
        "longevity": "medium",
        "spf": true,
        "cruelty_free": true,
        "vegan": true,
        "price_range": "high-end"
      },
      {
        "name": "Matte Perfection",
        "coverage": "full",
        "finish": "matte",
        "skin_type": "oily",
        "undertone": "warm",
        "longevity": "long",
        "spf": true,
        "cruelty_free": true,
        "vegan": true,
        "price_range": "high-end"
      },
      {
        "name": "Matte Perfection",
        "coverage": "full",
        "finish": "matte",
        "skin_type": "oily",
        "undertone": "neutral",
        "longevity": "long",
        "spf": true,
        "cruelty_free": true,
        "vegan": false,
        "price_range": "mid-range"
      },
      {
        "name": "Hydrating Foundation",
        "coverage": "medium",
        "finish": "dewy",
        "skin_type": "dry",
        "undertone": "neutral",
        "longevity": "medium",
        "spf": true,
        "cruelty_free": false,
        "vegan": false,
        "price_range": "mid-range"
      },
      {
        "name": "Ultimate Matte",
        "coverage": "full",
        "finish": "satin",
        "skin_type": "oily",
        "undertone": "warm",
        "longevity": "medium",
        "spf": true,
        "cruelty_free": false,
        "vegan": true,
        "price_range": "high-end"
      },
      {
        "name": "Velvet Matte",
        "coverage": "medium",
        "finish": "matte",
        "skin_type": "oily",
        "undertone": "neutral",
        "longevity": "long",
        "spf": true,
        "cruelty_free": true,
        "vegan": false,
        "price_range": "mid-range"
      },
      {
        "name": "Everyday Wear",
        "coverage": "light",
        "finish": "satin",
        "skin_type": "dry",
        "undertone": "warm",
        "longevity": "short",
        "spf": false,
        "cruelty_free": true,
        "vegan": false,
        "price_range": "mid-range"
      },
      {
        "name": "Longwear Matte",
        "coverage": "full",
        "finish": "matte",
        "skin_type": "combination",
        "undertone": "warm",
        "longevity": "long",
        "spf": false,
        "cruelty_free": false,
        "vegan": false,
        "price_range": "budget"
      },
      {
        "name": "Complete Coverage",
        "coverage": "full",
        "finish": "matte",
        "skin_type": "oily",
        "undertone": "cool",
        "longevity": "long",
        "spf": true,
        "cruelty_free": true,
        "vegan": true,
        "price_range": "high-end"
      },
      {
        "name": "Satin Radiance",
        "coverage": "light",
        "finish": "satin",
        "skin_type": "combination",
        "undertone": "cool",
        "longevity": "short",
        "spf": false,
        "cruelty_free": false,
        "vegan": false,
        "price_range": "budget"
      },
      {
        "name": "Ultra Matte",
        "coverage": "full",
        "finish": "matte",
        "skin_type": "oily",
        "undertone": "warm",
        "longevity": "long",
        "spf": true,
        "cruelty_free": true,
        "vegan": true,
        "price_range": "high-end"
      },
      {
        "name": "Silk Finish",
        "coverage": "light",
        "finish": "satin",
        "skin_type": "normal",
        "undertone": "cool",
        "longevity": "long",
        "spf": false,
        "cruelty_free": true,
        "vegan": true,
        "price_range": "mid-range"
      },
      {
        "name": "Dewy Glow",
        "coverage": "medium",
        "finish": "dewy",
        "skin_type": "dry",
        "undertone": "warm",
        "longevity": "medium",
        "spf": false,
        "cruelty_free": true,
        "vegan": true,
        "price_range": "high-end"
      }
    ],
    "goal": {
      "name": "Velvet Matte",
      "coverage": "medium",
      "finish": "matte",
      "skin_type": "oily",
      "undertone": "neutral",
      "longevity": "long",
      "spf": true,
      "cruelty_free": true,
      "vegan": false,
      "price_range": "mid-range"
    },
    "status": "complete"
  },
  {
    "domain": "lipstick shade",
    "turns": [
      [
        "Thanks! Now, could you help me find a lipstick shade? I'm thinking of a red-orange color.",
        {
          "name": null,
          "color": "red-orange",
          "finish": null,
          "brand": null,
          "price_range": null,
          "long_wear": null,
          "cruelty_free": null,
          "vegan": null,
          "hypoallergenic": null
        },
        "Sure! Are you looking for a matte finish or something different?"
      ],
      [
        "I don't have a preference for the finish, any is fine!",
        {
          "name": null,
          "color": "red-orange",
          "finish": null,
          "brand": null,
          "price_range": null,
          "long_wear": null,
          "cruelty_free": null,
          "vegan": null,
          "hypoallergenic": null
        },
        "Got it! How about the \"Chili\" shade? It's a red-orange matte and long-wear. What do you think?"
      ],
      [
        "That sounds great! Is it cruelty-free?",
        {
          "name": "Chili",
          "color": "red-orange",
          "finish": "matte",
          "brand": null,
          "price_range": null,
          "long_wear": true,
          "cruelty_free": true,
          "vegan": null,
          "hypoallergenic": null
        },
        "Yes, \"Chili\" is cruelty-free! Would you like to go with that shade?"
      ],
      [
        "Yes, let's go with \"Chili\"!",
        {
          "name": "Chili",
          "color": "red-orange",
          "finish": "matte",
          "brand": null,
          "price_range": null,
          "long_wear": true,
          "cruelty_free": true,
          "vegan": null,
          "hypoallergenic": null
        },
        "Awesome choice! Enjoy your \"Chili\" lipstick!"
      ]
    ],
    "preferences_code": "```python\npreferences = LipstickPreference(\n    color='red-orange',\n    finish='matte',\n    brand='MAC',\n    price_range='$20-$40',\n    long_wear=True,\n    cruelty_free=True,\n    vegan=False,\n    hypoallergenic=None,\n)\n```",
    "red_herrings_code": "```python\n# Global variable containing a list of similar lipstick shade examples\nsimilar_lipstick_shades = [\n    LipstickShade(\n        name='Ruby Woo',\n        color='red',\n        finish='matte',\n        brand='MAC',\n        price_range='$20-$40',\n        long_wear=True,\n        cruelty_free=True,\n        vegan=False,\n        hypoallergenic=False,\n    ),\n    LipstickShade(\n        name='Russian Red',\n        color='deep red',\n        finish='satin',\n        brand='MAC',\n        price_range='$20-$40',\n        long_wear=True,\n        cruelty_free=True,\n        vegan=False,\n        hypoallergenic=False,\n    ),\n    LipstickShade(\n        name='Chili',\n        color='red-orange',\n        finish='matte',\n        brand='MAC',\n        price_range='$20-$40',\n        long_wear=True,\n        cruelty_free=True,\n        vegan=False,\n        hypoallergenic=False,\n    ),\n]\n```",
    "database_code": "```python\n# Global variable containing a list of lipstick shade examples\nlipstick_shades = [\n    LipstickShade(name=\"Ruby Woo\", color=\"red\", finish=\"matte\", brand=\"MAC\", price_range=\"$20-$40\", long_wear=True, cruelty_free=True, vegan=False, hypoallergenic=False),\n    LipstickShade(name=\"Dolce Vita\", color=\"pink\", finish=\"satin\", brand=\"NARS\", price_range=\"$20-$40\", long_wear=False, cruelty_free=True, vegan=False, hypoallergenic=True),\n    LipstickShade(name=\"Faux\", color=\"nude\", finish=\"satin\", brand=\"MAC\", price_range=\"$20-$40\", long_wear=True, cruelty_free=True, vegan=False, hypoallergenic=False),\n    LipstickShade(name=\"Chili\", color=\"red\", finish=\"matte\", brand=\"MAC\", price_range=\"$20-$40\", long_wear=True, cruelty_free=True, vegan=False, hypoallergenic=False),\n    LipstickShade(name=\"Patina\", color=\"rose\", finish=\"glossy\", brand=\"Stila\", price_range=\"$20-$40\", long_wear=True, cruelty_free=True, vegan=True, hypoallergenic=True),\n    LipstickShade(name=\"Bite Beauty Amuse Bouche\", color=\"plum\", finish=\"satin\", brand=\"Bite Beauty\", price_range=\"$20-$40\", long_wear=True, cruelty_free=True, vegan=True, hypoallergenic=False),\n    LipstickShade(name=\"Lover\", color=\"mauve\", finish=\"matte\", brand=\"Rihanna Fenty\", price_range=\"$20-$40\", long_wear=True, cruelty_free=True, vegan=False, hypoallergenic=False),\n    LipstickShade(name=\"Naked\", color=\"nude\", finish=\"glossy\", brand=\"Urban Decay\", price_range=\"$20-$40\", long_wear=False, cruelty_free=True, vegan=True, hypoallergenic=True),\n    LipstickShade(name=\"Spice\", color=\"brown\", finish=\"matte\", brand=\"NYX\", price_range=\"under $20\", long_wear=True, cruelty_free=True, vegan=True, hypoallergenic=False),\n    LipstickShade(name=\"Diva\", color=\"deep red\", finish=\"matte\", brand=\"MAC\", price_range=\"$20-$40\", long_wear=True, cruelty_free=True, vegan=False, hypoallergenic=False),\n]\n```",
    "database": [
      {
        "name": "Ruby Woo",
        "color": "red",
        "finish": "matte",
        "brand": "MAC",
        "price_range": "$20-$40",
        "long_wear": true,
        "cruelty_free": true,
        "vegan": false,
        "hypoallergenic": false
      },
      {
        "name": "Chili",
        "color": "red-orange",
        "finish": "matte",
        "brand": "MAC",
        "price_range": "$20-$40",
        "long_wear": true,
        "cruelty_free": true,
        "vegan": false,
        "hypoallergenic": false
      },
      {
        "name": "Dolce Vita",
        "color": "pink",
        "finish": "satin",
        "brand": "NARS",
        "price_range": "$20-$40",
        "long_wear": false,
        "cruelty_free": true,
        "vegan": false,
        "hypoallergenic": true
      },
      {
        "name": "Naked",
        "color": "nude",
        "finish": "glossy",
        "brand": "Urban Decay",
        "price_range": "$20-$40",
        "long_wear": false,
        "cruelty_free": true,
        "vegan": true,
        "hypoallergenic": true
      },
      {
        "name": "Bite Beauty Amuse Bouche",
        "color": "plum",
        "finish": "satin",
        "brand": "Bite Beauty",
        "price_range": "$20-$40",
        "long_wear": true,
        "cruelty_free": true,
        "vegan": true,
        "hypoallergenic": false
      },
      {
        "name": "Lover",
        "color": "mauve",
        "finish": "matte",
        "brand": "Rihanna Fenty",
        "price_range": "$20-$40",
        "long_wear": true,
        "cruelty_free": true,
        "vegan": false,
        "hypoallergenic": false
      },
      {
        "name": "Chili",
        "color": "red",
        "finish": "matte",
        "brand": "MAC",
        "price_range": "$20-$40",
        "long_wear": true,
        "cruelty_free": true,
        "vegan": false,
        "hypoallergenic": false
      },
      {
        "name": "Ruby Woo",
        "color": "red",
        "finish": "matte",
        "brand": "MAC",
        "price_range": "$20-$40",
        "long_wear": true,
        "cruelty_free": true,
        "vegan": false,
        "hypoallergenic": false
      },
      {
        "name": "Spice",
        "color": "brown",
        "finish": "matte",
        "brand": "NYX",
        "price_range": "under $20",
        "long_wear": true,
        "cruelty_free": true,
        "vegan": true,
        "hypoallergenic": false
      },
      {
        "name": "Faux",
        "color": "nude",
        "finish": "satin",
        "brand": "MAC",
        "price_range": "$20-$40",
        "long_wear": true,
        "cruelty_free": true,
        "vegan": false,
        "hypoallergenic": false
      },
      {
        "name": "Patina",
        "color": "rose",
        "finish": "glossy",
        "brand": "Stila",
        "price_range": "$20-$40",
        "long_wear": true,
        "cruelty_free": true,
        "vegan": true,
        "hypoallergenic": true
      },
      {
        "name": "Russian Red",
        "color": "deep red",
        "finish": "satin",
        "brand": "MAC",
        "price_range": "$20-$40",
        "long_wear": true,
        "cruelty_free": true,
        "vegan": false,
        "hypoallergenic": false
      },
      {
        "name": "Diva",
        "color": "deep red",
        "finish": "matte",
        "brand": "MAC",
        "price_range": "$20-$40",
        "long_wear": true,
        "cruelty_free": true,
        "vegan": false,
        "hypoallergenic": false
      }
    ],
    "goal": {
      "name": "Chili",
      "color": "red-orange",
      "finish": "matte",
      "brand": "MAC",
      "price_range": "$20-$40",
      "long_wear": true,
      "cruelty_free": true,
      "vegan": false,
      "hypoallergenic": false
    },
    "status": "complete"
  },
  {
    "domain": "makeup brushes",
    "turns": [
      [
        "Thanks! Now, could you help me find a small blush brush?",
        {
          "name": null,
          "brush_type": "blush",
          "size": "small",
          "bristle_material": null,
          "handle_material": null,
          "price_range": null,
          "brand_preference": null,
          "cruelty_free": null
        },
        "Absolutely! Do you have a preference for natural or synthetic bristles?"
      ],
      [
        "I prefer natural bristles.",
        {
          "name": null,
          "brush_type": "blush",
          "size": "small",
          "bristle_material": "natural",
          "handle_material": null,
          "price_range": null,
          "brand_preference": null,
          "cruelty_free": null
        },
        "Great! I recommend the \"Blush Brush\" with natural bristles. Does that sound good?"
      ],
      [
        "Sounds perfect! What about the handle material?",
        {
          "name": "Blush Brush",
          "brush_type": "blush",
          "size": "small",
          "bristle_material": "natural",
          "handle_material": null,
          "price_range": null,
          "brand_preference": null,
          "cruelty_free": true
        },
        "The \"Blush Brush\" has a plastic handle. Is that okay for you?"
      ],
      [
        "Actually, I'd prefer a wooden handle. Do you have any options with that?",
        {
          "name": null,
          "brush_type": "blush",
          "size": "small",
          "bristle_material": "natural",
          "handle_material": "wood",
          "price_range": null,
          "brand_preference": null,
          "cruelty_free": null
        },
        "Yes, there's the \"Dome Blush Brush\" with a wooden handle, but it's not cruelty-free. Would that work for you?"
      ],
      [
        "Yes, that's fine! I'll go with the \"Dome Blush Brush.\"",
        {
          "name": "Dome Blush Brush",
          "brush_type": "blush",
          "size": "small",
          "bristle_material": "natural",
          "handle_material": "wood",
          "price_range": null,
          "brand_preference": null,
          "cruelty_free": false
        },
        "Awesome choice! Enjoy your \"Dome Blush Brush\"!"
      ]
    ],
    "preferences_code": "```python\npreferences = MakeupBrushCriteria(\n    name='Dome Blush Brush',\n    brush_type='blush',\n    size='small',\n    bristle_material='natural',\n    handle_material='wood',\n    price_range=(10.00, 20.00),\n    brand_preference='GlamourTools',\n    cruelty_free=False\n)\n```",
    "red_herrings_code": "```python\n# Global variable containing a list of example MakeupBrush objects\nsimilar_makeup_brushes = [\n    MakeupBrush(\n        name='Angled Blush Brush',\n        brush_type='blush',\n        size='medium',\n        bristle_material='natural',\n        handle_material='plastic',\n        price=18.99,\n        brand='GlamourTools',\n        cruelty_free=True,\n    ),\n    MakeupBrush(\n        name='Flat Blush Brush',\n        brush_type='blush',\n        size='small',\n        bristle_material='synthetic',\n        handle_material='plastic',\n        price=14.99,\n        brand='BeautyEssentials',\n        cruelty_free=True,\n    ),\n    MakeupBrush(\n        name='Dome Blush Brush',\n        brush_type='blush',\n        size='small',\n        bristle_material='natural',\n        handle_material='wood',\n        price=16.49,\n        brand='GlamourTools',\n        cruelty_free=False,\n    ),\n]\n```",
    "database_code": "```python\n# Global variable to hold a list of example makeup brushes\nmakeup_brushes: list[MakeupBrush] = [\n    MakeupBrush(\n        name=\"Foundation Brush\",\n        brush_type=\"foundation\",\n        size=\"medium\",\n        bristle_material=\"synthetic\",\n        handle_material=\"wood\",\n        price=25.99,\n        brand=\"BeautyCo\",\n        cruelty_free=True\n    ),\n    MakeupBrush(\n        name=\"Blush Brush\",\n        brush_type=\"blush\",\n        size=\"small\",\n        bristle_material=\"natural\",\n        handle_material=\"plastic\",\n        price=15.49,\n        brand=\"GlamourTools\",\n        cruelty_free=True\n    ),\n    MakeupBrush(\n        name=\"Eyeshadow Brush\",\n        brush_type=\"eyeshadow\",\n        size=\"medium\",\n        bristle_material=\"synthetic\",\n        handle_material=\"metal\",\n        price=12.99,\n        brand=\"ColorPop\",\n        cruelty_free=True\n    ),\n    MakeupBrush(\n        name=\"Contour Brush\",\n        brush_type=\"contour\",\n        size=\"large\",\n        bristle_material=\"natural\",\n        handle_material=\"wood\",\n        price=30.00,\n        brand=\"Artistry\",\n        cruelty_free=False\n    ),\n    MakeupBrush(\n        name=\"Concealer Brush\",\n        brush_type=\"concealer\",\n        size=\"small\",\n        bristle_material=\"synthetic\",\n        handle_material=\"plastic\",\n        price=10.00,\n        brand=\"MakeupMaster\",\n        cruelty_free=True\n    ),\n    MakeupBrush(\n        name=\"Fan Brush\",\n        brush_type=\"blush\",\n        size=\"medium\",\n        bristle_material=\"natural\",\n        handle_material=\"wood\",\n        price=22.50,\n        brand=\"GlamourTools\",\n        cruelty_free=True\n    ),\n    MakeupBrush(\n        name=\"Detail Brush\",\n        brush_type=\"eyeshadow\",\n        size=\"small\",\n        bristle_material=\"synthetic\",\n        handle_material=\"metal\",\n        price=8.99,\n        brand=\"ColorPop\",\n        cruelty_free=True\n    ),\n    MakeupBrush(\n        name=\"Powder Brush\",\n        brush_type=\"foundation\",\n        size=\"large\",\n        bristle_material=\"natural\",\n        handle_material=\"wood\",\n        price=35.00,\n        brand=\"BeautyCo\",\n        cruelty_free=False\n    ),\n    MakeupBrush(\n        name=\"Lip Brush\",\n        brush_type=\"concealer\",\n        size=\"small\",\n        bristle_material=\"synthetic\",\n        handle_material=\"plastic\",\n        price=5.99,\n        brand=\"MakeupMaster\",\n        cruelty_free=True\n    ),\n    MakeupBrush(\n        name=\"Brow Brush\",\n        brush_type=\"eyeshadow\",\n        size=\"small\",\n        bristle_material=\"natural\",\n        handle_material=\"metal\",\n        price=7.49,\n        brand=\"GlamourTools\",\n        cruelty_free=True\n    )\n]\n```",
    "database": [
      {
        "name": "Blush Brush",
        "brush_type": "blush",
        "size": "small",
        "bristle_material": "natural",
        "handle_material": "plastic",
        "price": 15.49,
        "brand": "GlamourTools",
        "cruelty_free": true
      },
      {
        "name": "Dome Blush Brush",
        "brush_type": "blush",
        "size": "small",
        "bristle_material": "natural",
        "handle_material": "wood",
        "price": 16.49,
        "brand": "GlamourTools",
        "cruelty_free": false
      },
      {
        "name": "Eyeshadow Brush",
        "brush_type": "eyeshadow",
        "size": "medium",
        "bristle_material": "synthetic",
        "handle_material": "metal",
        "price": 12.99,
        "brand": "ColorPop",
        "cruelty_free": true
      },
      {
        "name": "Powder Brush",
        "brush_type": "foundation",
        "size": "large",
        "bristle_material": "natural",
        "handle_material": "wood",
        "price": 35.0,
        "brand": "BeautyCo",
        "cruelty_free": false
      },
      {
        "name": "Contour Brush",
        "brush_type": "contour",
        "size": "large",
        "bristle_material": "natural",
        "handle_material": "wood",
        "price": 30.0,
        "brand": "Artistry",
        "cruelty_free": false
      },
      {
        "name": "Fan Brush",
        "brush_type": "blush",
        "size": "medium",
        "bristle_material": "natural",
        "handle_material": "wood",
        "price": 22.5,
        "brand": "GlamourTools",
        "cruelty_free": true
      },
      {
        "name": "Concealer Brush",
        "brush_type": "concealer",
        "size": "small",
        "bristle_material": "synthetic",
        "handle_material": "plastic",
        "price": 10.0,
        "brand": "MakeupMaster",
        "cruelty_free": true
      },
      {
        "name": "Detail Brush",
        "brush_type": "eyeshadow",
        "size": "small",
        "bristle_material": "synthetic",
        "handle_material": "metal",
        "price": 8.99,
        "brand": "ColorPop",
        "cruelty_free": true
      },
      {
        "name": "Angled Blush Brush",
        "brush_type": "blush",
        "size": "medium",
        "bristle_material": "natural",
        "handle_material": "plastic",
        "price": 18.99,
        "brand": "GlamourTools",
        "cruelty_free": true
      },
      {
        "name": "Brow Brush",
        "brush_type": "eyeshadow",
        "size": "small",
        "bristle_material": "natural",
        "handle_material": "metal",
        "price": 7.49,
        "brand": "GlamourTools",
        "cruelty_free": true
      },
      {
        "name": "Foundation Brush",
        "brush_type": "foundation",
        "size": "medium",
        "bristle_material": "synthetic",
        "handle_material": "wood",
        "price": 25.99,
        "brand": "BeautyCo",
        "cruelty_free": true
      },
      {
        "name": "Flat Blush Brush",
        "brush_type": "blush",
        "size": "small",
        "bristle_material": "synthetic",
        "handle_material": "plastic",
        "price": 14.99,
        "brand": "BeautyEssentials",
        "cruelty_free": true
      },
      {
        "name": "Lip Brush",
        "brush_type": "concealer",
        "size": "small",
        "bristle_material": "synthetic",
        "handle_material": "plastic",
        "price": 5.99,
        "brand": "MakeupMaster",
        "cruelty_free": true
      }
    ],
    "goal": {
      "name": "Dome Blush Brush",
      "brush_type": "blush",
      "size": "small",
      "bristle_material": "natural",
      "handle_material": "wood",
      "price": 16.49,
      "brand": "GlamourTools",
      "cruelty_free": false
    },
    "status": "complete"
  }
]