[
  {
    "domain": "foundation",
    "turns": [
      [
        "I'm looking for a foundation with medium coverage and a matte finish.",
        {
          "name": null,
          "coverage": "medium",
          "finish": "matte",
          "skin_type": null,
          "undertone": null,
          "longevity": null,
          "spf": null,
          "cruelty_free": null,
          "vegan": null,
          "price_range": null
        },
        "Do you have a specific skin type or undertone in mind?"
      ],
      [
        "Yes, my skin type is oily.",
        {
          "name": null,
          "coverage": "medium",
          "finish": "matte",
          "skin_type": "oily",
          "undertone": null,
          "longevity": null,
          "spf": null,
          "cruelty_free": null,
          "vegan": null,
          "price_range": null
        },
        "Great! Do you prefer a long-wearing foundation?"
      ],
      [
        "I don't have a specific preference for longevity.",
        {
          "name": null,
          "coverage": "medium",
          "finish": "matte",
          "skin_type": "oily",
          "undertone": null,
          "longevity": null,
          "spf": null,
          "cruelty_free": null,
          "vegan": null,
          "price_range": null
        },
        "Got it! Would you like it to be cruelty-free or vegan?"
      ],
      [
        "I prefer it to be cruelty-free, but vegan is not a must.",
        {
          "name": null,
          "coverage": "medium",
          "finish": "matte",
          "skin_type": "oily",
          "undertone": null,
          "longevity": null,
          "spf": null,
          "cruelty_free": true,
          "vegan": null,
          "price_range": null
        },
        "I have a couple of options for you: \"Velvet Matte\" and \"Matte Perfection.\" Which one sounds better?"
      ],
      [
        "\"Matte Perfection\" sounds great!",
        {
          "name": "Matte Perfection",
          "coverage": "medium",
          "finish": "matte",
          "skin_type": "oily",
          "undertone": null,
          "longevity": null,
          "spf": null,
          "cruelty_free": true,
          "vegan": null,
          "price_range": null
        },
        "Awesome choice! \"Matte Perfection\" it is!"
      ]
    ],
    "preferences_code": "```python\npreferences = FoundationPreferences(\n    name='Velvet Matte',\n    coverage='medium',\n    finish='matte',\n    skin_type='oily',\n    undertone='neutral',\n    longevity='long',\n    spf=True,\n    cruelty_free=True,\n    vegan=False,\n    price_range='mid-range',\n)\n```",
    "red_herrings_code": "```python\n# A list of foundation examples representing similar search results\nsimilar_foundations = [\n    Foundation(\n        name='Matte Perfection',\n        coverage='full',\n        finish='matte',\n        skin_type='oily',\n        undertone='warm',\n        longevity='long',\n        spf=True,\n        cruelty_free=True,\n        vegan=True,\n        price_range='high-end',\n    ),\n    Foundation(\n        name='Velvet Matte',\n        coverage='medium',\n        finish='matte',\n        skin_type='oily',\n        undertone='neutral',\n        longevity='long',\n        spf=True,\n        cruelty_free=True,\n        vegan=False,\n        price_range='mid-range',\n    ),\n    Foundation(\n        name='Ultimate Matte',\n        coverage='full',\n        finish='satin',\n        skin_type='oily',\n        undertone='warm',\n        longevity='medium',\n        spf=True,\n        cruelty_free=False,\n        vegan=True,\n        price_range='high-end',\n    )\n]\n```",
    "database_code": "```python\nfoundations_list = [\n    Foundation(\n        name=\"Matte Perfection\",\n        coverage=\"full\",\n        finish=\"matte\",\n        skin_type=\"oily\",\n        undertone=\"neutral\",\n        longevity=\"long\",\n        spf=True,\n        cruelty_free=True,\n        vegan=False,\n        price_range=\"mid-range\"\n    ),\n    Foundation(\n        name=\"Dewy Glow\",\n        coverage=\"medium\",\n        finish=\"dewy\",\n        skin_type=\"dry\",\n        undertone=\"warm\",\n        longevity=\"medium\",\n        spf=False,\n        cruelty_free=True,\n        vegan=True,\n        price_range=\"high-end\"\n    ),\n    Foundation(\n        name=\"Satin Radiance\",\n        coverage=\"light\",\n        finish=\"satin\",\n        skin_type=\"combination\",\n        undertone=\"cool\",\n        longevity=\"short\",\n        spf=False,\n        cruelty_free=False,\n        vegan=False,\n        price_range=\"budget\"\n    ),\n    Foundation(\n        name=\"Ultra Matte\",\n        coverage=\"full\",\n        finish=\"matte\",\n        skin_type=\"oily\",\n        undertone=\"warm\",\n        longevity=\"long\",\n        spf=True,\n        cruelty_free=True,\n        vegan=True,\n        price_range=\"high-end\"\n    ),\n    Foundation(\n        name=\"Hydrating Foundation\",\n        coverage=\"medium\",\n        finish=\"dewy\",\n        skin_type=\"dry\",\n        undertone=\"neutral\",\n        longevity=\"medium\",\n        spf=True,\n        cruelty_free=False,\n        vegan=False,\n        price_range=\"mid-range\"\n    ),\n    Foundation(\n        name=\"Silk Finish\",\n        coverage=\"light\",\n        finish=\"satin\",\n        skin_type=\"normal\",\n        undertone=\"cool\",\n        longevity=\"long\",\n        spf=False,\n        cruelty_free=True,\n        vegan=True,\n        price_range=\"mid-range\"\n    ),\n    Foundation(\n        name=\"Longwear Matte\",\n        coverage=\"full\",\n        finish=\"matte\",\n        skin_type=\"combination\",\n        undertone=\"warm\",\n        longevity=\"long\",\n        spf=False,\n        cruelty_free=False,\n        vegan=False,\n        price_range=\"budget\"\n    ),\n    Foundation(\n        name=\"Natural Glow\",\n        coverage=\"medium\",\n        finish=\"dewy\",\n        skin_type=\"normal\",\n        undertone=\"neutral\",\n        longevity=\"medium\",\n        spf=True,\n        cruelty_free=True,\n        vegan=True,\n        price_range=\"high-end\"\n    ),\n    Foundation(\n        name=\"Everyday Wear\",\n        coverage=\"light\",\n        finish=\"satin\",\n        skin_type=\"dry\",\n        undertone=\"warm\",\n        longevity=\"short\",\n        spf=False,\n        cruelty_free=True,\n        vegan=False,\n        price_range=\"mid-range\"\n    ),\n    Foundation(\n        name=\"Complete Coverage\",\n        coverage=\"full\",\n        finish=\"matte\",\n        skin_type=\"oily\",\n        undertone=\"cool\",\n        longevity=\"long\",\n        spf=True,\n        cruelty_free=True,\n        vegan=True,\n        price_range=\"high-end\"\n    )\n]\n```",
    "database": [
      {
        "name": "Velvet Matte",
        "coverage": "medium",
        "finish": "matte",
        "skin_type": "oily",
        "undertone": "neutral",
        "longevity": "long",
        "spf": true,
        "cruelty_free": true,
        "vegan": false,
        "price_range": "mid-range"
      },
      {
        "name": "Longwear Matte",
        "coverage": "full",
        "finish": "matte",
        "skin_type": "combination",
        "undertone": "warm",
        "longevity": "long",
        "spf": false,
        "cruelty_free": false,
        "vegan": false,
        "price_range": "budget"
      },
      {
        "name": "Matte Perfection",
        "coverage": "full",
        "finish": "matte",
        "skin_type": "oily",
        "undertone": "warm",
        "longevity": "long",
        "spf": true,
        "cruelty_free": true,
        "vegan": true,
        "price_range": "high-end"
      },
      {
        "name": "Complete Coverage",
        "coverage": "full",
        "finish": "matte",
        "skin_type": "oily",
        "undertone": "cool",
        "longevity": "long",
        "spf": true,
        "cruelty_free": true,
        "vegan": true,
        "price_range": "high-end"
      },
      {
        "name": "Dewy Glow",
        "coverage": "medium",
        "finish": "dewy",
        "skin_type": "dry",
        "undertone": "warm",
        "longevity": "medium",
        "spf": false,
        "cruelty_free": true,
        "vegan": true,
        "price_range": "high-end"
      },
      {
        "name": "Matte Perfection",
        "coverage": "full",
        "finish": "matte",
        "skin_type": "oily",
        "undertone": "neutral",
        "longevity": "long",
        "spf": true,
        "cruelty_free": true,
        "vegan": false,
        "price_range": "mid-range"
      },
      {
        "name": "Silk Finish",
        "coverage": "light",
        "finish": "satin",
        "skin_type": "normal",
        "undertone": "cool",
        "longevity": "long",
        "spf": false,
        "cruelty_free": true,
        "vegan": true,
        "price_range": "mid-range"
      },
      {
        "name": "Hydrating Foundation",
        "coverage": "medium",
        "finish": "dewy",
        "skin_type": "dry",
        "undertone": "neutral",
        "longevity": "medium",
        "spf": true,
        "cruelty_free": false,
        "vegan": false,
        "price_range": "mid-range"
      },
      {
        "name": "Satin Radiance",
        "coverage": "light",
        "finish": "satin",
        "skin_type": "combination",
        "undertone": "cool",
        "longevity": "short",
        "spf": false,
        "cruelty_free": false,
        "vegan": false,
        "price_range": "budget"
      },
      {
        "name": "Everyday Wear",
        "coverage": "light",
        "finish": "satin",
        "skin_type": "dry",
        "undertone": "warm",
        "longevity": "short",
        "spf": false,
        "cruelty_free": true,
        "vegan": false,
        "price_range": "mid-range"
      },
      {
        "name": "Ultra Matte",
        "coverage": "full",
        "finish": "matte",
        "skin_type": "oily",
        "undertone": "warm",
        "longevity": "long",
        "spf": true,
        "cruelty_free": true,
        "vegan": true,
        "price_range": "high-end"
      },
      {
        "name": "Ultimate Matte",
        "coverage": "full",
        "finish": "satin",
        "skin_type": "oily",
        "undertone": "warm",
        "longevity": "medium",
        "spf": true,
        "cruelty_free": false,
        "vegan": true,
        "price_range": "high-end"
      },
      {
        "name": "Natural Glow",
        "coverage": "medium",
        "finish": "dewy",
        "skin_type": "normal",
        "undertone": "neutral",
        "longevity": "medium",
        "spf": true,
        "cruelty_free": true,
        "vegan": true,
        "price_range": "high-end"
      }
    ],
    "goal": {
      "name": "Velvet Matte",
      "coverage": "medium",
      "finish": "matte",
      "skin_type": "oily",
      "undertone": "neutral",
      "longevity": "long",
      "spf": true,
      "cruelty_free": true,
      "vegan": false,
      "price_range": "mid-range"
    },
    "status": "complete"
  },
  {
    "domain": "lipstick shade",
    "turns": [
      [
        "Thanks! Now, can we find a matte lipstick shade?",
        {
          "name": "Matte Perfection",
          "color": null,
          "finish": "matte",
          "brand": null,
          "price_range": null,
          "long_wear": null,
          "cruelty_free": true,
          "vegan": null,
          "hypoallergenic": null
        },
        "Sure! What color are you thinking for the matte lipstick?"
      ],
      [
        "I'm open to any color, maybe something bold?",
        {
          "name": null,
          "color": "bold",
          "finish": "matte",
          "brand": null,
          "price_range": null,
          "long_wear": null,
          "cruelty_free": true,
          "vegan": null,
          "hypoallergenic": null
        },
        "How about a bold red or a deep burgundy? Any preference?"
      ],
      [
        "I think a bold red would be perfect!",
        {
          "name": null,
          "color": "red",
          "finish": "matte",
          "brand": null,
          "price_range": null,
          "long_wear": null,
          "cruelty_free": true,
          "vegan": null,
          "hypoallergenic": null
        },
        "Great choice! Would you like it to be cruelty-free?"
      ],
      [
        "Yes, cruelty-free is definitely preferred!",
        {
          "name": null,
          "color": "red",
          "finish": "matte",
          "brand": null,
          "price_range": null,
          "long_wear": null,
          "cruelty_free": true,
          "vegan": null,
          "hypoallergenic": null
        },
        "I recommend \"Kiss of Passion\" or \"Ruby Woo.\" Which one do you like?"
      ],
      [
        "I love \"Ruby Woo\"!",
        {
          "name": "Ruby Woo",
          "color": "red",
          "finish": "matte",
          "brand": null,
          "price_range": null,
          "long_wear": null,
          "cruelty_free": true,
          "vegan": null,
          "hypoallergenic": null
        },
        "Excellent choice! \"Ruby Woo\" it is!"
      ]
    ],
    "preferences_code": "```python\npreferences = LipstickPreference(\n    color='red',\n    finish='matte',\n    cruelty_free=True\n)\n```",
    "red_herrings_code": "```python\n# Global variable containing a list of similar lipstick shade examples\nsimilar_lipstick_shades = [\n    LipstickShade(\n        name='Kiss of Passion',\n        color='red',\n        finish='matte',\n        brand='Charlotte Tilbury',\n        price_range='$20-$40',\n        long_wear=False,\n        cruelty_free=True,\n        vegan=False,\n        hypoallergenic=True,\n    ),\n    LipstickShade(\n        name='Life of the Party',\n        color='red',\n        finish='glossy',\n        brand='NARS',\n        price_range='$20-$40',\n        long_wear=True,\n        cruelty_free=True,\n        vegan=False,\n        hypoallergenic=False,\n    ),\n    LipstickShade(\n        name='Red Carpet',\n        color='crimson',\n        finish='glossy',\n        brand='MAC',\n        price_range='$20-$40',\n        long_wear=False,\n        cruelty_free=True,\n        vegan=False,\n        hypoallergenic=True,\n    ),\n]\n```",
    "database_code": "```python\n# Global variable representing a list of lipstick shade examples known to the beauty consultant.\nlipstick_shades = [\n    LipstickShade(name=\"Ruby Woo\", color=\"red\", finish=\"matte\", brand=\"MAC\", price_range=\"under $20\", long_wear=True, cruelty_free=True, vegan=False, hypoallergenic=False),\n    LipstickShade(name=\"Dolce Vita\", color=\"pink\", finish=\"satin\", brand=\"NARS\", price_range=\"$20-$40\", long_wear=False, cruelty_free=True, vegan=False, hypoallergenic=True),\n    LipstickShade(name=\"All Fired Up\", color=\"coral\", finish=\"matte\", brand=\"MAC\", price_range=\"under $20\", long_wear=True, cruelty_free=True, vegan=False, hypoallergenic=False),\n    LipstickShade(name=\"Faux\", color=\"nude\", finish=\"satin\", brand=\"MAC\", price_range=\"$20-$40\", long_wear=False, cruelty_free=True, vegan=False, hypoallergenic=False),\n    LipstickShade(name=\"Kiss of Life\", color=\"red\", finish=\"glossy\", brand=\"Charlotte Tilbury\", price_range=\"$20-$40\", long_wear=False, cruelty_free=True, vegan=False, hypoallergenic=True),\n    LipstickShade(name=\"Burgundy Blush\", color=\"burgundy\", finish=\"matte\", brand=\"L'Oreal\", price_range=\"under $20\", long_wear=True, cruelty_free=False, vegan=False, hypoallergenic=True),\n    LipstickShade(name=\"Peachy Keen\", color=\"peach\", finish=\"glossy\", brand=\"Revlon\", price_range=\"under $20\", long_wear=False, cruelty_free=True, vegan=False, hypoallergenic=False),\n    LipstickShade(name=\"Berry Bold\", color=\"berry\", finish=\"satin\", brand=\"Maybelline\", price_range=\"under $20\", long_wear=True, cruelty_free=True, vegan=False, hypoallergenic=False),\n    LipstickShade(name=\"Matte Revolution\", color=\"nude\", finish=\"matte\", brand=\"Charlotte Tilbury\", price_range=\"$20-$40\", long_wear=True, cruelty_free=True, vegan=False, hypoallergenic=True),\n    LipstickShade(name=\"Crimson Kiss\", color=\"red\", finish=\"metallic\", brand=\"Fenty Beauty\", price_range=\"$20-$40\", long_wear=True, cruelty_free=True, vegan=True, hypoallergenic=False),\n]\n```",
    "database": [
      {
        "name": "Peachy Keen",
        "color": "peach",
        "finish": "glossy",
        "brand": "Revlon",
        "price_range": "under $20",
        "long_wear": false,
        "cruelty_free": true,
        "vegan": false,
        "hypoallergenic": false
      },
      {
        "name": "Life of the Party",
        "color": "red",
        "finish": "glossy",
        "brand": "NARS",
        "price_range": "$20-$40",
        "long_wear": true,
        "cruelty_free": true,
        "vegan": false,
        "hypoallergenic": false
      },
      {
        "name": "Faux",
        "color": "nude",
        "finish": "satin",
        "brand": "MAC",
        "price_range": "$20-$40",
        "long_wear": false,
        "cruelty_free": true,
        "vegan": false,
        "hypoallergenic": false
      },
      {
        "name": "Kiss of Passion",
        "color": "red",
        "finish": "matte",
        "brand": "Charlotte Tilbury",
        "price_range": "$20-$40",
        "long_wear": false,
        "cruelty_free": true,
        "vegan": false,
        "hypoallergenic": true
      },
      {
        "name": "Dolce Vita",
        "color": "pink",
        "finish": "satin",
        "brand": "NARS",
        "price_range": "$20-$40",
        "long_wear": false,
        "cruelty_free": true,
        "vegan": false,
        "hypoallergenic": true
      },
      {
        "name": "Kiss of Life",
        "color": "red",
        "finish": "glossy",
        "brand": "Charlotte Tilbury",
        "price_range": "$20-$40",
        "long_wear": false,
        "cruelty_free": true,
        "vegan": false,
        "hypoallergenic": true
      },
      {
        "name": "All Fired Up",
        "color": "coral",
        "finish": "matte",
        "brand": "MAC",
        "price_range": "under $20",
        "long_wear": true,
        "cruelty_free": true,
        "vegan": false,
        "hypoallergenic": false
      },
      {
        "name": "Crimson Kiss",
        "color": "red",
        "finish": "metallic",
        "brand": "Fenty Beauty",
        "price_range": "$20-$40",
        "long_wear": true,
        "cruelty_free": true,
        "vegan": true,
        "hypoallergenic": false
      },
      {
        "name": "Red Carpet",
        "color": "crimson",
        "finish": "glossy",
        "brand": "MAC",
        "price_range": "$20-$40",
        "long_wear": false,
        "cruelty_free": true,
        "vegan": false,
        "hypoallergenic": true
      },
      {
        "name": "Matte Revolution",
        "color": "nude",
        "finish": "matte",
        "brand": "Charlotte Tilbury",
        "price_range": "$20-$40",
        "long_wear": true,
        "cruelty_free": true,
        "vegan": false,
        "hypoallergenic": true
      },
      {
        "name": "Burgundy Blush",
        "color": "burgundy",
        "finish": "matte",
        "brand": "L'Oreal",
        "price_range": "under $20",
        "long_wear": true,
        "cruelty_free": false,
        "vegan": false,
        "hypoallergenic": true
      },
      {
        "name": "Ruby Woo",
        "color": "red",
        "finish": "matte",
        "brand": "MAC",
        "price_range": "under $20",
        "long_wear": true,
        "cruelty_free": true,
        "vegan": false,
        "hypoallergenic": false
      },
      {
        "name": "Berry Bold",
        "color": "berry",
        "finish": "satin",
        "brand": "Maybelline",
        "price_range": "under $20",
        "long_wear": true,
        "cruelty_free": true,
        "vegan": false,
        "hypoallergenic": false
      }
    ],
    "goal": {
      "name": "Kiss of Passion",
      "color": "red",
      "finish": "matte",
      "brand": "Charlotte Tilbury",
      "price_range": "$20-$40",
      "long_wear": false,
      "cruelty_free": true,
      "vegan": false,
      "hypoallergenic": true
    },
    "status": "complete"
  },
  {
    "domain": "makeup brushes",
    "turns": [
      [
        "Thanks! Now, can we find a large eyeshadow brush?",
        {
          "name": null,
          "brush_type": "foundation",
          "size": null,
          "bristle_material": null,
          "handle_material": null,
          "price_range": null,
          "brand_preference": null,
          "cruelty_free": true
        },
        "Sure! Do you have a preference for bristle material, like synthetic or natural?"
      ],
      [
        "I prefer synthetic bristles.",
        {
          "name": null,
          "brush_type": "foundation",
          "size": null,
          "bristle_material": "synthetic",
          "handle_material": null,
          "price_range": null,
          "brand_preference": null,
          "cruelty_free": true
        },
        "I have a large eyeshadow brush with synthetic bristles available! Would you like to know more about it?"
      ],
      [
        "Yes, please tell me about it!",
        {
          "name": null,
          "brush_type": "eyeshadow",
          "size": "large",
          "bristle_material": "synthetic",
          "handle_material": null,
          "price_range": null,
          "brand_preference": null,
          "cruelty_free": true
        },
        "It's the \"Large Eyeshadow Brush,\" size large, priced at $10.99, and it's from GlamourTools."
      ],
      [
        "Sounds great! Is it cruelty-free?",
        {
          "name": "Large Eyeshadow Brush",
          "brush_type": "eyeshadow",
          "size": "large",
          "bristle_material": "synthetic",
          "handle_material": null,
          "price_range": [
            10.99,
            10.99
          ],
          "brand_preference": "GlamourTools",
          "cruelty_free": true
        },
        "No, unfortunately, the \"Large Eyeshadow Brush\" is not cruelty-free. Would you like to look for another option?"
      ],
      [
        "Yes, let's find a cruelty-free option instead.",
        {
          "name": null,
          "brush_type": "eyeshadow",
          "size": "large",
          "bristle_material": "synthetic",
          "handle_material": null,
          "price_range": null,
          "brand_preference": "GlamourTools",
          "cruelty_free": true
        },
        "I have a \"Blending Eyeshadow Brush\" that's cruelty-free, medium size, and priced at $11.99. How does that sound?"
      ],
      [
        "I need a large brush, but I appreciate the option! Can we find another large, cruelty-free one?",
        {
          "name": null,
          "brush_type": "eyeshadow",
          "size": "large",
          "bristle_material": "synthetic",
          "handle_material": null,
          "price_range": null,
          "brand_preference": "GlamourTools",
          "cruelty_free": true
        },
        "Unfortunately, I don't have any large, cruelty-free eyeshadow brushes available. Would you like to consider a medium one instead?"
      ],
      [
        "Yes, a medium one would be okay if it's cruelty-free!",
        {
          "name": null,
          "brush_type": "eyeshadow",
          "size": "medium",
          "bristle_material": "synthetic",
          "handle_material": null,
          "price_range": null,
          "brand_preference": null,
          "cruelty_free": true
        },
        "The \"Blending Eyeshadow Brush\" is a great option, cruelty-free, and priced at $11.99. Would you like to go with that?"
      ],
      [
        "Yes, let's go with the \"Blending Eyeshadow Brush\"!",
        {
          "name": "Blending Eyeshadow Brush",
          "brush_type": "eyeshadow",
          "size": "medium",
          "bristle_material": "synthetic",
          "handle_material": null,
          "price_range": [
            11.99,
            11.99
          ],
          "brand_preference": "GlamourTools",
          "cruelty_free": true
        },
        "Perfect choice! The \"Blending Eyeshadow Brush\" it is!"
      ]
    ],
    "preferences_code": "```python\npreferences = MakeupBrushCriteria(\n    brush_type='eyeshadow',\n    size='large',\n    bristle_material='synthetic',\n    handle_material='plastic',\n    price_range=(5.00, 15.00),\n    cruelty_free=False\n)\n```",
    "red_herrings_code": "```python\n# Global variable representing a list of similar makeup brushes\nsimilar_makeup_brushes = [\n    MakeupBrush(\n        name='Precision Eyeshadow Brush',\n        brush_type='eyeshadow',\n        size='small',\n        bristle_material='natural',\n        handle_material='metal',\n        price=14.99,\n        brand='GlamourTools',\n        cruelty_free=True,\n    ),\n    MakeupBrush(\n        name='Large Eyeshadow Brush',\n        brush_type='eyeshadow',\n        size='large',\n        bristle_material='synthetic',\n        handle_material='plastic',\n        price=10.99,\n        brand='GlamourTools',\n        cruelty_free=False,\n    ),\n    MakeupBrush(\n        name='Blending Eyeshadow Brush',\n        brush_type='eyeshadow',\n        size='medium',\n        bristle_material='synthetic',\n        handle_material='metal',\n        price=11.99,\n        brand='BeautyPro',\n        cruelty_free=True,\n    ),\n]\n```",
    "database_code": "```python\n# Global variable containing a list of makeup brush examples\nmakeup_brushes: list[MakeupBrush] = [\n    MakeupBrush(\n        name=\"Foundation Brush\",\n        brush_type=\"foundation\",\n        size=\"medium\",\n        bristle_material=\"synthetic\",\n        handle_material=\"wood\",\n        price=25.99,\n        brand=\"BeautyCo\",\n        cruelty_free=True\n    ),\n    MakeupBrush(\n        name=\"Blush Brush\",\n        brush_type=\"blush\",\n        size=\"small\",\n        bristle_material=\"natural\",\n        handle_material=\"plastic\",\n        price=15.49,\n        brand=\"MakeupMasters\",\n        cruelty_free=True\n    ),\n    MakeupBrush(\n        name=\"Eyeshadow Brush\",\n        brush_type=\"eyeshadow\",\n        size=\"small\",\n        bristle_material=\"synthetic\",\n        handle_material=\"metal\",\n        price=12.99,\n        brand=\"GlamourTools\",\n        cruelty_free=False\n    ),\n    MakeupBrush(\n        name=\"Contour Brush\",\n        brush_type=\"contour\",\n        size=\"medium\",\n        bristle_material=\"natural\",\n        handle_material=\"wood\",\n        price=20.00,\n        brand=\"Artistry\",\n        cruelty_free=True\n    ),\n    MakeupBrush(\n        name=\"Concealer Brush\",\n        brush_type=\"concealer\",\n        size=\"small\",\n        bristle_material=\"synthetic\",\n        handle_material=\"plastic\",\n        price=10.00,\n        brand=\"CosmeticCraft\",\n        cruelty_free=True\n    ),\n    MakeupBrush(\n        name=\"Large Powder Brush\",\n        brush_type=\"foundation\",\n        size=\"large\",\n        bristle_material=\"natural\",\n        handle_material=\"wood\",\n        price=30.00,\n        brand=\"LuxuryBrushes\",\n        cruelty_free=True\n    ),\n    MakeupBrush(\n        name=\"Detail Brush\",\n        brush_type=\"eyeshadow\",\n        size=\"small\",\n        bristle_material=\"synthetic\",\n        handle_material=\"metal\",\n        price=8.50,\n        brand=\"ProArt\",\n        cruelty_free=False\n    ),\n    MakeupBrush(\n        name=\"Fan Brush\",\n        brush_type=\"blush\",\n        size=\"medium\",\n        bristle_material=\"natural\",\n        handle_material=\"wood\",\n        price=18.75,\n        brand=\"ElegantBeauty\",\n        cruelty_free=True\n    ),\n    MakeupBrush(\n        name=\"Flat Foundation Brush\",\n        brush_type=\"foundation\",\n        size=\"medium\",\n        bristle_material=\"synthetic\",\n        handle_material=\"plastic\",\n        price=22.50,\n        brand=\"MakeupGurus\",\n        cruelty_free=True\n    ),\n    MakeupBrush(\n        name=\"Precision Brush\",\n        brush_type=\"concealer\",\n        size=\"small\",\n        bristle_material=\"synthetic\",\n        handle_material=\"metal\",\n        price=14.99,\n        brand=\"BeautyEssentials\",\n        cruelty_free=False\n    )\n]\n```",
    "database": [
      {
        "name": "Flat Foundation Brush",
        "brush_type": "foundation",
        "size": "medium",
        "bristle_material": "synthetic",
        "handle_material": "plastic",
        "price": 22.5,
        "brand": "MakeupGurus",
        "cruelty_free": true
      },
      {
        "name": "Detail Brush",
        "brush_type": "eyeshadow",
        "size": "small",
        "bristle_material": "synthetic",
        "handle_material": "metal",
        "price": 8.5,
        "brand": "ProArt",
        "cruelty_free": false
      },
      {
        "name": "Precision Eyeshadow Brush",
        "brush_type": "eyeshadow",
        "size": "small",
        "bristle_material": "natural",
        "handle_material": "metal",
        "price": 14.99,
        "brand": "GlamourTools",
        "cruelty_free": true
      },
      {
        "name": "Blending Eyeshadow Brush",
        "brush_type": "eyeshadow",
        "size": "medium",
        "bristle_material": "synthetic",
        "handle_material": "metal",
        "price": 11.99,
        "brand": "BeautyPro",
        "cruelty_free": true
      },
      {
        "name": "Foundation Brush",
        "brush_type": "foundation",
        "size": "medium",
        "bristle_material": "synthetic",
        "handle_material": "wood",
        "price": 25.99,
        "brand": "BeautyCo",
        "cruelty_free": true
      },
      {
        "name": "Fan Brush",
        "brush_type": "blush",
        "size": "medium",
        "bristle_material": "natural",
        "handle_material": "wood",
        "price": 18.75,
        "brand": "ElegantBeauty",
        "cruelty_free": true
      },
      {
        "name": "Contour Brush",
        "brush_type": "contour",
        "size": "medium",
        "bristle_material": "natural",
        "handle_material": "wood",
        "price": 20.0,
        "brand": "Artistry",
        "cruelty_free": true
      },
      {
        "name": "Large Powder Brush",
        "brush_type": "foundation",
        "size": "large",
        "bristle_material": "natural",
        "handle_material": "wood",
        "price": 30.0,
        "brand": "LuxuryBrushes",
        "cruelty_free": true
      },
      {
        "name": "Large Eyeshadow Brush",
        "brush_type": "eyeshadow",
        "size": "large",
        "bristle_material": "synthetic",
        "handle_material": "plastic",
        "price": 10.99,
        "brand": "GlamourTools",
        "cruelty_free": false
      },
      {
        "name": "Precision Brush",
        "brush_type": "concealer",
        "size": "small",
        "bristle_material": "synthetic",
        "handle_material": "metal",
        "price": 14.99,
        "brand": "BeautyEssentials",
        "cruelty_free": false
      },
      {
        "name": "Concealer Brush",
        "brush_type": "concealer",
        "size": "small",
        "bristle_material": "synthetic",
        "handle_material": "plastic",
        "price": 10.0,
        "brand": "CosmeticCraft",
        "cruelty_free": true
      },
      {
        "name": "Eyeshadow Brush",
        "brush_type": "eyeshadow",
        "size": "small",
        "bristle_material": "synthetic",
        "handle_material": "metal",
        "price": 12.99,
        "brand": "GlamourTools",
        "cruelty_free": false
      },
      {
        "name": "Blush Brush",
        "brush_type": "blush",
        "size": "small",
        "bristle_material": "natural",
        "handle_material": "plastic",
        "price": 15.49,
        "brand": "MakeupMasters",
        "cruelty_free": true
      }
    ],
    "goal": {
      "name": "Large Eyeshadow Brush",
      "brush_type": "eyeshadow",
      "size": "large",
      "bristle_material": "synthetic",
      "handle_material": "plastic",
      "price": 10.99,
      "brand": "GlamourTools",
      "cruelty_free": false
    },
    "status": "complete"
  }
]