[
  {
    "domain": "Fabrics",
    "turns": [
      [
        "I'm looking for a mediumweight cotton fabric in yellow with stripes.",
        {
          "name": null,
          "color": "yellow",
          "material": "cotton",
          "pattern": "stripes",
          "weight": "mediumweight",
          "width": null,
          "stretch": null,
          "finish": null
        },
        "I have a mediumweight cotton fabric in yellow with stripes, but it's not the same as your request; would you like to see it?"
      ],
      [
        "Yes, please show me!",
        {
          "name": null,
          "color": "yellow",
          "material": "cotton",
          "pattern": "stripes",
          "weight": "mediumweight",
          "width": null,
          "stretch": null,
          "finish": null
        },
        "It's called \"Cotton Stripes,\" color yellow, mediumweight, width 36 inches, and stretch is medium. What do you think?"
      ],
      [
        "That sounds great! Is the finish matte?",
        {
          "name": "Cotton Stripes",
          "color": "yellow",
          "material": "cotton",
          "pattern": "stripes",
          "weight": "mediumweight",
          "width": 36,
          "stretch": "medium",
          "finish": null
        },
        "Yes, the finish is matte. Would you like to confirm your choice?"
      ],
      [
        "Yes, I\u2019d like to confirm my choice!",
        {
          "name": "Cotton Stripes",
          "color": "yellow",
          "material": "cotton",
          "pattern": "stripes",
          "weight": "mediumweight",
          "width": 36,
          "stretch": "medium",
          "finish": "matte"
        },
        "Great choice! You've selected the \"Cotton Stripes\" fabric in yellow. Thank you!"
      ]
    ],
    "preferences_code": "```python\npreferences = FabricCriteria(\n    name='Cotton Stripes',\n    color='yellow',\n    material='cotton',\n    pattern='stripes',\n    weight='mediumweight',\n    width=36,\n    stretch='medium',\n    finish='matte',\n)\n```",
    "red_herrings_code": "```python\n# Global variable to store a list of Fabric examples\nsimilar_fabrics = [\n    Fabric(\n        name='Cotton Stripes',\n        color='yellow',\n        material='cotton',\n        pattern='stripes',\n        weight='mediumweight',\n        width=36,\n        stretch='medium',\n        finish='matte',\n    ),\n    Fabric(\n        name='Silk Polka Dots',\n        color='yellow',\n        material='silk',\n        pattern='polka dots',\n        weight='mediumweight',\n        width=36,\n        stretch='medium',\n        finish='matte',\n    ),\n    Fabric(\n        name='Cotton Polka Dots',\n        color='blue',\n        material='cotton',\n        pattern='polka dots',\n        weight='mediumweight',\n        width=36,\n        stretch='medium',\n        finish='matte',\n    ),\n]\n```",
    "database_code": "```python\n# Global variable representing a list of Fabric examples\nfabric_samples = [\n    Fabric(name=\"Cotton Stripes\", color=\"blue\", material=\"cotton\", pattern=\"stripes\", weight=\"mediumweight\", width=45, stretch=\"none\", finish=\"matte\"),\n    Fabric(name=\"Silk Floral\", color=\"red\", material=\"silk\", pattern=\"floral\", weight=\"lightweight\", width=54, stretch=\"none\", finish=\"glossy\"),\n    Fabric(name=\"Wool Checks\", color=\"green\", material=\"wool\", pattern=\"checks\", weight=\"heavyweight\", width=60, stretch=\"low\", finish=\"textured\"),\n    Fabric(name=\"Linen Solid\", color=\"white\", material=\"linen\", pattern=\"solid\", weight=\"mediumweight\", width=48, stretch=\"none\", finish=\"matte\"),\n    Fabric(name=\"Polyester Geometric\", color=\"black\", material=\"polyester\", pattern=\"geometric\", weight=\"lightweight\", width=45, stretch=\"high\", finish=\"sheen\"),\n    Fabric(name=\"Cotton Polka Dots\", color=\"yellow\", material=\"cotton\", pattern=\"polka dots\", weight=\"mediumweight\", width=36, stretch=\"medium\", finish=\"matte\"),\n    Fabric(name=\"Silk Ombre\", color=\"purple\", material=\"silk\", pattern=\"ombre\", weight=\"lightweight\", width=50, stretch=\"none\", finish=\"glossy\"),\n    Fabric(name=\"Wool Houndstooth\", color=\"gray\", material=\"wool\", pattern=\"houndstooth\", weight=\"heavyweight\", width=58, stretch=\"low\", finish=\"textured\"),\n    Fabric(name=\"Linen Stripes\", color=\"navy\", material=\"linen\", pattern=\"stripes\", weight=\"mediumweight\", width=45, stretch=\"none\", finish=\"matte\"),\n    Fabric(name=\"Polyester Solid\", color=\"orange\", material=\"polyester\", pattern=\"solid\", weight=\"lightweight\", width=60, stretch=\"high\", finish=\"sheen\"),\n]\n```",
    "database": [
      {
        "name": "Silk Ombre",
        "color": "purple",
        "material": "silk",
        "pattern": "ombre",
        "weight": "lightweight",
        "width": 50,
        "stretch": "none",
        "finish": "glossy"
      },
      {
        "name": "Polyester Geometric",
        "color": "black",
        "material": "polyester",
        "pattern": "geometric",
        "weight": "lightweight",
        "width": 45,
        "stretch": "high",
        "finish": "sheen"
      },
      {
        "name": "Wool Houndstooth",
        "color": "gray",
        "material": "wool",
        "pattern": "houndstooth",
        "weight": "heavyweight",
        "width": 58,
        "stretch": "low",
        "finish": "textured"
      },
      {
        "name": "Cotton Stripes",
        "color": "blue",
        "material": "cotton",
        "pattern": "stripes",
        "weight": "mediumweight",
        "width": 45,
        "stretch": "none",
        "finish": "matte"
      },
      {
        "name": "Silk Floral",
        "color": "red",
        "material": "silk",
        "pattern": "floral",
        "weight": "lightweight",
        "width": 54,
        "stretch": "none",
        "finish": "glossy"
      },
      {
        "name": "Cotton Polka Dots",
        "color": "yellow",
        "material": "cotton",
        "pattern": "polka dots",
        "weight": "mediumweight",
        "width": 36,
        "stretch": "medium",
        "finish": "matte"
      },
      {
        "name": "Linen Stripes",
        "color": "navy",
        "material": "linen",
        "pattern": "stripes",
        "weight": "mediumweight",
        "width": 45,
        "stretch": "none",
        "finish": "matte"
      },
      {
        "name": "Polyester Solid",
        "color": "orange",
        "material": "polyester",
        "pattern": "solid",
        "weight": "lightweight",
        "width": 60,
        "stretch": "high",
        "finish": "sheen"
      },
      {
        "name": "Wool Checks",
        "color": "green",
        "material": "wool",
        "pattern": "checks",
        "weight": "heavyweight",
        "width": 60,
        "stretch": "low",
        "finish": "textured"
      },
      {
        "name": "Cotton Stripes",
        "color": "yellow",
        "material": "cotton",
        "pattern": "stripes",
        "weight": "mediumweight",
        "width": 36,
        "stretch": "medium",
        "finish": "matte"
      },
      {
        "name": "Cotton Polka Dots",
        "color": "blue",
        "material": "cotton",
        "pattern": "polka dots",
        "weight": "mediumweight",
        "width": 36,
        "stretch": "medium",
        "finish": "matte"
      },
      {
        "name": "Linen Solid",
        "color": "white",
        "material": "linen",
        "pattern": "solid",
        "weight": "mediumweight",
        "width": 48,
        "stretch": "none",
        "finish": "matte"
      },
      {
        "name": "Silk Polka Dots",
        "color": "yellow",
        "material": "silk",
        "pattern": "polka dots",
        "weight": "mediumweight",
        "width": 36,
        "stretch": "medium",
        "finish": "matte"
      }
    ],
    "goal": {
      "name": "Cotton Stripes",
      "color": "yellow",
      "material": "cotton",
      "pattern": "stripes",
      "weight": "mediumweight",
      "width": 36,
      "stretch": "medium",
      "finish": "matte"
    },
    "status": "complete"
  },
  {
    "domain": "Patterns",
    "turns": [
      [
        "Thanks! Now, can you help me find a floral pattern in pastel colors?",
        {
          "name": "Cotton Stripes",
          "type": "striped",
          "scale": "medium",
          "color_scheme": "pastel",
          "texture": "smooth",
          "season": null,
          "theme": null,
          "fabric_type": "cotton",
          "budget": null,
          "usage": null
        },
        "Sure! Are you looking for a specific scale or season for the floral pattern?"
      ],
      [
        "I'm looking for a medium scale floral pattern suitable for spring.",
        {
          "name": null,
          "type": "floral",
          "scale": "medium",
          "color_scheme": "pastel",
          "texture": null,
          "season": "spring",
          "theme": null,
          "fabric_type": "cotton",
          "budget": null,
          "usage": null
        },
        "I have \"Sunny Blooms,\" a medium-scale floral pattern in pastel colors for spring. Would you like to know more about it?"
      ],
      [
        "Yes, tell me more about \"Sunny Blooms\"!",
        {
          "name": "Sunny Blooms",
          "type": "floral",
          "scale": "medium",
          "color_scheme": "pastel",
          "texture": null,
          "season": "spring",
          "theme": null,
          "fabric_type": "cotton",
          "budget": null,
          "usage": null
        },
        "\"Sunny Blooms\" features a pastel color scheme, is printed, and has a smooth texture, priced at $13.50. Does that sound good to you?"
      ],
      [
        "That sounds perfect! I\u2019d like to confirm \"Sunny Blooms.\"",
        {
          "name": "Sunny Blooms",
          "type": "floral",
          "scale": "medium",
          "color_scheme": "pastel",
          "texture": "printed",
          "season": "spring",
          "theme": null,
          "fabric_type": "cotton",
          "budget": 13.5,
          "usage": null
        },
        "Excellent choice! You've confirmed \"Sunny Blooms.\" Thank you!"
      ]
    ],
    "preferences_code": "```python\npreferences = PatternPreferences(\n    name=None,\n    type='floral',\n    scale='medium',\n    color_scheme='pastel',\n    texture='printed',\n    season='spring',\n    theme='whimsical',\n    fabric_type='cotton',\n    budget=15.0,\n    usage='casual'\n)\n```",
    "red_herrings_code": "```python\n# Global variable representing a list of similar Pattern examples\nsimilar_patterns = [\n    Pattern(\n        name='Daisy Meadow',\n        type='floral',\n        scale='small',\n        color_scheme='vibrant',\n        texture='smooth',\n        season='spring',\n        theme='whimsical',\n        fabric_type='cotton',\n        price=15.00,\n        usage='casual',\n    ),\n    Pattern(\n        name='Sunny Blooms',\n        type='floral',\n        scale='medium',\n        color_scheme='pastel',\n        texture='printed',\n        season='spring',\n        theme='whimsical',\n        fabric_type='cotton',\n        price=13.50,\n        usage='casual',\n    ),\n    Pattern(\n        name='Field of Flowers',\n        type='floral',\n        scale='small',\n        color_scheme='multicolor',\n        texture='smooth',\n        season='spring',\n        theme='whimsical',\n        fabric_type='cotton',\n        price=14.00,\n        usage='casual',\n    )\n]\n```",
    "database_code": "```python\n# Global variable representing a list of Pattern examples in the Fabric Supplier's inventory.\npatterns_inventory = [\n    Pattern(name=\"Sunny Stripes\", type='striped', scale='medium', color_scheme='vibrant',\n            texture='printed', season='summer', theme='beach', fabric_type='cotton', \n            price=15.99, usage='casual'),\n    \n    Pattern(name=\"Autumn Leaves\", type='floral', scale='large', color_scheme='multicolor',\n            texture='smooth', season='autumn', theme='nature', fabric_type='linen', \n            price=18.50, usage='formal'),\n    \n    Pattern(name=\"Geometric Fun\", type='geometric', scale='small', color_scheme='pastel',\n            texture='printed', season='spring', theme='modern', fabric_type='cotton', \n            price=12.75, usage='casual'),\n    \n    Pattern(name=\"Classic Plaid\", type='plaid', scale='medium', color_scheme='monochrome',\n            texture='rough', season='winter', theme='traditional', fabric_type='wool', \n            price=22.00, usage='formal'),\n    \n    Pattern(name=\"Abstract Waves\", type='abstract', scale='large', color_scheme='vibrant',\n            texture='embroidered', season='summer', theme='artistic', fabric_type='silk', \n            price=45.00, usage='evening'),\n    \n    Pattern(name=\"Daisy Field\", type='floral', scale='small', color_scheme='pastel',\n            texture='smooth', season='spring', theme='whimsical', fabric_type='cotton', \n            price=14.25, usage='casual'),\n    \n    Pattern(name=\"Retro Stripes\", type='striped', scale='medium', color_scheme='multicolor',\n            texture='printed', season='autumn', theme='vintage', fabric_type='synthetic', \n            price=11.50, usage='sportswear'),\n    \n    Pattern(name=\"Mountain Peaks\", type='geometric', scale='large', color_scheme='vibrant',\n            texture='rough', season='winter', theme='outdoors', fabric_type='wool', \n            price=20.00, usage='casual'),\n    \n    Pattern(name=\"Elegant Swirls\", type='abstract', scale='medium', color_scheme='monochrome',\n            texture='embroidered', season='evening', theme='sophisticated', fabric_type='silk', \n            price=50.00, usage='evening'),\n    \n    Pattern(name=\"Festival Plaid\", type='plaid', scale='small', color_scheme='multicolor',\n            texture='printed', season='summer', theme='celebration', fabric_type='cotton', \n            price=16.30, usage='casual'),\n]\n```",
    "database": [
      {
        "name": "Festival Plaid",
        "type": "plaid",
        "scale": "small",
        "color_scheme": "multicolor",
        "texture": "printed",
        "season": "summer",
        "theme": "celebration",
        "fabric_type": "cotton",
        "price": 16.3,
        "usage": "casual"
      },
      {
        "name": "Daisy Meadow",
        "type": "floral",
        "scale": "small",
        "color_scheme": "vibrant",
        "texture": "smooth",
        "season": "spring",
        "theme": "whimsical",
        "fabric_type": "cotton",
        "price": 15.0,
        "usage": "casual"
      },
      {
        "name": "Field of Flowers",
        "type": "floral",
        "scale": "small",
        "color_scheme": "multicolor",
        "texture": "smooth",
        "season": "spring",
        "theme": "whimsical",
        "fabric_type": "cotton",
        "price": 14.0,
        "usage": "casual"
      },
      {
        "name": "Geometric Fun",
        "type": "geometric",
        "scale": "small",
        "color_scheme": "pastel",
        "texture": "printed",
        "season": "spring",
        "theme": "modern",
        "fabric_type": "cotton",
        "price": 12.75,
        "usage": "casual"
      },
      {
        "name": "Retro Stripes",
        "type": "striped",
        "scale": "medium",
        "color_scheme": "multicolor",
        "texture": "printed",
        "season": "autumn",
        "theme": "vintage",
        "fabric_type": "synthetic",
        "price": 11.5,
        "usage": "sportswear"
      },
      {
        "name": "Autumn Leaves",
        "type": "floral",
        "scale": "large",
        "color_scheme": "multicolor",
        "texture": "smooth",
        "season": "autumn",
        "theme": "nature",
        "fabric_type": "linen",
        "price": 18.5,
        "usage": "formal"
      },
      {
        "name": "Classic Plaid",
        "type": "plaid",
        "scale": "medium",
        "color_scheme": "monochrome",
        "texture": "rough",
        "season": "winter",
        "theme": "traditional",
        "fabric_type": "wool",
        "price": 22.0,
        "usage": "formal"
      },
      {
        "name": "Daisy Field",
        "type": "floral",
        "scale": "small",
        "color_scheme": "pastel",
        "texture": "smooth",
        "season": "spring",
        "theme": "whimsical",
        "fabric_type": "cotton",
        "price": 14.25,
        "usage": "casual"
      },
      {
        "name": "Sunny Stripes",
        "type": "striped",
        "scale": "medium",
        "color_scheme": "vibrant",
        "texture": "printed",
        "season": "summer",
        "theme": "beach",
        "fabric_type": "cotton",
        "price": 15.99,
        "usage": "casual"
      },
      {
        "name": "Mountain Peaks",
        "type": "geometric",
        "scale": "large",
        "color_scheme": "vibrant",
        "texture": "rough",
        "season": "winter",
        "theme": "outdoors",
        "fabric_type": "wool",
        "price": 20.0,
        "usage": "casual"
      },
      {
        "name": "Abstract Waves",
        "type": "abstract",
        "scale": "large",
        "color_scheme": "vibrant",
        "texture": "embroidered",
        "season": "summer",
        "theme": "artistic",
        "fabric_type": "silk",
        "price": 45.0,
        "usage": "evening"
      },
      {
        "name": "Sunny Blooms",
        "type": "floral",
        "scale": "medium",
        "color_scheme": "pastel",
        "texture": "printed",
        "season": "spring",
        "theme": "whimsical",
        "fabric_type": "cotton",
        "price": 13.5,
        "usage": "casual"
      },
      {
        "name": "Elegant Swirls",
        "type": "abstract",
        "scale": "medium",
        "color_scheme": "monochrome",
        "texture": "embroidered",
        "season": "evening",
        "theme": "sophisticated",
        "fabric_type": "silk",
        "price": 50.0,
        "usage": "evening"
      }
    ],
    "goal": {
      "name": "Sunny Blooms",
      "type": "floral",
      "scale": "medium",
      "color_scheme": "pastel",
      "texture": "printed",
      "season": "spring",
      "theme": "whimsical",
      "fabric_type": "cotton",
      "price": 13.5,
      "usage": "casual"
    },
    "status": "complete"
  },
  {
    "domain": "Textile Treatments",
    "turns": [
      [
        "Thank you! Now, can you help me find a suitable Textile Treatment?",
        {
          "name": null,
          "finish": "matte",
          "texture": null,
          "durability": null,
          "waterproof": null,
          "fire_resistant": null,
          "eco_friendly": null
        },
        "Of course! What specific characteristics are you looking for in a Textile Treatment?"
      ],
      [
        "I'm looking for a soft texture and fire-resistant properties.",
        {
          "name": null,
          "finish": null,
          "texture": "soft",
          "durability": null,
          "waterproof": null,
          "fire_resistant": true,
          "eco_friendly": null
        },
        "I have \"Glossy Cotton\" and \"Flame Retardant Cotton\" that are soft and fire-resistant. Would you like to know more about either?"
      ],
      [
        "Tell me more about \"Flame Retardant Cotton,\" please.",
        {
          "name": "Flame Retardant Cotton",
          "finish": null,
          "texture": "soft",
          "durability": null,
          "waterproof": null,
          "fire_resistant": true,
          "eco_friendly": null
        },
        "\"Flame Retardant Cotton\" has a matte finish, soft texture, high durability, and is not waterproof. Does that meet your needs?"
      ],
      [
        "That sounds good, but I prefer medium durability.",
        {
          "name": "Flame Retardant Cotton",
          "finish": "matte",
          "texture": "soft",
          "durability": "medium",
          "waterproof": null,
          "fire_resistant": true,
          "eco_friendly": null
        },
        "In that case, \"Glossy Cotton\" has a soft texture, glossy finish, medium durability, and is fire-resistant. Would you like to confirm it?"
      ],
      [
        "Yes, I\u2019d like to confirm \"Glossy Cotton\"!",
        {
          "name": "Glossy Cotton",
          "finish": "glossy",
          "texture": "soft",
          "durability": "medium",
          "waterproof": null,
          "fire_resistant": true,
          "eco_friendly": null
        },
        "Great choice! You've confirmed \"Glossy Cotton.\" Thank you!"
      ]
    ],
    "preferences_code": "```python\npreferences = TextileTreatmentCriteria(\n    finish='glossy',\n    texture='soft',\n    durability='medium',\n    waterproof=False,\n    fire_resistant=True,\n    eco_friendly=True,\n)\n```",
    "red_herrings_code": "```python\n# Global variable representing a list of similar Textile Treatments\nsimilar_textile_treatments = [\n    TextileTreatment(\n        name='Glossy Nylon',\n        finish='glossy',\n        texture='smooth',\n        durability='high',\n        waterproof=True,\n        fire_resistant=True,\n        eco_friendly=False,\n    ),\n    TextileTreatment(\n        name='Matte Polyester',\n        finish='matte',\n        texture='smooth',\n        durability='medium',\n        waterproof=True,\n        fire_resistant=False,\n        eco_friendly=False,\n    ),\n    TextileTreatment(\n        name='Glossy Cotton',\n        finish='glossy',\n        texture='soft',\n        durability='medium',\n        waterproof=False,\n        fire_resistant=True,\n        eco_friendly=True,\n    ),\n]\n```",
    "database_code": "```python\ntextile_treatments = [\n    TextileTreatment(name=\"Eco Cotton\", finish=\"matte\", texture=\"soft\", durability=\"high\", waterproof=False, fire_resistant=False, eco_friendly=True),\n    TextileTreatment(name=\"Silky Satin\", finish=\"satin\", texture=\"smooth\", durability=\"medium\", waterproof=False, fire_resistant=True, eco_friendly=False),\n    TextileTreatment(name=\"Rugged Canvas\", finish=\"matte\", texture=\"rough\", durability=\"high\", waterproof=True, fire_resistant=False, eco_friendly=False),\n    TextileTreatment(name=\"Glossy Polyester\", finish=\"glossy\", texture=\"smooth\", durability=\"medium\", waterproof=True, fire_resistant=True, eco_friendly=False),\n    TextileTreatment(name=\"Flame Retardant Cotton\", finish=\"matte\", texture=\"soft\", durability=\"high\", waterproof=False, fire_resistant=True, eco_friendly=False),\n    TextileTreatment(name=\"Metallic Denim\", finish=\"metallic\", texture=\"crisp\", durability=\"medium\", waterproof=False, fire_resistant=False, eco_friendly=False),\n    TextileTreatment(name=\"Pastel Linen\", finish=\"matte\", texture=\"soft\", durability=\"medium\", waterproof=False, fire_resistant=False, eco_friendly=True),\n    TextileTreatment(name=\"Waterproof Nylon\", finish=\"glossy\", texture=\"smooth\", durability=\"high\", waterproof=True, fire_resistant=False, eco_friendly=False),\n    TextileTreatment(name=\"Natural Hemp\", finish=\"matte\", texture=\"rough\", durability=\"high\", waterproof=False, fire_resistant=False, eco_friendly=True),\n    TextileTreatment(name=\"Soft Tulle\", finish=\"satin\", texture=\"soft\", durability=\"low\", waterproof=False, fire_resistant=False, eco_friendly=True),\n]\n```",
    "database": [
      {
        "name": "Silky Satin",
        "finish": "satin",
        "texture": "smooth",
        "durability": "medium",
        "waterproof": false,
        "fire_resistant": true,
        "eco_friendly": false
      },
      {
        "name": "Natural Hemp",
        "finish": "matte",
        "texture": "rough",
        "durability": "high",
        "waterproof": false,
        "fire_resistant": false,
        "eco_friendly": true
      },
      {
        "name": "Metallic Denim",
        "finish": "metallic",
        "texture": "crisp",
        "durability": "medium",
        "waterproof": false,
        "fire_resistant": false,
        "eco_friendly": false
      },
      {
        "name": "Glossy Polyester",
        "finish": "glossy",
        "texture": "smooth",
        "durability": "medium",
        "waterproof": true,
        "fire_resistant": true,
        "eco_friendly": false
      },
      {
        "name": "Waterproof Nylon",
        "finish": "glossy",
        "texture": "smooth",
        "durability": "high",
        "waterproof": true,
        "fire_resistant": false,
        "eco_friendly": false
      },
      {
        "name": "Soft Tulle",
        "finish": "satin",
        "texture": "soft",
        "durability": "low",
        "waterproof": false,
        "fire_resistant": false,
        "eco_friendly": true
      },
      {
        "name": "Eco Cotton",
        "finish": "matte",
        "texture": "soft",
        "durability": "high",
        "waterproof": false,
        "fire_resistant": false,
        "eco_friendly": true
      },
      {
        "name": "Pastel Linen",
        "finish": "matte",
        "texture": "soft",
        "durability": "medium",
        "waterproof": false,
        "fire_resistant": false,
        "eco_friendly": true
      },
      {
        "name": "Glossy Cotton",
        "finish": "glossy",
        "texture": "soft",
        "durability": "medium",
        "waterproof": false,
        "fire_resistant": true,
        "eco_friendly": true
      },
      {
        "name": "Flame Retardant Cotton",
        "finish": "matte",
        "texture": "soft",
        "durability": "high",
        "waterproof": false,
        "fire_resistant": true,
        "eco_friendly": false
      },
      {
        "name": "Matte Polyester",
        "finish": "matte",
        "texture": "smooth",
        "durability": "medium",
        "waterproof": true,
        "fire_resistant": false,
        "eco_friendly": false
      },
      {
        "name": "Rugged Canvas",
        "finish": "matte",
        "texture": "rough",
        "durability": "high",
        "waterproof": true,
        "fire_resistant": false,
        "eco_friendly": false
      },
      {
        "name": "Glossy Nylon",
        "finish": "glossy",
        "texture": "smooth",
        "durability": "high",
        "waterproof": true,
        "fire_resistant": true,
        "eco_friendly": false
      }
    ],
    "goal": {
      "name": "Glossy Cotton",
      "finish": "glossy",
      "texture": "soft",
      "durability": "medium",
      "waterproof": false,
      "fire_resistant": true,
      "eco_friendly": true
    },
    "status": "complete"
  }
]