[
  {
    "searcher": "Fashion Designer",
    "recommender": "Fabric Supplier",
    "dialogue": "A Fashion Designer is getting help from a Fabric Supplier to find the right Fabrics",
    "item_type": "Fabrics",
    "criteria": [
      "Color",
      "Material"
    ],
    "searcher_schema_code": "```python\nfrom dataclasses import dataclass\nfrom typing import Optional, Literal\n\n@dataclass\nclass FabricCriteria:\n    \"\"\"\n    A class to represent the criteria and preferences for finding fabrics.\n    \"\"\"\n\n    name: Optional[str] = None\n    \"\"\"The name of the fabric if searching for a specific fabric.\"\"\"\n\n    color: Optional[str] = None\n    \"\"\"The preferred color of the fabric.\"\"\"\n\n    material: Optional[Literal['cotton', 'silk', 'wool', 'linen', 'polyester']] = None\n    \"\"\"The preferred material of the fabric from a fixed set of options.\"\"\"\n\n    pattern: Optional[str] = None\n    \"\"\"The preferred pattern of the fabric, e.g., stripes, checks, floral.\"\"\"\n\n    weight: Optional[Literal['lightweight', 'mediumweight', 'heavyweight']] = None\n    \"\"\"The preferred weight of the fabric.\"\"\"\n\n    width: Optional[int] = None\n    \"\"\"The preferred width of the fabric in inches.\"\"\"\n\n    stretch: Optional[Literal['none', 'low', 'medium', 'high']] = None\n    \"\"\"The preferred stretch level of the fabric.\"\"\"\n\n    finish: Optional[Literal['matte', 'glossy', 'sheen', 'textured']] = None\n    \"\"\"The preferred finish of the fabric.\"\"\"\n```",
    "recommender_schema_code": "```python\nfrom dataclasses import dataclass\nfrom typing import Optional, Literal\n\n@dataclass\nclass Fabric:\n    \"\"\"\n    A class to represent the Fabric Supplier's knowledge of each fabric.\n    \"\"\"\n\n    name: Optional[str] = None\n    \"\"\"The name of the fabric.\"\"\"\n\n    color: Optional[str] = None\n    \"\"\"The color of the fabric.\"\"\"\n\n    material: Optional[Literal['cotton', 'silk', 'wool', 'linen', 'polyester']] = None\n    \"\"\"The material of the fabric from a fixed set of options.\"\"\"\n\n    pattern: Optional[str] = None\n    \"\"\"The pattern of the fabric, e.g., stripes, checks, floral.\"\"\"\n\n    weight: Optional[Literal['lightweight', 'mediumweight', 'heavyweight']] = None\n    \"\"\"The weight of the fabric.\"\"\"\n\n    width: Optional[int] = None\n    \"\"\"The width of the fabric in inches.\"\"\"\n\n    stretch: Optional[Literal['none', 'low', 'medium', 'high']] = None\n    \"\"\"The stretch level of the fabric.\"\"\"\n\n    finish: Optional[Literal['matte', 'glossy', 'sheen', 'textured']] = None\n    \"\"\"The finish of the fabric.\"\"\"\n\n    def matches_criteria(self, criteria: FabricCriteria) -> bool:\n        \"\"\"\n        Determines if the fabric matches the given search criteria.\n\n        :param criteria: An instance of FabricCriteria containing the search preferences.\n        :return: True if the fabric matches all non-None criteria, False otherwise.\n        \"\"\"\n        if criteria.name and self.name != criteria.name:\n            return False\n        if criteria.color and self.color != criteria.color:\n            return False\n        if criteria.material and self.material != criteria.material:\n            return False\n        if criteria.pattern and self.pattern != criteria.pattern:\n            return False\n        if criteria.weight and self.weight != criteria.weight:\n            return False\n        if criteria.width and self.width != criteria.width:\n            return False\n        if criteria.stretch and self.stretch != criteria.stretch:\n            return False\n        if criteria.finish and self.finish != criteria.finish:\n            return False\n        return True\n```",
    "searcher_schema": {
      "name": {
        "type": "typing.Optional[str]",
        "desc": ""
      },
      "color": {
        "type": "typing.Optional[str]",
        "desc": "The name of the fabric if searching for a specific fabric."
      },
      "material": {
        "type": "typing.Optional[typing.Literal['cotton', 'silk', 'wool', 'linen', 'polyester']]",
        "desc": "The preferred color of the fabric."
      },
      "pattern": {
        "type": "typing.Optional[str]",
        "desc": "The preferred material of the fabric from a fixed set of options."
      },
      "weight": {
        "type": "typing.Optional[typing.Literal['lightweight', 'mediumweight', 'heavyweight']]",
        "desc": "The preferred pattern of the fabric, e.g., stripes, checks, floral."
      },
      "width": {
        "type": "typing.Optional[int]",
        "desc": "The preferred weight of the fabric."
      },
      "stretch": {
        "type": "typing.Optional[typing.Literal['none', 'low', 'medium', 'high']]",
        "desc": "The preferred width of the fabric in inches."
      },
      "finish": {
        "type": "typing.Optional[typing.Literal['matte', 'glossy', 'sheen', 'textured']]",
        "desc": "The preferred stretch level of the fabric."
      }
    },
    "recommender_schema": {
      "name": {
        "type": "typing.Optional[str]",
        "desc": ""
      },
      "color": {
        "type": "typing.Optional[str]",
        "desc": "The name of the fabric."
      },
      "material": {
        "type": "typing.Optional[typing.Literal['cotton', 'silk', 'wool', 'linen', 'polyester']]",
        "desc": "The color of the fabric."
      },
      "pattern": {
        "type": "typing.Optional[str]",
        "desc": "The material of the fabric from a fixed set of options."
      },
      "weight": {
        "type": "typing.Optional[typing.Literal['lightweight', 'mediumweight', 'heavyweight']]",
        "desc": "The pattern of the fabric, e.g., stripes, checks, floral."
      },
      "width": {
        "type": "typing.Optional[int]",
        "desc": "The weight of the fabric."
      },
      "stretch": {
        "type": "typing.Optional[typing.Literal['none', 'low', 'medium', 'high']]",
        "desc": "The width of the fabric in inches."
      },
      "finish": {
        "type": "typing.Optional[typing.Literal['matte', 'glossy', 'sheen', 'textured']]",
        "desc": "The stretch level of the fabric."
      }
    }
  },
  {
    "searcher": "Fashion Designer",
    "recommender": "Fabric Supplier",
    "dialogue": "A Fashion Designer is getting help from a Fabric Supplier to find the right Patterns",
    "item_type": "Patterns",
    "criteria": [
      "Type",
      "Scale"
    ],
    "searcher_schema_code": "```python\nfrom dataclasses import dataclass\nfrom typing import Optional, Literal\n\n@dataclass\nclass PatternPreferences:\n    \"\"\"\n    A data class to represent the Fashion Designer's criteria and preferences\n    for finding a Patterns.\n    \"\"\"\n    \n    name: Optional[str] = None\n    \"\"\"The specific name of the pattern, if the Fashion Designer has one in mind.\"\"\"\n    \n    type: Optional[Literal['floral', 'geometric', 'abstract', 'striped', 'plaid']] = None\n    \"\"\"The type/category of the pattern, represented by specific options.\"\"\"\n    \n    scale: Optional[Literal['small', 'medium', 'large']] = None\n    \"\"\"The scale of the pattern, indicating the size of the pattern elements.\"\"\"\n    \n    color_scheme: Optional[Literal['monochrome', 'multicolor', 'pastel', 'vibrant']] = None\n    \"\"\"The color scheme preference for the pattern.\"\"\"\n    \n    texture: Optional[Literal['smooth', 'rough', 'embroidered', 'printed']] = None\n    \"\"\"The texture of the pattern, indicating the feel or technique used.\"\"\"\n    \n    season: Optional[Literal['spring', 'summer', 'autumn', 'winter']] = None\n    \"\"\"The preferred season for which the pattern is suited.\"\"\"\n    \n    theme: Optional[str] = None\n    \"\"\"A specific theme or concept the pattern should align with, such as 'vintage' or 'modern'.\"\"\"\n    \n    fabric_type: Optional[Literal['cotton', 'silk', 'wool', 'linen', 'synthetic']] = None\n    \"\"\"The type of fabric the pattern is to be applied to.\"\"\"\n    \n    budget: Optional[float] = None\n    \"\"\"The budget limit for acquiring the pattern, represented as a float.\"\"\"\n    \n    usage: Optional[Literal['casual', 'formal', 'sportswear', 'evening']] = None\n    \"\"\"The intended usage or occasion for the pattern's application.\"\"\"\n```\n",
    "recommender_schema_code": "```python\nfrom dataclasses import dataclass\nfrom typing import Optional, Literal\n\n@dataclass\nclass Pattern:\n    \"\"\"\n    A data class to represent a Pattern in the Fabric Supplier's inventory.\n    \"\"\"\n\n    name: Optional[str] = None\n    \"\"\"The name of the pattern in the inventory.\"\"\"\n\n    type: Optional[Literal['floral', 'geometric', 'abstract', 'striped', 'plaid']] = None\n    \"\"\"The type/category of the pattern.\"\"\"\n\n    scale: Optional[Literal['small', 'medium', 'large']] = None\n    \"\"\"The scale of the pattern.\"\"\"\n\n    color_scheme: Optional[Literal['monochrome', 'multicolor', 'pastel', 'vibrant']] = None\n    \"\"\"The color scheme of the pattern.\"\"\"\n\n    texture: Optional[Literal['smooth', 'rough', 'embroidered', 'printed']] = None\n    \"\"\"The texture of the pattern.\"\"\"\n\n    season: Optional[Literal['spring', 'summer', 'autumn', 'winter']] = None\n    \"\"\"The season for which the pattern is suited.\"\"\"\n\n    theme: Optional[str] = None\n    \"\"\"The theme or concept of the pattern.\"\"\"\n\n    fabric_type: Optional[Literal['cotton', 'silk', 'wool', 'linen', 'synthetic']] = None\n    \"\"\"The type of fabric for which the pattern is suitable.\"\"\"\n\n    price: Optional[float] = None\n    \"\"\"The price of acquiring the pattern.\"\"\"\n\n    usage: Optional[Literal['casual', 'formal', 'sportswear', 'evening']] = None\n    \"\"\"The intended usage of the pattern.\"\"\"\n\n    def matches_criteria(self, criteria: PatternPreferences) -> bool:\n        \"\"\"\n        Determines if the pattern matches the given search criteria.\n\n        Args:\n            criteria (PatternPreferences): The search criteria provided by the Fashion Designer.\n\n        Returns:\n            bool: True if the pattern matches all provided criteria, False otherwise.\n        \"\"\"\n        if criteria.name and self.name != criteria.name:\n            return False\n        if criteria.type and self.type != criteria.type:\n            return False\n        if criteria.scale and self.scale != criteria.scale:\n            return False\n        if criteria.color_scheme and self.color_scheme != criteria.color_scheme:\n            return False\n        if criteria.texture and self.texture != criteria.texture:\n            return False\n        if criteria.season and self.season != criteria.season:\n            return False\n        if criteria.theme and self.theme != criteria.theme:\n            return False\n        if criteria.fabric_type and self.fabric_type != criteria.fabric_type:\n            return False\n        if criteria.budget is not None and (self.price is None or self.price > criteria.budget):\n            return False\n        if criteria.usage and self.usage != criteria.usage:\n            return False\n        return True\n```",
    "searcher_schema": {
      "name": {
        "type": "typing.Optional[str]",
        "desc": ""
      },
      "type": {
        "type": "typing.Optional[typing.Literal['floral', 'geometric', 'abstract', 'striped', 'plaid']]",
        "desc": "The specific name of the pattern, if the Fashion Designer has one in mind."
      },
      "scale": {
        "type": "typing.Optional[typing.Literal['small', 'medium', 'large']]",
        "desc": "The type/category of the pattern, represented by specific options."
      },
      "color_scheme": {
        "type": "typing.Optional[typing.Literal['monochrome', 'multicolor', 'pastel', 'vibrant']]",
        "desc": "The scale of the pattern, indicating the size of the pattern elements."
      },
      "texture": {
        "type": "typing.Optional[typing.Literal['smooth', 'rough', 'embroidered', 'printed']]",
        "desc": "The color scheme preference for the pattern."
      },
      "season": {
        "type": "typing.Optional[typing.Literal['spring', 'summer', 'autumn', 'winter']]",
        "desc": "The texture of the pattern, indicating the feel or technique used."
      },
      "theme": {
        "type": "typing.Optional[str]",
        "desc": "The preferred season for which the pattern is suited."
      },
      "fabric_type": {
        "type": "typing.Optional[typing.Literal['cotton', 'silk', 'wool', 'linen', 'synthetic']]",
        "desc": "A specific theme or concept the pattern should align with, such as 'vintage' or 'modern'."
      },
      "budget": {
        "type": "typing.Optional[float]",
        "desc": "The type of fabric the pattern is to be applied to."
      },
      "usage": {
        "type": "typing.Optional[typing.Literal['casual', 'formal', 'sportswear', 'evening']]",
        "desc": "The budget limit for acquiring the pattern, represented as a float."
      }
    },
    "recommender_schema": {
      "name": {
        "type": "typing.Optional[str]",
        "desc": ""
      },
      "type": {
        "type": "typing.Optional[typing.Literal['floral', 'geometric', 'abstract', 'striped', 'plaid']]",
        "desc": "The name of the pattern in the inventory."
      },
      "scale": {
        "type": "typing.Optional[typing.Literal['small', 'medium', 'large']]",
        "desc": "The type/category of the pattern."
      },
      "color_scheme": {
        "type": "typing.Optional[typing.Literal['monochrome', 'multicolor', 'pastel', 'vibrant']]",
        "desc": "The scale of the pattern."
      },
      "texture": {
        "type": "typing.Optional[typing.Literal['smooth', 'rough', 'embroidered', 'printed']]",
        "desc": "The color scheme of the pattern."
      },
      "season": {
        "type": "typing.Optional[typing.Literal['spring', 'summer', 'autumn', 'winter']]",
        "desc": "The texture of the pattern."
      },
      "theme": {
        "type": "typing.Optional[str]",
        "desc": "The season for which the pattern is suited."
      },
      "fabric_type": {
        "type": "typing.Optional[typing.Literal['cotton', 'silk', 'wool', 'linen', 'synthetic']]",
        "desc": "The theme or concept of the pattern."
      },
      "price": {
        "type": "typing.Optional[float]",
        "desc": "The type of fabric for which the pattern is suitable."
      },
      "usage": {
        "type": "typing.Optional[typing.Literal['casual', 'formal', 'sportswear', 'evening']]",
        "desc": "The price of acquiring the pattern."
      }
    }
  },
  {
    "searcher": "Fashion Designer",
    "recommender": "Fabric Supplier",
    "dialogue": "A Fashion Designer is getting help from a Fabric Supplier to find the right Textile Treatments",
    "item_type": "Textile Treatments",
    "criteria": [
      "Finish",
      "Texture"
    ],
    "searcher_schema_code": "```python\nfrom dataclasses import dataclass\nfrom typing import Optional, Literal\n\n@dataclass\nclass TextileTreatmentCriteria:\n    \"\"\"\n    A dataclass representing the criteria and preferences for finding a Textile Treatment.\n    Each field is optional and represents a different aspect of the treatment's characteristics.\n    \"\"\"\n\n    name: Optional[str] = None\n    \"\"\"The specific name of the Textile Treatment, if known.\"\"\"\n\n    finish: Optional[Literal['matte', 'glossy', 'satin', 'metallic']] = None\n    \"\"\"The desired finish of the Textile Treatment, chosen from a fixed set of options.\"\"\"\n\n    texture: Optional[Literal['smooth', 'rough', 'soft', 'crisp']] = None\n    \"\"\"The preferred texture of the Textile Treatment.\"\"\"\n\n    durability: Optional[Literal['low', 'medium', 'high']] = None\n    \"\"\"The desired level of durability of the Textile Treatment.\"\"\"\n\n    waterproof: Optional[bool] = None\n    \"\"\"Indicates whether the Textile Treatment should be waterproof.\"\"\"\n\n    fire_resistant: Optional[bool] = None\n    \"\"\"Indicates whether the Textile Treatment should be fire resistant.\"\"\"\n\n    eco_friendly: Optional[bool] = None\n    \"\"\"Indicates whether the Textile Treatment should be eco-friendly.\"\"\"\n```\n",
    "recommender_schema_code": "```python\nfrom dataclasses import dataclass\nfrom typing import Optional, Literal\n\n\n@dataclass\nclass TextileTreatment:\n    \"\"\"\n    A dataclass representing the knowledge of a Fabric Supplier about a specific Textile Treatment.\n    Each field is optional and represents a different attribute of the Textile Treatment.\n    \"\"\"\n\n    name: Optional[str] = None\n    \"\"\"The name of the Textile Treatment.\"\"\"\n\n    finish: Optional[Literal['matte', 'glossy', 'satin', 'metallic']] = None\n    \"\"\"The finish of the Textile Treatment.\"\"\"\n\n    texture: Optional[Literal['smooth', 'rough', 'soft', 'crisp']] = None\n    \"\"\"The texture of the Textile Treatment.\"\"\"\n\n    durability: Optional[Literal['low', 'medium', 'high']] = None\n    \"\"\"The durability level of the Textile Treatment.\"\"\"\n\n    waterproof: Optional[bool] = None\n    \"\"\"Whether the Textile Treatment is waterproof.\"\"\"\n\n    fire_resistant: Optional[bool] = None\n    \"\"\"Whether the Textile Treatment is fire resistant.\"\"\"\n\n    eco_friendly: Optional[bool] = None\n    \"\"\"Whether the Textile Treatment is eco-friendly.\"\"\"\n\n    def matches_criteria(self, criteria: TextileTreatmentCriteria) -> bool:\n        \"\"\"\n        Determine if this Textile Treatment matches the given search criteria.\n        \n        Args:\n            criteria (TextileTreatmentCriteria): The criteria to match against.\n        \n        Returns:\n            bool: True if this Textile Treatment meets all specified criteria, False otherwise.\n        \"\"\"\n        if criteria.name is not None and self.name != criteria.name:\n            return False\n        if criteria.finish is not None and self.finish != criteria.finish:\n            return False\n        if criteria.texture is not None and self.texture != criteria.texture:\n            return False\n        if criteria.durability is not None and self.durability != criteria.durability:\n            return False\n        if criteria.waterproof is not None and self.waterproof != criteria.waterproof:\n            return False\n        if criteria.fire_resistant is not None and self.fire_resistant != criteria.fire_resistant:\n            return False\n        if criteria.eco_friendly is not None and self.eco_friendly != criteria.eco_friendly:\n            return False\n        return True\n```",
    "searcher_schema": {
      "name": {
        "type": "typing.Optional[str]",
        "desc": ""
      },
      "finish": {
        "type": "typing.Optional[typing.Literal['matte', 'glossy', 'satin', 'metallic']]",
        "desc": "The specific name of the Textile Treatment, if known."
      },
      "texture": {
        "type": "typing.Optional[typing.Literal['smooth', 'rough', 'soft', 'crisp']]",
        "desc": "The desired finish of the Textile Treatment, chosen from a fixed set of options."
      },
      "durability": {
        "type": "typing.Optional[typing.Literal['low', 'medium', 'high']]",
        "desc": "The preferred texture of the Textile Treatment."
      },
      "waterproof": {
        "type": "typing.Optional[bool]",
        "desc": "The desired level of durability of the Textile Treatment."
      },
      "fire_resistant": {
        "type": "typing.Optional[bool]",
        "desc": "Indicates whether the Textile Treatment should be waterproof."
      },
      "eco_friendly": {
        "type": "typing.Optional[bool]",
        "desc": "Indicates whether the Textile Treatment should be fire resistant."
      }
    },
    "recommender_schema": {
      "name": {
        "type": "typing.Optional[str]",
        "desc": ""
      },
      "finish": {
        "type": "typing.Optional[typing.Literal['matte', 'glossy', 'satin', 'metallic']]",
        "desc": "The name of the Textile Treatment."
      },
      "texture": {
        "type": "typing.Optional[typing.Literal['smooth', 'rough', 'soft', 'crisp']]",
        "desc": "The finish of the Textile Treatment."
      },
      "durability": {
        "type": "typing.Optional[typing.Literal['low', 'medium', 'high']]",
        "desc": "The texture of the Textile Treatment."
      },
      "waterproof": {
        "type": "typing.Optional[bool]",
        "desc": "The durability level of the Textile Treatment."
      },
      "fire_resistant": {
        "type": "typing.Optional[bool]",
        "desc": "Whether the Textile Treatment is waterproof."
      },
      "eco_friendly": {
        "type": "typing.Optional[bool]",
        "desc": "Whether the Textile Treatment is fire resistant."
      }
    }
  }
]