[
  {
    "domain": "educational software",
    "turns": [
      [
        "I'm looking for a free web-based math software for teens.",
        {
          "name": null,
          "platform": "Web",
          "subject": "Mathematics",
          "age_group": "Teens",
          "price_range": "Free",
          "language": null,
          "accessibility_features": null,
          "user_rating": null,
          "license_type": null,
          "integration_support": null
        },
        "I have a couple of options; do you need any specific features like accessibility support?"
      ],
      [
        "No, I don't need accessibility features.",
        {
          "name": null,
          "platform": "Web",
          "subject": "Mathematics",
          "age_group": "Teens",
          "price_range": "Free",
          "language": null,
          "accessibility_features": false,
          "user_rating": null,
          "license_type": null,
          "integration_support": null
        },
        "The best match is \"Math Challenge,\" it's free, web-based, and designed for teens. Would you like to go with that?"
      ],
      [
        "That sounds great! Does it have a good user rating?",
        {
          "name": "Math Challenge",
          "platform": "Web",
          "subject": "Mathematics",
          "age_group": "Teens",
          "price_range": "Free",
          "language": null,
          "accessibility_features": false,
          "user_rating": null,
          "license_type": null,
          "integration_support": null
        },
        "It has a user rating of 4.1, which is decent. Would you like to confirm your choice?"
      ],
      [
        "I was hoping for at least 4.5. Are there any other options?",
        {
          "name": null,
          "platform": "Web",
          "subject": "Mathematics",
          "age_group": "Teens",
          "price_range": "Free",
          "language": null,
          "accessibility_features": false,
          "user_rating": 4.5,
          "license_type": null,
          "integration_support": null
        },
        "Another option is \"Math Wizard,\" which is also free, web-based, for teens, and has a rating of 4.7. How does that sound?"
      ],
      [
        "That sounds perfect! Let's go with \"Math Wizard.\"",
        {
          "name": "Math Wizard",
          "platform": "Web",
          "subject": "Mathematics",
          "age_group": "Teens",
          "price_range": "Free",
          "language": null,
          "accessibility_features": null,
          "user_rating": 4.7,
          "license_type": null,
          "integration_support": null
        },
        "Great choice! \"Math Wizard\" it is. Enjoy your teaching!"
      ]
    ],
    "preferences_code": "```python\npreferences = EducationalSoftwareCriteria(\n    name='Math Wizard',\n    platform='Web',\n    subject='Mathematics',\n    age_group='Teens',\n    price_range='Free',\n    language='English',\n    accessibility_features=False,\n    user_rating=4.5,\n    license_type='Open Source',\n    integration_support=True,\n)\n```",
    "red_herrings_code": "```python\ntarget_educationalsoftwareinformation = EducationalSoftwareInformation(\n    name='Math Academy',\n    platform='Web',\n    subject='Mathematics',\n    age_group='Kids',\n    price_range='Free',\n    language='English',\n    accessibility_features=True,\n    user_rating=4.5,\n    license_type='Commercial',\n    integration_support=True,\n)\n\neducational_software_examples = [\n    EducationalSoftwareInformation(\n        name='Math Explorer',\n        platform='Web',\n        subject='Mathematics',\n        age_group='Kids',\n        price_range='Paid',\n        language='English',\n        accessibility_features=True,\n        user_rating=4.3,\n        license_type='Commercial',\n        integration_support=True,\n    ),\n    EducationalSoftwareInformation(\n        name='Math Wizard',\n        platform='Web',\n        subject='Mathematics',\n        age_group='Teens',\n        price_range='Free',\n        language='English',\n        accessibility_features=False,\n        user_rating=4.7,\n        license_type='Open Source',\n        integration_support=True,\n    ),\n    EducationalSoftwareInformation(\n        name='Math Fun',\n        platform='Web',\n        subject='Mathematics',\n        age_group='Kids',\n        price_range='Subscription',\n        language='Spanish',\n        accessibility_features=True,\n        user_rating=4.6,\n        license_type='Commercial',\n        integration_support=False,\n    ),\n]\n```",
    "database_code": "```python\neducational_software_list = [\n    EducationalSoftwareInformation(\n        name=\"Math Academy\",\n        platform=\"Web\",\n        subject=\"Mathematics\",\n        age_group=\"Kids\",\n        price_range=\"Free\",\n        language=\"English\",\n        accessibility_features=True,\n        user_rating=4.5,\n        license_type=\"Commercial\",\n        integration_support=True\n    ),\n    EducationalSoftwareInformation(\n        name=\"Science Explorer\",\n        platform=\"Windows\",\n        subject=\"Science\",\n        age_group=\"Teens\",\n        price_range=\"Paid\",\n        language=\"English\",\n        accessibility_features=False,\n        user_rating=4.0,\n        license_type=\"Educational\",\n        integration_support=False\n    ),\n    EducationalSoftwareInformation(\n        name=\"History Quest\",\n        platform=\"Mac\",\n        subject=\"History\",\n        age_group=\"Adults\",\n        price_range=\"Subscription\",\n        language=\"Spanish\",\n        accessibility_features=True,\n        user_rating=4.7,\n        license_type=\"Open Source\",\n        integration_support=True\n    ),\n    EducationalSoftwareInformation(\n        name=\"Language Tutor\",\n        platform=\"iOS\",\n        subject=\"Languages\",\n        age_group=\"Kids\",\n        price_range=\"Free\",\n        language=\"French\",\n        accessibility_features=True,\n        user_rating=4.8,\n        license_type=\"Commercial\",\n        integration_support=False\n    ),\n    EducationalSoftwareInformation(\n        name=\"Coding for Teens\",\n        platform=\"Web\",\n        subject=\"Programming\",\n        age_group=\"Teens\",\n        price_range=\"Paid\",\n        language=\"English\",\n        accessibility_features=False,\n        user_rating=4.6,\n        license_type=\"Educational\",\n        integration_support=True\n    ),\n    EducationalSoftwareInformation(\n        name=\"Art Studio\",\n        platform=\"Linux\",\n        subject=\"Art\",\n        age_group=\"Adults\",\n        price_range=\"Free\",\n        language=\"English\",\n        accessibility_features=True,\n        user_rating=4.2,\n        license_type=\"Open Source\",\n        integration_support=False\n    ),\n    EducationalSoftwareInformation(\n        name=\"Music Maker\",\n        platform=\"Android\",\n        subject=\"Music\",\n        age_group=\"Kids\",\n        price_range=\"Paid\",\n        language=\"English\",\n        accessibility_features=False,\n        user_rating=4.4,\n        license_type=\"Commercial\",\n        integration_support=True\n    ),\n    EducationalSoftwareInformation(\n        name=\"Math Challenge\",\n        platform=\"Web\",\n        subject=\"Mathematics\",\n        age_group=\"Teens\",\n        price_range=\"Free\",\n        language=\"English\",\n        accessibility_features=True,\n        user_rating=4.1,\n        license_type=\"Educational\",\n        integration_support=False\n    ),\n    EducationalSoftwareInformation(\n        name=\"Science Lab\",\n        platform=\"Windows\",\n        subject=\"Science\",\n        age_group=\"Adults\",\n        price_range=\"Subscription\",\n        language=\"English\",\n        accessibility_features=True,\n        user_rating=4.9,\n        license_type=\"Commercial\",\n        integration_support=True\n    ),\n    EducationalSoftwareInformation(\n        name=\"History Timeline\",\n        platform=\"Mac\",\n        subject=\"History\",\n        age_group=\"Kids\",\n        price_range=\"Free\",\n        language=\"English\",\n        accessibility_features=False,\n        user_rating=4.3,\n        license_type=\"Open Source\",\n        integration_support=False\n    )\n]\n```",
    "database": [
      {
        "name": "Science Lab",
        "platform": "Windows",
        "subject": "Science",
        "age_group": "Adults",
        "price_range": "Subscription",
        "language": "English",
        "accessibility_features": true,
        "user_rating": 4.9,
        "license_type": "Commercial",
        "integration_support": true
      },
      {
        "name": "Coding for Teens",
        "platform": "Web",
        "subject": "Programming",
        "age_group": "Teens",
        "price_range": "Paid",
        "language": "English",
        "accessibility_features": false,
        "user_rating": 4.6,
        "license_type": "Educational",
        "integration_support": true
      },
      {
        "name": "Math Fun",
        "platform": "Web",
        "subject": "Mathematics",
        "age_group": "Kids",
        "price_range": "Subscription",
        "language": "Spanish",
        "accessibility_features": true,
        "user_rating": 4.6,
        "license_type": "Commercial",
        "integration_support": false
      },
      {
        "name": "History Timeline",
        "platform": "Mac",
        "subject": "History",
        "age_group": "Kids",
        "price_range": "Free",
        "language": "English",
        "accessibility_features": false,
        "user_rating": 4.3,
        "license_type": "Open Source",
        "integration_support": false
      },
      {
        "name": "Music Maker",
        "platform": "Android",
        "subject": "Music",
        "age_group": "Kids",
        "price_range": "Paid",
        "language": "English",
        "accessibility_features": false,
        "user_rating": 4.4,
        "license_type": "Commercial",
        "integration_support": true
      },
      {
        "name": "Art Studio",
        "platform": "Linux",
        "subject": "Art",
        "age_group": "Adults",
        "price_range": "Free",
        "language": "English",
        "accessibility_features": true,
        "user_rating": 4.2,
        "license_type": "Open Source",
        "integration_support": false
      },
      {
        "name": "Math Academy",
        "platform": "Web",
        "subject": "Mathematics",
        "age_group": "Kids",
        "price_range": "Free",
        "language": "English",
        "accessibility_features": true,
        "user_rating": 4.5,
        "license_type": "Commercial",
        "integration_support": true
      },
      {
        "name": "Math Explorer",
        "platform": "Web",
        "subject": "Mathematics",
        "age_group": "Kids",
        "price_range": "Paid",
        "language": "English",
        "accessibility_features": true,
        "user_rating": 4.3,
        "license_type": "Commercial",
        "integration_support": true
      },
      {
        "name": "History Quest",
        "platform": "Mac",
        "subject": "History",
        "age_group": "Adults",
        "price_range": "Subscription",
        "language": "Spanish",
        "accessibility_features": true,
        "user_rating": 4.7,
        "license_type": "Open Source",
        "integration_support": true
      },
      {
        "name": "Language Tutor",
        "platform": "iOS",
        "subject": "Languages",
        "age_group": "Kids",
        "price_range": "Free",
        "language": "French",
        "accessibility_features": true,
        "user_rating": 4.8,
        "license_type": "Commercial",
        "integration_support": false
      },
      {
        "name": "Math Wizard",
        "platform": "Web",
        "subject": "Mathematics",
        "age_group": "Teens",
        "price_range": "Free",
        "language": "English",
        "accessibility_features": false,
        "user_rating": 4.7,
        "license_type": "Open Source",
        "integration_support": true
      },
      {
        "name": "Math Challenge",
        "platform": "Web",
        "subject": "Mathematics",
        "age_group": "Teens",
        "price_range": "Free",
        "language": "English",
        "accessibility_features": true,
        "user_rating": 4.1,
        "license_type": "Educational",
        "integration_support": false
      },
      {
        "name": "Science Explorer",
        "platform": "Windows",
        "subject": "Science",
        "age_group": "Teens",
        "price_range": "Paid",
        "language": "English",
        "accessibility_features": false,
        "user_rating": 4.0,
        "license_type": "Educational",
        "integration_support": false
      }
    ],
    "goal": {
      "name": "Math Wizard",
      "platform": "Web",
      "subject": "Mathematics",
      "age_group": "Teens",
      "price_range": "Free",
      "language": "English",
      "accessibility_features": false,
      "user_rating": 4.7,
      "license_type": "Open Source",
      "integration_support": true
    },
    "status": "complete"
  },
  {
    "domain": "interactive games",
    "turns": [
      [
        "Thanks! Now, can you help me find a free mobile game for teens that teaches history?",
        {
          "name": "Math Wizard",
          "age_group": "teens",
          "subject": "math",
          "difficulty_level": null,
          "platform": "web",
          "multiplayer": null,
          "language": null,
          "price_range": "free"
        },
        "Sure! Are you looking for any specific difficulty level for the history game?"
      ],
      [
        "I'd prefer a medium difficulty level, please.",
        {
          "name": null,
          "age_group": "teens",
          "subject": "history",
          "difficulty_level": "medium",
          "platform": "mobile",
          "multiplayer": null,
          "language": null,
          "price_range": "free"
        },
        "I recommend \"History Quest,\" it's free, mobile, for teens, and has a medium difficulty level. Would you like to choose that?"
      ],
      [
        "That sounds good! Does it support multiplayer?",
        {
          "name": "Math Wizard",
          "age_group": "teens",
          "subject": "math",
          "difficulty_level": "medium",
          "platform": "mobile",
          "multiplayer": null,
          "language": null,
          "price_range": "free"
        },
        "Yes, \"History Quest\" supports multiplayer! Would you like to confirm your choice?"
      ],
      [
        "Yes, let's confirm \"History Quest\"! Thank you!",
        {
          "name": "History Quest",
          "age_group": "teens",
          "subject": "history",
          "difficulty_level": "medium",
          "platform": "mobile",
          "multiplayer": true,
          "language": null,
          "price_range": "free"
        },
        "You're welcome! Enjoy \"History Quest\"!"
      ]
    ],
    "preferences_code": "```python\npreferences = GameSearchCriteria(\n    name='History Quest',\n    age_group='teens',\n    subject='history',\n    difficulty_level='medium',\n    platform='mobile',\n    multiplayer=True,\n    language='English',\n    price_range='free',\n)\n```",
    "red_herrings_code": "```python\n# Global variable to store a list of interactive game examples\ninteractive_games_list = [\n    InteractiveGame(\n        name='History Quest',\n        age_group='teens',\n        subject='history',\n        difficulty_level='medium',\n        platform='mobile',\n        multiplayer=True,\n        language='English',\n        price_range='free',\n    ),\n    InteractiveGame(\n        name='Time Travelers',\n        age_group='teens',\n        subject='history',\n        difficulty_level='easy',\n        platform='web',\n        multiplayer=False,\n        language='English',\n        price_range='paid',\n    ),\n    InteractiveGame(\n        name='Civilization Challenge',\n        age_group='teens',\n        subject='history',\n        difficulty_level='hard',\n        platform='desktop',\n        multiplayer=True,\n        language='English',\n        price_range='free',\n    ),\n]\n```",
    "database_code": "```python\n# Global variable to hold a list of interactive game examples\ninteractive_games: list[InteractiveGame] = [\n    InteractiveGame(\n        name=\"Math Quest\",\n        age_group='teens',\n        subject='math',\n        difficulty_level='medium',\n        platform='web',\n        multiplayer=True,\n        language='English',\n        price_range='free'\n    ),\n    InteractiveGame(\n        name=\"Science Explorer\",\n        age_group='teens',\n        subject='science',\n        difficulty_level='hard',\n        platform='web',\n        multiplayer=False,\n        language='English',\n        price_range='free'\n    ),\n    InteractiveGame(\n        name=\"History Adventure\",\n        age_group='teens',\n        subject='history',\n        difficulty_level='easy',\n        platform='mobile',\n        multiplayer=True,\n        language='English',\n        price_range='paid'\n    ),\n    InteractiveGame(\n        name=\"Language Master\",\n        age_group='teens',\n        subject='language',\n        difficulty_level='medium',\n        platform='desktop',\n        multiplayer=False,\n        language='Spanish',\n        price_range='free'\n    ),\n    InteractiveGame(\n        name=\"Math Challenge\",\n        age_group='teens',\n        subject='math',\n        difficulty_level='hard',\n        platform='web',\n        multiplayer=True,\n        language='English',\n        price_range='paid'\n    ),\n    InteractiveGame(\n        name=\"Physics Puzzles\",\n        age_group='teens',\n        subject='science',\n        difficulty_level='medium',\n        platform='mobile',\n        multiplayer=False,\n        language='English',\n        price_range='free'\n    ),\n    InteractiveGame(\n        name=\"GeoQuest\",\n        age_group='teens',\n        subject='history',\n        difficulty_level='medium',\n        platform='web',\n        multiplayer=True,\n        language='English',\n        price_range='paid'\n    ),\n    InteractiveGame(\n        name=\"Grammar Guru\",\n        age_group='teens',\n        subject='language',\n        difficulty_level='easy',\n        platform='desktop',\n        multiplayer=False,\n        language='English',\n        price_range='free'\n    ),\n    InteractiveGame(\n        name=\"Math Wizard\",\n        age_group='teens',\n        subject='math',\n        difficulty_level='easy',\n        platform='web',\n        multiplayer=True,\n        language='English',\n        price_range='free'\n    ),\n    InteractiveGame(\n        name=\"Chemistry Craze\",\n        age_group='teens',\n        subject='science',\n        difficulty_level='hard',\n        platform='web',\n        multiplayer=False,\n        language='English',\n        price_range='paid'\n    )\n]\n```",
    "database": [
      {
        "name": "Chemistry Craze",
        "age_group": "teens",
        "subject": "science",
        "difficulty_level": "hard",
        "platform": "web",
        "multiplayer": false,
        "language": "English",
        "price_range": "paid"
      },
      {
        "name": "Math Quest",
        "age_group": "teens",
        "subject": "math",
        "difficulty_level": "medium",
        "platform": "web",
        "multiplayer": true,
        "language": "English",
        "price_range": "free"
      },
      {
        "name": "Civilization Challenge",
        "age_group": "teens",
        "subject": "history",
        "difficulty_level": "hard",
        "platform": "desktop",
        "multiplayer": true,
        "language": "English",
        "price_range": "free"
      },
      {
        "name": "Time Travelers",
        "age_group": "teens",
        "subject": "history",
        "difficulty_level": "easy",
        "platform": "web",
        "multiplayer": false,
        "language": "English",
        "price_range": "paid"
      },
      {
        "name": "History Adventure",
        "age_group": "teens",
        "subject": "history",
        "difficulty_level": "easy",
        "platform": "mobile",
        "multiplayer": true,
        "language": "English",
        "price_range": "paid"
      },
      {
        "name": "History Quest",
        "age_group": "teens",
        "subject": "history",
        "difficulty_level": "medium",
        "platform": "mobile",
        "multiplayer": true,
        "language": "English",
        "price_range": "free"
      },
      {
        "name": "Science Explorer",
        "age_group": "teens",
        "subject": "science",
        "difficulty_level": "hard",
        "platform": "web",
        "multiplayer": false,
        "language": "English",
        "price_range": "free"
      },
      {
        "name": "Math Wizard",
        "age_group": "teens",
        "subject": "math",
        "difficulty_level": "easy",
        "platform": "web",
        "multiplayer": true,
        "language": "English",
        "price_range": "free"
      },
      {
        "name": "GeoQuest",
        "age_group": "teens",
        "subject": "history",
        "difficulty_level": "medium",
        "platform": "web",
        "multiplayer": true,
        "language": "English",
        "price_range": "paid"
      },
      {
        "name": "Grammar Guru",
        "age_group": "teens",
        "subject": "language",
        "difficulty_level": "easy",
        "platform": "desktop",
        "multiplayer": false,
        "language": "English",
        "price_range": "free"
      },
      {
        "name": "Physics Puzzles",
        "age_group": "teens",
        "subject": "science",
        "difficulty_level": "medium",
        "platform": "mobile",
        "multiplayer": false,
        "language": "English",
        "price_range": "free"
      },
      {
        "name": "Language Master",
        "age_group": "teens",
        "subject": "language",
        "difficulty_level": "medium",
        "platform": "desktop",
        "multiplayer": false,
        "language": "Spanish",
        "price_range": "free"
      },
      {
        "name": "Math Challenge",
        "age_group": "teens",
        "subject": "math",
        "difficulty_level": "hard",
        "platform": "web",
        "multiplayer": true,
        "language": "English",
        "price_range": "paid"
      }
    ],
    "goal": {
      "name": "History Quest",
      "age_group": "teens",
      "subject": "history",
      "difficulty_level": "medium",
      "platform": "mobile",
      "multiplayer": true,
      "language": "English",
      "price_range": "free"
    },
    "status": "complete"
  },
  {
    "domain": "assessment tools",
    "turns": [
      [
        "Thanks! Now, can you help me find a free digital quiz tool for 8th grade history?",
        {
          "name": "Math Wizard",
          "format": "digital",
          "type": "quiz",
          "difficulty_level": "medium",
          "subject": "history",
          "grade_level": "8th grade",
          "duration": null,
          "language": null,
          "scoring_method": null,
          "accessibility_features": null,
          "cost": "free"
        },
        "Sure! Are you looking for a specific difficulty level for the quiz?"
      ],
      [
        "I'd like it to be easy, please.",
        {
          "name": "Math Wizard",
          "format": "digital",
          "type": "quiz",
          "difficulty_level": "easy",
          "subject": "history",
          "grade_level": "8th grade",
          "duration": null,
          "language": null,
          "scoring_method": null,
          "accessibility_features": null,
          "cost": "free"
        },
        "I have \"History Quiz,\" which is free, digital, easy, and suitable for 8th grade. Would you like to go with that?"
      ],
      [
        "That sounds good! What\u2019s its scoring method?",
        {
          "name": "History Quiz",
          "format": "digital",
          "type": "quiz",
          "difficulty_level": "easy",
          "subject": "history",
          "grade_level": "8th grade",
          "duration": null,
          "language": null,
          "scoring_method": null,
          "accessibility_features": null,
          "cost": "free"
        },
        "The scoring method for \"History Quiz\" is automatic. Would you like to confirm your choice?"
      ],
      [
        "Yes, let's go with \"History Quiz\"! Thank you!",
        {
          "name": "History Quiz",
          "format": "digital",
          "type": "quiz",
          "difficulty_level": "easy",
          "subject": "history",
          "grade_level": "8th grade",
          "duration": null,
          "language": null,
          "scoring_method": "automatic",
          "accessibility_features": null,
          "cost": "free"
        },
        "You're welcome! Enjoy using \"History Quiz\"!"
      ]
    ],
    "preferences_code": "```python\npreferences = AssessmentToolCriteria(\n    name='History Quiz',\n    format='digital',\n    type='quiz',\n    difficulty_level='easy',\n    subject='History',\n    grade_level='8th Grade',\n    duration=25,\n    language='English',\n    scoring_method='automatic',\n    accessibility_features=False,\n    cost='free',\n)\n```",
    "red_herrings_code": "```python\n# Global variable containing a list of assessment tool examples\nassessment_tools_list = [\n    AssessmentToolInfo(\n        name='History Quiz',\n        format='digital',\n        type='quiz',\n        difficulty_level='easy',\n        subject='History',\n        grade_level='8th Grade',\n        duration=25,\n        language='English',\n        scoring_method='automatic',\n        accessibility_features=False,\n        cost='free',\n    ),\n    AssessmentToolInfo(\n        name='Math Test',\n        format='digital',\n        type='test',\n        difficulty_level='medium',\n        subject='Mathematics',\n        grade_level='8th Grade',\n        duration=30,\n        language='English',\n        scoring_method='automatic',\n        accessibility_features=False,\n        cost='paid',\n    ),\n    AssessmentToolInfo(\n        name='Science Survey',\n        format='hybrid',\n        type='survey',\n        difficulty_level='easy',\n        subject='Science',\n        grade_level='8th Grade',\n        duration=15,\n        language='English',\n        scoring_method='manual',\n        accessibility_features=True,\n        cost='free',\n    )\n]\n```",
    "database_code": "```python\n# Global variable to represent a list of assessment tools examples\nassessment_tools = [\n    AssessmentToolInfo(\n        name=\"Math Quiz\",\n        format=\"digital\",\n        type=\"quiz\",\n        difficulty_level=\"easy\",\n        subject=\"Mathematics\",\n        grade_level=\"7th Grade\",\n        duration=30,\n        language=\"English\",\n        scoring_method=\"automatic\",\n        accessibility_features=False,\n        cost=\"free\"\n    ),\n    AssessmentToolInfo(\n        name=\"History Survey\",\n        format=\"paper-based\",\n        type=\"survey\",\n        difficulty_level=\"medium\",\n        subject=\"History\",\n        grade_level=\"10th Grade\",\n        duration=45,\n        language=\"English\",\n        scoring_method=\"manual\",\n        accessibility_features=True,\n        cost=\"paid\"\n    ),\n    AssessmentToolInfo(\n        name=\"Science Test\",\n        format=\"hybrid\",\n        type=\"test\",\n        difficulty_level=\"hard\",\n        subject=\"Science\",\n        grade_level=\"9th Grade\",\n        duration=60,\n        language=\"English\",\n        scoring_method=\"automatic\",\n        accessibility_features=False,\n        cost=\"free\"\n    ),\n    AssessmentToolInfo(\n        name=\"Literature Assignment\",\n        format=\"digital\",\n        type=\"assignment\",\n        difficulty_level=\"medium\",\n        subject=\"Literature\",\n        grade_level=\"11th Grade\",\n        duration=120,\n        language=\"English\",\n        scoring_method=\"manual\",\n        accessibility_features=True,\n        cost=\"free\"\n    ),\n    AssessmentToolInfo(\n        name=\"Geography Quiz\",\n        format=\"digital\",\n        type=\"quiz\",\n        difficulty_level=\"easy\",\n        subject=\"Geography\",\n        grade_level=\"8th Grade\",\n        duration=20,\n        language=\"English\",\n        scoring_method=\"automatic\",\n        accessibility_features=False,\n        cost=\"paid\"\n    ),\n    AssessmentToolInfo(\n        name=\"Physics Test\",\n        format=\"paper-based\",\n        type=\"test\",\n        difficulty_level=\"hard\",\n        subject=\"Physics\",\n        grade_level=\"12th Grade\",\n        duration=90,\n        language=\"English\",\n        scoring_method=\"manual\",\n        accessibility_features=False,\n        cost=\"free\"\n    ),\n    AssessmentToolInfo(\n        name=\"Art Survey\",\n        format=\"hybrid\",\n        type=\"survey\",\n        difficulty_level=\"medium\",\n        subject=\"Art\",\n        grade_level=\"10th Grade\",\n        duration=30,\n        language=\"English\",\n        scoring_method=\"automatic\",\n        accessibility_features=True,\n        cost=\"paid\"\n    ),\n    AssessmentToolInfo(\n        name=\"Computer Science Assignment\",\n        format=\"digital\",\n        type=\"assignment\",\n        difficulty_level=\"hard\",\n        subject=\"Computer Science\",\n        grade_level=\"11th Grade\",\n        duration=150,\n        language=\"English\",\n        scoring_method=\"manual\",\n        accessibility_features=False,\n        cost=\"free\"\n    ),\n    AssessmentToolInfo(\n        name=\"Health Quiz\",\n        format=\"paper-based\",\n        type=\"quiz\",\n        difficulty_level=\"easy\",\n        subject=\"Health\",\n        grade_level=\"9th Grade\",\n        duration=25,\n        language=\"English\",\n        scoring_method=\"automatic\",\n        accessibility_features=True,\n        cost=\"paid\"\n    ),\n    AssessmentToolInfo(\n        name=\"Economics Test\",\n        format=\"hybrid\",\n        type=\"test\",\n        difficulty_level=\"medium\",\n        subject=\"Economics\",\n        grade_level=\"12th Grade\",\n        duration=75,\n        language=\"English\",\n        scoring_method=\"manual\",\n        accessibility_features=False,\n        cost=\"free\"\n    )\n]\n```",
    "database": [
      {
        "name": "Math Test",
        "format": "digital",
        "type": "test",
        "difficulty_level": "medium",
        "subject": "Mathematics",
        "grade_level": "8th Grade",
        "duration": 30,
        "language": "English",
        "scoring_method": "automatic",
        "accessibility_features": false,
        "cost": "paid"
      },
      {
        "name": "Health Quiz",
        "format": "paper-based",
        "type": "quiz",
        "difficulty_level": "easy",
        "subject": "Health",
        "grade_level": "9th Grade",
        "duration": 25,
        "language": "English",
        "scoring_method": "automatic",
        "accessibility_features": true,
        "cost": "paid"
      },
      {
        "name": "Art Survey",
        "format": "hybrid",
        "type": "survey",
        "difficulty_level": "medium",
        "subject": "Art",
        "grade_level": "10th Grade",
        "duration": 30,
        "language": "English",
        "scoring_method": "automatic",
        "accessibility_features": true,
        "cost": "paid"
      },
      {
        "name": "Geography Quiz",
        "format": "digital",
        "type": "quiz",
        "difficulty_level": "easy",
        "subject": "Geography",
        "grade_level": "8th Grade",
        "duration": 20,
        "language": "English",
        "scoring_method": "automatic",
        "accessibility_features": false,
        "cost": "paid"
      },
      {
        "name": "Math Quiz",
        "format": "digital",
        "type": "quiz",
        "difficulty_level": "easy",
        "subject": "Mathematics",
        "grade_level": "7th Grade",
        "duration": 30,
        "language": "English",
        "scoring_method": "automatic",
        "accessibility_features": false,
        "cost": "free"
      },
      {
        "name": "Literature Assignment",
        "format": "digital",
        "type": "assignment",
        "difficulty_level": "medium",
        "subject": "Literature",
        "grade_level": "11th Grade",
        "duration": 120,
        "language": "English",
        "scoring_method": "manual",
        "accessibility_features": true,
        "cost": "free"
      },
      {
        "name": "Science Survey",
        "format": "hybrid",
        "type": "survey",
        "difficulty_level": "easy",
        "subject": "Science",
        "grade_level": "8th Grade",
        "duration": 15,
        "language": "English",
        "scoring_method": "manual",
        "accessibility_features": true,
        "cost": "free"
      },
      {
        "name": "Economics Test",
        "format": "hybrid",
        "type": "test",
        "difficulty_level": "medium",
        "subject": "Economics",
        "grade_level": "12th Grade",
        "duration": 75,
        "language": "English",
        "scoring_method": "manual",
        "accessibility_features": false,
        "cost": "free"
      },
      {
        "name": "Science Test",
        "format": "hybrid",
        "type": "test",
        "difficulty_level": "hard",
        "subject": "Science",
        "grade_level": "9th Grade",
        "duration": 60,
        "language": "English",
        "scoring_method": "automatic",
        "accessibility_features": false,
        "cost": "free"
      },
      {
        "name": "History Quiz",
        "format": "digital",
        "type": "quiz",
        "difficulty_level": "easy",
        "subject": "History",
        "grade_level": "8th Grade",
        "duration": 25,
        "language": "English",
        "scoring_method": "automatic",
        "accessibility_features": false,
        "cost": "free"
      },
      {
        "name": "Computer Science Assignment",
        "format": "digital",
        "type": "assignment",
        "difficulty_level": "hard",
        "subject": "Computer Science",
        "grade_level": "11th Grade",
        "duration": 150,
        "language": "English",
        "scoring_method": "manual",
        "accessibility_features": false,
        "cost": "free"
      },
      {
        "name": "History Survey",
        "format": "paper-based",
        "type": "survey",
        "difficulty_level": "medium",
        "subject": "History",
        "grade_level": "10th Grade",
        "duration": 45,
        "language": "English",
        "scoring_method": "manual",
        "accessibility_features": true,
        "cost": "paid"
      },
      {
        "name": "Physics Test",
        "format": "paper-based",
        "type": "test",
        "difficulty_level": "hard",
        "subject": "Physics",
        "grade_level": "12th Grade",
        "duration": 90,
        "language": "English",
        "scoring_method": "manual",
        "accessibility_features": false,
        "cost": "free"
      }
    ],
    "goal": {
      "name": "History Quiz",
      "format": "digital",
      "type": "quiz",
      "difficulty_level": "easy",
      "subject": "History",
      "grade_level": "8th Grade",
      "duration": 25,
      "language": "English",
      "scoring_method": "automatic",
      "accessibility_features": false,
      "cost": "free"
    },
    "status": "complete"
  }
]