[
  {
    "domain": "organic seeds",
    "turns": [
      [
        "I'm looking for some organic seeds, preferably imported.",
        {
          "name": null,
          "seed_type": null,
          "source": "imported",
          "growing_condition": null,
          "growing_zone": null,
          "harvest_time": null,
          "certification": null,
          "non_gmo": null,
          "heirloom": null
        },
        "Got it! Do you have a specific type of seed in mind, like vegetable, fruit, or herb?"
      ],
      [
        "Not really, I'm open to any type.",
        {
          "name": null,
          "seed_type": null,
          "source": "imported",
          "growing_condition": null,
          "growing_zone": null,
          "harvest_time": null,
          "certification": null,
          "non_gmo": null,
          "heirloom": null
        },
        "How about the growing zone? Do you know what zone you\u2019re in?"
      ],
      [
        "Yes, I'm in zone 5.",
        {
          "name": null,
          "seed_type": null,
          "source": "imported",
          "growing_condition": null,
          "growing_zone": 5,
          "harvest_time": null,
          "certification": null,
          "non_gmo": null,
          "heirloom": null
        },
        "Great! Are you looking for a short, medium, or long harvest time?"
      ],
      [
        "I don't have a preference for harvest time.",
        {
          "name": null,
          "seed_type": null,
          "source": "imported",
          "growing_condition": null,
          "growing_zone": 5,
          "harvest_time": null,
          "certification": null,
          "non_gmo": null,
          "heirloom": null
        },
        "Alright! Do you prefer seeds that are non-GMO or heirloom?"
      ],
      [
        "I prefer non-GMO seeds, but not heirloom.",
        {
          "name": null,
          "seed_type": null,
          "source": "imported",
          "growing_condition": null,
          "growing_zone": 5,
          "harvest_time": null,
          "certification": null,
          "non_gmo": true,
          "heirloom": false
        },
        "Based on your preferences, I recommend the Zucchini or Roma Tomato. Would you like more details on either?"
      ],
      [
        "I'd love to hear more about the Roma Tomato!",
        {
          "name": "Roma Tomato",
          "seed_type": "fruit",
          "source": "imported",
          "growing_condition": null,
          "growing_zone": 5,
          "harvest_time": null,
          "certification": null,
          "non_gmo": true,
          "heirloom": false
        },
        "The Roma Tomato is a local vegetable seed, suited for outdoor growing in zone 5, with a medium harvest time and USDA Organic certification. Interested in this one?"
      ],
      [
        "Actually, I'm looking for imported seeds; do you have any imported options?",
        {
          "name": null,
          "seed_type": null,
          "source": "imported",
          "growing_condition": "outdoor",
          "growing_zone": 5,
          "harvest_time": null,
          "certification": "USDA Organic",
          "non_gmo": true,
          "heirloom": false
        },
        "Yes, for imported seeds, you can consider the Blueberry or the Cucumber. Would you like details on either of those?"
      ],
      [
        "I'd like to know more about the Blueberry seeds!",
        {
          "name": "Blueberry",
          "seed_type": "fruit",
          "source": "imported",
          "growing_condition": "outdoor",
          "growing_zone": 5,
          "harvest_time": null,
          "certification": "USDA Organic",
          "non_gmo": true,
          "heirloom": false
        },
        "The Blueberry is an imported fruit seed, suitable for outdoor growing in zone 5, with a medium harvest time and EU Organic certification. Interested in this option?"
      ],
      [
        "Yes, that sounds great! I'll go with the Blueberry seeds.",
        {
          "name": "Blueberry",
          "seed_type": "fruit",
          "source": "imported",
          "growing_condition": "outdoor",
          "growing_zone": 5,
          "harvest_time": "medium",
          "certification": "EU Organic",
          "non_gmo": true,
          "heirloom": false
        },
        "Awesome choice! Blueberry seeds it is. Happy gardening!"
      ]
    ],
    "preferences_code": "```python\npreferences = OrganicSeedCriteria(\n    name='Blueberry',\n    seed_type='fruit',\n    source='imported',\n    growing_condition='outdoor',\n    growing_zone=5,\n    harvest_time='medium',\n    certification='EU Organic',\n    non_gmo=True,\n    heirloom=False,\n)\n```",
    "red_herrings_code": "```python\n# A global variable containing a list of organic seed examples\norganic_seed_examples = [\n    OrganicSeed(\n        name='Blueberry',\n        seed_type='fruit',\n        source='imported',\n        growing_condition='outdoor',\n        growing_zone=5,\n        harvest_time='medium',\n        certification='EU Organic',\n        non_gmo=True,\n        heirloom=False,\n    ),\n    OrganicSeed(\n        name='Raspberry',\n        seed_type='fruit',\n        source='local',\n        growing_condition='outdoor',\n        growing_zone=5,\n        harvest_time='medium',\n        certification='None',\n        non_gmo=True,\n        heirloom=True,\n    ),\n    OrganicSeed(\n        name='Tomato',\n        seed_type='vegetable',\n        source='imported',\n        growing_condition='outdoor',\n        growing_zone=6,\n        harvest_time='medium',\n        certification='EU Organic',\n        non_gmo=False,\n        heirloom=True,\n    ),\n]\n```",
    "database_code": "```python\n# Global variable containing examples of organic seeds\norganic_seeds_examples = [\n    OrganicSeed(\n        name=\"Roma Tomato\",\n        seed_type=\"vegetable\",\n        source=\"local\",\n        growing_condition=\"outdoor\",\n        growing_zone=5,\n        harvest_time=\"medium\",\n        certification=\"USDA Organic\",\n        non_gmo=True,\n        heirloom=False\n    ),\n    OrganicSeed(\n        name=\"Basil\",\n        seed_type=\"herb\",\n        source=\"imported\",\n        growing_condition=\"indoor\",\n        growing_zone=7,\n        harvest_time=\"short\",\n        certification=\"EU Organic\",\n        non_gmo=True,\n        heirloom=True\n    ),\n    OrganicSeed(\n        name=\"Sunflower\",\n        seed_type=\"flower\",\n        source=\"local\",\n        growing_condition=\"outdoor\",\n        growing_zone=3,\n        harvest_time=\"long\",\n        certification=\"None\",\n        non_gmo=False,\n        heirloom=False\n    ),\n    OrganicSeed(\n        name=\"Cucumber\",\n        seed_type=\"vegetable\",\n        source=\"imported\",\n        growing_condition=\"outdoor\",\n        growing_zone=4,\n        harvest_time=\"short\",\n        certification=\"USDA Organic\",\n        non_gmo=True,\n        heirloom=True\n    ),\n    OrganicSeed(\n        name=\"Lavender\",\n        seed_type=\"herb\",\n        source=\"local\",\n        growing_condition=\"outdoor\",\n        growing_zone=6,\n        harvest_time=\"medium\",\n        certification=\"None\",\n        non_gmo=True,\n        heirloom=False\n    ),\n    OrganicSeed(\n        name=\"Strawberry\",\n        seed_type=\"fruit\",\n        source=\"imported\",\n        growing_condition=\"outdoor\",\n        growing_zone=5,\n        harvest_time=\"medium\",\n        certification=\"EU Organic\",\n        non_gmo=True,\n        heirloom=True\n    ),\n    OrganicSeed(\n        name=\"Green Bell Pepper\",\n        seed_type=\"vegetable\",\n        source=\"local\",\n        growing_condition=\"outdoor\",\n        growing_zone=6,\n        harvest_time=\"medium\",\n        certification=\"USDA Organic\",\n        non_gmo=False,\n        heirloom=False\n    ),\n    OrganicSeed(\n        name=\"Thyme\",\n        seed_type=\"herb\",\n        source=\"imported\",\n        growing_condition=\"indoor\",\n        growing_zone=7,\n        harvest_time=\"short\",\n        certification=\"None\",\n        non_gmo=True,\n        heirloom=True\n    ),\n    OrganicSeed(\n        name=\"Zucchini\",\n        seed_type=\"vegetable\",\n        source=\"local\",\n        growing_condition=\"outdoor\",\n        growing_zone=5,\n        harvest_time=\"short\",\n        certification=\"USDA Organic\",\n        non_gmo=True,\n        heirloom=False\n    ),\n    OrganicSeed(\n        name=\"Peach\",\n        seed_type=\"fruit\",\n        source=\"imported\",\n        growing_condition=\"outdoor\",\n        growing_zone=4,\n        harvest_time=\"long\",\n        certification=\"EU Organic\",\n        non_gmo=True,\n        heirloom=True\n    )\n]\n```",
    "database": [
      {
        "name": "Zucchini",
        "seed_type": "vegetable",
        "source": "local",
        "growing_condition": "outdoor",
        "growing_zone": 5,
        "harvest_time": "short",
        "certification": "USDA Organic",
        "non_gmo": true,
        "heirloom": false
      },
      {
        "name": "Sunflower",
        "seed_type": "flower",
        "source": "local",
        "growing_condition": "outdoor",
        "growing_zone": 3,
        "harvest_time": "long",
        "certification": "None",
        "non_gmo": false,
        "heirloom": false
      },
      {
        "name": "Green Bell Pepper",
        "seed_type": "vegetable",
        "source": "local",
        "growing_condition": "outdoor",
        "growing_zone": 6,
        "harvest_time": "medium",
        "certification": "USDA Organic",
        "non_gmo": false,
        "heirloom": false
      },
      {
        "name": "Cucumber",
        "seed_type": "vegetable",
        "source": "imported",
        "growing_condition": "outdoor",
        "growing_zone": 4,
        "harvest_time": "short",
        "certification": "USDA Organic",
        "non_gmo": true,
        "heirloom": true
      },
      {
        "name": "Strawberry",
        "seed_type": "fruit",
        "source": "imported",
        "growing_condition": "outdoor",
        "growing_zone": 5,
        "harvest_time": "medium",
        "certification": "EU Organic",
        "non_gmo": true,
        "heirloom": true
      },
      {
        "name": "Peach",
        "seed_type": "fruit",
        "source": "imported",
        "growing_condition": "outdoor",
        "growing_zone": 4,
        "harvest_time": "long",
        "certification": "EU Organic",
        "non_gmo": true,
        "heirloom": true
      },
      {
        "name": "Roma Tomato",
        "seed_type": "vegetable",
        "source": "local",
        "growing_condition": "outdoor",
        "growing_zone": 5,
        "harvest_time": "medium",
        "certification": "USDA Organic",
        "non_gmo": true,
        "heirloom": false
      },
      {
        "name": "Raspberry",
        "seed_type": "fruit",
        "source": "local",
        "growing_condition": "outdoor",
        "growing_zone": 5,
        "harvest_time": "medium",
        "certification": "None",
        "non_gmo": true,
        "heirloom": true
      },
      {
        "name": "Tomato",
        "seed_type": "vegetable",
        "source": "imported",
        "growing_condition": "outdoor",
        "growing_zone": 6,
        "harvest_time": "medium",
        "certification": "EU Organic",
        "non_gmo": false,
        "heirloom": true
      },
      {
        "name": "Blueberry",
        "seed_type": "fruit",
        "source": "imported",
        "growing_condition": "outdoor",
        "growing_zone": 5,
        "harvest_time": "medium",
        "certification": "EU Organic",
        "non_gmo": true,
        "heirloom": false
      },
      {
        "name": "Thyme",
        "seed_type": "herb",
        "source": "imported",
        "growing_condition": "indoor",
        "growing_zone": 7,
        "harvest_time": "short",
        "certification": "None",
        "non_gmo": true,
        "heirloom": true
      },
      {
        "name": "Basil",
        "seed_type": "herb",
        "source": "imported",
        "growing_condition": "indoor",
        "growing_zone": 7,
        "harvest_time": "short",
        "certification": "EU Organic",
        "non_gmo": true,
        "heirloom": true
      },
      {
        "name": "Lavender",
        "seed_type": "herb",
        "source": "local",
        "growing_condition": "outdoor",
        "growing_zone": 6,
        "harvest_time": "medium",
        "certification": "None",
        "non_gmo": true,
        "heirloom": false
      }
    ],
    "goal": {
      "name": "Blueberry",
      "seed_type": "fruit",
      "source": "imported",
      "growing_condition": "outdoor",
      "growing_zone": 5,
      "harvest_time": "medium",
      "certification": "EU Organic",
      "non_gmo": true,
      "heirloom": false
    },
    "status": "complete"
  },
  {
    "domain": "soil types",
    "turns": [
      [
        "Thanks! Now, can you help me find the right soil type for them?",
        {
          "name": null,
          "pH_level": null,
          "texture": null,
          "drainage": null,
          "organic_content": null,
          "color": null,
          "salinity": null,
          "aeration": null,
          "mineral_content": null
        },
        "Sure! What specific characteristics are you looking for in the soil?"
      ],
      [
        "I'm looking for sandy texture and well-drained soil.",
        {
          "name": null,
          "pH_level": null,
          "texture": "sandy",
          "drainage": "well-drained",
          "organic_content": null,
          "color": null,
          "salinity": null,
          "aeration": null,
          "mineral_content": null
        },
        "Great! Do you have a preference for pH level, or is that flexible?"
      ],
      [
        "I prefer a pH level around 6.0.",
        {
          "name": null,
          "pH_level": 6.0,
          "texture": "sandy",
          "drainage": "well-drained",
          "organic_content": null,
          "color": null,
          "salinity": null,
          "aeration": null,
          "mineral_content": null
        },
        "Based on your criteria, I recommend Sandy Soil. Would you like to go with that?"
      ],
      [
        "Does it have good aeration and moderate mineral content?",
        {
          "name": null,
          "pH_level": 6.0,
          "texture": "sandy",
          "drainage": "well-drained",
          "organic_content": null,
          "color": null,
          "salinity": null,
          "aeration": "good",
          "mineral_content": "moderate"
        },
        "Yes, Sandy Soil has good aeration and moderate mineral content. Should we confirm that?"
      ],
      [
        "Yes, let's confirm the Sandy Soil!",
        {
          "name": "Sandy Soil",
          "pH_level": 6.0,
          "texture": "sandy",
          "drainage": "well-drained",
          "organic_content": null,
          "color": null,
          "salinity": null,
          "aeration": "good",
          "mineral_content": "moderate"
        },
        "Perfect! Sandy Soil it is. Happy planting with your Blueberry seeds!"
      ]
    ],
    "preferences_code": "```python\npreferences = SoilTypeCriteria(\n    name='Sandy Soil',\n    pH_level=6.0,\n    texture='sandy',\n    drainage='well-drained',\n    organic_content='Low',\n    color='Light Brown',\n    salinity='medium',\n    aeration='good',\n    mineral_content='Moderate in nutrients',\n)\n```",
    "red_herrings_code": "```python\n# Global variable to store example soil types\nsoil_types_examples = [\n    SoilType(\n        name='Clay Soil',\n        pH_level=6.5,\n        texture='clay',\n        drainage='poorly-drained',\n        organic_content='Moderate',\n        color='Dark Brown',\n        salinity='low',\n        aeration='poor',\n        mineral_content='Rich in nutrients',\n    ),\n    SoilType(\n        name='Sandy Soil',\n        pH_level=6.0,\n        texture='sandy',\n        drainage='well-drained',\n        organic_content='Low',\n        color='Light Brown',\n        salinity='medium',\n        aeration='good',\n        mineral_content='Moderate in nutrients',\n    ),\n    SoilType(\n        name='Peaty Soil',\n        pH_level=6.8,\n        texture='loamy',\n        drainage='moderate-drainage',\n        organic_content='Very High',\n        color='Black',\n        salinity='low',\n        aeration='good',\n        mineral_content='Rich in nutrients',\n    ),\n]\n```",
    "database_code": "```python\n# Global variable containing examples of soil types using the SoilType dataclass.\nsoil_types_examples = [\n    SoilType(name=\"Sandy Loam\", pH_level=6.5, texture='loamy', drainage='well-drained', \n              organic_content=\"Moderate\", color=\"Brown\", salinity='low', aeration='good', \n              mineral_content=\"High in silica\"),\n    SoilType(name=\"Clay Soil\", pH_level=7.0, texture='clay', drainage='poorly-drained', \n              organic_content=\"Low\", color=\"Dark Brown\", salinity='medium', aeration='poor', \n              mineral_content=\"High in iron\"),\n    SoilType(name=\"Silty Soil\", pH_level=6.8, texture='silty', drainage='moderate-drainage', \n              organic_content=\"High\", color=\"Dark Gray\", salinity='low', aeration='good', \n              mineral_content=\"Balanced\"),\n    SoilType(name=\"Peaty Soil\", pH_level=5.5, texture='loamy', drainage='poorly-drained', \n              organic_content=\"Very High\", color=\"Black\", salinity='low', aeration='poor', \n              mineral_content=\"Low\"),\n    SoilType(name=\"Chalky Soil\", pH_level=7.5, texture='sandy', drainage='well-drained', \n              organic_content=\"Low\", color=\"Light Brown\", salinity='medium', aeration='good', \n              mineral_content=\"High in calcium\"),\n    SoilType(name=\"Loamy Soil\", pH_level=6.0, texture='loamy', drainage='well-drained', \n              organic_content=\"High\", color=\"Dark Brown\", salinity='low', aeration='good', \n              mineral_content=\"Balanced\"),\n    SoilType(name=\"Saline Soil\", pH_level=8.0, texture='sandy', drainage='poorly-drained', \n              organic_content=\"Low\", color=\"Gray\", salinity='high', aeration='poor', \n              mineral_content=\"High in sodium\"),\n    SoilType(name=\"Rocky Soil\", pH_level=6.2, texture='clay', drainage='moderate-drainage', \n              organic_content=\"Very Low\", color=\"Brown\", salinity='medium', aeration='good', \n              mineral_content=\"High in minerals\"),\n    SoilType(name=\"Alluvial Soil\", pH_level=6.5, texture='loamy', drainage='well-drained', \n              organic_content=\"High\", color=\"Dark Brown\", salinity='low', aeration='good', \n              mineral_content=\"Rich in nutrients\"),\n    SoilType(name=\"Volcanic Soil\", pH_level=6.0, texture='loamy', drainage='well-drained', \n              organic_content=\"High\", color=\"Black\", salinity='low', aeration='good', \n              mineral_content=\"Rich in minerals\"),\n]\n```",
    "database": [
      {
        "name": "Saline Soil",
        "pH_level": 8.0,
        "texture": "sandy",
        "drainage": "poorly-drained",
        "organic_content": "Low",
        "color": "Gray",
        "salinity": "high",
        "aeration": "poor",
        "mineral_content": "High in sodium"
      },
      {
        "name": "Clay Soil",
        "pH_level": 7.0,
        "texture": "clay",
        "drainage": "poorly-drained",
        "organic_content": "Low",
        "color": "Dark Brown",
        "salinity": "medium",
        "aeration": "poor",
        "mineral_content": "High in iron"
      },
      {
        "name": "Sandy Soil",
        "pH_level": 6.0,
        "texture": "sandy",
        "drainage": "well-drained",
        "organic_content": "Low",
        "color": "Light Brown",
        "salinity": "medium",
        "aeration": "good",
        "mineral_content": "Moderate in nutrients"
      },
      {
        "name": "Silty Soil",
        "pH_level": 6.8,
        "texture": "silty",
        "drainage": "moderate-drainage",
        "organic_content": "High",
        "color": "Dark Gray",
        "salinity": "low",
        "aeration": "good",
        "mineral_content": "Balanced"
      },
      {
        "name": "Rocky Soil",
        "pH_level": 6.2,
        "texture": "clay",
        "drainage": "moderate-drainage",
        "organic_content": "Very Low",
        "color": "Brown",
        "salinity": "medium",
        "aeration": "good",
        "mineral_content": "High in minerals"
      },
      {
        "name": "Chalky Soil",
        "pH_level": 7.5,
        "texture": "sandy",
        "drainage": "well-drained",
        "organic_content": "Low",
        "color": "Light Brown",
        "salinity": "medium",
        "aeration": "good",
        "mineral_content": "High in calcium"
      },
      {
        "name": "Volcanic Soil",
        "pH_level": 6.0,
        "texture": "loamy",
        "drainage": "well-drained",
        "organic_content": "High",
        "color": "Black",
        "salinity": "low",
        "aeration": "good",
        "mineral_content": "Rich in minerals"
      },
      {
        "name": "Peaty Soil",
        "pH_level": 6.8,
        "texture": "loamy",
        "drainage": "moderate-drainage",
        "organic_content": "Very High",
        "color": "Black",
        "salinity": "low",
        "aeration": "good",
        "mineral_content": "Rich in nutrients"
      },
      {
        "name": "Alluvial Soil",
        "pH_level": 6.5,
        "texture": "loamy",
        "drainage": "well-drained",
        "organic_content": "High",
        "color": "Dark Brown",
        "salinity": "low",
        "aeration": "good",
        "mineral_content": "Rich in nutrients"
      },
      {
        "name": "Sandy Loam",
        "pH_level": 6.5,
        "texture": "loamy",
        "drainage": "well-drained",
        "organic_content": "Moderate",
        "color": "Brown",
        "salinity": "low",
        "aeration": "good",
        "mineral_content": "High in silica"
      },
      {
        "name": "Loamy Soil",
        "pH_level": 6.0,
        "texture": "loamy",
        "drainage": "well-drained",
        "organic_content": "High",
        "color": "Dark Brown",
        "salinity": "low",
        "aeration": "good",
        "mineral_content": "Balanced"
      },
      {
        "name": "Clay Soil",
        "pH_level": 6.5,
        "texture": "clay",
        "drainage": "poorly-drained",
        "organic_content": "Moderate",
        "color": "Dark Brown",
        "salinity": "low",
        "aeration": "poor",
        "mineral_content": "Rich in nutrients"
      },
      {
        "name": "Peaty Soil",
        "pH_level": 5.5,
        "texture": "loamy",
        "drainage": "poorly-drained",
        "organic_content": "Very High",
        "color": "Black",
        "salinity": "low",
        "aeration": "poor",
        "mineral_content": "Low"
      }
    ],
    "goal": {
      "name": "Sandy Soil",
      "pH_level": 6.0,
      "texture": "sandy",
      "drainage": "well-drained",
      "organic_content": "Low",
      "color": "Light Brown",
      "salinity": "medium",
      "aeration": "good",
      "mineral_content": "Moderate in nutrients"
    },
    "status": "complete"
  },
  {
    "domain": "fertilizers",
    "turns": [
      [
        "Thanks! Now, can you help me find a suitable fertilizer for the blueberries?",
        {
          "name": null,
          "type": "organic",
          "form": null,
          "nutrient_ratio": null,
          "release_type": null,
          "application_method": null,
          "brand": null,
          "budget": null,
          "eco_friendly": null,
          "pet_safe": null,
          "region": "zone 5"
        },
        "Of course! Are you looking for organic or synthetic fertilizers?"
      ],
      [
        "I'd prefer organic fertilizers.",
        {
          "name": null,
          "type": "organic",
          "form": null,
          "nutrient_ratio": null,
          "release_type": null,
          "application_method": null,
          "brand": null,
          "budget": null,
          "eco_friendly": null,
          "pet_safe": null,
          "region": "zone 5"
        },
        "Great choice! Do you have a budget range in mind for the fertilizer?"
      ],
      [
        "Yes, my budget is up to $20.",
        {
          "name": null,
          "type": "organic",
          "form": null,
          "nutrient_ratio": null,
          "release_type": null,
          "application_method": null,
          "brand": null,
          "budget": 20.0,
          "eco_friendly": null,
          "pet_safe": null,
          "region": null
        },
        "Perfect! Would you prefer a granular or liquid form for the fertilizer?"
      ],
      [
        "I'm okay with either form, but I lean slightly towards granular.",
        {
          "name": null,
          "type": "organic",
          "form": "granular",
          "nutrient_ratio": null,
          "release_type": null,
          "application_method": null,
          "brand": null,
          "budget": 20.0,
          "eco_friendly": null,
          "pet_safe": null,
          "region": null
        },
        "Got it! I recommend the Organic Bloom Booster, which is granular and within your budget. Interested in that one?"
      ],
      [
        "Yes, can you tell me the N-P-K ratio for the Organic Bloom Booster?",
        {
          "name": "Organic Bloom Booster",
          "type": "organic",
          "form": "granular",
          "nutrient_ratio": null,
          "release_type": null,
          "application_method": null,
          "brand": null,
          "budget": 20.0,
          "eco_friendly": null,
          "pet_safe": null,
          "region": "zone 5"
        },
        "The N-P-K ratio for the Organic Bloom Booster is 3-5-4. Would you like to confirm your choice?"
      ],
      [
        "Hmm, I was hoping for a 10-10-10 ratio. Do you have anything with that ratio?",
        {
          "name": null,
          "type": "organic",
          "form": "granular",
          "nutrient_ratio": "10-10-10",
          "release_type": null,
          "application_method": null,
          "brand": null,
          "budget": 20.0,
          "eco_friendly": null,
          "pet_safe": null,
          "region": null
        },
        "I have the Natural Flower Fertilizer with a 10-10-10 ratio, but it's not granular. Would that work for you?"
      ],
      [
        "Yes, I can go with the Natural Flower Fertilizer!",
        {
          "name": "Natural Flower Fertilizer",
          "type": "organic",
          "form": "powder",
          "nutrient_ratio": "10-10-10",
          "release_type": null,
          "application_method": null,
          "brand": null,
          "budget": 20.0,
          "eco_friendly": null,
          "pet_safe": null,
          "region": null
        },
        "Great choice! The Natural Flower Fertilizer it is. Happy gardening!"
      ]
    ],
    "preferences_code": "```python\npreferences = FertilizerCriteria(\n    type='organic',\n    form='powder',\n    nutrient_ratio='10-10-10',\n    release_type='fast-release',\n    application_method='soil',\n    budget=20.0,\n    eco_friendly=True,\n    pet_safe=True,\n    region='temperate',\n)\n```",
    "red_herrings_code": "```python\nfertilizer_examples = [\n    FertilizerKnowledge(\n        name='Organic Vegetable Fertilizer',\n        type='organic',\n        form='granular',\n        nutrient_ratio='5-10-5',\n        release_type='slow-release',\n        application_method='soil',\n        brand='Green Grow',\n        price=20.00,\n        eco_friendly=True,\n        pet_safe=True,\n        region='temperate',\n    ),\n    FertilizerKnowledge(\n        name='Natural Flower Fertilizer',\n        type='organic',\n        form='powder',\n        nutrient_ratio='10-10-10',\n        release_type='fast-release',\n        application_method='soil',\n        brand=\"Nature's Best\",\n        price=15.50,\n        eco_friendly=True,\n        pet_safe=True,\n        region='temperate',\n    ),\n    FertilizerKnowledge(\n        name='Vegetable Growth Booster',\n        type='synthetic',\n        form='liquid',\n        nutrient_ratio='5-10-5',\n        release_type='fast-release',\n        application_method='foliar',\n        brand='Plant Power',\n        price=19.99,\n        eco_friendly=False,\n        pet_safe=False,\n        region='temperate',\n    ),\n]\n```",
    "database_code": "```python\n# Global variable containing a list of fertilizer examples\nfertilizer_examples = [\n    FertilizerKnowledge(\n        name=\"Organic Bloom Booster\",\n        type=\"organic\",\n        form=\"granular\",\n        nutrient_ratio=\"3-5-4\",\n        release_type=\"slow-release\",\n        application_method=\"soil\",\n        brand=\"GreenGrow\",\n        price=15.99,\n        eco_friendly=True,\n        pet_safe=True,\n        region=\"temperate\"\n    ),\n    FertilizerKnowledge(\n        name=\"Synthetic All-Purpose Fertilizer\",\n        type=\"synthetic\",\n        form=\"liquid\",\n        nutrient_ratio=\"10-10-10\",\n        release_type=\"fast-release\",\n        application_method=\"foliar\",\n        brand=\"PlantFeed\",\n        price=12.50,\n        eco_friendly=False,\n        pet_safe=False,\n        region=\"tropical\"\n    ),\n    FertilizerKnowledge(\n        name=\"Natural Vegetable Fertilizer\",\n        type=\"organic\",\n        form=\"powder\",\n        nutrient_ratio=\"5-10-5\",\n        release_type=\"slow-release\",\n        application_method=\"soil\",\n        brand=\"Nature's Best\",\n        price=18.75,\n        eco_friendly=True,\n        pet_safe=True,\n        region=\"temperate\"\n    ),\n    FertilizerKnowledge(\n        name=\"Citrus Tree Fertilizer\",\n        type=\"synthetic\",\n        form=\"granular\",\n        nutrient_ratio=\"6-4-6\",\n        release_type=\"fast-release\",\n        application_method=\"soil\",\n        brand=\"CitrusBoost\",\n        price=14.50,\n        eco_friendly=False,\n        pet_safe=False,\n        region=\"subtropical\"\n    ),\n    FertilizerKnowledge(\n        name=\"Herb Garden Fertilizer\",\n        type=\"organic\",\n        form=\"liquid\",\n        nutrient_ratio=\"3-1-2\",\n        release_type=\"slow-release\",\n        application_method=\"drip\",\n        brand=\"HerbGrow\",\n        price=9.99,\n        eco_friendly=True,\n        pet_safe=True,\n        region=\"temperate\"\n    ),\n    FertilizerKnowledge(\n        name=\"Flower Fertilizer Mix\",\n        type=\"synthetic\",\n        form=\"granular\",\n        nutrient_ratio=\"4-6-8\",\n        release_type=\"fast-release\",\n        application_method=\"soil\",\n        brand=\"BloomMax\",\n        price=20.00,\n        eco_friendly=False,\n        pet_safe=False,\n        region=\"temperate\"\n    ),\n    FertilizerKnowledge(\n        name=\"Organic Compost Fertilizer\",\n        type=\"organic\",\n        form=\"powder\",\n        nutrient_ratio=\"2-1-1\",\n        release_type=\"slow-release\",\n        application_method=\"soil\",\n        brand=\"CompostKing\",\n        price=11.25,\n        eco_friendly=True,\n        pet_safe=True,\n        region=\"temperate\"\n    ),\n    FertilizerKnowledge(\n        name=\"Tomato Fertilizer\",\n        type=\"synthetic\",\n        form=\"liquid\",\n        nutrient_ratio=\"5-10-10\",\n        release_type=\"fast-release\",\n        application_method=\"foliar\",\n        brand=\"TomatoBoost\",\n        price=13.99,\n        eco_friendly=False,\n        pet_safe=False,\n        region=\"temperate\"\n    ),\n    FertilizerKnowledge(\n        name=\"Grass Lawn Fertilizer\",\n        type=\"organic\",\n        form=\"granular\",\n        nutrient_ratio=\"10-2-4\",\n        release_type=\"slow-release\",\n        application_method=\"soil\",\n        brand=\"LawnCare\",\n        price=22.50,\n        eco_friendly=True,\n        pet_safe=True,\n        region=\"temperate\"\n    ),\n    FertilizerKnowledge(\n        name=\"All-Natural Flower Fertilizer\",\n        type=\"organic\",\n        form=\"powder\",\n        nutrient_ratio=\"4-5-4\",\n        release_type=\"slow-release\",\n        application_method=\"soil\",\n        brand=\"FlowerPower\",\n        price=17.50,\n        eco_friendly=True,\n        pet_safe=True,\n        region=\"temperate\"\n    )\n]\n```",
    "database": [
      {
        "name": "Synthetic All-Purpose Fertilizer",
        "type": "synthetic",
        "form": "liquid",
        "nutrient_ratio": "10-10-10",
        "release_type": "fast-release",
        "application_method": "foliar",
        "brand": "PlantFeed",
        "price": 12.5,
        "eco_friendly": false,
        "pet_safe": false,
        "region": "tropical"
      },
      {
        "name": "Natural Vegetable Fertilizer",
        "type": "organic",
        "form": "powder",
        "nutrient_ratio": "5-10-5",
        "release_type": "slow-release",
        "application_method": "soil",
        "brand": "Nature's Best",
        "price": 18.75,
        "eco_friendly": true,
        "pet_safe": true,
        "region": "temperate"
      },
      {
        "name": "Tomato Fertilizer",
        "type": "synthetic",
        "form": "liquid",
        "nutrient_ratio": "5-10-10",
        "release_type": "fast-release",
        "application_method": "foliar",
        "brand": "TomatoBoost",
        "price": 13.99,
        "eco_friendly": false,
        "pet_safe": false,
        "region": "temperate"
      },
      {
        "name": "Organic Compost Fertilizer",
        "type": "organic",
        "form": "powder",
        "nutrient_ratio": "2-1-1",
        "release_type": "slow-release",
        "application_method": "soil",
        "brand": "CompostKing",
        "price": 11.25,
        "eco_friendly": true,
        "pet_safe": true,
        "region": "temperate"
      },
      {
        "name": "Organic Bloom Booster",
        "type": "organic",
        "form": "granular",
        "nutrient_ratio": "3-5-4",
        "release_type": "slow-release",
        "application_method": "soil",
        "brand": "GreenGrow",
        "price": 15.99,
        "eco_friendly": true,
        "pet_safe": true,
        "region": "temperate"
      },
      {
        "name": "All-Natural Flower Fertilizer",
        "type": "organic",
        "form": "powder",
        "nutrient_ratio": "4-5-4",
        "release_type": "slow-release",
        "application_method": "soil",
        "brand": "FlowerPower",
        "price": 17.5,
        "eco_friendly": true,
        "pet_safe": true,
        "region": "temperate"
      },
      {
        "name": "Vegetable Growth Booster",
        "type": "synthetic",
        "form": "liquid",
        "nutrient_ratio": "5-10-5",
        "release_type": "fast-release",
        "application_method": "foliar",
        "brand": "Plant Power",
        "price": 19.99,
        "eco_friendly": false,
        "pet_safe": false,
        "region": "temperate"
      },
      {
        "name": "Flower Fertilizer Mix",
        "type": "synthetic",
        "form": "granular",
        "nutrient_ratio": "4-6-8",
        "release_type": "fast-release",
        "application_method": "soil",
        "brand": "BloomMax",
        "price": 20.0,
        "eco_friendly": false,
        "pet_safe": false,
        "region": "temperate"
      },
      {
        "name": "Organic Vegetable Fertilizer",
        "type": "organic",
        "form": "granular",
        "nutrient_ratio": "5-10-5",
        "release_type": "slow-release",
        "application_method": "soil",
        "brand": "Green Grow",
        "price": 20.0,
        "eco_friendly": true,
        "pet_safe": true,
        "region": "temperate"
      },
      {
        "name": "Natural Flower Fertilizer",
        "type": "organic",
        "form": "powder",
        "nutrient_ratio": "10-10-10",
        "release_type": "fast-release",
        "application_method": "soil",
        "brand": "Nature's Best",
        "price": 15.5,
        "eco_friendly": true,
        "pet_safe": true,
        "region": "temperate"
      },
      {
        "name": "Citrus Tree Fertilizer",
        "type": "synthetic",
        "form": "granular",
        "nutrient_ratio": "6-4-6",
        "release_type": "fast-release",
        "application_method": "soil",
        "brand": "CitrusBoost",
        "price": 14.5,
        "eco_friendly": false,
        "pet_safe": false,
        "region": "subtropical"
      },
      {
        "name": "Grass Lawn Fertilizer",
        "type": "organic",
        "form": "granular",
        "nutrient_ratio": "10-2-4",
        "release_type": "slow-release",
        "application_method": "soil",
        "brand": "LawnCare",
        "price": 22.5,
        "eco_friendly": true,
        "pet_safe": true,
        "region": "temperate"
      },
      {
        "name": "Herb Garden Fertilizer",
        "type": "organic",
        "form": "liquid",
        "nutrient_ratio": "3-1-2",
        "release_type": "slow-release",
        "application_method": "drip",
        "brand": "HerbGrow",
        "price": 9.99,
        "eco_friendly": true,
        "pet_safe": true,
        "region": "temperate"
      }
    ],
    "goal": {
      "name": "Natural Flower Fertilizer",
      "type": "organic",
      "form": "powder",
      "nutrient_ratio": "10-10-10",
      "release_type": "fast-release",
      "application_method": "soil",
      "brand": "Nature's Best",
      "price": 15.5,
      "eco_friendly": true,
      "pet_safe": true,
      "region": "temperate"
    },
    "status": "complete"
  }
]