[
  {
    "domain": "organic seeds",
    "turns": [
      [
        "I'm looking for a vegetable seed, preferably imported. Any suggestions?",
        {
          "name": null,
          "seed_type": "vegetable",
          "source": "imported",
          "growing_condition": null,
          "growing_zone": null,
          "harvest_time": null,
          "certification": null,
          "non_gmo": null,
          "heirloom": null
        },
        "How about the Cucumber? It's imported and a vegetable."
      ],
      [
        "Cucumber sounds good! What's the growing condition like for it?",
        {
          "name": "Cucumber",
          "seed_type": "vegetable",
          "source": "imported",
          "growing_condition": null,
          "growing_zone": null,
          "harvest_time": null,
          "certification": null,
          "non_gmo": null,
          "heirloom": null
        },
        "The Cucumber grows best outdoors."
      ],
      [
        "Great! What about the harvest time for cucumbers?",
        {
          "name": "Cucumber",
          "seed_type": "vegetable",
          "source": "imported",
          "growing_condition": "outdoor",
          "growing_zone": null,
          "harvest_time": null,
          "certification": null,
          "non_gmo": null,
          "heirloom": null
        },
        "Cucumbers have a short harvest time."
      ],
      [
        "Perfect! Are cucumbers certified organic?",
        {
          "name": "Cucumber",
          "seed_type": "vegetable",
          "source": "imported",
          "growing_condition": "outdoor",
          "growing_zone": null,
          "harvest_time": "short",
          "certification": null,
          "non_gmo": null,
          "heirloom": null
        },
        "The imported Cucumber is not certified organic."
      ],
      [
        "That's fine with me! Are they non-GMO?",
        {
          "name": "Cucumber",
          "seed_type": "vegetable",
          "source": "imported",
          "growing_condition": "outdoor",
          "growing_zone": null,
          "harvest_time": "short",
          "certification": "None",
          "non_gmo": null,
          "heirloom": null
        },
        "Yes, the imported Cucumber is non-GMO."
      ],
      [
        "Awesome! Are they heirloom varieties?",
        {
          "name": "Cucumber",
          "seed_type": "vegetable",
          "source": "imported",
          "growing_condition": "outdoor",
          "growing_zone": null,
          "harvest_time": "short",
          "certification": "None",
          "non_gmo": true,
          "heirloom": null
        },
        "No, the imported Cucumber is not an heirloom variety."
      ],
      [
        "Sounds like a solid choice! I'll go with the imported non-GMO cucumber seeds. Thank you!",
        {
          "name": "Cucumber",
          "seed_type": "vegetable",
          "source": "imported",
          "growing_condition": "outdoor",
          "growing_zone": null,
          "harvest_time": "short",
          "certification": "None",
          "non_gmo": true,
          "heirloom": false
        },
        "You're welcome! Happy gardening!"
      ],
      [
        "Thanks! You too!",
        {
          "name": "Cucumber",
          "seed_type": "vegetable",
          "source": "imported",
          "growing_condition": "outdoor",
          "growing_zone": null,
          "harvest_time": "short",
          "certification": "None",
          "non_gmo": true,
          "heirloom": false
        },
        "Thank you! Take care!"
      ],
      [
        "You too! Bye!",
        {
          "name": "Cucumber",
          "seed_type": "vegetable",
          "source": "imported",
          "growing_condition": "outdoor",
          "growing_zone": null,
          "harvest_time": "short",
          "certification": "None",
          "non_gmo": true,
          "heirloom": false
        },
        "Bye! Happy gardening!"
      ]
    ],
    "preferences_code": "```python\npreferences = OrganicSeedCriteria(\n    name='Cucumber',\n    seed_type='vegetable',\n    source='imported',\n    growing_condition='outdoor',\n    growing_zone=5,\n    harvest_time='short',\n    certification='None',\n    non_gmo=True,\n    heirloom=False,\n)\n```",
    "red_herrings_code": "```python\n# Global variable to store examples of organic seeds similar to the target organic seed\nsimilar_organic_seeds = [\n    OrganicSeed(\n        name='Yellow Squash',\n        seed_type='vegetable',\n        source='local',\n        growing_condition='outdoor',\n        growing_zone=5,\n        harvest_time='short',\n        certification='USDA Organic',\n        non_gmo=True,\n        heirloom=False,\n    ),\n    OrganicSeed(\n        name='Cucumber',\n        seed_type='vegetable',\n        source='imported',\n        growing_condition='outdoor',\n        growing_zone=5,\n        harvest_time='short',\n        certification='None',\n        non_gmo=True,\n        heirloom=False,\n    ),\n    OrganicSeed(\n        name='Bell Pepper',\n        seed_type='vegetable',\n        source='local',\n        growing_condition='outdoor',\n        growing_zone=6,\n        harvest_time='medium',\n        certification='USDA Organic',\n        non_gmo=True,\n        heirloom=True,\n    ),\n]\n```",
    "database_code": "```python\n# Global variable containing examples of organic seeds\norganic_seeds_examples = [\n    OrganicSeed(\n        name=\"Roma Tomato\",\n        seed_type=\"vegetable\",\n        source=\"local\",\n        growing_condition=\"outdoor\",\n        growing_zone=5,\n        harvest_time=\"medium\",\n        certification=\"USDA Organic\",\n        non_gmo=True,\n        heirloom=False\n    ),\n    OrganicSeed(\n        name=\"Basil\",\n        seed_type=\"herb\",\n        source=\"imported\",\n        growing_condition=\"indoor\",\n        growing_zone=7,\n        harvest_time=\"short\",\n        certification=\"EU Organic\",\n        non_gmo=True,\n        heirloom=True\n    ),\n    OrganicSeed(\n        name=\"Sunflower\",\n        seed_type=\"flower\",\n        source=\"local\",\n        growing_condition=\"outdoor\",\n        growing_zone=3,\n        harvest_time=\"long\",\n        certification=\"None\",\n        non_gmo=False,\n        heirloom=False\n    ),\n    OrganicSeed(\n        name=\"Cucumber\",\n        seed_type=\"vegetable\",\n        source=\"imported\",\n        growing_condition=\"outdoor\",\n        growing_zone=4,\n        harvest_time=\"short\",\n        certification=\"USDA Organic\",\n        non_gmo=True,\n        heirloom=True\n    ),\n    OrganicSeed(\n        name=\"Lavender\",\n        seed_type=\"herb\",\n        source=\"local\",\n        growing_condition=\"outdoor\",\n        growing_zone=6,\n        harvest_time=\"medium\",\n        certification=\"None\",\n        non_gmo=True,\n        heirloom=False\n    ),\n    OrganicSeed(\n        name=\"Strawberry\",\n        seed_type=\"fruit\",\n        source=\"imported\",\n        growing_condition=\"outdoor\",\n        growing_zone=5,\n        harvest_time=\"medium\",\n        certification=\"EU Organic\",\n        non_gmo=True,\n        heirloom=True\n    ),\n    OrganicSeed(\n        name=\"Green Bell Pepper\",\n        seed_type=\"vegetable\",\n        source=\"local\",\n        growing_condition=\"outdoor\",\n        growing_zone=6,\n        harvest_time=\"medium\",\n        certification=\"USDA Organic\",\n        non_gmo=False,\n        heirloom=False\n    ),\n    OrganicSeed(\n        name=\"Thyme\",\n        seed_type=\"herb\",\n        source=\"imported\",\n        growing_condition=\"indoor\",\n        growing_zone=7,\n        harvest_time=\"short\",\n        certification=\"None\",\n        non_gmo=True,\n        heirloom=True\n    ),\n    OrganicSeed(\n        name=\"Zucchini\",\n        seed_type=\"vegetable\",\n        source=\"local\",\n        growing_condition=\"outdoor\",\n        growing_zone=5,\n        harvest_time=\"short\",\n        certification=\"USDA Organic\",\n        non_gmo=True,\n        heirloom=False\n    ),\n    OrganicSeed(\n        name=\"Peach\",\n        seed_type=\"fruit\",\n        source=\"imported\",\n        growing_condition=\"outdoor\",\n        growing_zone=4,\n        harvest_time=\"long\",\n        certification=\"EU Organic\",\n        non_gmo=True,\n        heirloom=True\n    )\n]\n```",
    "database": [
      {
        "name": "Thyme",
        "seed_type": "herb",
        "source": "imported",
        "growing_condition": "indoor",
        "growing_zone": 7,
        "harvest_time": "short",
        "certification": "None",
        "non_gmo": true,
        "heirloom": true
      },
      {
        "name": "Cucumber",
        "seed_type": "vegetable",
        "source": "imported",
        "growing_condition": "outdoor",
        "growing_zone": 4,
        "harvest_time": "short",
        "certification": "USDA Organic",
        "non_gmo": true,
        "heirloom": true
      },
      {
        "name": "Basil",
        "seed_type": "herb",
        "source": "imported",
        "growing_condition": "indoor",
        "growing_zone": 7,
        "harvest_time": "short",
        "certification": "EU Organic",
        "non_gmo": true,
        "heirloom": true
      },
      {
        "name": "Bell Pepper",
        "seed_type": "vegetable",
        "source": "local",
        "growing_condition": "outdoor",
        "growing_zone": 6,
        "harvest_time": "medium",
        "certification": "USDA Organic",
        "non_gmo": true,
        "heirloom": true
      },
      {
        "name": "Green Bell Pepper",
        "seed_type": "vegetable",
        "source": "local",
        "growing_condition": "outdoor",
        "growing_zone": 6,
        "harvest_time": "medium",
        "certification": "USDA Organic",
        "non_gmo": false,
        "heirloom": false
      },
      {
        "name": "Cucumber",
        "seed_type": "vegetable",
        "source": "imported",
        "growing_condition": "outdoor",
        "growing_zone": 5,
        "harvest_time": "short",
        "certification": "None",
        "non_gmo": true,
        "heirloom": false
      },
      {
        "name": "Lavender",
        "seed_type": "herb",
        "source": "local",
        "growing_condition": "outdoor",
        "growing_zone": 6,
        "harvest_time": "medium",
        "certification": "None",
        "non_gmo": true,
        "heirloom": false
      },
      {
        "name": "Peach",
        "seed_type": "fruit",
        "source": "imported",
        "growing_condition": "outdoor",
        "growing_zone": 4,
        "harvest_time": "long",
        "certification": "EU Organic",
        "non_gmo": true,
        "heirloom": true
      },
      {
        "name": "Strawberry",
        "seed_type": "fruit",
        "source": "imported",
        "growing_condition": "outdoor",
        "growing_zone": 5,
        "harvest_time": "medium",
        "certification": "EU Organic",
        "non_gmo": true,
        "heirloom": true
      },
      {
        "name": "Yellow Squash",
        "seed_type": "vegetable",
        "source": "local",
        "growing_condition": "outdoor",
        "growing_zone": 5,
        "harvest_time": "short",
        "certification": "USDA Organic",
        "non_gmo": true,
        "heirloom": false
      },
      {
        "name": "Roma Tomato",
        "seed_type": "vegetable",
        "source": "local",
        "growing_condition": "outdoor",
        "growing_zone": 5,
        "harvest_time": "medium",
        "certification": "USDA Organic",
        "non_gmo": true,
        "heirloom": false
      },
      {
        "name": "Sunflower",
        "seed_type": "flower",
        "source": "local",
        "growing_condition": "outdoor",
        "growing_zone": 3,
        "harvest_time": "long",
        "certification": "None",
        "non_gmo": false,
        "heirloom": false
      },
      {
        "name": "Zucchini",
        "seed_type": "vegetable",
        "source": "local",
        "growing_condition": "outdoor",
        "growing_zone": 5,
        "harvest_time": "short",
        "certification": "USDA Organic",
        "non_gmo": true,
        "heirloom": false
      }
    ],
    "goal": {
      "name": "Cucumber",
      "seed_type": "vegetable",
      "source": "imported",
      "growing_condition": "outdoor",
      "growing_zone": 5,
      "harvest_time": "short",
      "certification": "None",
      "non_gmo": true,
      "heirloom": false
    },
    "status": "failed"
  },
  {
    "domain": "soil types",
    "turns": [],
    "preferences_code": null,
    "red_herrings_code": null,
    "database_code": null,
    "database": null,
    "goal": null,
    "status": "incomplete"
  },
  {
    "domain": "fertilizers",
    "turns": [],
    "preferences_code": null,
    "red_herrings_code": null,
    "database_code": null,
    "database": null,
    "goal": null,
    "status": "incomplete"
  }
]