[
  {
    "domain": "organic seeds",
    "turns": [
      [
        "I'm looking for imported fruit seeds for indoor growing.",
        {
          "name": null,
          "seed_type": "fruit",
          "source": "imported",
          "growing_condition": "indoor",
          "growing_zone": null,
          "harvest_time": null,
          "certification": null,
          "non_gmo": null,
          "heirloom": null
        },
        "I have an Apricot seed that fits, but it's for indoor growing. Would you like to know more?"
      ],
      [
        "Sure, what's the harvest time for the Apricot seed?",
        {
          "name": "Apricot",
          "seed_type": "fruit",
          "source": "imported",
          "growing_condition": "indoor",
          "growing_zone": null,
          "harvest_time": null,
          "certification": null,
          "non_gmo": null,
          "heirloom": null
        },
        "The harvest time for the Apricot seed is long."
      ],
      [
        "That sounds good! Is it EU Organic certified?",
        {
          "name": "Apricot",
          "seed_type": "fruit",
          "source": "imported",
          "growing_condition": "indoor",
          "growing_zone": null,
          "harvest_time": "long",
          "certification": "EU Organic",
          "non_gmo": null,
          "heirloom": null
        },
        "Yes, the Apricot seed is EU Organic certified! Would you like to go with that?"
      ],
      [
        "Yes, let's go with the Apricot seed!",
        {
          "name": "Apricot",
          "seed_type": "fruit",
          "source": "imported",
          "growing_condition": "indoor",
          "growing_zone": null,
          "harvest_time": "long",
          "certification": "EU Organic",
          "non_gmo": null,
          "heirloom": null
        },
        "Great choice! The Apricot seed is all set for you!"
      ]
    ],
    "preferences_code": "```python\npreferences = OrganicSeedCriteria(\n    name='Apricot',\n    seed_type='fruit',\n    source='imported',\n    growing_condition='indoor',\n    growing_zone=5,\n    harvest_time='long',\n    certification='EU Organic',\n    non_gmo=False,\n    heirloom=True,\n)\n```",
    "red_herrings_code": "```python\n# A global variable containing a list of organic seed examples similar to the target organic seed.\nsimilar_organic_seeds = [\n    OrganicSeed(\n        name='Nectarine',\n        seed_type='fruit',\n        source='imported',\n        growing_condition='outdoor',\n        growing_zone=4,\n        harvest_time='long',\n        certification='EU Organic',\n        non_gmo=True,\n        heirloom=False,\n    ),\n    OrganicSeed(\n        name='Cherry',\n        seed_type='fruit',\n        source='local',\n        growing_condition='outdoor',\n        growing_zone=4,\n        harvest_time='medium',\n        certification='None',\n        non_gmo=True,\n        heirloom=True,\n    ),\n    OrganicSeed(\n        name='Apricot',\n        seed_type='fruit',\n        source='imported',\n        growing_condition='indoor',\n        growing_zone=5,\n        harvest_time='long',\n        certification='EU Organic',\n        non_gmo=False,\n        heirloom=True,\n    ),\n]\n```",
    "database_code": "```python\n# Global variable containing examples of organic seeds\norganic_seeds_examples = [\n    OrganicSeed(\n        name=\"Roma Tomato\",\n        seed_type=\"vegetable\",\n        source=\"local\",\n        growing_condition=\"outdoor\",\n        growing_zone=5,\n        harvest_time=\"medium\",\n        certification=\"USDA Organic\",\n        non_gmo=True,\n        heirloom=False\n    ),\n    OrganicSeed(\n        name=\"Basil\",\n        seed_type=\"herb\",\n        source=\"imported\",\n        growing_condition=\"indoor\",\n        growing_zone=7,\n        harvest_time=\"short\",\n        certification=\"EU Organic\",\n        non_gmo=True,\n        heirloom=True\n    ),\n    OrganicSeed(\n        name=\"Sunflower\",\n        seed_type=\"flower\",\n        source=\"local\",\n        growing_condition=\"outdoor\",\n        growing_zone=3,\n        harvest_time=\"long\",\n        certification=\"None\",\n        non_gmo=False,\n        heirloom=False\n    ),\n    OrganicSeed(\n        name=\"Cucumber\",\n        seed_type=\"vegetable\",\n        source=\"imported\",\n        growing_condition=\"outdoor\",\n        growing_zone=4,\n        harvest_time=\"short\",\n        certification=\"USDA Organic\",\n        non_gmo=True,\n        heirloom=True\n    ),\n    OrganicSeed(\n        name=\"Lavender\",\n        seed_type=\"herb\",\n        source=\"local\",\n        growing_condition=\"outdoor\",\n        growing_zone=6,\n        harvest_time=\"medium\",\n        certification=\"None\",\n        non_gmo=True,\n        heirloom=False\n    ),\n    OrganicSeed(\n        name=\"Strawberry\",\n        seed_type=\"fruit\",\n        source=\"imported\",\n        growing_condition=\"outdoor\",\n        growing_zone=5,\n        harvest_time=\"medium\",\n        certification=\"EU Organic\",\n        non_gmo=True,\n        heirloom=True\n    ),\n    OrganicSeed(\n        name=\"Green Bell Pepper\",\n        seed_type=\"vegetable\",\n        source=\"local\",\n        growing_condition=\"outdoor\",\n        growing_zone=6,\n        harvest_time=\"medium\",\n        certification=\"USDA Organic\",\n        non_gmo=False,\n        heirloom=False\n    ),\n    OrganicSeed(\n        name=\"Thyme\",\n        seed_type=\"herb\",\n        source=\"imported\",\n        growing_condition=\"indoor\",\n        growing_zone=7,\n        harvest_time=\"short\",\n        certification=\"None\",\n        non_gmo=True,\n        heirloom=True\n    ),\n    OrganicSeed(\n        name=\"Zucchini\",\n        seed_type=\"vegetable\",\n        source=\"local\",\n        growing_condition=\"outdoor\",\n        growing_zone=5,\n        harvest_time=\"short\",\n        certification=\"USDA Organic\",\n        non_gmo=True,\n        heirloom=False\n    ),\n    OrganicSeed(\n        name=\"Peach\",\n        seed_type=\"fruit\",\n        source=\"imported\",\n        growing_condition=\"outdoor\",\n        growing_zone=4,\n        harvest_time=\"long\",\n        certification=\"EU Organic\",\n        non_gmo=True,\n        heirloom=True\n    )\n]\n```",
    "database": [
      {
        "name": "Basil",
        "seed_type": "herb",
        "source": "imported",
        "growing_condition": "indoor",
        "growing_zone": 7,
        "harvest_time": "short",
        "certification": "EU Organic",
        "non_gmo": true,
        "heirloom": true
      },
      {
        "name": "Green Bell Pepper",
        "seed_type": "vegetable",
        "source": "local",
        "growing_condition": "outdoor",
        "growing_zone": 6,
        "harvest_time": "medium",
        "certification": "USDA Organic",
        "non_gmo": false,
        "heirloom": false
      },
      {
        "name": "Lavender",
        "seed_type": "herb",
        "source": "local",
        "growing_condition": "outdoor",
        "growing_zone": 6,
        "harvest_time": "medium",
        "certification": "None",
        "non_gmo": true,
        "heirloom": false
      },
      {
        "name": "Peach",
        "seed_type": "fruit",
        "source": "imported",
        "growing_condition": "outdoor",
        "growing_zone": 4,
        "harvest_time": "long",
        "certification": "EU Organic",
        "non_gmo": true,
        "heirloom": true
      },
      {
        "name": "Apricot",
        "seed_type": "fruit",
        "source": "imported",
        "growing_condition": "indoor",
        "growing_zone": 5,
        "harvest_time": "long",
        "certification": "EU Organic",
        "non_gmo": false,
        "heirloom": true
      },
      {
        "name": "Nectarine",
        "seed_type": "fruit",
        "source": "imported",
        "growing_condition": "outdoor",
        "growing_zone": 4,
        "harvest_time": "long",
        "certification": "EU Organic",
        "non_gmo": true,
        "heirloom": false
      },
      {
        "name": "Roma Tomato",
        "seed_type": "vegetable",
        "source": "local",
        "growing_condition": "outdoor",
        "growing_zone": 5,
        "harvest_time": "medium",
        "certification": "USDA Organic",
        "non_gmo": true,
        "heirloom": false
      },
      {
        "name": "Thyme",
        "seed_type": "herb",
        "source": "imported",
        "growing_condition": "indoor",
        "growing_zone": 7,
        "harvest_time": "short",
        "certification": "None",
        "non_gmo": true,
        "heirloom": true
      },
      {
        "name": "Cherry",
        "seed_type": "fruit",
        "source": "local",
        "growing_condition": "outdoor",
        "growing_zone": 4,
        "harvest_time": "medium",
        "certification": "None",
        "non_gmo": true,
        "heirloom": true
      },
      {
        "name": "Zucchini",
        "seed_type": "vegetable",
        "source": "local",
        "growing_condition": "outdoor",
        "growing_zone": 5,
        "harvest_time": "short",
        "certification": "USDA Organic",
        "non_gmo": true,
        "heirloom": false
      },
      {
        "name": "Sunflower",
        "seed_type": "flower",
        "source": "local",
        "growing_condition": "outdoor",
        "growing_zone": 3,
        "harvest_time": "long",
        "certification": "None",
        "non_gmo": false,
        "heirloom": false
      },
      {
        "name": "Cucumber",
        "seed_type": "vegetable",
        "source": "imported",
        "growing_condition": "outdoor",
        "growing_zone": 4,
        "harvest_time": "short",
        "certification": "USDA Organic",
        "non_gmo": true,
        "heirloom": true
      },
      {
        "name": "Strawberry",
        "seed_type": "fruit",
        "source": "imported",
        "growing_condition": "outdoor",
        "growing_zone": 5,
        "harvest_time": "medium",
        "certification": "EU Organic",
        "non_gmo": true,
        "heirloom": true
      }
    ],
    "goal": {
      "name": "Apricot",
      "seed_type": "fruit",
      "source": "imported",
      "growing_condition": "indoor",
      "growing_zone": 5,
      "harvest_time": "long",
      "certification": "EU Organic",
      "non_gmo": false,
      "heirloom": true
    },
    "status": "complete"
  },
  {
    "domain": "soil types",
    "turns": [
      [
        "Thanks! Now, what soil type would you recommend for a pH level of 6.5?",
        {
          "name": null,
          "pH_level": 6.5,
          "texture": null,
          "drainage": null,
          "organic_content": null,
          "color": null,
          "salinity": null,
          "aeration": null,
          "mineral_content": null
        },
        "For a pH level of 6.5, I recommend Sandy Loam. Would you like to know more about it?"
      ],
      [
        "Yes, what about its drainage capabilities?",
        {
          "name": "Sandy Loam",
          "pH_level": 6.5,
          "texture": "loamy",
          "drainage": "well-drained",
          "organic_content": null,
          "color": null,
          "salinity": null,
          "aeration": null,
          "mineral_content": null
        },
        "Sandy Loam has well-drained drainage capabilities. Does that work for you?"
      ],
      [
        "Actually, I'm looking for moderate-drainage soil. Any other options?",
        {
          "name": null,
          "pH_level": 6.5,
          "texture": null,
          "drainage": "moderate-drainage",
          "organic_content": null,
          "color": null,
          "salinity": null,
          "aeration": null,
          "mineral_content": null
        },
        "You might like Sandy Clay Loam; it has moderate-drainage. Would you like to hear more about it?"
      ],
      [
        "Yes, what about its organic content?",
        {
          "name": "Sandy Clay Loam",
          "pH_level": 6.5,
          "texture": "loamy",
          "drainage": "moderate-drainage",
          "organic_content": null,
          "color": null,
          "salinity": null,
          "aeration": null,
          "mineral_content": null
        },
        "Sandy Clay Loam has high organic content. Does that meet your needs?"
      ],
      [
        "Yes, that sounds perfect! What color is Sandy Clay Loam?",
        {
          "name": "Sandy Clay Loam",
          "pH_level": 6.5,
          "texture": "loamy",
          "drainage": "moderate-drainage",
          "organic_content": "high",
          "color": null,
          "salinity": null,
          "aeration": null,
          "mineral_content": null
        },
        "Sandy Clay Loam is brown in color. Ready to go with that?"
      ]
    ],
    "preferences_code": "```python\npreferences = SoilTypeCriteria(\n    name='Sandy Clay Loam',\n    pH_level=6.5,\n    texture='loamy',\n    drainage='moderate-drainage',\n    organic_content='High',\n    color='Brown',\n    salinity='medium',\n    aeration='good',\n    mineral_content='Silica, Calcium',\n)\n```",
    "red_herrings_code": "```python\n# Global variable to hold examples of similar soil types\nsimilar_soil_types = [\n    SoilType(\n        name='Sandy Loam',\n        pH_level=6.3,\n        texture='loamy',\n        drainage='well-drained',\n        organic_content='Moderate',\n        color='Light brown',\n        salinity='low',\n        aeration='good',\n        mineral_content='Silica, Iron',\n    ),\n    SoilType(\n        name='Sandy Clay Loam',\n        pH_level=6.5,\n        texture='loamy',\n        drainage='moderate-drainage',\n        organic_content='High',\n        color='Brown',\n        salinity='medium',\n        aeration='good',\n        mineral_content='Silica, Calcium',\n    ),\n    SoilType(\n        name='Clay Loam',\n        pH_level=6.8,\n        texture='clay',\n        drainage='poorly-drained',\n        organic_content='Low',\n        color='Dark brown',\n        salinity='low',\n        aeration='poor',\n        mineral_content='Clay, Iron',\n    )\n]\n```",
    "database_code": "```python\n# Global variable to store a list of soil type examples\nsoil_types_examples = [\n    SoilType(name=\"Sandy Loam\", pH_level=6.5, texture='loamy', drainage='well-drained',\n             organic_content=\"Moderate\", color=\"Light brown\", salinity='low', aeration='good',\n             mineral_content=\"Silica, Iron\"),\n    SoilType(name=\"Clay Soil\", pH_level=7.0, texture='clay', drainage='poorly-drained',\n             organic_content=\"Low\", color=\"Dark brown\", salinity='medium', aeration='poor',\n             mineral_content=\"Alumina, Iron\"),\n    SoilType(name=\"Silty Soil\", pH_level=6.8, texture='silty', drainage='moderate-drainage',\n             organic_content=\"High\", color=\"Gray\", salinity='low', aeration='good',\n             mineral_content=\"Silica, Calcium\"),\n    SoilType(name=\"Peaty Soil\", pH_level=5.5, texture='loamy', drainage='poorly-drained',\n             organic_content=\"Very high\", color=\"Black\", salinity='low', aeration='poor',\n             mineral_content=\"Organic matter\"),\n    SoilType(name=\"Chalky Soil\", pH_level=7.5, texture='sandy', drainage='well-drained',\n             organic_content=\"Low\", color=\"Light gray\", salinity='medium', aeration='good',\n             mineral_content=\"Calcium carbonate\"),\n    SoilType(name=\"Loamy Soil\", pH_level=6.0, texture='loamy', drainage='well-drained',\n             organic_content=\"High\", color=\"Dark brown\", salinity='low', aeration='good',\n             mineral_content=\"Balanced\"),\n    SoilType(name=\"Saline Soil\", pH_level=8.0, texture='sandy', drainage='poorly-drained',\n             organic_content=\"Low\", color=\"White\", salinity='high', aeration='poor',\n             mineral_content=\"Sodium, Chloride\"),\n    SoilType(name=\"Alluvial Soil\", pH_level=6.2, texture='loamy', drainage='moderate-drainage',\n             organic_content=\"Moderate\", color=\"Brown\", salinity='low', aeration='good',\n             mineral_content=\"Silica, Clay\"),\n    SoilType(name=\"Volcanic Soil\", pH_level=6.0, texture='sandy', drainage='well-drained',\n             organic_content=\"High\", color=\"Dark gray\", salinity='low', aeration='good',\n             mineral_content=\"Mineral-rich\"),\n    SoilType(name=\"Red Soil\", pH_level=6.8, texture='clay', drainage='moderate-drainage',\n             organic_content=\"Moderate\", color=\"Red\", salinity='medium', aeration='good',\n             mineral_content=\"Iron oxide\"),\n]\n```",
    "database": [
      {
        "name": "Clay Loam",
        "pH_level": 6.8,
        "texture": "clay",
        "drainage": "poorly-drained",
        "organic_content": "Low",
        "color": "Dark brown",
        "salinity": "low",
        "aeration": "poor",
        "mineral_content": "Clay, Iron"
      },
      {
        "name": "Silty Soil",
        "pH_level": 6.8,
        "texture": "silty",
        "drainage": "moderate-drainage",
        "organic_content": "High",
        "color": "Gray",
        "salinity": "low",
        "aeration": "good",
        "mineral_content": "Silica, Calcium"
      },
      {
        "name": "Loamy Soil",
        "pH_level": 6.0,
        "texture": "loamy",
        "drainage": "well-drained",
        "organic_content": "High",
        "color": "Dark brown",
        "salinity": "low",
        "aeration": "good",
        "mineral_content": "Balanced"
      },
      {
        "name": "Saline Soil",
        "pH_level": 8.0,
        "texture": "sandy",
        "drainage": "poorly-drained",
        "organic_content": "Low",
        "color": "White",
        "salinity": "high",
        "aeration": "poor",
        "mineral_content": "Sodium, Chloride"
      },
      {
        "name": "Sandy Loam",
        "pH_level": 6.3,
        "texture": "loamy",
        "drainage": "well-drained",
        "organic_content": "Moderate",
        "color": "Light brown",
        "salinity": "low",
        "aeration": "good",
        "mineral_content": "Silica, Iron"
      },
      {
        "name": "Sandy Loam",
        "pH_level": 6.5,
        "texture": "loamy",
        "drainage": "well-drained",
        "organic_content": "Moderate",
        "color": "Light brown",
        "salinity": "low",
        "aeration": "good",
        "mineral_content": "Silica, Iron"
      },
      {
        "name": "Sandy Clay Loam",
        "pH_level": 6.5,
        "texture": "loamy",
        "drainage": "moderate-drainage",
        "organic_content": "High",
        "color": "Brown",
        "salinity": "medium",
        "aeration": "good",
        "mineral_content": "Silica, Calcium"
      },
      {
        "name": "Chalky Soil",
        "pH_level": 7.5,
        "texture": "sandy",
        "drainage": "well-drained",
        "organic_content": "Low",
        "color": "Light gray",
        "salinity": "medium",
        "aeration": "good",
        "mineral_content": "Calcium carbonate"
      },
      {
        "name": "Peaty Soil",
        "pH_level": 5.5,
        "texture": "loamy",
        "drainage": "poorly-drained",
        "organic_content": "Very high",
        "color": "Black",
        "salinity": "low",
        "aeration": "poor",
        "mineral_content": "Organic matter"
      },
      {
        "name": "Red Soil",
        "pH_level": 6.8,
        "texture": "clay",
        "drainage": "moderate-drainage",
        "organic_content": "Moderate",
        "color": "Red",
        "salinity": "medium",
        "aeration": "good",
        "mineral_content": "Iron oxide"
      },
      {
        "name": "Clay Soil",
        "pH_level": 7.0,
        "texture": "clay",
        "drainage": "poorly-drained",
        "organic_content": "Low",
        "color": "Dark brown",
        "salinity": "medium",
        "aeration": "poor",
        "mineral_content": "Alumina, Iron"
      },
      {
        "name": "Volcanic Soil",
        "pH_level": 6.0,
        "texture": "sandy",
        "drainage": "well-drained",
        "organic_content": "High",
        "color": "Dark gray",
        "salinity": "low",
        "aeration": "good",
        "mineral_content": "Mineral-rich"
      },
      {
        "name": "Alluvial Soil",
        "pH_level": 6.2,
        "texture": "loamy",
        "drainage": "moderate-drainage",
        "organic_content": "Moderate",
        "color": "Brown",
        "salinity": "low",
        "aeration": "good",
        "mineral_content": "Silica, Clay"
      }
    ],
    "goal": {
      "name": "Sandy Clay Loam",
      "pH_level": 6.5,
      "texture": "loamy",
      "drainage": "moderate-drainage",
      "organic_content": "High",
      "color": "Brown",
      "salinity": "medium",
      "aeration": "good",
      "mineral_content": "Silica, Calcium"
    },
    "status": "complete"
  },
  {
    "domain": "fertilizers",
    "turns": [
      [
        "Yes, that works! Now, can you help me find a suitable fertilizer?",
        {
          "name": null,
          "type": "organic",
          "form": null,
          "nutrient_ratio": null,
          "release_type": null,
          "application_method": null,
          "brand": null,
          "budget": null,
          "eco_friendly": null,
          "pet_safe": null,
          "region": null
        },
        "Sure! What specific characteristics are you looking for in a fertilizer?"
      ],
      [
        "I'm looking for an inorganic powder fertilizer with a fast-release type.",
        {
          "name": null,
          "type": "inorganic",
          "form": "powder",
          "nutrient_ratio": null,
          "release_type": "fast-release",
          "application_method": null,
          "brand": null,
          "budget": null,
          "eco_friendly": null,
          "pet_safe": null,
          "region": null
        },
        "I have a couple of options! Would you like to hear about \"Bamboo Fertilizer Plus\" or \"Flower Boost Fertilizer\"?"
      ],
      [
        "Let's hear about \"Bamboo Fertilizer Plus.\"",
        {
          "name": "Bamboo Fertilizer Plus",
          "type": "inorganic",
          "form": "powder",
          "nutrient_ratio": null,
          "release_type": "fast-release",
          "application_method": null,
          "brand": null,
          "budget": null,
          "eco_friendly": null,
          "pet_safe": null,
          "region": null
        },
        "\"Bamboo Fertilizer Plus\" is an inorganic powder with a nutrient ratio of 10-10-10 and costs $15.00. Interested?"
      ],
      [
        "Yes, that sounds great! Is it pet safe?",
        {
          "name": "Bamboo Fertilizer Plus",
          "type": "inorganic",
          "form": "powder",
          "nutrient_ratio": "10-10-10",
          "release_type": "fast-release",
          "application_method": null,
          "brand": null,
          "budget": 15.0,
          "eco_friendly": null,
          "pet_safe": true,
          "region": null
        },
        "Yes, \"Bamboo Fertilizer Plus\" is pet safe! Ready to go with that?"
      ]
    ],
    "preferences_code": "```python\npreferences = FertilizerCriteria(\n    name='Bamboo Fertilizer Plus',\n    type='inorganic',\n    form='powder',\n    nutrient_ratio='10-10-10',\n    release_type='fast-release',\n    application_method='drip',\n    brand='Bamboo Boost',\n    budget=15.0,\n    eco_friendly=False,\n    pet_safe=True,\n    region='tropical',\n)\n```",
    "red_herrings_code": "```python\nfertilizer_examples = [\n    FertilizerKnowledge(\n        name='Bamboo Fertilizer Plus',\n        type='inorganic',\n        form='powder',\n        nutrient_ratio='10-10-10',\n        release_type='fast-release',\n        application_method='drip',\n        brand='Bamboo Boost',\n        price=15.0,\n        eco_friendly=False,\n        pet_safe=True,\n        region='tropical',\n    ),\n    FertilizerKnowledge(\n        name='Bamboo Fertilizer',\n        type='organic',\n        form='granular',\n        nutrient_ratio='12-12-12',\n        release_type='slow-release',\n        application_method='soil',\n        brand='Bamboo Boost',\n        price=20.0,\n        eco_friendly=True,\n        pet_safe=True,\n        region='tropical',\n    ),\n    FertilizerKnowledge(\n        name='Green Bamboo Fertilizer',\n        type='inorganic',\n        form='liquid',\n        nutrient_ratio='12-12-12',\n        release_type='fast-release',\n        application_method='foliar',\n        brand='Bamboo Boost',\n        price=18.0,\n        eco_friendly=False,\n        pet_safe=False,\n        region='tropical',\n    ),\n]\n```",
    "database_code": "```python\nfertilizer_examples = [\n    FertilizerKnowledge(\n        name=\"Organic All-Purpose Fertilizer\",\n        type=\"organic\",\n        form=\"granular\",\n        nutrient_ratio=\"10-10-10\",\n        release_type=\"slow-release\",\n        application_method=\"soil\",\n        brand=\"GardenPro\",\n        price=15.99,\n        eco_friendly=True,\n        pet_safe=True,\n        region=\"temperate\"\n    ),\n    FertilizerKnowledge(\n        name=\"Liquid Plant Food\",\n        type=\"organic\",\n        form=\"liquid\",\n        nutrient_ratio=\"5-10-5\",\n        release_type=\"fast-release\",\n        application_method=\"foliar\",\n        brand=\"Nature's Best\",\n        price=12.49,\n        eco_friendly=True,\n        pet_safe=False,\n        region=\"tropical\"\n    ),\n    FertilizerKnowledge(\n        name=\"Synthetic Lawn Fertilizer\",\n        type=\"synthetic\",\n        form=\"granular\",\n        nutrient_ratio=\"30-0-4\",\n        release_type=\"fast-release\",\n        application_method=\"soil\",\n        brand=\"Green Turf\",\n        price=25.00,\n        eco_friendly=False,\n        pet_safe=False,\n        region=\"temperate\"\n    ),\n    FertilizerKnowledge(\n        name=\"Vegetable Garden Fertilizer\",\n        type=\"organic\",\n        form=\"granular\",\n        nutrient_ratio=\"5-5-5\",\n        release_type=\"slow-release\",\n        application_method=\"soil\",\n        brand=\"EcoGrow\",\n        price=18.75,\n        eco_friendly=True,\n        pet_safe=True,\n        region=\"temperate\"\n    ),\n    FertilizerKnowledge(\n        name=\"Flower Boost Fertilizer\",\n        type=\"inorganic\",\n        form=\"powder\",\n        nutrient_ratio=\"15-30-15\",\n        release_type=\"fast-release\",\n        application_method=\"drip\",\n        brand=\"BloomMax\",\n        price=20.00,\n        eco_friendly=False,\n        pet_safe=True,\n        region=\"temperate\"\n    ),\n    FertilizerKnowledge(\n        name=\"Citrus Fertilizer\",\n        type=\"organic\",\n        form=\"granular\",\n        nutrient_ratio=\"8-3-9\",\n        release_type=\"slow-release\",\n        application_method=\"soil\",\n        brand=\"Citrus Care\",\n        price=22.50,\n        eco_friendly=True,\n        pet_safe=True,\n        region=\"subtropical\"\n    ),\n    FertilizerKnowledge(\n        name=\"All-Natural Fish Emulsion\",\n        type=\"organic\",\n        form=\"liquid\",\n        nutrient_ratio=\"5-1-1\",\n        release_type=\"fast-release\",\n        application_method=\"foliar\",\n        brand=\"Ocean Harvest\",\n        price=14.99,\n        eco_friendly=True,\n        pet_safe=True,\n        region=\"coastal\"\n    ),\n    FertilizerKnowledge(\n        name=\"Potting Mix Fertilizer\",\n        type=\"inorganic\",\n        form=\"granular\",\n        nutrient_ratio=\"10-5-10\",\n        release_type=\"slow-release\",\n        application_method=\"soil\",\n        brand=\"Potting Pro\",\n        price=16.50,\n        eco_friendly=False,\n        pet_safe=False,\n        region=\"temperate\"\n    ),\n    FertilizerKnowledge(\n        name=\"Organic Tomato Food\",\n        type=\"organic\",\n        form=\"granular\",\n        nutrient_ratio=\"4-6-8\",\n        release_type=\"slow-release\",\n        application_method=\"soil\",\n        brand=\"Tomato Grow\",\n        price=19.99,\n        eco_friendly=True,\n        pet_safe=True,\n        region=\"temperate\"\n    ),\n    FertilizerKnowledge(\n        name=\"Bamboo Fertilizer\",\n        type=\"inorganic\",\n        form=\"powder\",\n        nutrient_ratio=\"12-12-12\",\n        release_type=\"fast-release\",\n        application_method=\"drip\",\n        brand=\"Bamboo Boost\",\n        price=17.50,\n        eco_friendly=False,\n        pet_safe=True,\n        region=\"tropical\"\n    )\n]\n```",
    "database": [
      {
        "name": "Synthetic Lawn Fertilizer",
        "type": "synthetic",
        "form": "granular",
        "nutrient_ratio": "30-0-4",
        "release_type": "fast-release",
        "application_method": "soil",
        "brand": "Green Turf",
        "price": 25.0,
        "eco_friendly": false,
        "pet_safe": false,
        "region": "temperate"
      },
      {
        "name": "Bamboo Fertilizer Plus",
        "type": "inorganic",
        "form": "powder",
        "nutrient_ratio": "10-10-10",
        "release_type": "fast-release",
        "application_method": "drip",
        "brand": "Bamboo Boost",
        "price": 15.0,
        "eco_friendly": false,
        "pet_safe": true,
        "region": "tropical"
      },
      {
        "name": "Green Bamboo Fertilizer",
        "type": "inorganic",
        "form": "liquid",
        "nutrient_ratio": "12-12-12",
        "release_type": "fast-release",
        "application_method": "foliar",
        "brand": "Bamboo Boost",
        "price": 18.0,
        "eco_friendly": false,
        "pet_safe": false,
        "region": "tropical"
      },
      {
        "name": "Potting Mix Fertilizer",
        "type": "inorganic",
        "form": "granular",
        "nutrient_ratio": "10-5-10",
        "release_type": "slow-release",
        "application_method": "soil",
        "brand": "Potting Pro",
        "price": 16.5,
        "eco_friendly": false,
        "pet_safe": false,
        "region": "temperate"
      },
      {
        "name": "Flower Boost Fertilizer",
        "type": "inorganic",
        "form": "powder",
        "nutrient_ratio": "15-30-15",
        "release_type": "fast-release",
        "application_method": "drip",
        "brand": "BloomMax",
        "price": 20.0,
        "eco_friendly": false,
        "pet_safe": true,
        "region": "temperate"
      },
      {
        "name": "Vegetable Garden Fertilizer",
        "type": "organic",
        "form": "granular",
        "nutrient_ratio": "5-5-5",
        "release_type": "slow-release",
        "application_method": "soil",
        "brand": "EcoGrow",
        "price": 18.75,
        "eco_friendly": true,
        "pet_safe": true,
        "region": "temperate"
      },
      {
        "name": "Citrus Fertilizer",
        "type": "organic",
        "form": "granular",
        "nutrient_ratio": "8-3-9",
        "release_type": "slow-release",
        "application_method": "soil",
        "brand": "Citrus Care",
        "price": 22.5,
        "eco_friendly": true,
        "pet_safe": true,
        "region": "subtropical"
      },
      {
        "name": "All-Natural Fish Emulsion",
        "type": "organic",
        "form": "liquid",
        "nutrient_ratio": "5-1-1",
        "release_type": "fast-release",
        "application_method": "foliar",
        "brand": "Ocean Harvest",
        "price": 14.99,
        "eco_friendly": true,
        "pet_safe": true,
        "region": "coastal"
      },
      {
        "name": "Bamboo Fertilizer",
        "type": "inorganic",
        "form": "powder",
        "nutrient_ratio": "12-12-12",
        "release_type": "fast-release",
        "application_method": "drip",
        "brand": "Bamboo Boost",
        "price": 17.5,
        "eco_friendly": false,
        "pet_safe": true,
        "region": "tropical"
      },
      {
        "name": "Bamboo Fertilizer",
        "type": "organic",
        "form": "granular",
        "nutrient_ratio": "12-12-12",
        "release_type": "slow-release",
        "application_method": "soil",
        "brand": "Bamboo Boost",
        "price": 20.0,
        "eco_friendly": true,
        "pet_safe": true,
        "region": "tropical"
      },
      {
        "name": "Liquid Plant Food",
        "type": "organic",
        "form": "liquid",
        "nutrient_ratio": "5-10-5",
        "release_type": "fast-release",
        "application_method": "foliar",
        "brand": "Nature's Best",
        "price": 12.49,
        "eco_friendly": true,
        "pet_safe": false,
        "region": "tropical"
      },
      {
        "name": "Organic Tomato Food",
        "type": "organic",
        "form": "granular",
        "nutrient_ratio": "4-6-8",
        "release_type": "slow-release",
        "application_method": "soil",
        "brand": "Tomato Grow",
        "price": 19.99,
        "eco_friendly": true,
        "pet_safe": true,
        "region": "temperate"
      },
      {
        "name": "Organic All-Purpose Fertilizer",
        "type": "organic",
        "form": "granular",
        "nutrient_ratio": "10-10-10",
        "release_type": "slow-release",
        "application_method": "soil",
        "brand": "GardenPro",
        "price": 15.99,
        "eco_friendly": true,
        "pet_safe": true,
        "region": "temperate"
      }
    ],
    "goal": {
      "name": "Bamboo Fertilizer Plus",
      "type": "inorganic",
      "form": "powder",
      "nutrient_ratio": "10-10-10",
      "release_type": "fast-release",
      "application_method": "drip",
      "brand": "Bamboo Boost",
      "price": 15.0,
      "eco_friendly": false,
      "pet_safe": true,
      "region": "tropical"
    },
    "status": "complete"
  }
]