[
  {
    "domain": "design theme",
    "turns": [
      [
        "Hey, I'm looking for a colorful, multi-column design theme. Do you have any suggestions?",
        {
          "name": null,
          "color_scheme": "colorful",
          "layout": "multi-column",
          "style": null,
          "font_preference": null,
          "animation": null,
          "responsiveness": null,
          "accessibility": null,
          "customizable": null
        },
        "Sure! Are you looking for a specific style, like modern or minimalist?"
      ],
      [
        "I'm leaning towards a minimalist style. Any themes that fit that?",
        {
          "name": null,
          "color_scheme": "colorful",
          "layout": "multi-column",
          "style": "minimalist",
          "font_preference": null,
          "animation": null,
          "responsiveness": null,
          "accessibility": null,
          "customizable": null
        },
        "Yes, there's the \"Subtle Minimalist Colorful\" theme; it has a colorful, multi-column layout and a minimalist style. Would you like to know more about it?"
      ],
      [
        "That sounds great! What about the font preference for that theme?",
        {
          "name": null,
          "color_scheme": "colorful",
          "layout": "multi-column",
          "style": "minimalist",
          "font_preference": null,
          "animation": null,
          "responsiveness": null,
          "accessibility": null,
          "customizable": null
        },
        "The \"Subtle Minimalist Colorful\" theme uses a serif font preference. Does that work for you?"
      ],
      [
        "Yes, that works perfectly! How about the animation in that theme?",
        {
          "name": "Subtle Minimalist Colorful",
          "color_scheme": "colorful",
          "layout": "multi-column",
          "style": "minimalist",
          "font_preference": "serif",
          "animation": null,
          "responsiveness": null,
          "accessibility": null,
          "customizable": null
        },
        "It features subtle animation. Does that meet your needs?"
      ],
      [
        "Absolutely! Is the theme responsive and accessible?",
        {
          "name": "Subtle Minimalist Colorful",
          "color_scheme": "colorful",
          "layout": "multi-column",
          "style": "minimalist",
          "font_preference": "serif",
          "animation": "subtle",
          "responsiveness": null,
          "accessibility": null,
          "customizable": null
        },
        "Yes, it's both responsive and includes accessibility features. Ready to go with this theme?"
      ]
    ],
    "preferences_code": "```python\npreferences = DesignThemeCriteria(\n    name='Subtle Minimalist Colorful',\n    color_scheme='colorful',\n    layout='multi-column',\n    style='minimalist',\n    font_preference='serif',\n    animation='subtle',\n    responsiveness=True,\n    accessibility=True,\n    customizable=True,\n)\n```",
    "red_herrings_code": "```python\n# A global list of design theme examples that are similar to the target design theme.\nsimilar_design_themes = [\n    DesignThemeKnowledge(\n        name='Subtle Classic',\n        color_scheme='monochrome',\n        layout='multi-column',\n        style='classic',\n        font_preference='serif',\n        animation='subtle',\n        responsiveness=True,\n        accessibility=True,\n        customizable=True,\n    ),\n    DesignThemeKnowledge(\n        name='Bold Minimalist',\n        color_scheme='monochrome',\n        layout='multi-column',\n        style='minimalist',\n        font_preference='sans-serif',\n        animation='none',\n        responsiveness=True,\n        accessibility=True,\n        customizable=True,\n    ),\n    DesignThemeKnowledge(\n        name='Subtle Minimalist Colorful',\n        color_scheme='colorful',\n        layout='multi-column',\n        style='minimalist',\n        font_preference='serif',\n        animation='subtle',\n        responsiveness=True,\n        accessibility=True,\n        customizable=True,\n    ),\n]\n```",
    "database_code": "```python\n# Global variable to hold a list of design theme examples\ndesign_themes = [\n    DesignThemeKnowledge(\n        name=\"Modern Light\",\n        color_scheme='light',\n        layout='grid',\n        style='modern',\n        font_preference='sans-serif',\n        animation='subtle',\n        responsiveness=True,\n        accessibility=True,\n        customizable=True\n    ),\n    DesignThemeKnowledge(\n        name=\"Classic Dark\",\n        color_scheme='dark',\n        layout='single-column',\n        style='classic',\n        font_preference='serif',\n        animation='none',\n        responsiveness=True,\n        accessibility=False,\n        customizable=False\n    ),\n    DesignThemeKnowledge(\n        name=\"Colorful Play\",\n        color_scheme='colorful',\n        layout='flex',\n        style='bold',\n        font_preference='sans-serif',\n        animation='dynamic',\n        responsiveness=True,\n        accessibility=True,\n        customizable=True\n    ),\n    DesignThemeKnowledge(\n        name=\"Minimalist Monochrome\",\n        color_scheme='monochrome',\n        layout='multi-column',\n        style='minimalist',\n        font_preference='sans-serif',\n        animation='none',\n        responsiveness=True,\n        accessibility=True,\n        customizable=True\n    ),\n    DesignThemeKnowledge(\n        name=\"Dynamic Grid\",\n        color_scheme='light',\n        layout='grid',\n        style='modern',\n        font_preference='monospace',\n        animation='dynamic',\n        responsiveness=True,\n        accessibility=True,\n        customizable=False\n    ),\n    DesignThemeKnowledge(\n        name=\"Elegant Classic\",\n        color_scheme='dark',\n        layout='single-column',\n        style='classic',\n        font_preference='serif',\n        animation='subtle',\n        responsiveness=True,\n        accessibility=True,\n        customizable=True\n    ),\n    DesignThemeKnowledge(\n        name=\"Vibrant Flex\",\n        color_scheme='colorful',\n        layout='flex',\n        style='bold',\n        font_preference='sans-serif',\n        animation='dynamic',\n        responsiveness=False,\n        accessibility=False,\n        customizable=True\n    ),\n    DesignThemeKnowledge(\n        name=\"Subtle Minimalist\",\n        color_scheme='monochrome',\n        layout='multi-column',\n        style='minimalist',\n        font_preference='serif',\n        animation='subtle',\n        responsiveness=True,\n        accessibility=True,\n        customizable=True\n    ),\n    DesignThemeKnowledge(\n        name=\"Responsive Modern\",\n        color_scheme='light',\n        layout='flex',\n        style='modern',\n        font_preference='sans-serif',\n        animation='none',\n        responsiveness=True,\n        accessibility=False,\n        customizable=True\n    ),\n    DesignThemeKnowledge(\n        name=\"Classic Monochrome\",\n        color_scheme='monochrome',\n        layout='single-column',\n        style='classic',\n        font_preference='serif',\n        animation='subtle',\n        responsiveness=False,\n        accessibility=True,\n        customizable=False\n    )\n]\n```",
    "database": [
      {
        "name": "Bold Minimalist",
        "color_scheme": "monochrome",
        "layout": "multi-column",
        "style": "minimalist",
        "font_preference": "sans-serif",
        "animation": "none",
        "responsiveness": true,
        "accessibility": true,
        "customizable": true
      },
      {
        "name": "Dynamic Grid",
        "color_scheme": "light",
        "layout": "grid",
        "style": "modern",
        "font_preference": "monospace",
        "animation": "dynamic",
        "responsiveness": true,
        "accessibility": true,
        "customizable": false
      },
      {
        "name": "Elegant Classic",
        "color_scheme": "dark",
        "layout": "single-column",
        "style": "classic",
        "font_preference": "serif",
        "animation": "subtle",
        "responsiveness": true,
        "accessibility": true,
        "customizable": true
      },
      {
        "name": "Responsive Modern",
        "color_scheme": "light",
        "layout": "flex",
        "style": "modern",
        "font_preference": "sans-serif",
        "animation": "none",
        "responsiveness": true,
        "accessibility": false,
        "customizable": true
      },
      {
        "name": "Subtle Minimalist Colorful",
        "color_scheme": "colorful",
        "layout": "multi-column",
        "style": "minimalist",
        "font_preference": "serif",
        "animation": "subtle",
        "responsiveness": true,
        "accessibility": true,
        "customizable": true
      },
      {
        "name": "Vibrant Flex",
        "color_scheme": "colorful",
        "layout": "flex",
        "style": "bold",
        "font_preference": "sans-serif",
        "animation": "dynamic",
        "responsiveness": false,
        "accessibility": false,
        "customizable": true
      },
      {
        "name": "Minimalist Monochrome",
        "color_scheme": "monochrome",
        "layout": "multi-column",
        "style": "minimalist",
        "font_preference": "sans-serif",
        "animation": "none",
        "responsiveness": true,
        "accessibility": true,
        "customizable": true
      },
      {
        "name": "Subtle Minimalist",
        "color_scheme": "monochrome",
        "layout": "multi-column",
        "style": "minimalist",
        "font_preference": "serif",
        "animation": "subtle",
        "responsiveness": true,
        "accessibility": true,
        "customizable": true
      },
      {
        "name": "Colorful Play",
        "color_scheme": "colorful",
        "layout": "flex",
        "style": "bold",
        "font_preference": "sans-serif",
        "animation": "dynamic",
        "responsiveness": true,
        "accessibility": true,
        "customizable": true
      },
      {
        "name": "Subtle Classic",
        "color_scheme": "monochrome",
        "layout": "multi-column",
        "style": "classic",
        "font_preference": "serif",
        "animation": "subtle",
        "responsiveness": true,
        "accessibility": true,
        "customizable": true
      },
      {
        "name": "Classic Monochrome",
        "color_scheme": "monochrome",
        "layout": "single-column",
        "style": "classic",
        "font_preference": "serif",
        "animation": "subtle",
        "responsiveness": false,
        "accessibility": true,
        "customizable": false
      },
      {
        "name": "Modern Light",
        "color_scheme": "light",
        "layout": "grid",
        "style": "modern",
        "font_preference": "sans-serif",
        "animation": "subtle",
        "responsiveness": true,
        "accessibility": true,
        "customizable": true
      },
      {
        "name": "Classic Dark",
        "color_scheme": "dark",
        "layout": "single-column",
        "style": "classic",
        "font_preference": "serif",
        "animation": "none",
        "responsiveness": true,
        "accessibility": false,
        "customizable": false
      }
    ],
    "goal": {
      "name": "Subtle Minimalist Colorful",
      "color_scheme": "colorful",
      "layout": "multi-column",
      "style": "minimalist",
      "font_preference": "serif",
      "animation": "subtle",
      "responsiveness": true,
      "accessibility": true,
      "customizable": true
    },
    "status": "complete"
  },
  {
    "domain": "workflow tools",
    "turns": [
      [
        "Yes, I'm excited about the theme! By the way, can you help me find a workflow tool that\u2019s user-friendly?",
        {
          "name": null,
          "integration": null,
          "user_friendly": "very user-friendly",
          "pricing": null,
          "scalability": null,
          "security": null,
          "support": null,
          "trial_available": null,
          "mobile_support": null
        },
        "Sure! What other features do you need in a workflow tool besides being user-friendly?"
      ],
      [
        "I need it to integrate well with other platforms and support mobile devices.",
        {
          "name": null,
          "integration": null,
          "user_friendly": "very user-friendly",
          "pricing": null,
          "scalability": null,
          "security": null,
          "support": null,
          "trial_available": null,
          "mobile_support": true
        },
        "Got it! Would you prefer a free trial option for the workflow tool?"
      ],
      [
        "Yes, a free trial would be essential for me.",
        {
          "name": null,
          "integration": null,
          "user_friendly": "very user-friendly",
          "pricing": null,
          "scalability": null,
          "security": null,
          "support": null,
          "trial_available": true,
          "mobile_support": true
        },
        "Great! I recommend \"Tool D\" or \"Tool J\"; both are user-friendly, integrate well, support mobile, and offer free trials. Which one sounds better to you?"
      ],
      [
        "I'll go with \"Tool D.\" Does it have 24/7 support?",
        {
          "name": "Tool D",
          "integration": null,
          "user_friendly": "very user-friendly",
          "pricing": null,
          "scalability": null,
          "security": null,
          "support": "24/7",
          "trial_available": true,
          "mobile_support": true
        },
        "Yes, \"Tool D\" offers 24/7 support. You're all set with it!"
      ]
    ],
    "preferences_code": "```python\npreferences = WorkflowToolCriteria(\n    name='Tool A',\n    integration='good',\n    user_friendly='very user-friendly',\n    pricing='subscription',\n    scalability='medium',\n    security='medium',\n    support='24/7',\n    trial_available=True,\n    mobile_support=True,\n)\n```",
    "red_herrings_code": "```python\n# Global variable containing a list of example workflow tools\nworkflow_tools_examples = [\n    WorkflowToolKnowledge(\n        name='Tool A',\n        integration='good',\n        user_friendly='very user-friendly',\n        pricing='subscription',\n        scalability='medium',\n        security='medium',\n        support='24/7',\n        trial_available=True,\n        mobile_support=True,\n    ),\n    WorkflowToolKnowledge(\n        name='Tool C',\n        integration='excellent',\n        user_friendly='moderately user-friendly',\n        pricing='freemium',\n        scalability='high',\n        security='low',\n        support='business hours',\n        trial_available=False,\n        mobile_support=False,\n    ),\n    WorkflowToolKnowledge(\n        name='Tool D',\n        integration='fair',\n        user_friendly='not user-friendly',\n        pricing='one-time purchase',\n        scalability='medium',\n        security='high',\n        support='email only',\n        trial_available=True,\n        mobile_support=True,\n    ),\n]\n```",
    "database_code": "```python\n# Global variable to hold a list of workflow tools examples\nworkflow_tools_examples = [\n    WorkflowToolKnowledge(\n        name=\"Tool A\",\n        integration=\"excellent\",\n        user_friendly=\"very user-friendly\",\n        pricing=\"subscription\",\n        scalability=\"high\",\n        security=\"high\",\n        support=\"24/7\",\n        trial_available=True,\n        mobile_support=True\n    ),\n    WorkflowToolKnowledge(\n        name=\"Tool B\",\n        integration=\"good\",\n        user_friendly=\"moderately user-friendly\",\n        pricing=\"freemium\",\n        scalability=\"medium\",\n        security=\"medium\",\n        support=\"business hours\",\n        trial_available=False,\n        mobile_support=True\n    ),\n    WorkflowToolKnowledge(\n        name=\"Tool C\",\n        integration=\"fair\",\n        user_friendly=\"not user-friendly\",\n        pricing=\"one-time purchase\",\n        scalability=\"low\",\n        security=\"low\",\n        support=\"email only\",\n        trial_available=True,\n        mobile_support=False\n    ),\n    WorkflowToolKnowledge(\n        name=\"Tool D\",\n        integration=\"excellent\",\n        user_friendly=\"very user-friendly\",\n        pricing=\"free\",\n        scalability=\"high\",\n        security=\"high\",\n        support=\"24/7\",\n        trial_available=True,\n        mobile_support=True\n    ),\n    WorkflowToolKnowledge(\n        name=\"Tool E\",\n        integration=\"good\",\n        user_friendly=\"moderately user-friendly\",\n        pricing=\"subscription\",\n        scalability=\"medium\",\n        security=\"medium\",\n        support=\"business hours\",\n        trial_available=False,\n        mobile_support=True\n    ),\n    WorkflowToolKnowledge(\n        name=\"Tool F\",\n        integration=\"poor\",\n        user_friendly=\"not user-friendly\",\n        pricing=\"freemium\",\n        scalability=\"low\",\n        security=\"low\",\n        support=\"none\",\n        trial_available=False,\n        mobile_support=False\n    ),\n    WorkflowToolKnowledge(\n        name=\"Tool G\",\n        integration=\"excellent\",\n        user_friendly=\"very user-friendly\",\n        pricing=\"one-time purchase\",\n        scalability=\"high\",\n        security=\"high\",\n        support=\"24/7\",\n        trial_available=True,\n        mobile_support=True\n    ),\n    WorkflowToolKnowledge(\n        name=\"Tool H\",\n        integration=\"good\",\n        user_friendly=\"moderately user-friendly\",\n        pricing=\"subscription\",\n        scalability=\"medium\",\n        security=\"medium\",\n        support=\"business hours\",\n        trial_available=False,\n        mobile_support=True\n    ),\n    WorkflowToolKnowledge(\n        name=\"Tool I\",\n        integration=\"fair\",\n        user_friendly=\"not user-friendly\",\n        pricing=\"free\",\n        scalability=\"low\",\n        security=\"low\",\n        support=\"email only\",\n        trial_available=True,\n        mobile_support=False\n    ),\n    WorkflowToolKnowledge(\n        name=\"Tool J\",\n        integration=\"excellent\",\n        user_friendly=\"very user-friendly\",\n        pricing=\"freemium\",\n        scalability=\"high\",\n        security=\"high\",\n        support=\"24/7\",\n        trial_available=True,\n        mobile_support=True\n    ),\n]\n```",
    "database": [
      {
        "name": "Tool A",
        "integration": "good",
        "user_friendly": "very user-friendly",
        "pricing": "subscription",
        "scalability": "medium",
        "security": "medium",
        "support": "24/7",
        "trial_available": true,
        "mobile_support": true
      },
      {
        "name": "Tool F",
        "integration": "poor",
        "user_friendly": "not user-friendly",
        "pricing": "freemium",
        "scalability": "low",
        "security": "low",
        "support": "none",
        "trial_available": false,
        "mobile_support": false
      },
      {
        "name": "Tool C",
        "integration": "fair",
        "user_friendly": "not user-friendly",
        "pricing": "one-time purchase",
        "scalability": "low",
        "security": "low",
        "support": "email only",
        "trial_available": true,
        "mobile_support": false
      },
      {
        "name": "Tool C",
        "integration": "excellent",
        "user_friendly": "moderately user-friendly",
        "pricing": "freemium",
        "scalability": "high",
        "security": "low",
        "support": "business hours",
        "trial_available": false,
        "mobile_support": false
      },
      {
        "name": "Tool D",
        "integration": "excellent",
        "user_friendly": "very user-friendly",
        "pricing": "free",
        "scalability": "high",
        "security": "high",
        "support": "24/7",
        "trial_available": true,
        "mobile_support": true
      },
      {
        "name": "Tool J",
        "integration": "excellent",
        "user_friendly": "very user-friendly",
        "pricing": "freemium",
        "scalability": "high",
        "security": "high",
        "support": "24/7",
        "trial_available": true,
        "mobile_support": true
      },
      {
        "name": "Tool D",
        "integration": "fair",
        "user_friendly": "not user-friendly",
        "pricing": "one-time purchase",
        "scalability": "medium",
        "security": "high",
        "support": "email only",
        "trial_available": true,
        "mobile_support": true
      },
      {
        "name": "Tool B",
        "integration": "good",
        "user_friendly": "moderately user-friendly",
        "pricing": "freemium",
        "scalability": "medium",
        "security": "medium",
        "support": "business hours",
        "trial_available": false,
        "mobile_support": true
      },
      {
        "name": "Tool G",
        "integration": "excellent",
        "user_friendly": "very user-friendly",
        "pricing": "one-time purchase",
        "scalability": "high",
        "security": "high",
        "support": "24/7",
        "trial_available": true,
        "mobile_support": true
      },
      {
        "name": "Tool I",
        "integration": "fair",
        "user_friendly": "not user-friendly",
        "pricing": "free",
        "scalability": "low",
        "security": "low",
        "support": "email only",
        "trial_available": true,
        "mobile_support": false
      },
      {
        "name": "Tool E",
        "integration": "good",
        "user_friendly": "moderately user-friendly",
        "pricing": "subscription",
        "scalability": "medium",
        "security": "medium",
        "support": "business hours",
        "trial_available": false,
        "mobile_support": true
      },
      {
        "name": "Tool H",
        "integration": "good",
        "user_friendly": "moderately user-friendly",
        "pricing": "subscription",
        "scalability": "medium",
        "security": "medium",
        "support": "business hours",
        "trial_available": false,
        "mobile_support": true
      },
      {
        "name": "Tool A",
        "integration": "excellent",
        "user_friendly": "very user-friendly",
        "pricing": "subscription",
        "scalability": "high",
        "security": "high",
        "support": "24/7",
        "trial_available": true,
        "mobile_support": true
      }
    ],
    "goal": {
      "name": "Tool A",
      "integration": "good",
      "user_friendly": "very user-friendly",
      "pricing": "subscription",
      "scalability": "medium",
      "security": "medium",
      "support": "24/7",
      "trial_available": true,
      "mobile_support": true
    },
    "status": "complete"
  },
  {
    "domain": "user feedback tools",
    "turns": [
      [
        "Thanks! Now, I'm also looking for a user feedback tool that supports surveys. Any suggestions?",
        {
          "name": null,
          "feedback_type": "survey",
          "analytics_support": null,
          "ease_of_setup": null,
          "integration_capabilities": null,
          "customization_options": null,
          "cost": null,
          "user_limit": null,
          "multi_language_support": null,
          "real_time_feedback": null
        },
        "Sure! Are you looking for any specific features in the survey tool?"
      ],
      [
        "Yes, I need analytics support and integration capabilities.",
        {
          "name": null,
          "feedback_type": "survey",
          "analytics_support": true,
          "ease_of_setup": null,
          "integration_capabilities": true,
          "customization_options": null,
          "cost": null,
          "user_limit": null,
          "multi_language_support": null,
          "real_time_feedback": null
        },
        "Got it! I recommend \"Qualtrics\" or \"SurveyMonkey\"; both support surveys, have analytics, and offer integration capabilities. Which one do you prefer?"
      ],
      [
        "I'll go with \"SurveyMonkey.\" Does it support real-time feedback?",
        {
          "name": "SurveyMonkey",
          "feedback_type": "survey",
          "analytics_support": true,
          "ease_of_setup": null,
          "integration_capabilities": true,
          "customization_options": null,
          "cost": null,
          "user_limit": null,
          "multi_language_support": null,
          "real_time_feedback": true
        },
        "No, \"SurveyMonkey\" does not support real-time feedback. Would you like to consider another option?"
      ],
      [
        "Yes, please suggest another option that supports real-time feedback.",
        {
          "name": "SurveyMonkey",
          "feedback_type": "survey",
          "analytics_support": true,
          "ease_of_setup": null,
          "integration_capabilities": true,
          "customization_options": null,
          "cost": null,
          "user_limit": null,
          "multi_language_support": null,
          "real_time_feedback": false
        },
        "You can try \"SurveySparrow\"; it supports surveys, analytics, integration, and real-time feedback. Does that work for you?"
      ],
      [
        "Yes, \"SurveySparrow\" sounds perfect! Does it have customization options?",
        {
          "name": "SurveySparrow",
          "feedback_type": "survey",
          "analytics_support": true,
          "ease_of_setup": null,
          "integration_capabilities": true,
          "customization_options": true,
          "cost": null,
          "user_limit": null,
          "multi_language_support": null,
          "real_time_feedback": true
        },
        "Yes, \"SurveySparrow\" offers customization options. You're all set!"
      ]
    ],
    "preferences_code": "```python\npreferences = UserFeedbackToolCriteria(\n    name='Qualtrics',\n    feedback_type='survey',\n    analytics_support=True,\n    ease_of_setup='complex',\n    integration_capabilities=True,\n    customization_options=True,\n    cost='subscription',\n    user_limit=5000,\n    multi_language_support=True,\n    real_time_feedback=True,\n)\n```",
    "red_herrings_code": "```python\nuser_feedback_tools = [\n    UserFeedbackTool(\n        name='SurveyMonkey',\n        feedback_type='survey',\n        analytics_support=True,\n        ease_of_setup='easy',\n        integration_capabilities=True,\n        customization_options=True,\n        cost='subscription',\n        user_limit=1000,\n        multi_language_support=True,\n        real_time_feedback=False,\n    ),\n    UserFeedbackTool(\n        name='Typeform',\n        feedback_type='poll',\n        analytics_support=True,\n        ease_of_setup='easy',\n        integration_capabilities=True,\n        customization_options=True,\n        cost='subscription',\n        user_limit=1500,\n        multi_language_support=True,\n        real_time_feedback=True,\n    ),\n    UserFeedbackTool(\n        name='Qualtrics',\n        feedback_type='survey',\n        analytics_support=True,\n        ease_of_setup='complex',\n        integration_capabilities=True,\n        customization_options=True,\n        cost='subscription',\n        user_limit=5000,\n        multi_language_support=True,\n        real_time_feedback=True,\n    )\n]\n```",
    "database_code": "```python\n# Global variable representing a list of user feedback tools examples\nuser_feedback_tools = [\n    UserFeedbackTool(\n        name=\"SurveyMonkey\",\n        feedback_type=\"survey\",\n        analytics_support=True,\n        ease_of_setup=\"easy\",\n        integration_capabilities=True,\n        customization_options=True,\n        cost=\"subscription\",\n        user_limit=1000,\n        multi_language_support=True,\n        real_time_feedback=False\n    ),\n    UserFeedbackTool(\n        name=\"Typeform\",\n        feedback_type=\"survey\",\n        analytics_support=True,\n        ease_of_setup=\"easy\",\n        integration_capabilities=True,\n        customization_options=True,\n        cost=\"subscription\",\n        user_limit=500,\n        multi_language_support=True,\n        real_time_feedback=True\n    ),\n    UserFeedbackTool(\n        name=\"Google Forms\",\n        feedback_type=\"survey\",\n        analytics_support=False,\n        ease_of_setup=\"easy\",\n        integration_capabilities=True,\n        customization_options=False,\n        cost=\"free\",\n        user_limit=None,\n        multi_language_support=True,\n        real_time_feedback=False\n    ),\n    UserFeedbackTool(\n        name=\"Hotjar\",\n        feedback_type=\"poll\",\n        analytics_support=True,\n        ease_of_setup=\"moderate\",\n        integration_capabilities=True,\n        customization_options=True,\n        cost=\"subscription\",\n        user_limit=2000,\n        multi_language_support=False,\n        real_time_feedback=True\n    ),\n    UserFeedbackTool(\n        name=\"Qualtrics\",\n        feedback_type=\"all\",\n        analytics_support=True,\n        ease_of_setup=\"complex\",\n        integration_capabilities=True,\n        customization_options=True,\n        cost=\"subscription\",\n        user_limit=10000,\n        multi_language_support=True,\n        real_time_feedback=True\n    ),\n    UserFeedbackTool(\n        name=\"SurveySparrow\",\n        feedback_type=\"survey\",\n        analytics_support=True,\n        ease_of_setup=\"easy\",\n        integration_capabilities=True,\n        customization_options=True,\n        cost=\"subscription\",\n        user_limit=1000,\n        multi_language_support=True,\n        real_time_feedback=True\n    ),\n    UserFeedbackTool(\n        name=\"UserVoice\",\n        feedback_type=\"comment\",\n        analytics_support=True,\n        ease_of_setup=\"moderate\",\n        integration_capabilities=True,\n        customization_options=True,\n        cost=\"subscription\",\n        user_limit=500,\n        multi_language_support=False,\n        real_time_feedback=True\n    ),\n    UserFeedbackTool(\n        name=\"Poll Everywhere\",\n        feedback_type=\"poll\",\n        analytics_support=True,\n        ease_of_setup=\"easy\",\n        integration_capabilities=True,\n        customization_options=True,\n        cost=\"subscription\",\n        user_limit=1000,\n        multi_language_support=True,\n        real_time_feedback=True\n    ),\n    UserFeedbackTool(\n        name=\"GetFeedback\",\n        feedback_type=\"survey\",\n        analytics_support=True,\n        ease_of_setup=\"easy\",\n        integration_capabilities=True,\n        customization_options=True,\n        cost=\"subscription\",\n        user_limit=1000,\n        multi_language_support=True,\n        real_time_feedback=False\n    ),\n    UserFeedbackTool(\n        name=\"Feedbackify\",\n        feedback_type=\"comment\",\n        analytics_support=True,\n        ease_of_setup=\"easy\",\n        integration_capabilities=True,\n        customization_options=True,\n        cost=\"subscription\",\n        user_limit=200,\n        multi_language_support=False,\n        real_time_feedback=False\n    )\n]\n```",
    "database": [
      {
        "name": "UserVoice",
        "feedback_type": "comment",
        "analytics_support": true,
        "ease_of_setup": "moderate",
        "integration_capabilities": true,
        "customization_options": true,
        "cost": "subscription",
        "user_limit": 500,
        "multi_language_support": false,
        "real_time_feedback": true
      },
      {
        "name": "Hotjar",
        "feedback_type": "poll",
        "analytics_support": true,
        "ease_of_setup": "moderate",
        "integration_capabilities": true,
        "customization_options": true,
        "cost": "subscription",
        "user_limit": 2000,
        "multi_language_support": false,
        "real_time_feedback": true
      },
      {
        "name": "Qualtrics",
        "feedback_type": "survey",
        "analytics_support": true,
        "ease_of_setup": "complex",
        "integration_capabilities": true,
        "customization_options": true,
        "cost": "subscription",
        "user_limit": 5000,
        "multi_language_support": true,
        "real_time_feedback": true
      },
      {
        "name": "Google Forms",
        "feedback_type": "survey",
        "analytics_support": false,
        "ease_of_setup": "easy",
        "integration_capabilities": true,
        "customization_options": false,
        "cost": "free",
        "user_limit": null,
        "multi_language_support": true,
        "real_time_feedback": false
      },
      {
        "name": "Qualtrics",
        "feedback_type": "all",
        "analytics_support": true,
        "ease_of_setup": "complex",
        "integration_capabilities": true,
        "customization_options": true,
        "cost": "subscription",
        "user_limit": 10000,
        "multi_language_support": true,
        "real_time_feedback": true
      },
      {
        "name": "Feedbackify",
        "feedback_type": "comment",
        "analytics_support": true,
        "ease_of_setup": "easy",
        "integration_capabilities": true,
        "customization_options": true,
        "cost": "subscription",
        "user_limit": 200,
        "multi_language_support": false,
        "real_time_feedback": false
      },
      {
        "name": "GetFeedback",
        "feedback_type": "survey",
        "analytics_support": true,
        "ease_of_setup": "easy",
        "integration_capabilities": true,
        "customization_options": true,
        "cost": "subscription",
        "user_limit": 1000,
        "multi_language_support": true,
        "real_time_feedback": false
      },
      {
        "name": "SurveyMonkey",
        "feedback_type": "survey",
        "analytics_support": true,
        "ease_of_setup": "easy",
        "integration_capabilities": true,
        "customization_options": true,
        "cost": "subscription",
        "user_limit": 1000,
        "multi_language_support": true,
        "real_time_feedback": false
      },
      {
        "name": "SurveySparrow",
        "feedback_type": "survey",
        "analytics_support": true,
        "ease_of_setup": "easy",
        "integration_capabilities": true,
        "customization_options": true,
        "cost": "subscription",
        "user_limit": 1000,
        "multi_language_support": true,
        "real_time_feedback": true
      },
      {
        "name": "Typeform",
        "feedback_type": "poll",
        "analytics_support": true,
        "ease_of_setup": "easy",
        "integration_capabilities": true,
        "customization_options": true,
        "cost": "subscription",
        "user_limit": 1500,
        "multi_language_support": true,
        "real_time_feedback": true
      },
      {
        "name": "Typeform",
        "feedback_type": "survey",
        "analytics_support": true,
        "ease_of_setup": "easy",
        "integration_capabilities": true,
        "customization_options": true,
        "cost": "subscription",
        "user_limit": 500,
        "multi_language_support": true,
        "real_time_feedback": true
      },
      {
        "name": "SurveyMonkey",
        "feedback_type": "survey",
        "analytics_support": true,
        "ease_of_setup": "easy",
        "integration_capabilities": true,
        "customization_options": true,
        "cost": "subscription",
        "user_limit": 1000,
        "multi_language_support": true,
        "real_time_feedback": false
      },
      {
        "name": "Poll Everywhere",
        "feedback_type": "poll",
        "analytics_support": true,
        "ease_of_setup": "easy",
        "integration_capabilities": true,
        "customization_options": true,
        "cost": "subscription",
        "user_limit": 1000,
        "multi_language_support": true,
        "real_time_feedback": true
      }
    ],
    "goal": {
      "name": "Qualtrics",
      "feedback_type": "survey",
      "analytics_support": true,
      "ease_of_setup": "complex",
      "integration_capabilities": true,
      "customization_options": true,
      "cost": "subscription",
      "user_limit": 5000,
      "multi_language_support": true,
      "real_time_feedback": true
    },
    "status": "complete"
  }
]