[
  {
    "domain": "design theme",
    "turns": [
      [
        "Hey, I'm looking for a design theme, preferably with a dark color scheme.",
        {
          "name": null,
          "color_scheme": "dark",
          "layout": null,
          "style": null,
          "font_preference": null,
          "animation": null,
          "responsiveness": null,
          "accessibility": null,
          "customizable": null
        },
        "Are you looking for a specific layout style, like single-column or multi-column?"
      ],
      [
        "Yes, I prefer a single-column layout.",
        {
          "name": null,
          "color_scheme": "dark",
          "layout": "single-column",
          "style": null,
          "font_preference": null,
          "animation": null,
          "responsiveness": null,
          "accessibility": null,
          "customizable": null
        },
        "Do you have a preference for the style, like modern or classic?"
      ],
      [
        "I don't have a specific preference for style, anything works for me.",
        {
          "name": null,
          "color_scheme": "dark",
          "layout": "single-column",
          "style": null,
          "font_preference": null,
          "animation": null,
          "responsiveness": null,
          "accessibility": null,
          "customizable": null
        },
        "How about font preference? Do you prefer serif, sans-serif, or monospace?"
      ],
      [
        "I don't have a particular font preference either.",
        {
          "name": null,
          "color_scheme": "dark",
          "layout": "single-column",
          "style": null,
          "font_preference": null,
          "animation": null,
          "responsiveness": null,
          "accessibility": null,
          "customizable": null
        },
        "Would you like any animation effects, or do you prefer none?"
      ],
      [
        "I'm fine with any animation, no strong preference.",
        {
          "name": null,
          "color_scheme": "dark",
          "layout": "single-column",
          "style": null,
          "font_preference": null,
          "animation": null,
          "responsiveness": null,
          "accessibility": null,
          "customizable": null
        },
        "Are responsiveness and accessibility important for your design theme?"
      ],
      [
        "Yes, I definitely want the design to be responsive.",
        {
          "name": null,
          "color_scheme": "dark",
          "layout": "single-column",
          "style": null,
          "font_preference": null,
          "animation": null,
          "responsiveness": true,
          "accessibility": null,
          "customizable": null
        },
        "Great! Based on your preferences, I recommend the \"Modern Dark\" theme; it has a dark color scheme, single-column layout, and is responsive. How does that sound?"
      ],
      [
        "That sounds perfect! Let's go with the \"Modern Dark\" theme.",
        {
          "name": "Modern Dark",
          "color_scheme": "dark",
          "layout": "single-column",
          "style": null,
          "font_preference": null,
          "animation": null,
          "responsiveness": true,
          "accessibility": null,
          "customizable": null
        },
        "Awesome choice! The \"Modern Dark\" theme it is. Happy designing!"
      ]
    ],
    "preferences_code": "```python\npreferences = DesignThemeCriteria(\n    name='Modern Dark',\n    color_scheme='dark',\n    layout='single-column',\n    style='modern',\n    font_preference='serif',\n    animation='none',\n    responsiveness=True,\n    accessibility=False,\n    customizable=False,\n)\n```",
    "red_herrings_code": "```python\n# Global variable containing a list of design theme examples\ndesign_theme_examples = [\n    DesignThemeKnowledge(\n        name='Classic Light',\n        color_scheme='light',\n        layout='single-column',\n        style='classic',\n        font_preference='serif',\n        animation='none',\n        responsiveness=True,\n        accessibility=False,\n        customizable=False,\n    ),\n    DesignThemeKnowledge(\n        name='Modern Dark',\n        color_scheme='dark',\n        layout='single-column',\n        style='modern',\n        font_preference='serif',\n        animation='none',\n        responsiveness=True,\n        accessibility=False,\n        customizable=False,\n    ),\n    DesignThemeKnowledge(\n        name='Classic Dark Minimal',\n        color_scheme='dark',\n        layout='single-column',\n        style='classic',\n        font_preference='sans-serif',\n        animation='none',\n        responsiveness=True,\n        accessibility=False,\n        customizable=False,\n    ),\n]\n```",
    "database_code": "```python\n# Global variable to hold a list of design theme examples\ndesign_themes = [\n    DesignThemeKnowledge(\n        name=\"Modern Light\",\n        color_scheme='light',\n        layout='grid',\n        style='modern',\n        font_preference='sans-serif',\n        animation='subtle',\n        responsiveness=True,\n        accessibility=True,\n        customizable=True\n    ),\n    DesignThemeKnowledge(\n        name=\"Classic Dark\",\n        color_scheme='dark',\n        layout='single-column',\n        style='classic',\n        font_preference='serif',\n        animation='none',\n        responsiveness=True,\n        accessibility=False,\n        customizable=False\n    ),\n    DesignThemeKnowledge(\n        name=\"Colorful Play\",\n        color_scheme='colorful',\n        layout='flex',\n        style='bold',\n        font_preference='sans-serif',\n        animation='dynamic',\n        responsiveness=True,\n        accessibility=True,\n        customizable=True\n    ),\n    DesignThemeKnowledge(\n        name=\"Minimalist Monochrome\",\n        color_scheme='monochrome',\n        layout='multi-column',\n        style='minimalist',\n        font_preference='sans-serif',\n        animation='none',\n        responsiveness=True,\n        accessibility=True,\n        customizable=True\n    ),\n    DesignThemeKnowledge(\n        name=\"Dynamic Grid\",\n        color_scheme='light',\n        layout='grid',\n        style='modern',\n        font_preference='monospace',\n        animation='dynamic',\n        responsiveness=True,\n        accessibility=True,\n        customizable=False\n    ),\n    DesignThemeKnowledge(\n        name=\"Elegant Classic\",\n        color_scheme='dark',\n        layout='single-column',\n        style='classic',\n        font_preference='serif',\n        animation='subtle',\n        responsiveness=True,\n        accessibility=True,\n        customizable=True\n    ),\n    DesignThemeKnowledge(\n        name=\"Vibrant Flex\",\n        color_scheme='colorful',\n        layout='flex',\n        style='bold',\n        font_preference='sans-serif',\n        animation='dynamic',\n        responsiveness=False,\n        accessibility=False,\n        customizable=True\n    ),\n    DesignThemeKnowledge(\n        name=\"Subtle Minimalist\",\n        color_scheme='monochrome',\n        layout='multi-column',\n        style='minimalist',\n        font_preference='serif',\n        animation='subtle',\n        responsiveness=True,\n        accessibility=True,\n        customizable=True\n    ),\n    DesignThemeKnowledge(\n        name=\"Responsive Modern\",\n        color_scheme='light',\n        layout='flex',\n        style='modern',\n        font_preference='sans-serif',\n        animation='none',\n        responsiveness=True,\n        accessibility=False,\n        customizable=True\n    ),\n    DesignThemeKnowledge(\n        name=\"Classic Monochrome\",\n        color_scheme='monochrome',\n        layout='single-column',\n        style='classic',\n        font_preference='serif',\n        animation='subtle',\n        responsiveness=False,\n        accessibility=True,\n        customizable=False\n    )\n]\n```",
    "database": [
      {
        "name": "Minimalist Monochrome",
        "color_scheme": "monochrome",
        "layout": "multi-column",
        "style": "minimalist",
        "font_preference": "sans-serif",
        "animation": "none",
        "responsiveness": true,
        "accessibility": true,
        "customizable": true
      },
      {
        "name": "Modern Dark",
        "color_scheme": "dark",
        "layout": "single-column",
        "style": "modern",
        "font_preference": "serif",
        "animation": "none",
        "responsiveness": true,
        "accessibility": false,
        "customizable": false
      },
      {
        "name": "Subtle Minimalist",
        "color_scheme": "monochrome",
        "layout": "multi-column",
        "style": "minimalist",
        "font_preference": "serif",
        "animation": "subtle",
        "responsiveness": true,
        "accessibility": true,
        "customizable": true
      },
      {
        "name": "Classic Light",
        "color_scheme": "light",
        "layout": "single-column",
        "style": "classic",
        "font_preference": "serif",
        "animation": "none",
        "responsiveness": true,
        "accessibility": false,
        "customizable": false
      },
      {
        "name": "Classic Dark",
        "color_scheme": "dark",
        "layout": "single-column",
        "style": "classic",
        "font_preference": "serif",
        "animation": "none",
        "responsiveness": true,
        "accessibility": false,
        "customizable": false
      },
      {
        "name": "Dynamic Grid",
        "color_scheme": "light",
        "layout": "grid",
        "style": "modern",
        "font_preference": "monospace",
        "animation": "dynamic",
        "responsiveness": true,
        "accessibility": true,
        "customizable": false
      },
      {
        "name": "Modern Light",
        "color_scheme": "light",
        "layout": "grid",
        "style": "modern",
        "font_preference": "sans-serif",
        "animation": "subtle",
        "responsiveness": true,
        "accessibility": true,
        "customizable": true
      },
      {
        "name": "Classic Dark Minimal",
        "color_scheme": "dark",
        "layout": "single-column",
        "style": "classic",
        "font_preference": "sans-serif",
        "animation": "none",
        "responsiveness": true,
        "accessibility": false,
        "customizable": false
      },
      {
        "name": "Colorful Play",
        "color_scheme": "colorful",
        "layout": "flex",
        "style": "bold",
        "font_preference": "sans-serif",
        "animation": "dynamic",
        "responsiveness": true,
        "accessibility": true,
        "customizable": true
      },
      {
        "name": "Vibrant Flex",
        "color_scheme": "colorful",
        "layout": "flex",
        "style": "bold",
        "font_preference": "sans-serif",
        "animation": "dynamic",
        "responsiveness": false,
        "accessibility": false,
        "customizable": true
      },
      {
        "name": "Responsive Modern",
        "color_scheme": "light",
        "layout": "flex",
        "style": "modern",
        "font_preference": "sans-serif",
        "animation": "none",
        "responsiveness": true,
        "accessibility": false,
        "customizable": true
      },
      {
        "name": "Classic Monochrome",
        "color_scheme": "monochrome",
        "layout": "single-column",
        "style": "classic",
        "font_preference": "serif",
        "animation": "subtle",
        "responsiveness": false,
        "accessibility": true,
        "customizable": false
      },
      {
        "name": "Elegant Classic",
        "color_scheme": "dark",
        "layout": "single-column",
        "style": "classic",
        "font_preference": "serif",
        "animation": "subtle",
        "responsiveness": true,
        "accessibility": true,
        "customizable": true
      }
    ],
    "goal": {
      "name": "Modern Dark",
      "color_scheme": "dark",
      "layout": "single-column",
      "style": "modern",
      "font_preference": "serif",
      "animation": "none",
      "responsiveness": true,
      "accessibility": false,
      "customizable": false
    },
    "status": "complete"
  },
  {
    "domain": "workflow tools",
    "turns": [
      [
        "Thanks! By the way, I need help finding a workflow tool. Any suggestions?",
        {
          "name": null,
          "integration": null,
          "user_friendly": null,
          "pricing": null,
          "scalability": null,
          "security": null,
          "support": null,
          "trial_available": null,
          "mobile_support": null
        },
        "What specific features are you looking for in a workflow tool?"
      ],
      [
        "I need excellent integration and it should be very user-friendly.",
        {
          "name": null,
          "integration": "excellent",
          "user_friendly": "very user-friendly",
          "pricing": null,
          "scalability": null,
          "security": null,
          "support": null,
          "trial_available": null,
          "mobile_support": null
        },
        "Got it! Are you looking for a specific pricing model, like free or subscription?"
      ],
      [
        "I'm looking for a one-time purchase pricing model.",
        {
          "name": null,
          "integration": "excellent",
          "user_friendly": "very user-friendly",
          "pricing": "one-time purchase",
          "scalability": null,
          "security": null,
          "support": null,
          "trial_available": null,
          "mobile_support": null
        },
        "The options with excellent integration and user-friendliness are limited; would you consider a subscription model instead?"
      ],
      [
        "I\u2019d prefer to stick with the one-time purchase model if possible.",
        {
          "name": null,
          "integration": "excellent",
          "user_friendly": "very user-friendly",
          "pricing": "one-time purchase",
          "scalability": null,
          "security": null,
          "support": null,
          "trial_available": null,
          "mobile_support": null
        },
        "I understand; unfortunately, the one-time purchase options don't meet your integration and user-friendliness criteria. Would you like to explore other features or adjust your criteria?"
      ],
      [
        "Okay, let\u2019s adjust to consider a subscription model.",
        {
          "name": null,
          "integration": "excellent",
          "user_friendly": "very user-friendly",
          "pricing": "subscription",
          "scalability": null,
          "security": null,
          "support": null,
          "trial_available": null,
          "mobile_support": null
        },
        "Great! I recommend \"Tool A\" or \"Tool G\"; both have excellent integration, are very user-friendly, and are available on a subscription model. Which one sounds better to you?"
      ],
      [
        "I think I'll go with \"Tool A.\"",
        {
          "name": "Tool A",
          "integration": "excellent",
          "user_friendly": "very user-friendly",
          "pricing": "subscription",
          "scalability": null,
          "security": null,
          "support": null,
          "trial_available": null,
          "mobile_support": null
        },
        "Excellent choice! \"Tool A\" it is. Happy working!"
      ]
    ],
    "preferences_code": "```python\npreferences = WorkflowToolCriteria(\n    name='Tool D',\n    integration='excellent',\n    user_friendly='very user-friendly',\n    pricing='one-time purchase',\n    scalability='medium',\n    security='high',\n    support='business hours',\n    trial_available=False,\n    mobile_support=True,\n)\n```",
    "red_herrings_code": "```python\n# Global variable that represents a list of workflow tool examples\nworkflow_tools_examples = [\n    WorkflowToolKnowledge(\n        name='Tool B',\n        integration='excellent',\n        user_friendly='very user-friendly',\n        pricing='subscription',\n        scalability='high',\n        security='high',\n        support='24/7',\n        trial_available=True,\n        mobile_support=True,\n    ),\n    WorkflowToolKnowledge(\n        name='Tool C',\n        integration='good',\n        user_friendly='moderately user-friendly',\n        pricing='freemium',\n        scalability='high',\n        security='high',\n        support='24/7',\n        trial_available=True,\n        mobile_support=True,\n    ),\n    WorkflowToolKnowledge(\n        name='Tool D',\n        integration='excellent',\n        user_friendly='very user-friendly',\n        pricing='one-time purchase',\n        scalability='medium',\n        security='high',\n        support='business hours',\n        trial_available=False,\n        mobile_support=True,\n    )\n]\n```",
    "database_code": "```python\n# Global variable representing a list of workflow tools examples\nworkflow_tools_examples = [\n    WorkflowToolKnowledge(\n        name=\"Tool A\",\n        integration=\"excellent\",\n        user_friendly=\"very user-friendly\",\n        pricing=\"subscription\",\n        scalability=\"high\",\n        security=\"high\",\n        support=\"24/7\",\n        trial_available=True,\n        mobile_support=True\n    ),\n    WorkflowToolKnowledge(\n        name=\"Tool B\",\n        integration=\"good\",\n        user_friendly=\"moderately user-friendly\",\n        pricing=\"freemium\",\n        scalability=\"medium\",\n        security=\"medium\",\n        support=\"business hours\",\n        trial_available=True,\n        mobile_support=False\n    ),\n    WorkflowToolKnowledge(\n        name=\"Tool C\",\n        integration=\"fair\",\n        user_friendly=\"not user-friendly\",\n        pricing=\"one-time purchase\",\n        scalability=\"low\",\n        security=\"low\",\n        support=\"email only\",\n        trial_available=False,\n        mobile_support=True\n    ),\n    WorkflowToolKnowledge(\n        name=\"Tool D\",\n        integration=\"excellent\",\n        user_friendly=\"very user-friendly\",\n        pricing=\"free\",\n        scalability=\"high\",\n        security=\"high\",\n        support=\"24/7\",\n        trial_available=True,\n        mobile_support=True\n    ),\n    WorkflowToolKnowledge(\n        name=\"Tool E\",\n        integration=\"good\",\n        user_friendly=\"moderately user-friendly\",\n        pricing=\"subscription\",\n        scalability=\"medium\",\n        security=\"medium\",\n        support=\"business hours\",\n        trial_available=False,\n        mobile_support=True\n    ),\n    WorkflowToolKnowledge(\n        name=\"Tool F\",\n        integration=\"poor\",\n        user_friendly=\"not user-friendly\",\n        pricing=\"freemium\",\n        scalability=\"low\",\n        security=\"low\",\n        support=\"none\",\n        trial_available=True,\n        mobile_support=False\n    ),\n    WorkflowToolKnowledge(\n        name=\"Tool G\",\n        integration=\"excellent\",\n        user_friendly=\"very user-friendly\",\n        pricing=\"subscription\",\n        scalability=\"high\",\n        security=\"high\",\n        support=\"24/7\",\n        trial_available=True,\n        mobile_support=True\n    ),\n    WorkflowToolKnowledge(\n        name=\"Tool H\",\n        integration=\"good\",\n        user_friendly=\"moderately user-friendly\",\n        pricing=\"one-time purchase\",\n        scalability=\"medium\",\n        security=\"medium\",\n        support=\"business hours\",\n        trial_available=False,\n        mobile_support=True\n    ),\n    WorkflowToolKnowledge(\n        name=\"Tool I\",\n        integration=\"fair\",\n        user_friendly=\"not user-friendly\",\n        pricing=\"free\",\n        scalability=\"low\",\n        security=\"low\",\n        support=\"email only\",\n        trial_available=True,\n        mobile_support=False\n    ),\n    WorkflowToolKnowledge(\n        name=\"Tool J\",\n        integration=\"excellent\",\n        user_friendly=\"very user-friendly\",\n        pricing=\"freemium\",\n        scalability=\"high\",\n        security=\"high\",\n        support=\"24/7\",\n        trial_available=True,\n        mobile_support=True\n    )\n]\n```",
    "database": [
      {
        "name": "Tool J",
        "integration": "excellent",
        "user_friendly": "very user-friendly",
        "pricing": "freemium",
        "scalability": "high",
        "security": "high",
        "support": "24/7",
        "trial_available": true,
        "mobile_support": true
      },
      {
        "name": "Tool D",
        "integration": "excellent",
        "user_friendly": "very user-friendly",
        "pricing": "free",
        "scalability": "high",
        "security": "high",
        "support": "24/7",
        "trial_available": true,
        "mobile_support": true
      },
      {
        "name": "Tool A",
        "integration": "excellent",
        "user_friendly": "very user-friendly",
        "pricing": "subscription",
        "scalability": "high",
        "security": "high",
        "support": "24/7",
        "trial_available": true,
        "mobile_support": true
      },
      {
        "name": "Tool D",
        "integration": "excellent",
        "user_friendly": "very user-friendly",
        "pricing": "one-time purchase",
        "scalability": "medium",
        "security": "high",
        "support": "business hours",
        "trial_available": false,
        "mobile_support": true
      },
      {
        "name": "Tool F",
        "integration": "poor",
        "user_friendly": "not user-friendly",
        "pricing": "freemium",
        "scalability": "low",
        "security": "low",
        "support": "none",
        "trial_available": true,
        "mobile_support": false
      },
      {
        "name": "Tool I",
        "integration": "fair",
        "user_friendly": "not user-friendly",
        "pricing": "free",
        "scalability": "low",
        "security": "low",
        "support": "email only",
        "trial_available": true,
        "mobile_support": false
      },
      {
        "name": "Tool H",
        "integration": "good",
        "user_friendly": "moderately user-friendly",
        "pricing": "one-time purchase",
        "scalability": "medium",
        "security": "medium",
        "support": "business hours",
        "trial_available": false,
        "mobile_support": true
      },
      {
        "name": "Tool G",
        "integration": "excellent",
        "user_friendly": "very user-friendly",
        "pricing": "subscription",
        "scalability": "high",
        "security": "high",
        "support": "24/7",
        "trial_available": true,
        "mobile_support": true
      },
      {
        "name": "Tool B",
        "integration": "good",
        "user_friendly": "moderately user-friendly",
        "pricing": "freemium",
        "scalability": "medium",
        "security": "medium",
        "support": "business hours",
        "trial_available": true,
        "mobile_support": false
      },
      {
        "name": "Tool B",
        "integration": "excellent",
        "user_friendly": "very user-friendly",
        "pricing": "subscription",
        "scalability": "high",
        "security": "high",
        "support": "24/7",
        "trial_available": true,
        "mobile_support": true
      },
      {
        "name": "Tool C",
        "integration": "fair",
        "user_friendly": "not user-friendly",
        "pricing": "one-time purchase",
        "scalability": "low",
        "security": "low",
        "support": "email only",
        "trial_available": false,
        "mobile_support": true
      },
      {
        "name": "Tool C",
        "integration": "good",
        "user_friendly": "moderately user-friendly",
        "pricing": "freemium",
        "scalability": "high",
        "security": "high",
        "support": "24/7",
        "trial_available": true,
        "mobile_support": true
      },
      {
        "name": "Tool E",
        "integration": "good",
        "user_friendly": "moderately user-friendly",
        "pricing": "subscription",
        "scalability": "medium",
        "security": "medium",
        "support": "business hours",
        "trial_available": false,
        "mobile_support": true
      }
    ],
    "goal": {
      "name": "Tool D",
      "integration": "excellent",
      "user_friendly": "very user-friendly",
      "pricing": "one-time purchase",
      "scalability": "medium",
      "security": "high",
      "support": "business hours",
      "trial_available": false,
      "mobile_support": true
    },
    "status": "complete"
  },
  {
    "domain": "user feedback tools",
    "turns": [
      [
        "Thanks! Now, I need help finding a user feedback tool. Any ideas?",
        {
          "name": null,
          "feedback_type": null,
          "analytics_support": null,
          "ease_of_setup": null,
          "integration_capabilities": true,
          "customization_options": null,
          "cost": "subscription",
          "user_limit": null,
          "multi_language_support": null,
          "real_time_feedback": null
        },
        "What specific features are you looking for in a user feedback tool?"
      ],
      [
        "I'm looking for a survey tool that supports real-time feedback and is easy to set up.",
        {
          "name": null,
          "feedback_type": "survey",
          "analytics_support": null,
          "ease_of_setup": "easy",
          "integration_capabilities": null,
          "customization_options": null,
          "cost": null,
          "user_limit": null,
          "multi_language_support": null,
          "real_time_feedback": true
        },
        "Do you have a budget in mind, like free, subscription, or one-time fee?"
      ],
      [
        "I prefer a free tool if possible.",
        {
          "name": null,
          "feedback_type": "survey",
          "analytics_support": null,
          "ease_of_setup": "easy",
          "integration_capabilities": null,
          "customization_options": null,
          "cost": "free",
          "user_limit": null,
          "multi_language_support": null,
          "real_time_feedback": true
        },
        "The \"QuickSurvey\" tool supports surveys and real-time feedback, but it's free and easy to set up. How does that sound?"
      ],
      [
        "That sounds great! Let's go with \"QuickSurvey.\"",
        {
          "name": "QuickSurvey",
          "feedback_type": "survey",
          "analytics_support": null,
          "ease_of_setup": "easy",
          "integration_capabilities": null,
          "customization_options": null,
          "cost": "free",
          "user_limit": null,
          "multi_language_support": null,
          "real_time_feedback": true
        },
        "Awesome choice! \"QuickSurvey\" it is. Happy collecting feedback!"
      ]
    ],
    "preferences_code": "```python\npreferences = UserFeedbackToolCriteria(\n    name=None,\n    feedback_type='survey',\n    analytics_support=False,\n    ease_of_setup='easy',\n    integration_capabilities=True,\n    customization_options=False,\n    cost='free',\n    user_limit=300,\n    multi_language_support=False,\n    real_time_feedback=True,\n)\n```",
    "red_herrings_code": "```python\n# Global variable containing a list of user feedback tool examples\nuser_feedback_tools = [\n    UserFeedbackTool(\n        name='QuickSurvey',\n        feedback_type='survey',\n        analytics_support=False,\n        ease_of_setup='easy',\n        integration_capabilities=True,\n        customization_options=False,\n        cost='free',\n        user_limit=300,\n        multi_language_support=False,\n        real_time_feedback=True,\n    ),\n    UserFeedbackTool(\n        name='InstantFeedback',\n        feedback_type='comment',\n        analytics_support=True,\n        ease_of_setup='moderate',\n        integration_capabilities=True,\n        customization_options=True,\n        cost='subscription',\n        user_limit=1000,\n        multi_language_support=True,\n        real_time_feedback=False,\n    ),\n    UserFeedbackTool(\n        name='PollMaster',\n        feedback_type='poll',\n        analytics_support=False,\n        ease_of_setup='easy',\n        integration_capabilities=False,\n        customization_options=False,\n        cost='one-time fee',\n        user_limit=400,\n        multi_language_support=False,\n        real_time_feedback=True,\n    ),\n]\n```",
    "database_code": "```python\n# Global variable containing a list of user feedback tool examples\nuser_feedback_tools = [\n    UserFeedbackTool(\n        name=\"SurveyMaster\",\n        feedback_type='survey',\n        analytics_support=True,\n        ease_of_setup='easy',\n        integration_capabilities=True,\n        customization_options=True,\n        cost='subscription',\n        user_limit=1000,\n        multi_language_support=True,\n        real_time_feedback=False\n    ),\n    UserFeedbackTool(\n        name=\"QuickPoll\",\n        feedback_type='poll',\n        analytics_support=False,\n        ease_of_setup='easy',\n        integration_capabilities=True,\n        customization_options=False,\n        cost='free',\n        user_limit=500,\n        multi_language_support=False,\n        real_time_feedback=True\n    ),\n    UserFeedbackTool(\n        name=\"RateIt\",\n        feedback_type='rating',\n        analytics_support=True,\n        ease_of_setup='moderate',\n        integration_capabilities=True,\n        customization_options=True,\n        cost='one-time fee',\n        user_limit=200,\n        multi_language_support=False,\n        real_time_feedback=True\n    ),\n    UserFeedbackTool(\n        name=\"CommentBox\",\n        feedback_type='comment',\n        analytics_support=True,\n        ease_of_setup='easy',\n        integration_capabilities=False,\n        customization_options=True,\n        cost='subscription',\n        user_limit=300,\n        multi_language_support=True,\n        real_time_feedback=False\n    ),\n    UserFeedbackTool(\n        name=\"FeedbackHub\",\n        feedback_type='all',\n        analytics_support=True,\n        ease_of_setup='complex',\n        integration_capabilities=True,\n        customization_options=True,\n        cost='subscription',\n        user_limit=5000,\n        multi_language_support=True,\n        real_time_feedback=True\n    ),\n    UserFeedbackTool(\n        name=\"Pollster\",\n        feedback_type='poll',\n        analytics_support=False,\n        ease_of_setup='easy',\n        integration_capabilities=False,\n        customization_options=False,\n        cost='free',\n        user_limit=100,\n        multi_language_support=False,\n        real_time_feedback=False\n    ),\n    UserFeedbackTool(\n        name=\"SurveyGenius\",\n        feedback_type='survey',\n        analytics_support=True,\n        ease_of_setup='moderate',\n        integration_capabilities=True,\n        customization_options=True,\n        cost='one-time fee',\n        user_limit=1500,\n        multi_language_support=True,\n        real_time_feedback=False\n    ),\n    UserFeedbackTool(\n        name=\"InstantFeedback\",\n        feedback_type='rating',\n        analytics_support=True,\n        ease_of_setup='easy',\n        integration_capabilities=True,\n        customization_options=False,\n        cost='subscription',\n        user_limit=250,\n        multi_language_support=False,\n        real_time_feedback=True\n    ),\n    UserFeedbackTool(\n        name=\"Commentary\",\n        feedback_type='comment',\n        analytics_support=False,\n        ease_of_setup='easy',\n        integration_capabilities=True,\n        customization_options=True,\n        cost='free',\n        user_limit=200,\n        multi_language_support=True,\n        real_time_feedback=False\n    ),\n    UserFeedbackTool(\n        name=\"AllInOneFeedback\",\n        feedback_type='all',\n        analytics_support=True,\n        ease_of_setup='complex',\n        integration_capabilities=True,\n        customization_options=True,\n        cost='subscription',\n        user_limit=10000,\n        multi_language_support=True,\n        real_time_feedback=True\n    )\n]\n```",
    "database": [
      {
        "name": "AllInOneFeedback",
        "feedback_type": "all",
        "analytics_support": true,
        "ease_of_setup": "complex",
        "integration_capabilities": true,
        "customization_options": true,
        "cost": "subscription",
        "user_limit": 10000,
        "multi_language_support": true,
        "real_time_feedback": true
      },
      {
        "name": "InstantFeedback",
        "feedback_type": "comment",
        "analytics_support": true,
        "ease_of_setup": "moderate",
        "integration_capabilities": true,
        "customization_options": true,
        "cost": "subscription",
        "user_limit": 1000,
        "multi_language_support": true,
        "real_time_feedback": false
      },
      {
        "name": "RateIt",
        "feedback_type": "rating",
        "analytics_support": true,
        "ease_of_setup": "moderate",
        "integration_capabilities": true,
        "customization_options": true,
        "cost": "one-time fee",
        "user_limit": 200,
        "multi_language_support": false,
        "real_time_feedback": true
      },
      {
        "name": "SurveyMaster",
        "feedback_type": "survey",
        "analytics_support": true,
        "ease_of_setup": "easy",
        "integration_capabilities": true,
        "customization_options": true,
        "cost": "subscription",
        "user_limit": 1000,
        "multi_language_support": true,
        "real_time_feedback": false
      },
      {
        "name": "InstantFeedback",
        "feedback_type": "rating",
        "analytics_support": true,
        "ease_of_setup": "easy",
        "integration_capabilities": true,
        "customization_options": false,
        "cost": "subscription",
        "user_limit": 250,
        "multi_language_support": false,
        "real_time_feedback": true
      },
      {
        "name": "CommentBox",
        "feedback_type": "comment",
        "analytics_support": true,
        "ease_of_setup": "easy",
        "integration_capabilities": false,
        "customization_options": true,
        "cost": "subscription",
        "user_limit": 300,
        "multi_language_support": true,
        "real_time_feedback": false
      },
      {
        "name": "QuickPoll",
        "feedback_type": "poll",
        "analytics_support": false,
        "ease_of_setup": "easy",
        "integration_capabilities": true,
        "customization_options": false,
        "cost": "free",
        "user_limit": 500,
        "multi_language_support": false,
        "real_time_feedback": true
      },
      {
        "name": "FeedbackHub",
        "feedback_type": "all",
        "analytics_support": true,
        "ease_of_setup": "complex",
        "integration_capabilities": true,
        "customization_options": true,
        "cost": "subscription",
        "user_limit": 5000,
        "multi_language_support": true,
        "real_time_feedback": true
      },
      {
        "name": "Pollster",
        "feedback_type": "poll",
        "analytics_support": false,
        "ease_of_setup": "easy",
        "integration_capabilities": false,
        "customization_options": false,
        "cost": "free",
        "user_limit": 100,
        "multi_language_support": false,
        "real_time_feedback": false
      },
      {
        "name": "PollMaster",
        "feedback_type": "poll",
        "analytics_support": false,
        "ease_of_setup": "easy",
        "integration_capabilities": false,
        "customization_options": false,
        "cost": "one-time fee",
        "user_limit": 400,
        "multi_language_support": false,
        "real_time_feedback": true
      },
      {
        "name": "SurveyGenius",
        "feedback_type": "survey",
        "analytics_support": true,
        "ease_of_setup": "moderate",
        "integration_capabilities": true,
        "customization_options": true,
        "cost": "one-time fee",
        "user_limit": 1500,
        "multi_language_support": true,
        "real_time_feedback": false
      },
      {
        "name": "QuickSurvey",
        "feedback_type": "survey",
        "analytics_support": false,
        "ease_of_setup": "easy",
        "integration_capabilities": true,
        "customization_options": false,
        "cost": "free",
        "user_limit": 300,
        "multi_language_support": false,
        "real_time_feedback": true
      },
      {
        "name": "Commentary",
        "feedback_type": "comment",
        "analytics_support": false,
        "ease_of_setup": "easy",
        "integration_capabilities": true,
        "customization_options": true,
        "cost": "free",
        "user_limit": 200,
        "multi_language_support": true,
        "real_time_feedback": false
      }
    ],
    "goal": {
      "name": "QuickSurvey",
      "feedback_type": "survey",
      "analytics_support": false,
      "ease_of_setup": "easy",
      "integration_capabilities": true,
      "customization_options": false,
      "cost": "free",
      "user_limit": 300,
      "multi_language_support": false,
      "real_time_feedback": true
    },
    "status": "complete"
  }
]