[
  {
    "domain": "design theme",
    "turns": [
      [
        "I'm looking for a dark theme with a single-column layout.",
        {
          "name": null,
          "color_scheme": "dark",
          "layout": "single-column",
          "style": null,
          "font_preference": null,
          "animation": null,
          "responsiveness": null,
          "accessibility": null,
          "customizable": null
        },
        "How about \"Classic Dark\"? It fits your criteria perfectly!"
      ],
      [
        "Does it support a serif font?",
        {
          "name": "Classic Dark",
          "color_scheme": "dark",
          "layout": "single-column",
          "style": "classic",
          "font_preference": "serif",
          "animation": null,
          "responsiveness": null,
          "accessibility": null,
          "customizable": null
        },
        "Yes, \"Classic Dark\" uses a serif font!"
      ],
      [
        "Great! What about animations\u2014are there any?",
        {
          "name": "Classic Dark",
          "color_scheme": "dark",
          "layout": "single-column",
          "style": "classic",
          "font_preference": "serif",
          "animation": null,
          "responsiveness": null,
          "accessibility": null,
          "customizable": null
        },
        "No, \"Classic Dark\" has no animations."
      ],
      [
        "Sounds perfect! Is it responsive for different screen sizes?",
        {
          "name": "Classic Dark",
          "color_scheme": "dark",
          "layout": "single-column",
          "style": "classic",
          "font_preference": "serif",
          "animation": "none",
          "responsiveness": null,
          "accessibility": null,
          "customizable": null
        },
        "Yes, \"Classic Dark\" is responsive!"
      ]
    ],
    "preferences_code": "```python\npreferences = DesignThemeCriteria(\n    name='Modern Dark',\n    color_scheme='dark',\n    layout='single-column',\n    style='modern',\n    font_preference='serif',\n    animation='none',\n    responsiveness=True,\n    accessibility=False,\n    customizable=False,\n)\n```",
    "red_herrings_code": "```python\n# Global variable containing a list of design theme examples\ndesign_theme_examples = [\n    DesignThemeKnowledge(\n        name='Classic Light',\n        color_scheme='light',\n        layout='single-column',\n        style='classic',\n        font_preference='serif',\n        animation='none',\n        responsiveness=True,\n        accessibility=False,\n        customizable=False,\n    ),\n    DesignThemeKnowledge(\n        name='Modern Dark',\n        color_scheme='dark',\n        layout='single-column',\n        style='modern',\n        font_preference='serif',\n        animation='none',\n        responsiveness=True,\n        accessibility=False,\n        customizable=False,\n    ),\n    DesignThemeKnowledge(\n        name='Classic Dark Minimal',\n        color_scheme='dark',\n        layout='single-column',\n        style='classic',\n        font_preference='sans-serif',\n        animation='none',\n        responsiveness=True,\n        accessibility=False,\n        customizable=False,\n    ),\n]\n```",
    "database_code": "```python\n# Global variable to hold a list of design theme examples\ndesign_themes = [\n    DesignThemeKnowledge(\n        name=\"Modern Light\",\n        color_scheme='light',\n        layout='grid',\n        style='modern',\n        font_preference='sans-serif',\n        animation='subtle',\n        responsiveness=True,\n        accessibility=True,\n        customizable=True\n    ),\n    DesignThemeKnowledge(\n        name=\"Classic Dark\",\n        color_scheme='dark',\n        layout='single-column',\n        style='classic',\n        font_preference='serif',\n        animation='none',\n        responsiveness=True,\n        accessibility=False,\n        customizable=False\n    ),\n    DesignThemeKnowledge(\n        name=\"Colorful Play\",\n        color_scheme='colorful',\n        layout='flex',\n        style='bold',\n        font_preference='sans-serif',\n        animation='dynamic',\n        responsiveness=True,\n        accessibility=True,\n        customizable=True\n    ),\n    DesignThemeKnowledge(\n        name=\"Minimalist Monochrome\",\n        color_scheme='monochrome',\n        layout='multi-column',\n        style='minimalist',\n        font_preference='sans-serif',\n        animation='none',\n        responsiveness=True,\n        accessibility=True,\n        customizable=True\n    ),\n    DesignThemeKnowledge(\n        name=\"Dynamic Grid\",\n        color_scheme='light',\n        layout='grid',\n        style='modern',\n        font_preference='monospace',\n        animation='dynamic',\n        responsiveness=True,\n        accessibility=True,\n        customizable=False\n    ),\n    DesignThemeKnowledge(\n        name=\"Elegant Classic\",\n        color_scheme='dark',\n        layout='single-column',\n        style='classic',\n        font_preference='serif',\n        animation='subtle',\n        responsiveness=True,\n        accessibility=True,\n        customizable=True\n    ),\n    DesignThemeKnowledge(\n        name=\"Vibrant Flex\",\n        color_scheme='colorful',\n        layout='flex',\n        style='bold',\n        font_preference='sans-serif',\n        animation='dynamic',\n        responsiveness=False,\n        accessibility=False,\n        customizable=True\n    ),\n    DesignThemeKnowledge(\n        name=\"Subtle Minimalist\",\n        color_scheme='monochrome',\n        layout='multi-column',\n        style='minimalist',\n        font_preference='serif',\n        animation='subtle',\n        responsiveness=True,\n        accessibility=True,\n        customizable=True\n    ),\n    DesignThemeKnowledge(\n        name=\"Responsive Modern\",\n        color_scheme='light',\n        layout='flex',\n        style='modern',\n        font_preference='sans-serif',\n        animation='none',\n        responsiveness=True,\n        accessibility=False,\n        customizable=True\n    ),\n    DesignThemeKnowledge(\n        name=\"Classic Monochrome\",\n        color_scheme='monochrome',\n        layout='single-column',\n        style='classic',\n        font_preference='serif',\n        animation='subtle',\n        responsiveness=False,\n        accessibility=True,\n        customizable=False\n    )\n]\n```",
    "database": [
      {
        "name": "Responsive Modern",
        "color_scheme": "light",
        "layout": "flex",
        "style": "modern",
        "font_preference": "sans-serif",
        "animation": "none",
        "responsiveness": true,
        "accessibility": false,
        "customizable": true
      },
      {
        "name": "Classic Dark",
        "color_scheme": "dark",
        "layout": "single-column",
        "style": "classic",
        "font_preference": "serif",
        "animation": "none",
        "responsiveness": true,
        "accessibility": false,
        "customizable": false
      },
      {
        "name": "Minimalist Monochrome",
        "color_scheme": "monochrome",
        "layout": "multi-column",
        "style": "minimalist",
        "font_preference": "sans-serif",
        "animation": "none",
        "responsiveness": true,
        "accessibility": true,
        "customizable": true
      },
      {
        "name": "Vibrant Flex",
        "color_scheme": "colorful",
        "layout": "flex",
        "style": "bold",
        "font_preference": "sans-serif",
        "animation": "dynamic",
        "responsiveness": false,
        "accessibility": false,
        "customizable": true
      },
      {
        "name": "Dynamic Grid",
        "color_scheme": "light",
        "layout": "grid",
        "style": "modern",
        "font_preference": "monospace",
        "animation": "dynamic",
        "responsiveness": true,
        "accessibility": true,
        "customizable": false
      },
      {
        "name": "Modern Dark",
        "color_scheme": "dark",
        "layout": "single-column",
        "style": "modern",
        "font_preference": "serif",
        "animation": "none",
        "responsiveness": true,
        "accessibility": false,
        "customizable": false
      },
      {
        "name": "Elegant Classic",
        "color_scheme": "dark",
        "layout": "single-column",
        "style": "classic",
        "font_preference": "serif",
        "animation": "subtle",
        "responsiveness": true,
        "accessibility": true,
        "customizable": true
      },
      {
        "name": "Colorful Play",
        "color_scheme": "colorful",
        "layout": "flex",
        "style": "bold",
        "font_preference": "sans-serif",
        "animation": "dynamic",
        "responsiveness": true,
        "accessibility": true,
        "customizable": true
      },
      {
        "name": "Classic Monochrome",
        "color_scheme": "monochrome",
        "layout": "single-column",
        "style": "classic",
        "font_preference": "serif",
        "animation": "subtle",
        "responsiveness": false,
        "accessibility": true,
        "customizable": false
      },
      {
        "name": "Classic Light",
        "color_scheme": "light",
        "layout": "single-column",
        "style": "classic",
        "font_preference": "serif",
        "animation": "none",
        "responsiveness": true,
        "accessibility": false,
        "customizable": false
      },
      {
        "name": "Subtle Minimalist",
        "color_scheme": "monochrome",
        "layout": "multi-column",
        "style": "minimalist",
        "font_preference": "serif",
        "animation": "subtle",
        "responsiveness": true,
        "accessibility": true,
        "customizable": true
      },
      {
        "name": "Classic Dark Minimal",
        "color_scheme": "dark",
        "layout": "single-column",
        "style": "classic",
        "font_preference": "sans-serif",
        "animation": "none",
        "responsiveness": true,
        "accessibility": false,
        "customizable": false
      },
      {
        "name": "Modern Light",
        "color_scheme": "light",
        "layout": "grid",
        "style": "modern",
        "font_preference": "sans-serif",
        "animation": "subtle",
        "responsiveness": true,
        "accessibility": true,
        "customizable": true
      }
    ],
    "goal": {
      "name": "Modern Dark",
      "color_scheme": "dark",
      "layout": "single-column",
      "style": "modern",
      "font_preference": "serif",
      "animation": "none",
      "responsiveness": true,
      "accessibility": false,
      "customizable": false
    },
    "status": "complete"
  },
  {
    "domain": "workflow tools",
    "turns": [
      [
        "Awesome! Now, can you help me find a workflow tool that integrates excellently with other platforms?",
        {
          "name": null,
          "integration": "excellent",
          "user_friendly": null,
          "pricing": null,
          "scalability": null,
          "security": null,
          "support": null,
          "trial_available": null,
          "mobile_support": null
        },
        "Sure! Are you looking for a specific pricing model?"
      ],
      [
        "I'm leaning towards a subscription pricing model.",
        {
          "name": null,
          "integration": "excellent",
          "user_friendly": null,
          "pricing": "subscription",
          "scalability": null,
          "security": null,
          "support": null,
          "trial_available": null,
          "mobile_support": null
        },
        "Got it! How about \"Tool A\"? It has excellent integration and a subscription model."
      ],
      [
        "Does \"Tool A\" offer a free trial?",
        {
          "name": "Tool A",
          "integration": "excellent",
          "user_friendly": null,
          "pricing": "subscription",
          "scalability": null,
          "security": null,
          "support": null,
          "trial_available": true,
          "mobile_support": null
        },
        "Yes, \"Tool A\" does offer a free trial!"
      ],
      [
        "That sounds great! Is it very user-friendly?",
        {
          "name": "Tool A",
          "integration": "excellent",
          "user_friendly": "very user-friendly",
          "pricing": "subscription",
          "scalability": null,
          "security": null,
          "support": null,
          "trial_available": true,
          "mobile_support": null
        },
        "Yes, \"Tool A\" is very user-friendly!"
      ],
      [
        "Perfect! How about its scalability\u2014can it handle growth?",
        {
          "name": "Tool A",
          "integration": "excellent",
          "user_friendly": "very user-friendly",
          "pricing": "subscription",
          "scalability": null,
          "security": null,
          "support": null,
          "trial_available": true,
          "mobile_support": null
        },
        "Yes, \"Tool A\" has high scalability!"
      ]
    ],
    "preferences_code": "```python\npreferences = WorkflowToolCriteria(\n    name='Tool A',\n    integration='excellent',\n    user_friendly='very user-friendly',\n    pricing='subscription',\n    scalability='high',\n    security='high',\n    support='24/7',\n    trial_available=True,\n    mobile_support=True,\n)\n```",
    "red_herrings_code": "```python\nworkflow_tools_examples = [\n    WorkflowToolKnowledge(\n        name='Tool A',\n        integration='excellent',\n        user_friendly='very user-friendly',\n        pricing='subscription',\n        scalability='high',\n        security='high',\n        support='24/7',\n        trial_available=True,\n        mobile_support=True,\n    ),\n    WorkflowToolKnowledge(\n        name='Tool B',\n        integration='good',\n        user_friendly='very user-friendly',\n        pricing='subscription',\n        scalability='high',\n        security='high',\n        support='business hours',\n        trial_available=True,\n        mobile_support=True,\n    ),\n    WorkflowToolKnowledge(\n        name='Tool C',\n        integration='excellent',\n        user_friendly='moderately user-friendly',\n        pricing='freemium',\n        scalability='high',\n        security='medium',\n        support='24/7',\n        trial_available=False,\n        mobile_support=True,\n    )\n]\n```",
    "database_code": "```python\n# Global variable representing a list of workflow tools examples.\nworkflow_tools_examples = [\n    WorkflowToolKnowledge(\n        name=\"Tool A\",\n        integration=\"excellent\",\n        user_friendly=\"very user-friendly\",\n        pricing=\"subscription\",\n        scalability=\"high\",\n        security=\"high\",\n        support=\"24/7\",\n        trial_available=True,\n        mobile_support=True\n    ),\n    WorkflowToolKnowledge(\n        name=\"Tool B\",\n        integration=\"good\",\n        user_friendly=\"moderately user-friendly\",\n        pricing=\"freemium\",\n        scalability=\"medium\",\n        security=\"medium\",\n        support=\"business hours\",\n        trial_available=True,\n        mobile_support=False\n    ),\n    WorkflowToolKnowledge(\n        name=\"Tool C\",\n        integration=\"fair\",\n        user_friendly=\"not user-friendly\",\n        pricing=\"one-time purchase\",\n        scalability=\"low\",\n        security=\"low\",\n        support=\"email only\",\n        trial_available=False,\n        mobile_support=False\n    ),\n    WorkflowToolKnowledge(\n        name=\"Tool D\",\n        integration=\"excellent\",\n        user_friendly=\"very user-friendly\",\n        pricing=\"free\",\n        scalability=\"high\",\n        security=\"high\",\n        support=\"24/7\",\n        trial_available=True,\n        mobile_support=True\n    ),\n    WorkflowToolKnowledge(\n        name=\"Tool E\",\n        integration=\"good\",\n        user_friendly=\"moderately user-friendly\",\n        pricing=\"subscription\",\n        scalability=\"medium\",\n        security=\"medium\",\n        support=\"business hours\",\n        trial_available=False,\n        mobile_support=True\n    ),\n    WorkflowToolKnowledge(\n        name=\"Tool F\",\n        integration=\"poor\",\n        user_friendly=\"not user-friendly\",\n        pricing=\"freemium\",\n        scalability=\"low\",\n        security=\"low\",\n        support=\"none\",\n        trial_available=True,\n        mobile_support=False\n    ),\n    WorkflowToolKnowledge(\n        name=\"Tool G\",\n        integration=\"excellent\",\n        user_friendly=\"very user-friendly\",\n        pricing=\"subscription\",\n        scalability=\"high\",\n        security=\"high\",\n        support=\"24/7\",\n        trial_available=True,\n        mobile_support=True\n    ),\n    WorkflowToolKnowledge(\n        name=\"Tool H\",\n        integration=\"good\",\n        user_friendly=\"moderately user-friendly\",\n        pricing=\"one-time purchase\",\n        scalability=\"medium\",\n        security=\"medium\",\n        support=\"business hours\",\n        trial_available=False,\n        mobile_support=True\n    ),\n    WorkflowToolKnowledge(\n        name=\"Tool I\",\n        integration=\"fair\",\n        user_friendly=\"not user-friendly\",\n        pricing=\"freemium\",\n        scalability=\"low\",\n        security=\"low\",\n        support=\"email only\",\n        trial_available=True,\n        mobile_support=False\n    ),\n    WorkflowToolKnowledge(\n        name=\"Tool J\",\n        integration=\"excellent\",\n        user_friendly=\"very user-friendly\",\n        pricing=\"free\",\n        scalability=\"high\",\n        security=\"high\",\n        support=\"24/7\",\n        trial_available=True,\n        mobile_support=True\n    )\n]\n```",
    "database": [
      {
        "name": "Tool H",
        "integration": "good",
        "user_friendly": "moderately user-friendly",
        "pricing": "one-time purchase",
        "scalability": "medium",
        "security": "medium",
        "support": "business hours",
        "trial_available": false,
        "mobile_support": true
      },
      {
        "name": "Tool J",
        "integration": "excellent",
        "user_friendly": "very user-friendly",
        "pricing": "free",
        "scalability": "high",
        "security": "high",
        "support": "24/7",
        "trial_available": true,
        "mobile_support": true
      },
      {
        "name": "Tool I",
        "integration": "fair",
        "user_friendly": "not user-friendly",
        "pricing": "freemium",
        "scalability": "low",
        "security": "low",
        "support": "email only",
        "trial_available": true,
        "mobile_support": false
      },
      {
        "name": "Tool B",
        "integration": "good",
        "user_friendly": "very user-friendly",
        "pricing": "subscription",
        "scalability": "high",
        "security": "high",
        "support": "business hours",
        "trial_available": true,
        "mobile_support": true
      },
      {
        "name": "Tool D",
        "integration": "excellent",
        "user_friendly": "very user-friendly",
        "pricing": "free",
        "scalability": "high",
        "security": "high",
        "support": "24/7",
        "trial_available": true,
        "mobile_support": true
      },
      {
        "name": "Tool C",
        "integration": "fair",
        "user_friendly": "not user-friendly",
        "pricing": "one-time purchase",
        "scalability": "low",
        "security": "low",
        "support": "email only",
        "trial_available": false,
        "mobile_support": false
      },
      {
        "name": "Tool G",
        "integration": "excellent",
        "user_friendly": "very user-friendly",
        "pricing": "subscription",
        "scalability": "high",
        "security": "high",
        "support": "24/7",
        "trial_available": true,
        "mobile_support": true
      },
      {
        "name": "Tool B",
        "integration": "good",
        "user_friendly": "moderately user-friendly",
        "pricing": "freemium",
        "scalability": "medium",
        "security": "medium",
        "support": "business hours",
        "trial_available": true,
        "mobile_support": false
      },
      {
        "name": "Tool E",
        "integration": "good",
        "user_friendly": "moderately user-friendly",
        "pricing": "subscription",
        "scalability": "medium",
        "security": "medium",
        "support": "business hours",
        "trial_available": false,
        "mobile_support": true
      },
      {
        "name": "Tool C",
        "integration": "excellent",
        "user_friendly": "moderately user-friendly",
        "pricing": "freemium",
        "scalability": "high",
        "security": "medium",
        "support": "24/7",
        "trial_available": false,
        "mobile_support": true
      },
      {
        "name": "Tool A",
        "integration": "excellent",
        "user_friendly": "very user-friendly",
        "pricing": "subscription",
        "scalability": "high",
        "security": "high",
        "support": "24/7",
        "trial_available": true,
        "mobile_support": true
      },
      {
        "name": "Tool F",
        "integration": "poor",
        "user_friendly": "not user-friendly",
        "pricing": "freemium",
        "scalability": "low",
        "security": "low",
        "support": "none",
        "trial_available": true,
        "mobile_support": false
      },
      {
        "name": "Tool A",
        "integration": "excellent",
        "user_friendly": "very user-friendly",
        "pricing": "subscription",
        "scalability": "high",
        "security": "high",
        "support": "24/7",
        "trial_available": true,
        "mobile_support": true
      }
    ],
    "goal": {
      "name": "Tool A",
      "integration": "excellent",
      "user_friendly": "very user-friendly",
      "pricing": "subscription",
      "scalability": "high",
      "security": "high",
      "support": "24/7",
      "trial_available": true,
      "mobile_support": true
    },
    "status": "complete"
  },
  {
    "domain": "user feedback tools",
    "turns": [
      [
        "That's awesome! Now, can you help me find a user feedback tool?",
        {
          "name": null,
          "feedback_type": null,
          "analytics_support": null,
          "ease_of_setup": null,
          "integration_capabilities": null,
          "customization_options": null,
          "cost": "subscription",
          "user_limit": null,
          "multi_language_support": null,
          "real_time_feedback": null
        },
        "Sure! What features are you looking for in a user feedback tool?"
      ],
      [
        "I'm interested in a tool that supports polls and offers real-time feedback.",
        {
          "name": null,
          "feedback_type": "poll",
          "analytics_support": null,
          "ease_of_setup": null,
          "integration_capabilities": null,
          "customization_options": null,
          "cost": null,
          "user_limit": null,
          "multi_language_support": null,
          "real_time_feedback": true
        },
        "I recommend \"Poll Everywhere\"; it supports polls and real-time feedback!"
      ],
      [
        "Does \"Poll Everywhere\" have integration capabilities?",
        {
          "name": "Poll Everywhere",
          "feedback_type": "poll",
          "analytics_support": null,
          "ease_of_setup": null,
          "integration_capabilities": true,
          "customization_options": null,
          "cost": null,
          "user_limit": null,
          "multi_language_support": null,
          "real_time_feedback": true
        },
        "Yes, \"Poll Everywhere\" has integration capabilities!"
      ],
      [
        "Great! What about customization options\u2014can I customize it?",
        {
          "name": "Poll Everywhere",
          "feedback_type": "poll",
          "analytics_support": null,
          "ease_of_setup": null,
          "integration_capabilities": true,
          "customization_options": true,
          "cost": null,
          "user_limit": null,
          "multi_language_support": null,
          "real_time_feedback": true
        },
        "No, \"Poll Everywhere\" does not offer customization options."
      ],
      [
        "Hmm, I prefer a tool with customization options. Any other suggestions?",
        {
          "name": null,
          "feedback_type": "poll",
          "analytics_support": null,
          "ease_of_setup": null,
          "integration_capabilities": true,
          "customization_options": false,
          "cost": null,
          "user_limit": null,
          "multi_language_support": null,
          "real_time_feedback": true
        },
        "How about \"Typeform\"? It supports polls and offers customization options!"
      ],
      [
        "Does \"Typeform\" support real-time feedback as well?",
        {
          "name": "Typeform",
          "feedback_type": "poll",
          "analytics_support": null,
          "ease_of_setup": null,
          "integration_capabilities": true,
          "customization_options": true,
          "cost": null,
          "user_limit": null,
          "multi_language_support": null,
          "real_time_feedback": true
        },
        "Yes, \"Typeform\" supports real-time feedback!"
      ],
      [
        "Awesome! What\u2019s the cost structure for \"Typeform\"?",
        {
          "name": "Typeform",
          "feedback_type": "poll",
          "analytics_support": null,
          "ease_of_setup": null,
          "integration_capabilities": true,
          "customization_options": true,
          "cost": "subscription",
          "user_limit": null,
          "multi_language_support": null,
          "real_time_feedback": true
        },
        "\"Typeform\" has a subscription cost structure."
      ],
      [
        "Perfect! Does it have a user limit, and if so, what is it?",
        {
          "name": "Typeform",
          "feedback_type": "poll",
          "analytics_support": null,
          "ease_of_setup": null,
          "integration_capabilities": true,
          "customization_options": true,
          "cost": "subscription",
          "user_limit": null,
          "multi_language_support": null,
          "real_time_feedback": true
        },
        "Yes, \"Typeform\" has a user limit of 50."
      ],
      [
        "That fits my needs! Is there multi-language support available?",
        {
          "name": "Typeform",
          "feedback_type": "poll",
          "analytics_support": null,
          "ease_of_setup": null,
          "integration_capabilities": true,
          "customization_options": true,
          "cost": "subscription",
          "user_limit": 50,
          "multi_language_support": null,
          "real_time_feedback": true
        },
        "No, \"Typeform\" does not support multiple languages."
      ],
      [
        "That's okay! I think \"Typeform\" is a solid choice for my needs.",
        {
          "name": "Typeform",
          "feedback_type": "poll",
          "analytics_support": null,
          "ease_of_setup": null,
          "integration_capabilities": true,
          "customization_options": true,
          "cost": "subscription",
          "user_limit": 50,
          "multi_language_support": false,
          "real_time_feedback": true
        },
        "Great choice! \"Typeform\" will work well for you!"
      ]
    ],
    "preferences_code": "```python\npreferences = UserFeedbackToolCriteria(\n    name=None,\n    feedback_type='poll',\n    analytics_support=True,\n    ease_of_setup='moderate',\n    integration_capabilities=True,\n    customization_options=True,\n    cost='subscription',\n    user_limit=50,\n    multi_language_support=False,\n    real_time_feedback=True,\n)\n```",
    "red_herrings_code": "```python\nuser_feedback_tools_examples = [\n    UserFeedbackTool(\n        name='SurveyMonkey',\n        feedback_type='survey',\n        analytics_support=True,\n        ease_of_setup='easy',\n        integration_capabilities=True,\n        customization_options=True,\n        cost='subscription',\n        user_limit=200,\n        multi_language_support=True,\n        real_time_feedback=False,\n    ),\n    UserFeedbackTool(\n        name='Typeform',\n        feedback_type='poll',\n        analytics_support=True,\n        ease_of_setup='moderate',\n        integration_capabilities=True,\n        customization_options=True,\n        cost='subscription',\n        user_limit=50,\n        multi_language_support=False,\n        real_time_feedback=True,\n    ),\n    UserFeedbackTool(\n        name='Qualtrics',\n        feedback_type='survey',\n        analytics_support=True,\n        ease_of_setup='complex',\n        integration_capabilities=True,\n        customization_options=True,\n        cost='subscription',\n        user_limit=500,\n        multi_language_support=True,\n        real_time_feedback=True,\n    ),\n]\n```",
    "database_code": "```python\n# Global variable to store examples of user feedback tools\nuser_feedback_tools = [\n    UserFeedbackTool(\n        name=\"SurveyMonkey\",\n        feedback_type='survey',\n        analytics_support=True,\n        ease_of_setup='easy',\n        integration_capabilities=True,\n        customization_options=True,\n        cost='subscription',\n        user_limit=1000,\n        multi_language_support=True,\n        real_time_feedback=False\n    ),\n    UserFeedbackTool(\n        name=\"Google Forms\",\n        feedback_type='survey',\n        analytics_support=False,\n        ease_of_setup='easy',\n        integration_capabilities=True,\n        customization_options=False,\n        cost='free',\n        user_limit=None,\n        multi_language_support=True,\n        real_time_feedback=False\n    ),\n    UserFeedbackTool(\n        name=\"Typeform\",\n        feedback_type='survey',\n        analytics_support=True,\n        ease_of_setup='moderate',\n        integration_capabilities=True,\n        customization_options=True,\n        cost='subscription',\n        user_limit=500,\n        multi_language_support=True,\n        real_time_feedback=True\n    ),\n    UserFeedbackTool(\n        name=\"Qualtrics\",\n        feedback_type='all',\n        analytics_support=True,\n        ease_of_setup='complex',\n        integration_capabilities=True,\n        customization_options=True,\n        cost='subscription',\n        user_limit=10000,\n        multi_language_support=True,\n        real_time_feedback=True\n    ),\n    UserFeedbackTool(\n        name=\"Poll Everywhere\",\n        feedback_type='poll',\n        analytics_support=True,\n        ease_of_setup='easy',\n        integration_capabilities=True,\n        customization_options=False,\n        cost='subscription',\n        user_limit=200,\n        multi_language_support=False,\n        real_time_feedback=True\n    ),\n    UserFeedbackTool(\n        name=\"Feedbackify\",\n        feedback_type='comment',\n        analytics_support=True,\n        ease_of_setup='moderate',\n        integration_capabilities=True,\n        customization_options=True,\n        cost='subscription',\n        user_limit=300,\n        multi_language_support=True,\n        real_time_feedback=False\n    ),\n    UserFeedbackTool(\n        name=\"UserVoice\",\n        feedback_type='all',\n        analytics_support=True,\n        ease_of_setup='moderate',\n        integration_capabilities=True,\n        customization_options=True,\n        cost='subscription',\n        user_limit=1000,\n        multi_language_support=True,\n        real_time_feedback=False\n    ),\n    UserFeedbackTool(\n        name=\"Hotjar\",\n        feedback_type='comment',\n        analytics_support=True,\n        ease_of_setup='easy',\n        integration_capabilities=True,\n        customization_options=False,\n        cost='subscription',\n        user_limit=100,\n        multi_language_support=False,\n        real_time_feedback=True\n    ),\n    UserFeedbackTool(\n        name=\"Usabilla\",\n        feedback_type='comment',\n        analytics_support=True,\n        ease_of_setup='moderate',\n        integration_capabilities=True,\n        customization_options=True,\n        cost='subscription',\n        user_limit=500,\n        multi_language_support=True,\n        real_time_feedback=True\n    ),\n    UserFeedbackTool(\n        name=\"Microsoft Forms\",\n        feedback_type='survey',\n        analytics_support=False,\n        ease_of_setup='easy',\n        integration_capabilities=True,\n        customization_options=False,\n        cost='free',\n        user_limit=None,\n        multi_language_support=True,\n        real_time_feedback=False\n    )\n]\n```",
    "database": [
      {
        "name": "Qualtrics",
        "feedback_type": "survey",
        "analytics_support": true,
        "ease_of_setup": "complex",
        "integration_capabilities": true,
        "customization_options": true,
        "cost": "subscription",
        "user_limit": 500,
        "multi_language_support": true,
        "real_time_feedback": true
      },
      {
        "name": "Usabilla",
        "feedback_type": "comment",
        "analytics_support": true,
        "ease_of_setup": "moderate",
        "integration_capabilities": true,
        "customization_options": true,
        "cost": "subscription",
        "user_limit": 500,
        "multi_language_support": true,
        "real_time_feedback": true
      },
      {
        "name": "Typeform",
        "feedback_type": "survey",
        "analytics_support": true,
        "ease_of_setup": "moderate",
        "integration_capabilities": true,
        "customization_options": true,
        "cost": "subscription",
        "user_limit": 500,
        "multi_language_support": true,
        "real_time_feedback": true
      },
      {
        "name": "Feedbackify",
        "feedback_type": "comment",
        "analytics_support": true,
        "ease_of_setup": "moderate",
        "integration_capabilities": true,
        "customization_options": true,
        "cost": "subscription",
        "user_limit": 300,
        "multi_language_support": true,
        "real_time_feedback": false
      },
      {
        "name": "SurveyMonkey",
        "feedback_type": "survey",
        "analytics_support": true,
        "ease_of_setup": "easy",
        "integration_capabilities": true,
        "customization_options": true,
        "cost": "subscription",
        "user_limit": 1000,
        "multi_language_support": true,
        "real_time_feedback": false
      },
      {
        "name": "Google Forms",
        "feedback_type": "survey",
        "analytics_support": false,
        "ease_of_setup": "easy",
        "integration_capabilities": true,
        "customization_options": false,
        "cost": "free",
        "user_limit": null,
        "multi_language_support": true,
        "real_time_feedback": false
      },
      {
        "name": "Poll Everywhere",
        "feedback_type": "poll",
        "analytics_support": true,
        "ease_of_setup": "easy",
        "integration_capabilities": true,
        "customization_options": false,
        "cost": "subscription",
        "user_limit": 200,
        "multi_language_support": false,
        "real_time_feedback": true
      },
      {
        "name": "Qualtrics",
        "feedback_type": "all",
        "analytics_support": true,
        "ease_of_setup": "complex",
        "integration_capabilities": true,
        "customization_options": true,
        "cost": "subscription",
        "user_limit": 10000,
        "multi_language_support": true,
        "real_time_feedback": true
      },
      {
        "name": "Typeform",
        "feedback_type": "poll",
        "analytics_support": true,
        "ease_of_setup": "moderate",
        "integration_capabilities": true,
        "customization_options": true,
        "cost": "subscription",
        "user_limit": 50,
        "multi_language_support": false,
        "real_time_feedback": true
      },
      {
        "name": "SurveyMonkey",
        "feedback_type": "survey",
        "analytics_support": true,
        "ease_of_setup": "easy",
        "integration_capabilities": true,
        "customization_options": true,
        "cost": "subscription",
        "user_limit": 200,
        "multi_language_support": true,
        "real_time_feedback": false
      },
      {
        "name": "Microsoft Forms",
        "feedback_type": "survey",
        "analytics_support": false,
        "ease_of_setup": "easy",
        "integration_capabilities": true,
        "customization_options": false,
        "cost": "free",
        "user_limit": null,
        "multi_language_support": true,
        "real_time_feedback": false
      },
      {
        "name": "Hotjar",
        "feedback_type": "comment",
        "analytics_support": true,
        "ease_of_setup": "easy",
        "integration_capabilities": true,
        "customization_options": false,
        "cost": "subscription",
        "user_limit": 100,
        "multi_language_support": false,
        "real_time_feedback": true
      },
      {
        "name": "UserVoice",
        "feedback_type": "all",
        "analytics_support": true,
        "ease_of_setup": "moderate",
        "integration_capabilities": true,
        "customization_options": true,
        "cost": "subscription",
        "user_limit": 1000,
        "multi_language_support": true,
        "real_time_feedback": false
      }
    ],
    "goal": {
      "name": "Typeform",
      "feedback_type": "poll",
      "analytics_support": true,
      "ease_of_setup": "moderate",
      "integration_capabilities": true,
      "customization_options": true,
      "cost": "subscription",
      "user_limit": 50,
      "multi_language_support": false,
      "real_time_feedback": true
    },
    "status": "complete"
  }
]