[
  {
    "searcher": "philanthropist",
    "recommender": "fundraiser",
    "dialogue": "A philanthropist is getting help from a fundraiser to find the right charity",
    "item_type": "charity",
    "criteria": [
      "mission",
      "location"
    ],
    "searcher_schema_code": "```python\nfrom dataclasses import dataclass\nfrom typing import Optional, List, Literal\n\n@dataclass\nclass CharitySearchCriteria:\n    \"\"\"\n    Dataclass to represent the criteria and preferences for finding a charity.\n    \"\"\"\n\n    name: Optional[str] = None\n    \"\"\"The specific name of the charity, if the philanthropist has one in mind.\"\"\"\n\n    mission: Optional[str] = None\n    \"\"\"The mission or cause the charity supports, such as 'education', 'health', or 'environment'.\"\"\"\n\n    location: Optional[str] = None\n    \"\"\"The geographic location of the charity, which can be a city, state, or country.\"\"\"\n\n    size: Optional[Literal['small', 'medium', 'large']] = None\n    \"\"\"The size of the charity, which can be categorized as 'small', 'medium', or 'large'.\"\"\"\n\n    rating: Optional[Literal['high', 'medium', 'low']] = None\n    \"\"\"The rating of the charity, with possible values being 'high', 'medium', or 'low'.\"\"\"\n\n    years_operating: Optional[int] = None\n    \"\"\"The number of years the charity has been in operation.\"\"\"\n\n    operational_transparency: Optional[Literal['high', 'medium', 'low']] = None\n    \"\"\"The level of operational transparency of the charity, which can be 'high', 'medium', or 'low'.\"\"\"\n\n    financial_efficiency: Optional[Literal['high', 'medium', 'low']] = None\n    \"\"\"The financial efficiency of the charity, with potential values as 'high', 'medium', or 'low'.\"\"\"\n\n    supported_population: Optional[List[str]] = None\n    \"\"\"The specific population or communities the charity supports, such as 'children', 'elderly', or 'veterans'.\"\"\"\n\n    volunteer_opportunities: Optional[bool] = None\n    \"\"\"Indicates if the charity offers volunteer opportunities, with True or False as possible values.\"\"\"\n\n    donation_preference: Optional[Literal['one-time', 'recurring']] = None\n    \"\"\"The preferred donation method, either 'one-time' or 'recurring'.\"\"\"\n```",
    "recommender_schema_code": "```python\nfrom dataclasses import dataclass\nfrom typing import Optional, List, Literal\n\n@dataclass\nclass CharityInformation:\n    \"\"\"\n    Dataclass to represent the information known by the fundraiser about a charity.\n    \"\"\"\n\n    name: Optional[str] = None\n    \"\"\"The specific name of the charity.\"\"\"\n\n    mission: Optional[str] = None\n    \"\"\"The mission or cause the charity supports.\"\"\"\n\n    location: Optional[str] = None\n    \"\"\"The geographic location of the charity.\"\"\"\n\n    size: Optional[Literal['small', 'medium', 'large']] = None\n    \"\"\"The size of the charity.\"\"\"\n\n    rating: Optional[Literal['high', 'medium', 'low']] = None\n    \"\"\"The rating of the charity.\"\"\"\n\n    years_operating: Optional[int] = None\n    \"\"\"The number of years the charity has been in operation.\"\"\"\n\n    operational_transparency: Optional[Literal['high', 'medium', 'low']] = None\n    \"\"\"The level of operational transparency of the charity.\"\"\"\n\n    financial_efficiency: Optional[Literal['high', 'medium', 'low']] = None\n    \"\"\"The financial efficiency of the charity.\"\"\"\n\n    supported_population: Optional[List[str]] = None\n    \"\"\"The specific population or communities the charity supports.\"\"\"\n\n    volunteer_opportunities: Optional[bool] = None\n    \"\"\"Indicates if the charity offers volunteer opportunities.\"\"\"\n\n    donation_preference: Optional[Literal['one-time', 'recurring']] = None\n    \"\"\"The donation method preferred by the charity.\"\"\"\n\n    def matches_criteria(self, criteria: CharitySearchCriteria) -> bool:\n        \"\"\"\n        Determines if the charity matches the given search criteria. Returns True if all specified criteria match,\n        otherwise returns False.\n        \"\"\"\n        if criteria.name is not None and self.name != criteria.name:\n            return False\n        if criteria.mission is not None and self.mission != criteria.mission:\n            return False\n        if criteria.location is not None and self.location != criteria.location:\n            return False\n        if criteria.size is not None and self.size != criteria.size:\n            return False\n        if criteria.rating is not None and self.rating != criteria.rating:\n            return False\n        if criteria.years_operating is not None and self.years_operating != criteria.years_operating:\n            return False\n        if criteria.operational_transparency is not None and self.operational_transparency != criteria.operational_transparency:\n            return False\n        if criteria.financial_efficiency is not None and self.financial_efficiency != criteria.financial_efficiency:\n            return False\n        if criteria.supported_population is not None:\n            if not self.supported_population or not all(pop in self.supported_population for pop in criteria.supported_population):\n                return False\n        if criteria.volunteer_opportunities is not None and self.volunteer_opportunities != criteria.volunteer_opportunities:\n            return False\n        if criteria.donation_preference is not None and self.donation_preference != criteria.donation_preference:\n            return False\n        return True\n```",
    "searcher_schema": {
      "name": {
        "type": "typing.Optional[str]",
        "desc": ""
      },
      "mission": {
        "type": "typing.Optional[str]",
        "desc": "The specific name of the charity, if the philanthropist has one in mind."
      },
      "location": {
        "type": "typing.Optional[str]",
        "desc": "The mission or cause the charity supports, such as 'education', 'health', or 'environment'."
      },
      "size": {
        "type": "typing.Optional[typing.Literal['small', 'medium', 'large']]",
        "desc": "The geographic location of the charity, which can be a city, state, or country."
      },
      "rating": {
        "type": "typing.Optional[typing.Literal['low', 'medium', 'high']]",
        "desc": "The size of the charity, which can be categorized as 'small', 'medium', or 'large'."
      },
      "years_operating": {
        "type": "typing.Optional[int]",
        "desc": "The rating of the charity, with possible values being 'high', 'medium', or 'low'."
      },
      "operational_transparency": {
        "type": "typing.Optional[typing.Literal['low', 'medium', 'high']]",
        "desc": "The number of years the charity has been in operation."
      },
      "financial_efficiency": {
        "type": "typing.Optional[typing.Literal['low', 'medium', 'high']]",
        "desc": "The level of operational transparency of the charity, which can be 'high', 'medium', or 'low'."
      },
      "supported_population": {
        "type": "typing.Optional[typing.List[str]]",
        "desc": "The financial efficiency of the charity, with potential values as 'high', 'medium', or 'low'."
      },
      "volunteer_opportunities": {
        "type": "typing.Optional[bool]",
        "desc": "The specific population or communities the charity supports, such as 'children', 'elderly', or 'veterans'."
      },
      "donation_preference": {
        "type": "typing.Optional[typing.Literal['one-time', 'recurring']]",
        "desc": "Indicates if the charity offers volunteer opportunities, with True or False as possible values."
      }
    },
    "recommender_schema": {
      "name": {
        "type": "typing.Optional[str]",
        "desc": ""
      },
      "mission": {
        "type": "typing.Optional[str]",
        "desc": "The specific name of the charity."
      },
      "location": {
        "type": "typing.Optional[str]",
        "desc": "The mission or cause the charity supports."
      },
      "size": {
        "type": "typing.Optional[typing.Literal['small', 'medium', 'large']]",
        "desc": "The geographic location of the charity."
      },
      "rating": {
        "type": "typing.Optional[typing.Literal['low', 'medium', 'high']]",
        "desc": "The size of the charity."
      },
      "years_operating": {
        "type": "typing.Optional[int]",
        "desc": "The rating of the charity."
      },
      "operational_transparency": {
        "type": "typing.Optional[typing.Literal['low', 'medium', 'high']]",
        "desc": "The number of years the charity has been in operation."
      },
      "financial_efficiency": {
        "type": "typing.Optional[typing.Literal['low', 'medium', 'high']]",
        "desc": "The level of operational transparency of the charity."
      },
      "supported_population": {
        "type": "typing.Optional[typing.List[str]]",
        "desc": "The financial efficiency of the charity."
      },
      "volunteer_opportunities": {
        "type": "typing.Optional[bool]",
        "desc": "The specific population or communities the charity supports."
      },
      "donation_preference": {
        "type": "typing.Optional[typing.Literal['one-time', 'recurring']]",
        "desc": "Indicates if the charity offers volunteer opportunities."
      }
    }
  },
  {
    "searcher": "philanthropist",
    "recommender": "fundraiser",
    "dialogue": "A philanthropist is getting help from a fundraiser to find the right gala event",
    "item_type": "gala event",
    "criteria": [
      "theme",
      "date"
    ],
    "searcher_schema_code": "```python\nfrom dataclasses import dataclass\nfrom typing import Optional, Literal\nfrom datetime import date\n\n@dataclass\nclass GalaEventCriteria:\n    \"\"\"\n    Dataclass representing the criteria and preferences for finding a gala event.\n    \"\"\"\n    \n    name: Optional[str] = None\n    \"\"\"The name of the specific gala event the philanthropist may be looking for.\"\"\"\n    \n    theme: Optional[str] = None\n    \"\"\"The theme of the gala event, for example, 'Masquerade', 'Black Tie', etc.\"\"\"\n    \n    date: Optional[date] = None\n    \"\"\"The specific date on which the gala event is happening.\"\"\"\n    \n    location: Optional[str] = None\n    \"\"\"The city or venue where the gala event is being held.\"\"\"\n    \n    dress_code: Optional[Literal['Casual', 'Semi-Formal', 'Formal', 'Black Tie', 'Costume']] = None\n    \"\"\"The dress code for the gala event, if specified.\"\"\"\n    \n    ticket_price_range: Optional[tuple[float, float]] = None\n    \"\"\"The range of ticket prices the philanthropist is willing to consider for the gala event.\"\"\"\n    \n    charity_focus: Optional[str] = None\n    \"\"\"The focus area of the charity benefiting from the gala event, such as 'Education', 'Health', etc.\"\"\"\n    \n    expected_attendees: Optional[int] = None\n    \"\"\"Estimated number of attendees expected at the gala event.\"\"\"\n    \n    food_and_beverage: Optional[Literal['Vegan', 'Vegetarian', 'Non-Vegetarian', 'Halal', 'Kosher', 'No Preference']] = None\n    \"\"\"The preferred type of food and beverage offering at the event.\"\"\"\n    \n    accessibility_options: Optional[Literal['Wheelchair Accessible', 'Sign Language Interpretation', 'Audio Descriptions', 'No Preference']] = None\n    \"\"\"Accessibility options available or preferred for the event.\"\"\"\n    \n    entertainment_type: Optional[Literal['Live Music', 'DJ', 'Speakers', 'Theater', 'No Preference']] = None\n    \"\"\"Preferred type of entertainment provided at the gala event.\"\"\"\n```",
    "recommender_schema_code": "```python\nfrom dataclasses import dataclass\nfrom typing import Optional, Literal\nfrom datetime import date\n\n@dataclass\nclass GalaEvent:\n    \"\"\"\n    Dataclass representing the details of a gala event known to the fundraiser.\n    \"\"\"\n\n    name: Optional[str] = None\n    \"\"\"The name of the gala event.\"\"\"\n\n    theme: Optional[str] = None\n    \"\"\"The theme of the gala event.\"\"\"\n\n    date: Optional[date] = None\n    \"\"\"The date on which the gala event is happening.\"\"\"\n\n    location: Optional[str] = None\n    \"\"\"The city or venue where the gala event is held.\"\"\"\n\n    dress_code: Optional[Literal['Casual', 'Semi-Formal', 'Formal', 'Black Tie', 'Costume']] = None\n    \"\"\"The dress code for the gala event.\"\"\"\n\n    ticket_price: Optional[float] = None\n    \"\"\"The price of a ticket to the gala event.\"\"\"\n\n    charity_focus: Optional[str] = None\n    \"\"\"The focus area of the charity benefiting from the gala event.\"\"\"\n\n    expected_attendees: Optional[int] = None\n    \"\"\"The estimated number of attendees expected at the gala event.\"\"\"\n\n    food_and_beverage: Optional[Literal['Vegan', 'Vegetarian', 'Non-Vegetarian', 'Halal', 'Kosher', 'No Preference']] = None\n    \"\"\"The type of food and beverage offering at the event.\"\"\"\n\n    accessibility_options: Optional[Literal['Wheelchair Accessible', 'Sign Language Interpretation', 'Audio Descriptions', 'No Preference']] = None\n    \"\"\"Accessibility options available at the event.\"\"\"\n\n    entertainment_type: Optional[Literal['Live Music', 'DJ', 'Speakers', 'Theater', 'No Preference']] = None\n    \"\"\"Type of entertainment provided at the gala event.\"\"\"\n\n    def matches_criteria(self, criteria: GalaEventCriteria) -> bool:\n        \"\"\"\n        Determine if the gala event matches the given search criteria.\n\n        Parameters:\n        criteria (GalaEventCriteria): The search criteria to compare against.\n\n        Returns:\n        bool: True if the gala event matches the criteria, otherwise False.\n        \"\"\"\n        if criteria.name and self.name != criteria.name:\n            return False\n        if criteria.theme and self.theme != criteria.theme:\n            return False\n        if criteria.date and self.date != criteria.date:\n            return False\n        if criteria.location and self.location != criteria.location:\n            return False\n        if criteria.dress_code and self.dress_code != criteria.dress_code:\n            return False\n        if criteria.ticket_price_range:\n            min_price, max_price = criteria.ticket_price_range\n            if self.ticket_price is None or not (min_price <= self.ticket_price <= max_price):\n                return False\n        if criteria.charity_focus and self.charity_focus != criteria.charity_focus:\n            return False\n        if criteria.expected_attendees and self.expected_attendees != criteria.expected_attendees:\n            return False\n        if criteria.food_and_beverage and self.food_and_beverage != criteria.food_and_beverage:\n            return False\n        if criteria.accessibility_options and self.accessibility_options != criteria.accessibility_options:\n            return False\n        if criteria.entertainment_type and self.entertainment_type != criteria.entertainment_type:\n            return False\n        return True\n```",
    "searcher_schema": {
      "name": {
        "type": "typing.Optional[str]",
        "desc": ""
      },
      "theme": {
        "type": "typing.Optional[str]",
        "desc": "The name of the specific gala event the philanthropist may be looking for."
      },
      "date": {
        "type": "<class 'NoneType'>",
        "desc": "The theme of the gala event, for example, 'Masquerade', 'Black Tie', etc."
      },
      "location": {
        "type": "typing.Optional[str]",
        "desc": "The specific date on which the gala event is happening."
      },
      "dress_code": {
        "type": "typing.Optional[typing.Literal['Casual', 'Semi-Formal', 'Formal', 'Black Tie', 'Costume']]",
        "desc": "The city or venue where the gala event is being held."
      },
      "ticket_price_range": {
        "type": "typing.Optional[tuple[float, float]]",
        "desc": "The dress code for the gala event, if specified."
      },
      "charity_focus": {
        "type": "typing.Optional[str]",
        "desc": "The range of ticket prices the philanthropist is willing to consider for the gala event."
      },
      "expected_attendees": {
        "type": "typing.Optional[int]",
        "desc": "The focus area of the charity benefiting from the gala event, such as 'Education', 'Health', etc."
      },
      "food_and_beverage": {
        "type": "typing.Optional[typing.Literal['Vegan', 'Vegetarian', 'Non-Vegetarian', 'Halal', 'Kosher', 'No Preference']]",
        "desc": "Estimated number of attendees expected at the gala event."
      },
      "accessibility_options": {
        "type": "typing.Optional[typing.Literal['Wheelchair Accessible', 'Sign Language Interpretation', 'Audio Descriptions', 'No Preference']]",
        "desc": "The preferred type of food and beverage offering at the event."
      },
      "entertainment_type": {
        "type": "typing.Optional[typing.Literal['Live Music', 'DJ', 'Speakers', 'Theater', 'No Preference']]",
        "desc": "Accessibility options available or preferred for the event."
      }
    },
    "recommender_schema": {
      "name": {
        "type": "typing.Optional[str]",
        "desc": ""
      },
      "theme": {
        "type": "typing.Optional[str]",
        "desc": "The name of the gala event."
      },
      "date": {
        "type": "<class 'NoneType'>",
        "desc": "The theme of the gala event."
      },
      "location": {
        "type": "typing.Optional[str]",
        "desc": "The date on which the gala event is happening."
      },
      "dress_code": {
        "type": "typing.Optional[typing.Literal['Casual', 'Semi-Formal', 'Formal', 'Black Tie', 'Costume']]",
        "desc": "The city or venue where the gala event is held."
      },
      "ticket_price": {
        "type": "typing.Optional[float]",
        "desc": "The dress code for the gala event."
      },
      "charity_focus": {
        "type": "typing.Optional[str]",
        "desc": "The price of a ticket to the gala event."
      },
      "expected_attendees": {
        "type": "typing.Optional[int]",
        "desc": "The focus area of the charity benefiting from the gala event."
      },
      "food_and_beverage": {
        "type": "typing.Optional[typing.Literal['Vegan', 'Vegetarian', 'Non-Vegetarian', 'Halal', 'Kosher', 'No Preference']]",
        "desc": "The estimated number of attendees expected at the gala event."
      },
      "accessibility_options": {
        "type": "typing.Optional[typing.Literal['Wheelchair Accessible', 'Sign Language Interpretation', 'Audio Descriptions', 'No Preference']]",
        "desc": "The type of food and beverage offering at the event."
      },
      "entertainment_type": {
        "type": "typing.Optional[typing.Literal['Live Music', 'DJ', 'Speakers', 'Theater', 'No Preference']]",
        "desc": "Accessibility options available at the event."
      }
    }
  },
  {
    "searcher": "philanthropist",
    "recommender": "fundraiser",
    "dialogue": "A philanthropist is getting help from a fundraiser to find the right volunteering opportunity",
    "item_type": "volunteering opportunity",
    "criteria": [
      "duration",
      "impact area"
    ],
    "searcher_schema_code": "```python\nfrom dataclasses import dataclass\nfrom typing import Optional, Literal\n\n@dataclass\nclass VolunteeringCriteria:\n    \"\"\"\n    Dataclass representing the criteria and preferences for finding a volunteering opportunity.\n    \"\"\"\n    \n    name: Optional[str] = None\n    \"\"\"The name of a specific volunteering opportunity the philanthropist is interested in.\"\"\"\n    \n    duration: Optional[Literal['short-term', 'long-term', 'one-time']] = None\n    \"\"\"The desired duration of the volunteering opportunity, e.g., short-term, long-term, or one-time.\"\"\"\n    \n    impact_area: Optional[Literal['education', 'health', 'environment', 'community', 'animal welfare']] = None\n    \"\"\"The area of impact where the philanthropist wants to make a difference, such as education, health, etc.\"\"\"\n    \n    location: Optional[str] = None\n    \"\"\"The geographic location where the philanthropist prefers to volunteer, such as a city or country.\"\"\"\n    \n    availability: Optional[str] = None\n    \"\"\"The times or days the philanthropist is available to volunteer, e.g., weekends, weekdays, evenings.\"\"\"\n    \n    skillset: Optional[str] = None\n    \"\"\"Specific skills the philanthropist wishes to use or develop through the volunteering opportunity.\"\"\"\n    \n    remote: Optional[bool] = None\n    \"\"\"Indicates whether the philanthropist is open to remote volunteering opportunities.\"\"\"\n```\n",
    "recommender_schema_code": "```python\nfrom dataclasses import dataclass\nfrom typing import Optional, Literal\n\n@dataclass\nclass VolunteeringOpportunity:\n    \"\"\"\n    Dataclass representing a volunteering opportunity, which includes various \n    attributes that can be matched against the philanthropist's search criteria.\n    \"\"\"\n\n    name: Optional[str] = None\n    \"\"\"The name of the volunteering opportunity.\"\"\"\n\n    duration: Optional[Literal['short-term', 'long-term', 'one-time']] = None\n    \"\"\"The duration of the volunteering opportunity.\"\"\"\n\n    impact_area: Optional[Literal['education', 'health', 'environment', 'community', 'animal welfare']] = None\n    \"\"\"The area of impact for the volunteering opportunity.\"\"\"\n\n    location: Optional[str] = None\n    \"\"\"The location of the volunteering opportunity.\"\"\"\n\n    availability: Optional[str] = None\n    \"\"\"The times or days the opportunity is available.\"\"\"\n\n    skillset: Optional[str] = None\n    \"\"\"The specific skills required or beneficial for the volunteering opportunity.\"\"\"\n\n    remote: Optional[bool] = None\n    \"\"\"Indicates if the volunteering opportunity can be done remotely.\"\"\"\n\n    def matches_criteria(self, criteria: VolunteeringCriteria) -> bool:\n        \"\"\"\n        Determines if the volunteering opportunity matches the given search criteria.\n\n        :param criteria: An instance of VolunteeringCriteria containing the philanthropist's preferences.\n        :return: True if the opportunity matches the criteria, False otherwise.\n        \"\"\"\n        if criteria.name and self.name != criteria.name:\n            return False\n        if criteria.duration and self.duration != criteria.duration:\n            return False\n        if criteria.impact_area and self.impact_area != criteria.impact_area:\n            return False\n        if criteria.location and self.location != criteria.location:\n            return False\n        if criteria.availability and self.availability != criteria.availability:\n            return False\n        if criteria.skillset and self.skillset != criteria.skillset:\n            return False\n        if criteria.remote is not None and self.remote != criteria.remote:\n            return False\n        return True\n```",
    "searcher_schema": {
      "name": {
        "type": "typing.Optional[str]",
        "desc": ""
      },
      "duration": {
        "type": "typing.Optional[typing.Literal['short-term', 'long-term', 'one-time']]",
        "desc": "The name of a specific volunteering opportunity the philanthropist is interested in."
      },
      "impact_area": {
        "type": "typing.Optional[typing.Literal['education', 'health', 'environment', 'community', 'animal welfare']]",
        "desc": "The desired duration of the volunteering opportunity, e.g., short-term, long-term, or one-time."
      },
      "location": {
        "type": "typing.Optional[str]",
        "desc": "The area of impact where the philanthropist wants to make a difference, such as education, health, etc."
      },
      "availability": {
        "type": "typing.Optional[str]",
        "desc": "The geographic location where the philanthropist prefers to volunteer, such as a city or country."
      },
      "skillset": {
        "type": "typing.Optional[str]",
        "desc": "The times or days the philanthropist is available to volunteer, e.g., weekends, weekdays, evenings."
      },
      "remote": {
        "type": "typing.Optional[bool]",
        "desc": "Specific skills the philanthropist wishes to use or develop through the volunteering opportunity."
      }
    },
    "recommender_schema": {
      "name": {
        "type": "typing.Optional[str]",
        "desc": ""
      },
      "duration": {
        "type": "typing.Optional[typing.Literal['short-term', 'long-term', 'one-time']]",
        "desc": "The name of the volunteering opportunity."
      },
      "impact_area": {
        "type": "typing.Optional[typing.Literal['education', 'health', 'environment', 'community', 'animal welfare']]",
        "desc": "The duration of the volunteering opportunity."
      },
      "location": {
        "type": "typing.Optional[str]",
        "desc": "The area of impact for the volunteering opportunity."
      },
      "availability": {
        "type": "typing.Optional[str]",
        "desc": "The location of the volunteering opportunity."
      },
      "skillset": {
        "type": "typing.Optional[str]",
        "desc": "The times or days the opportunity is available."
      },
      "remote": {
        "type": "typing.Optional[bool]",
        "desc": "The specific skills required or beneficial for the volunteering opportunity."
      }
    }
  }
]