[
  {
    "domain": "study",
    "turns": [
      [
        "Hey, do you know if there are any qualitative studies published in 2020 by John Doe in Psychological Science?",
        {
          "name": null,
          "subject": null,
          "publication_year": 2020,
          "author": "John Doe",
          "journal": "Psychological Science",
          "study_type": "qualitative",
          "peer_reviewed": null,
          "open_access": null,
          "language": null,
          "impact_factor": null,
          "keywords": null
        },
        "No, but there is a qualitative study from 2020 by John Doe in Psychological Science on mindfulness meditation and anxiety."
      ],
      [
        "That sounds great! Does it mention anything about health as well?",
        {
          "name": null,
          "subject": null,
          "publication_year": 2020,
          "author": "John Doe",
          "journal": "Psychological Science",
          "study_type": "qualitative",
          "peer_reviewed": null,
          "open_access": null,
          "language": null,
          "impact_factor": null,
          "keywords": [
            "mindfulness",
            "meditation",
            "anxiety"
          ]
        },
        "Yes, it focuses on mindfulness meditation and its impact on anxiety, which relates to health."
      ],
      [
        "Awesome! Is that study peer-reviewed and published in an open-access journal?",
        {
          "name": null,
          "subject": "health",
          "publication_year": 2020,
          "author": "John Doe",
          "journal": "Psychological Science",
          "study_type": "qualitative",
          "peer_reviewed": true,
          "open_access": null,
          "language": null,
          "impact_factor": null,
          "keywords": [
            "mindfulness meditation",
            "anxiety"
          ]
        },
        "It's peer-reviewed, but it's not published in an open-access journal."
      ],
      [
        "That's fine, I'm okay with that! What impact factor does the journal have?",
        {
          "name": null,
          "subject": "health",
          "publication_year": 2020,
          "author": "John Doe",
          "journal": "Psychological Science",
          "study_type": "qualitative",
          "peer_reviewed": true,
          "open_access": false,
          "language": null,
          "impact_factor": null,
          "keywords": null
        },
        "The journal has an impact factor of 4.2."
      ],
      [
        "Perfect! Can you remind me if it includes keywords like mindfulness, anxiety, or health?",
        {
          "name": null,
          "subject": "health",
          "publication_year": 2020,
          "author": "John Doe",
          "journal": "Psychological Science",
          "study_type": "qualitative",
          "peer_reviewed": true,
          "open_access": false,
          "language": null,
          "impact_factor": 4.2,
          "keywords": [
            "mindfulness",
            "anxiety",
            "health"
          ]
        },
        "Yes, it includes keywords like mindfulness, anxiety, and health."
      ]
    ],
    "preferences_code": "```python\npreferences = StudySearchCriteria(\n    name='The Impact of Mindfulness Meditation on Anxiety',\n    subject='Health',\n    publication_year=2020,\n    author='John Doe',\n    journal='Psychological Science',\n    study_type='qualitative',\n    peer_reviewed=True,\n    open_access=False,\n    language='English',\n    impact_factor=4.2,\n    keywords=['mindfulness', 'anxiety', 'health'],\n)\n```",
    "red_herrings_code": "```python\n# Global variable to hold a list of study examples\nstudy_examples = [\n    Study(\n        name='The Impact of Mindfulness Meditation on Anxiety',\n        subject='Health',\n        publication_year=2020,\n        author='John Doe',\n        journal='Psychological Science',\n        study_type='qualitative',\n        peer_reviewed=True,\n        open_access=False,\n        language='English',\n        impact_factor=4.2,\n        keywords=['mindfulness', 'anxiety', 'health'],\n    ),\n    Study(\n        name='Effects of Yoga on Mental Health',\n        subject='Health',\n        publication_year=2018,\n        author='Jane Smith',\n        journal='Journal of Health Psychology',\n        study_type='quantitative',\n        peer_reviewed=True,\n        open_access=True,\n        language='English',\n        impact_factor=3.5,\n        keywords=['yoga', 'mental health', 'health'],\n    ),\n    Study(\n        name='Meditation and Its Benefits on Well-Being',\n        subject='Health',\n        publication_year=2021,\n        author='Emily Johnson',\n        journal='Journal of Positive Psychology',\n        study_type='mixed-methods',\n        peer_reviewed=False,\n        open_access=True,\n        language='English',\n        impact_factor=2.8,\n        keywords=['meditation', 'well-being', 'health'],\n    ),\n]\n```",
    "database_code": "```python\n# Global variable containing a list of study examples\nstudies = [\n    Study(\n        name=\"Effects of Sleep on Academic Performance\",\n        subject=\"Psychology\",\n        publication_year=2020,\n        author=\"Jane Doe\",\n        journal=\"Journal of Educational Psychology\",\n        study_type='quantitative',\n        peer_reviewed=True,\n        open_access=False,\n        language=\"English\",\n        impact_factor=3.5,\n        keywords=[\"sleep\", \"academic performance\", \"psychology\"]\n    ),\n    Study(\n        name=\"Understanding the Impact of Climate Change\",\n        subject=\"Environmental Science\",\n        publication_year=2019,\n        author=\"John Smith\",\n        journal=\"Environmental Research Letters\",\n        study_type='qualitative',\n        peer_reviewed=True,\n        open_access=True,\n        language=\"English\",\n        impact_factor=4.0,\n        keywords=[\"climate change\", \"environment\", \"impact\"]\n    ),\n    Study(\n        name=\"A Mixed-Methods Approach to Studying Anxiety\",\n        subject=\"Psychology\",\n        publication_year=2021,\n        author=\"Alice Johnson\",\n        journal=\"Journal of Anxiety Disorders\",\n        study_type='mixed-methods',\n        peer_reviewed=True,\n        open_access=False,\n        language=\"English\",\n        impact_factor=5.0,\n        keywords=[\"anxiety\", \"mixed-methods\", \"psychology\"]\n    ),\n    Study(\n        name=\"The Role of Nutrition in Mental Health\",\n        subject=\"Nutrition\",\n        publication_year=2022,\n        author=\"Emily Davis\",\n        journal=\"Nutritional Neuroscience\",\n        study_type='quantitative',\n        peer_reviewed=True,\n        open_access=True,\n        language=\"English\",\n        impact_factor=2.8,\n        keywords=[\"nutrition\", \"mental health\", \"well-being\"]\n    ),\n    Study(\n        name=\"Cultural Influences on Learning Styles\",\n        subject=\"Education\",\n        publication_year=2018,\n        author=\"Michael Brown\",\n        journal=\"International Journal of Educational Research\",\n        study_type='qualitative',\n        peer_reviewed=True,\n        open_access=False,\n        language=\"English\",\n        impact_factor=3.2,\n        keywords=[\"learning styles\", \"culture\", \"education\"]\n    ),\n    Study(\n        name=\"Impact of Social Media on Teenagers\",\n        subject=\"Sociology\",\n        publication_year=2020,\n        author=\"Sarah Wilson\",\n        journal=\"Journal of Social Issues\",\n        study_type='mixed-methods',\n        peer_reviewed=True,\n        open_access=True,\n        language=\"English\",\n        impact_factor=3.9,\n        keywords=[\"social media\", \"teenagers\", \"sociology\"]\n    ),\n    Study(\n        name=\"Advancements in Renewable Energy Technologies\",\n        subject=\"Engineering\",\n        publication_year=2021,\n        author=\"David Lee\",\n        journal=\"Renewable Energy\",\n        study_type='quantitative',\n        peer_reviewed=True,\n        open_access=False,\n        language=\"English\",\n        impact_factor=4.5,\n        keywords=[\"renewable energy\", \"technology\", \"engineering\"]\n    ),\n    Study(\n        name=\"Exploring the Effects of Meditation on Stress\",\n        subject=\"Health\",\n        publication_year=2019,\n        author=\"Laura Green\",\n        journal=\"Health Psychology Review\",\n        study_type='qualitative',\n        peer_reviewed=True,\n        open_access=True,\n        language=\"English\",\n        impact_factor=3.1,\n        keywords=[\"meditation\", \"stress\", \"health\"]\n    ),\n    Study(\n        name=\"The Influence of Family Dynamics on Child Development\",\n        subject=\"Developmental Psychology\",\n        publication_year=2022,\n        author=\"Robert White\",\n        journal=\"Child Development\",\n        study_type='mixed-methods',\n        peer_reviewed=True,\n        open_access=False,\n        language=\"English\",\n        impact_factor=6.0,\n        keywords=[\"family dynamics\", \"child development\", \"psychology\"]\n    ),\n    Study(\n        name=\"Assessing the Efficacy of Vaccines\",\n        subject=\"Public Health\",\n        publication_year=2021,\n        author=\"Jennifer Taylor\",\n        journal=\"Vaccine\",\n        study_type='quantitative',\n        peer_reviewed=True,\n        open_access=True,\n        language=\"English\",\n        impact_factor=4.8,\n        keywords=[\"vaccines\", \"public health\", \"efficacy\"]\n    )\n]\n```",
    "database": [
      {
        "name": "Cultural Influences on Learning Styles",
        "subject": "Education",
        "publication_year": 2018,
        "author": "Michael Brown",
        "journal": "International Journal of Educational Research",
        "study_type": "qualitative",
        "peer_reviewed": true,
        "open_access": false,
        "language": "English",
        "impact_factor": 3.2,
        "keywords": [
          "learning styles",
          "culture",
          "education"
        ]
      },
      {
        "name": "Effects of Sleep on Academic Performance",
        "subject": "Psychology",
        "publication_year": 2020,
        "author": "Jane Doe",
        "journal": "Journal of Educational Psychology",
        "study_type": "quantitative",
        "peer_reviewed": true,
        "open_access": false,
        "language": "English",
        "impact_factor": 3.5,
        "keywords": [
          "sleep",
          "academic performance",
          "psychology"
        ]
      },
      {
        "name": "Impact of Social Media on Teenagers",
        "subject": "Sociology",
        "publication_year": 2020,
        "author": "Sarah Wilson",
        "journal": "Journal of Social Issues",
        "study_type": "mixed-methods",
        "peer_reviewed": true,
        "open_access": true,
        "language": "English",
        "impact_factor": 3.9,
        "keywords": [
          "social media",
          "teenagers",
          "sociology"
        ]
      },
      {
        "name": "Exploring the Effects of Meditation on Stress",
        "subject": "Health",
        "publication_year": 2019,
        "author": "Laura Green",
        "journal": "Health Psychology Review",
        "study_type": "qualitative",
        "peer_reviewed": true,
        "open_access": true,
        "language": "English",
        "impact_factor": 3.1,
        "keywords": [
          "meditation",
          "stress",
          "health"
        ]
      },
      {
        "name": "Assessing the Efficacy of Vaccines",
        "subject": "Public Health",
        "publication_year": 2021,
        "author": "Jennifer Taylor",
        "journal": "Vaccine",
        "study_type": "quantitative",
        "peer_reviewed": true,
        "open_access": true,
        "language": "English",
        "impact_factor": 4.8,
        "keywords": [
          "vaccines",
          "public health",
          "efficacy"
        ]
      },
      {
        "name": "Effects of Yoga on Mental Health",
        "subject": "Health",
        "publication_year": 2018,
        "author": "Jane Smith",
        "journal": "Journal of Health Psychology",
        "study_type": "quantitative",
        "peer_reviewed": true,
        "open_access": true,
        "language": "English",
        "impact_factor": 3.5,
        "keywords": [
          "yoga",
          "mental health",
          "health"
        ]
      },
      {
        "name": "The Role of Nutrition in Mental Health",
        "subject": "Nutrition",
        "publication_year": 2022,
        "author": "Emily Davis",
        "journal": "Nutritional Neuroscience",
        "study_type": "quantitative",
        "peer_reviewed": true,
        "open_access": true,
        "language": "English",
        "impact_factor": 2.8,
        "keywords": [
          "nutrition",
          "mental health",
          "well-being"
        ]
      },
      {
        "name": "Understanding the Impact of Climate Change",
        "subject": "Environmental Science",
        "publication_year": 2019,
        "author": "John Smith",
        "journal": "Environmental Research Letters",
        "study_type": "qualitative",
        "peer_reviewed": true,
        "open_access": true,
        "language": "English",
        "impact_factor": 4.0,
        "keywords": [
          "climate change",
          "environment",
          "impact"
        ]
      },
      {
        "name": "Meditation and Its Benefits on Well-Being",
        "subject": "Health",
        "publication_year": 2021,
        "author": "Emily Johnson",
        "journal": "Journal of Positive Psychology",
        "study_type": "mixed-methods",
        "peer_reviewed": false,
        "open_access": true,
        "language": "English",
        "impact_factor": 2.8,
        "keywords": [
          "meditation",
          "well-being",
          "health"
        ]
      },
      {
        "name": "The Impact of Mindfulness Meditation on Anxiety",
        "subject": "Health",
        "publication_year": 2020,
        "author": "John Doe",
        "journal": "Psychological Science",
        "study_type": "qualitative",
        "peer_reviewed": true,
        "open_access": false,
        "language": "English",
        "impact_factor": 4.2,
        "keywords": [
          "mindfulness",
          "anxiety",
          "health"
        ]
      },
      {
        "name": "Advancements in Renewable Energy Technologies",
        "subject": "Engineering",
        "publication_year": 2021,
        "author": "David Lee",
        "journal": "Renewable Energy",
        "study_type": "quantitative",
        "peer_reviewed": true,
        "open_access": false,
        "language": "English",
        "impact_factor": 4.5,
        "keywords": [
          "renewable energy",
          "technology",
          "engineering"
        ]
      },
      {
        "name": "The Influence of Family Dynamics on Child Development",
        "subject": "Developmental Psychology",
        "publication_year": 2022,
        "author": "Robert White",
        "journal": "Child Development",
        "study_type": "mixed-methods",
        "peer_reviewed": true,
        "open_access": false,
        "language": "English",
        "impact_factor": 6.0,
        "keywords": [
          "family dynamics",
          "child development",
          "psychology"
        ]
      },
      {
        "name": "A Mixed-Methods Approach to Studying Anxiety",
        "subject": "Psychology",
        "publication_year": 2021,
        "author": "Alice Johnson",
        "journal": "Journal of Anxiety Disorders",
        "study_type": "mixed-methods",
        "peer_reviewed": true,
        "open_access": false,
        "language": "English",
        "impact_factor": 5.0,
        "keywords": [
          "anxiety",
          "mixed-methods",
          "psychology"
        ]
      }
    ],
    "goal": {
      "name": "The Impact of Mindfulness Meditation on Anxiety",
      "subject": "Health",
      "publication_year": 2020,
      "author": "John Doe",
      "journal": "Psychological Science",
      "study_type": "qualitative",
      "peer_reviewed": true,
      "open_access": false,
      "language": "English",
      "impact_factor": 4.2,
      "keywords": [
        "mindfulness",
        "anxiety",
        "health"
      ]
    },
    "status": "complete"
  },
  {
    "domain": "data source",
    "turns": [
      [
        "That's great! Do you know of any open data sources available for download that fit those keywords?",
        {
          "name": null,
          "format": null,
          "size_gb": null,
          "contains_keywords": [
            "mindfulness",
            "anxiety",
            "health"
          ],
          "updated_within_days": null,
          "source_type": "Open",
          "access_method": "Download",
          "geographic_scope": null,
          "data_quality": null,
          "license_type": null,
          "cost": null
        },
        "Yes, I can help with that! What specific characteristics do you need for the data source?"
      ],
      [
        "I'm looking for a CSV format, around 2GB, high data quality, open source, and ideally free.",
        {
          "name": null,
          "format": "CSV",
          "size_gb": 2.0,
          "contains_keywords": [
            "mindfulness",
            "anxiety",
            "health"
          ],
          "updated_within_days": null,
          "source_type": "Open",
          "access_method": "Download",
          "geographic_scope": null,
          "data_quality": "High",
          "license_type": "Open Source",
          "cost": "Free"
        },
        "I found a good match: \"Health Data Open\" in CSV format, 1.5GB, high data quality, open source, and free. Would you like to know more?"
      ],
      [
        "Yes, please! What keywords does it cover?",
        {
          "name": "Health Data Open",
          "format": "CSV",
          "size_gb": 1.5,
          "contains_keywords": [
            "mindfulness",
            "anxiety",
            "health"
          ],
          "updated_within_days": null,
          "source_type": "Open",
          "access_method": "Download",
          "geographic_scope": null,
          "data_quality": "High",
          "license_type": "Open Source",
          "cost": "Free"
        },
        "It contains keywords like \"health,\" \"data,\" and \"open.\""
      ],
      [
        "Sounds promising! Has it been updated within the last 30 days?",
        {
          "name": "Health Data Open",
          "format": "CSV",
          "size_gb": 1.5,
          "contains_keywords": [
            "health",
            "data",
            "open"
          ],
          "updated_within_days": 30,
          "source_type": "Open",
          "access_method": "Download",
          "geographic_scope": null,
          "data_quality": "High",
          "license_type": "Open Source",
          "cost": "Free"
        },
        "Yes, it was updated 30 days ago."
      ],
      [
        "That's perfect! I think I\u2019ll go with \"Health Data Open.\" Thanks for your help!",
        {
          "name": "Health Data Open",
          "format": "CSV",
          "size_gb": 1.5,
          "contains_keywords": [
            "health",
            "data",
            "open"
          ],
          "updated_within_days": 30,
          "source_type": "Open",
          "access_method": "Download",
          "geographic_scope": null,
          "data_quality": "High",
          "license_type": "Open Source",
          "cost": "Free"
        },
        "You're welcome! Great choice with \"Health Data Open!\""
      ]
    ],
    "preferences_code": "```python\npreferences = DataSourceCriteria(\n    name='Public Health Data',\n    format='CSV',\n    size_gb=2.0,\n    contains_keywords=['mindfulness', 'anxiety', 'health'],\n    updated_within_days=30,\n    source_type='Open',\n    access_method='Download',\n    geographic_scope='National',\n    data_quality='High',\n    license_type='Open Source',\n    cost='Free',\n)\n```",
    "red_herrings_code": "```python\ndata_source_examples = [\n    DataSourceKnowledge(\n        name='Health Data National',\n        format='CSV',\n        size_gb=1.2,\n        contains_keywords=['health', 'data'],\n        updated_within_days=20,\n        source_type='Open',\n        access_method='Download',\n        geographic_scope='National',\n        data_quality='High',\n        license_type='Open Source',\n        cost='Free',\n    ),\n    DataSourceKnowledge(\n        name='Open Health Records',\n        format='JSON',\n        size_gb=2.0,\n        contains_keywords=['health', 'records', 'open'],\n        updated_within_days=15,\n        source_type='Open',\n        access_method='API',\n        geographic_scope='National',\n        data_quality='Medium',\n        license_type='Open Source',\n        cost='Free',\n    ),\n    DataSourceKnowledge(\n        name='Public Health Data',\n        format='CSV',\n        size_gb=1.0,\n        contains_keywords=['public', 'health'],\n        updated_within_days=45,\n        source_type='Open',\n        access_method='Download',\n        geographic_scope='National',\n        data_quality='High',\n        license_type='Open Source',\n        cost='Free',\n    ),\n]\n```",
    "database_code": "```python\ndata_sources = [\n    DataSourceKnowledge(\n        name=\"Health Data Open\",\n        format='CSV',\n        size_gb=1.5,\n        contains_keywords=[\"health\", \"data\", \"open\"],\n        updated_within_days=30,\n        source_type='Open',\n        access_method='Download',\n        geographic_scope='National',\n        data_quality='High',\n        license_type='Open Source',\n        cost='Free'\n    ),\n    DataSourceKnowledge(\n        name=\"Global Health Statistics\",\n        format='JSON',\n        size_gb=2.0,\n        contains_keywords=[\"health\", \"statistics\", \"global\"],\n        updated_within_days=15,\n        source_type='Open',\n        access_method='API',\n        geographic_scope='Global',\n        data_quality='Medium',\n        license_type='Open Source',\n        cost='Free'\n    ),\n    DataSourceKnowledge(\n        name=\"Proprietary Health Insights\",\n        format='SQL',\n        size_gb=10.0,\n        contains_keywords=[\"health\", \"insights\", \"proprietary\"],\n        updated_within_days=60,\n        source_type='Proprietary',\n        access_method='Database Connection',\n        geographic_scope='National',\n        data_quality='High',\n        license_type='Commercial',\n        cost='$500/month'\n    ),\n    DataSourceKnowledge(\n        name=\"Local Health Records\",\n        format='XML',\n        size_gb=0.5,\n        contains_keywords=[\"health\", \"records\", \"local\"],\n        updated_within_days=5,\n        source_type='Open',\n        access_method='Download',\n        geographic_scope='Local',\n        data_quality='High',\n        license_type='Open Source',\n        cost='Free'\n    ),\n    DataSourceKnowledge(\n        name=\"Healthcare Survey Data\",\n        format='CSV',\n        size_gb=3.0,\n        contains_keywords=[\"healthcare\", \"survey\"],\n        updated_within_days=90,\n        source_type='Proprietary',\n        access_method='Download',\n        geographic_scope='National',\n        data_quality='Medium',\n        license_type='Commercial',\n        cost='$200'\n    ),\n    DataSourceKnowledge(\n        name=\"Mental Health Studies\",\n        format='TXT',\n        size_gb=0.2,\n        contains_keywords=[\"mental health\", \"studies\"],\n        updated_within_days=20,\n        source_type='Open',\n        access_method='API',\n        geographic_scope='Global',\n        data_quality='High',\n        license_type='Open Source',\n        cost='Free'\n    ),\n    DataSourceKnowledge(\n        name=\"Nutrition and Health Dataset\",\n        format='XLSX',\n        size_gb=5.0,\n        contains_keywords=[\"nutrition\", \"health\"],\n        updated_within_days=45,\n        source_type='Proprietary',\n        access_method='Database Connection',\n        geographic_scope='National',\n        data_quality='Medium',\n        license_type='Commercial',\n        cost='$300'\n    ),\n    DataSourceKnowledge(\n        name=\"Public Health Reports\",\n        format='CSV',\n        size_gb=1.0,\n        contains_keywords=[\"public health\", \"reports\"],\n        updated_within_days=10,\n        source_type='Open',\n        access_method='Download',\n        geographic_scope='National',\n        data_quality='High',\n        license_type='Open Source',\n        cost='Free'\n    ),\n    DataSourceKnowledge(\n        name=\"Epidemiological Data\",\n        format='JSON',\n        size_gb=4.0,\n        contains_keywords=[\"epidemiology\", \"data\"],\n        updated_within_days=12,\n        source_type='Open',\n        access_method='API',\n        geographic_scope='Global',\n        data_quality='High',\n        license_type='Open Source',\n        cost='Free'\n    ),\n    DataSourceKnowledge(\n        name=\"Chronic Disease Database\",\n        format='SQL',\n        size_gb=8.0,\n        contains_keywords=[\"chronic disease\", \"database\"],\n        updated_within_days=30,\n        source_type='Proprietary',\n        access_method='Database Connection',\n        geographic_scope='National',\n        data_quality='Medium',\n        license_type='Commercial',\n        cost='$400'\n    ),\n]\n```",
    "database": [
      {
        "name": "Global Health Statistics",
        "format": "JSON",
        "size_gb": 2.0,
        "contains_keywords": [
          "health",
          "statistics",
          "global"
        ],
        "updated_within_days": 15,
        "source_type": "Open",
        "access_method": "API",
        "geographic_scope": "Global",
        "data_quality": "Medium",
        "license_type": "Open Source",
        "cost": "Free"
      },
      {
        "name": "Health Data Open",
        "format": "CSV",
        "size_gb": 1.5,
        "contains_keywords": [
          "health",
          "data",
          "open"
        ],
        "updated_within_days": 30,
        "source_type": "Open",
        "access_method": "Download",
        "geographic_scope": "National",
        "data_quality": "High",
        "license_type": "Open Source",
        "cost": "Free"
      },
      {
        "name": "Public Health Reports",
        "format": "CSV",
        "size_gb": 1.0,
        "contains_keywords": [
          "public health",
          "reports"
        ],
        "updated_within_days": 10,
        "source_type": "Open",
        "access_method": "Download",
        "geographic_scope": "National",
        "data_quality": "High",
        "license_type": "Open Source",
        "cost": "Free"
      },
      {
        "name": "Open Health Records",
        "format": "JSON",
        "size_gb": 2.0,
        "contains_keywords": [
          "health",
          "records",
          "open"
        ],
        "updated_within_days": 15,
        "source_type": "Open",
        "access_method": "API",
        "geographic_scope": "National",
        "data_quality": "Medium",
        "license_type": "Open Source",
        "cost": "Free"
      },
      {
        "name": "Mental Health Studies",
        "format": "TXT",
        "size_gb": 0.2,
        "contains_keywords": [
          "mental health",
          "studies"
        ],
        "updated_within_days": 20,
        "source_type": "Open",
        "access_method": "API",
        "geographic_scope": "Global",
        "data_quality": "High",
        "license_type": "Open Source",
        "cost": "Free"
      },
      {
        "name": "Local Health Records",
        "format": "XML",
        "size_gb": 0.5,
        "contains_keywords": [
          "health",
          "records",
          "local"
        ],
        "updated_within_days": 5,
        "source_type": "Open",
        "access_method": "Download",
        "geographic_scope": "Local",
        "data_quality": "High",
        "license_type": "Open Source",
        "cost": "Free"
      },
      {
        "name": "Chronic Disease Database",
        "format": "SQL",
        "size_gb": 8.0,
        "contains_keywords": [
          "chronic disease",
          "database"
        ],
        "updated_within_days": 30,
        "source_type": "Proprietary",
        "access_method": "Database Connection",
        "geographic_scope": "National",
        "data_quality": "Medium",
        "license_type": "Commercial",
        "cost": "$400"
      },
      {
        "name": "Proprietary Health Insights",
        "format": "SQL",
        "size_gb": 10.0,
        "contains_keywords": [
          "health",
          "insights",
          "proprietary"
        ],
        "updated_within_days": 60,
        "source_type": "Proprietary",
        "access_method": "Database Connection",
        "geographic_scope": "National",
        "data_quality": "High",
        "license_type": "Commercial",
        "cost": "$500/month"
      },
      {
        "name": "Healthcare Survey Data",
        "format": "CSV",
        "size_gb": 3.0,
        "contains_keywords": [
          "healthcare",
          "survey"
        ],
        "updated_within_days": 90,
        "source_type": "Proprietary",
        "access_method": "Download",
        "geographic_scope": "National",
        "data_quality": "Medium",
        "license_type": "Commercial",
        "cost": "$200"
      },
      {
        "name": "Nutrition and Health Dataset",
        "format": "XLSX",
        "size_gb": 5.0,
        "contains_keywords": [
          "nutrition",
          "health"
        ],
        "updated_within_days": 45,
        "source_type": "Proprietary",
        "access_method": "Database Connection",
        "geographic_scope": "National",
        "data_quality": "Medium",
        "license_type": "Commercial",
        "cost": "$300"
      },
      {
        "name": "Epidemiological Data",
        "format": "JSON",
        "size_gb": 4.0,
        "contains_keywords": [
          "epidemiology",
          "data"
        ],
        "updated_within_days": 12,
        "source_type": "Open",
        "access_method": "API",
        "geographic_scope": "Global",
        "data_quality": "High",
        "license_type": "Open Source",
        "cost": "Free"
      },
      {
        "name": "Health Data National",
        "format": "CSV",
        "size_gb": 1.2,
        "contains_keywords": [
          "health",
          "data"
        ],
        "updated_within_days": 20,
        "source_type": "Open",
        "access_method": "Download",
        "geographic_scope": "National",
        "data_quality": "High",
        "license_type": "Open Source",
        "cost": "Free"
      },
      {
        "name": "Public Health Data",
        "format": "CSV",
        "size_gb": 1.0,
        "contains_keywords": [
          "public",
          "health"
        ],
        "updated_within_days": 45,
        "source_type": "Open",
        "access_method": "Download",
        "geographic_scope": "National",
        "data_quality": "High",
        "license_type": "Open Source",
        "cost": "Free"
      }
    ],
    "goal": {
      "name": "Public Health Data",
      "format": "CSV",
      "size_gb": 1.0,
      "contains_keywords": [
        "public",
        "health"
      ],
      "updated_within_days": 45,
      "source_type": "Open",
      "access_method": "Download",
      "geographic_scope": "National",
      "data_quality": "High",
      "license_type": "Open Source",
      "cost": "Free"
    },
    "status": "complete"
  },
  {
    "domain": "methodology",
    "turns": [
      [
        "Thanks! Now, do you know any qualitative methodologies that fit a pragmatic framework?",
        {
          "name": null,
          "type": "qualitative",
          "framework": "pragmatic",
          "complexity": null,
          "duration": null,
          "resources": null,
          "familiarity": null,
          "field_of_study": null,
          "budget": null
        },
        "Yes, there's \"Qualitative Research\" that fits a pragmatic framework. Would you like to know more about it?"
      ],
      [
        "Absolutely! What are the main features of \"Qualitative Research\"?",
        {
          "name": "Qualitative Research",
          "type": "qualitative",
          "framework": "pragmatic",
          "complexity": null,
          "duration": null,
          "resources": null,
          "familiarity": null,
          "field_of_study": null,
          "budget": null
        },
        "It has a medium complexity, takes about 12 weeks, requires moderate resources, and is suitable for intermediate familiarity."
      ]
    ],
    "preferences_code": "```python\npreferences = MethodologyCriteria(\n    name='Qualitative Research',\n    type='qualitative',\n    framework='Pragmatic',\n    complexity='medium',\n    duration=12,\n    resources='moderate',\n    familiarity='intermediate',\n    field_of_study='Education',\n    budget=8000,\n)\n```",
    "red_herrings_code": "```python\nmethodology_examples = [\n    MethodologyKnowledge(\n        name='Mixed Methods Research',\n        type='mixed',\n        framework='Constructivist',\n        complexity='high',\n        duration=20,\n        resources='extensive',\n        familiarity='expert',\n        field_of_study='Education',\n        budget=16000,\n    ),\n    MethodologyKnowledge(\n        name='Qualitative Research',\n        type='qualitative',\n        framework='Pragmatic',\n        complexity='medium',\n        duration=12,\n        resources='moderate',\n        familiarity='intermediate',\n        field_of_study='Education',\n        budget=8000,\n    ),\n    MethodologyKnowledge(\n        name='Quantitative Research',\n        type='quantitative',\n        framework='Post-positivist',\n        complexity='high',\n        duration=18,\n        resources='extensive',\n        familiarity='expert',\n        field_of_study='Social Sciences',\n        budget=12000,\n    ),\n]\n```",
    "database_code": "```python\nmethodologies = [\n    MethodologyKnowledge(\n        name=\"Grounded Theory\",\n        type=\"qualitative\",\n        framework=\"Constructivist\",\n        complexity=\"medium\",\n        duration=12,\n        resources=\"moderate\",\n        familiarity=\"intermediate\",\n        field_of_study=\"Sociology\",\n        budget=5000\n    ),\n    MethodologyKnowledge(\n        name=\"Randomized Controlled Trial\",\n        type=\"quantitative\",\n        framework=\"Experimental\",\n        complexity=\"high\",\n        duration=24,\n        resources=\"extensive\",\n        familiarity=\"expert\",\n        field_of_study=\"Medicine\",\n        budget=20000\n    ),\n    MethodologyKnowledge(\n        name=\"Case Study\",\n        type=\"qualitative\",\n        framework=\"Exploratory\",\n        complexity=\"low\",\n        duration=8,\n        resources=\"minimal\",\n        familiarity=\"beginner\",\n        field_of_study=\"Business\",\n        budget=3000\n    ),\n    MethodologyKnowledge(\n        name=\"Survey Research\",\n        type=\"quantitative\",\n        framework=\"Descriptive\",\n        complexity=\"medium\",\n        duration=6,\n        resources=\"moderate\",\n        familiarity=\"intermediate\",\n        field_of_study=\"Psychology\",\n        budget=4000\n    ),\n    MethodologyKnowledge(\n        name=\"Mixed Methods Research\",\n        type=\"mixed\",\n        framework=\"Pragmatic\",\n        complexity=\"high\",\n        duration=18,\n        resources=\"extensive\",\n        familiarity=\"expert\",\n        field_of_study=\"Education\",\n        budget=15000\n    ),\n    MethodologyKnowledge(\n        name=\"Phenomenological Study\",\n        type=\"qualitative\",\n        framework=\"Interpretive\",\n        complexity=\"medium\",\n        duration=10,\n        resources=\"moderate\",\n        familiarity=\"intermediate\",\n        field_of_study=\"Nursing\",\n        budget=6000\n    ),\n    MethodologyKnowledge(\n        name=\"Longitudinal Study\",\n        type=\"quantitative\",\n        framework=\"Correlational\",\n        complexity=\"high\",\n        duration=36,\n        resources=\"extensive\",\n        familiarity=\"expert\",\n        field_of_study=\"Public Health\",\n        budget=25000\n    ),\n    MethodologyKnowledge(\n        name=\"Action Research\",\n        type=\"mixed\",\n        framework=\"Participatory\",\n        complexity=\"medium\",\n        duration=14,\n        resources=\"moderate\",\n        familiarity=\"intermediate\",\n        field_of_study=\"Community Development\",\n        budget=8000\n    ),\n    MethodologyKnowledge(\n        name=\"Focus Groups\",\n        type=\"qualitative\",\n        framework=\"Exploratory\",\n        complexity=\"low\",\n        duration=4,\n        resources=\"minimal\",\n        familiarity=\"beginner\",\n        field_of_study=\"Marketing\",\n        budget=2000\n    ),\n    MethodologyKnowledge(\n        name=\"Meta-Analysis\",\n        type=\"quantitative\",\n        framework=\"Systematic Review\",\n        complexity=\"high\",\n        duration=20,\n        resources=\"extensive\",\n        familiarity=\"expert\",\n        field_of_study=\"Psychiatry\",\n        budget=18000\n    )\n]\n```",
    "database": [
      {
        "name": "Mixed Methods Research",
        "type": "mixed",
        "framework": "Constructivist",
        "complexity": "high",
        "duration": 20,
        "resources": "extensive",
        "familiarity": "expert",
        "field_of_study": "Education",
        "budget": 16000
      },
      {
        "name": "Longitudinal Study",
        "type": "quantitative",
        "framework": "Correlational",
        "complexity": "high",
        "duration": 36,
        "resources": "extensive",
        "familiarity": "expert",
        "field_of_study": "Public Health",
        "budget": 25000
      },
      {
        "name": "Mixed Methods Research",
        "type": "mixed",
        "framework": "Pragmatic",
        "complexity": "high",
        "duration": 18,
        "resources": "extensive",
        "familiarity": "expert",
        "field_of_study": "Education",
        "budget": 15000
      },
      {
        "name": "Quantitative Research",
        "type": "quantitative",
        "framework": "Post-positivist",
        "complexity": "high",
        "duration": 18,
        "resources": "extensive",
        "familiarity": "expert",
        "field_of_study": "Social Sciences",
        "budget": 12000
      },
      {
        "name": "Grounded Theory",
        "type": "qualitative",
        "framework": "Constructivist",
        "complexity": "medium",
        "duration": 12,
        "resources": "moderate",
        "familiarity": "intermediate",
        "field_of_study": "Sociology",
        "budget": 5000
      },
      {
        "name": "Meta-Analysis",
        "type": "quantitative",
        "framework": "Systematic Review",
        "complexity": "high",
        "duration": 20,
        "resources": "extensive",
        "familiarity": "expert",
        "field_of_study": "Psychiatry",
        "budget": 18000
      },
      {
        "name": "Action Research",
        "type": "mixed",
        "framework": "Participatory",
        "complexity": "medium",
        "duration": 14,
        "resources": "moderate",
        "familiarity": "intermediate",
        "field_of_study": "Community Development",
        "budget": 8000
      },
      {
        "name": "Case Study",
        "type": "qualitative",
        "framework": "Exploratory",
        "complexity": "low",
        "duration": 8,
        "resources": "minimal",
        "familiarity": "beginner",
        "field_of_study": "Business",
        "budget": 3000
      },
      {
        "name": "Randomized Controlled Trial",
        "type": "quantitative",
        "framework": "Experimental",
        "complexity": "high",
        "duration": 24,
        "resources": "extensive",
        "familiarity": "expert",
        "field_of_study": "Medicine",
        "budget": 20000
      },
      {
        "name": "Survey Research",
        "type": "quantitative",
        "framework": "Descriptive",
        "complexity": "medium",
        "duration": 6,
        "resources": "moderate",
        "familiarity": "intermediate",
        "field_of_study": "Psychology",
        "budget": 4000
      },
      {
        "name": "Phenomenological Study",
        "type": "qualitative",
        "framework": "Interpretive",
        "complexity": "medium",
        "duration": 10,
        "resources": "moderate",
        "familiarity": "intermediate",
        "field_of_study": "Nursing",
        "budget": 6000
      },
      {
        "name": "Focus Groups",
        "type": "qualitative",
        "framework": "Exploratory",
        "complexity": "low",
        "duration": 4,
        "resources": "minimal",
        "familiarity": "beginner",
        "field_of_study": "Marketing",
        "budget": 2000
      },
      {
        "name": "Qualitative Research",
        "type": "qualitative",
        "framework": "Pragmatic",
        "complexity": "medium",
        "duration": 12,
        "resources": "moderate",
        "familiarity": "intermediate",
        "field_of_study": "Education",
        "budget": 8000
      }
    ],
    "goal": {
      "name": "Qualitative Research",
      "type": "qualitative",
      "framework": "Pragmatic",
      "complexity": "medium",
      "duration": 12,
      "resources": "moderate",
      "familiarity": "intermediate",
      "field_of_study": "Education",
      "budget": 8000
    },
    "status": "complete"
  }
]