[
  {
    "domain": "paints",
    "turns": [
      [
        "I'm looking for a blue satin paint, preferably from Aqua Coats.",
        {
          "name": null,
          "color": "blue",
          "finish": "satin",
          "brand": "Aqua Coats",
          "base": null,
          "surface_type": null,
          "primer_included": null,
          "price_range": null,
          "volume": null,
          "voc_level": null,
          "eco_friendly": null
        },
        "I have a blue satin paint from Aqua Coats; it's called Ocean Blue. Would you like to know more?"
      ],
      [
        "Yes, does it have a water base?",
        {
          "name": "Ocean Blue",
          "color": "blue",
          "finish": "satin",
          "brand": "Aqua Coats",
          "base": "water",
          "surface_type": null,
          "primer_included": null,
          "price_range": null,
          "volume": null,
          "voc_level": null,
          "eco_friendly": null
        },
        "Yes, it has a water base. Would you like to know the price?"
      ],
      [
        "Absolutely, what's the price?",
        {
          "name": "Ocean Blue",
          "color": "blue",
          "finish": "satin",
          "brand": "Aqua Coats",
          "base": "water",
          "surface_type": null,
          "primer_included": null,
          "price_range": null,
          "volume": null,
          "voc_level": null,
          "eco_friendly": null
        },
        "The price is $29.99. Does that work for you?"
      ],
      [
        "Yes, that's within my budget! Does it include a primer?",
        {
          "name": "Ocean Blue",
          "color": "blue",
          "finish": "satin",
          "brand": "Aqua Coats",
          "base": "water",
          "surface_type": null,
          "primer_included": null,
          "price_range": [
            29.99,
            29.99
          ],
          "volume": null,
          "voc_level": null,
          "eco_friendly": null
        },
        "Yes, it includes a primer. Would you like to go ahead with this choice?"
      ],
      [
        "Yes, I\u2019d like to go with Ocean Blue!",
        {
          "name": "Ocean Blue",
          "color": "blue",
          "finish": "satin",
          "brand": "Aqua Coats",
          "base": "water",
          "surface_type": null,
          "primer_included": true,
          "price_range": [
            29.99,
            29.99
          ],
          "volume": null,
          "voc_level": null,
          "eco_friendly": null
        },
        "Great choice! Ocean Blue it is! Happy painting!"
      ]
    ],
    "preferences_code": "```python\npreferences = PaintPreferences(\n    name='Ocean Blue',\n    color='Blue',\n    finish='satin',\n    brand='Aqua Coats',\n    base='water',\n    surface_type='interior',\n    primer_included=True,\n    price_range=(20.00, 30.00),  # Price range around the target price\n    volume=3.78,\n    voc_level='low',\n    eco_friendly=True,\n)\n```",
    "red_herrings_code": "```python\ntarget_paintinfo = PaintInfo(\n    name='Ocean Blue',\n    color='Blue',\n    finish='matte',\n    brand='Aqua Coats',\n    base='water',\n    surface_type='interior',\n    primer_included=True,\n    price=29.99,\n    volume=3.78,\n    voc_level='low',\n    eco_friendly=True,\n)\n\nsimilar_paints = [\n    PaintInfo(\n        name='Ocean Blue',\n        color='Blue',\n        finish='satin',\n        brand='Aqua Coats',\n        base='water',\n        surface_type='interior',\n        primer_included=True,\n        price=29.99,\n        volume=3.78,\n        voc_level='low',\n        eco_friendly=True,\n    ),\n    PaintInfo(\n        name='Sky Blue',\n        color='Blue',\n        finish='matte',\n        brand='Aqua Coats',\n        base='latex',\n        surface_type='interior',\n        primer_included=True,\n        price=27.99,\n        volume=3.78,\n        voc_level='low',\n        eco_friendly=True,\n    ),\n    PaintInfo(\n        name='Ocean Blue',\n        color='Blue',\n        finish='matte',\n        brand='Ocean Paints',\n        base='water',\n        surface_type='interior',\n        primer_included=True,\n        price=30.99,\n        volume=3.78,\n        voc_level='medium',\n        eco_friendly=True,\n    ),\n]\n```",
    "database_code": "```python\n# Global variable to represent a list of paint examples\npaints_list = [\n    PaintInfo(name=\"Ocean Blue\", color=\"Blue\", finish=\"matte\", brand=\"Aqua Coats\", base=\"water\", \n               surface_type=\"interior\", primer_included=True, price=29.99, volume=3.78, \n               voc_level=\"low\", eco_friendly=True),\n    PaintInfo(name=\"Sunset Orange\", color=\"Orange\", finish=\"glossy\", brand=\"Vibrant Colors\", base=\"latex\", \n               surface_type=\"exterior\", primer_included=False, price=35.50, volume=3.78, \n               voc_level=\"medium\", eco_friendly=False),\n    PaintInfo(name=\"Forest Green\", color=\"Green\", finish=\"satin\", brand=\"Nature's Palette\", base=\"acrylic\", \n               surface_type=\"both\", primer_included=True, price=24.99, volume=3.78, \n               voc_level=\"low\", eco_friendly=True),\n    PaintInfo(name=\"Classic White\", color=\"White\", finish=\"eggshell\", brand=\"Pure White\", base=\"water\", \n               surface_type=\"interior\", primer_included=False, price=19.99, volume=3.78, \n               voc_level=\"low\", eco_friendly=True),\n    PaintInfo(name=\"Rich Red\", color=\"Red\", finish=\"semi-gloss\", brand=\"Crimson Coats\", base=\"latex\", \n               surface_type=\"exterior\", primer_included=True, price=28.50, volume=3.78, \n               voc_level=\"medium\", eco_friendly=False),\n    PaintInfo(name=\"Soft Grey\", color=\"Grey\", finish=\"matte\", brand=\"Calm Hues\", base=\"water\", \n               surface_type=\"interior\", primer_included=True, price=22.00, volume=3.78, \n               voc_level=\"low\", eco_friendly=True),\n    PaintInfo(name=\"Bright Yellow\", color=\"Yellow\", finish=\"glossy\", brand=\"Sunny Shades\", base=\"acrylic\", \n               surface_type=\"both\", primer_included=False, price=30.00, volume=3.78, \n               voc_level=\"high\", eco_friendly=False),\n    PaintInfo(name=\"Deep Purple\", color=\"Purple\", finish=\"satin\", brand=\"Royal Colors\", base=\"latex\", \n               surface_type=\"exterior\", primer_included=True, price=27.75, volume=3.78, \n               voc_level=\"medium\", eco_friendly=True),\n    PaintInfo(name=\"Chocolate Brown\", color=\"Brown\", finish=\"eggshell\", brand=\"Earth Tones\", base=\"water\", \n               surface_type=\"interior\", primer_included=False, price=26.50, volume=3.78, \n               voc_level=\"low\", eco_friendly=True),\n    PaintInfo(name=\"Sky Blue\", color=\"Blue\", finish=\"semi-gloss\", brand=\"Aqua Coats\", base=\"acrylic\", \n               surface_type=\"both\", primer_included=True, price=32.00, volume=3.78, \n               voc_level=\"medium\", eco_friendly=False)\n]\n```",
    "database": [
      {
        "name": "Rich Red",
        "color": "Red",
        "finish": "semi-gloss",
        "brand": "Crimson Coats",
        "base": "latex",
        "surface_type": "exterior",
        "primer_included": true,
        "price": 28.5,
        "volume": 3.78,
        "voc_level": "medium",
        "eco_friendly": false
      },
      {
        "name": "Sky Blue",
        "color": "Blue",
        "finish": "matte",
        "brand": "Aqua Coats",
        "base": "latex",
        "surface_type": "interior",
        "primer_included": true,
        "price": 27.99,
        "volume": 3.78,
        "voc_level": "low",
        "eco_friendly": true
      },
      {
        "name": "Ocean Blue",
        "color": "Blue",
        "finish": "matte",
        "brand": "Ocean Paints",
        "base": "water",
        "surface_type": "interior",
        "primer_included": true,
        "price": 30.99,
        "volume": 3.78,
        "voc_level": "medium",
        "eco_friendly": true
      },
      {
        "name": "Bright Yellow",
        "color": "Yellow",
        "finish": "glossy",
        "brand": "Sunny Shades",
        "base": "acrylic",
        "surface_type": "both",
        "primer_included": false,
        "price": 30.0,
        "volume": 3.78,
        "voc_level": "high",
        "eco_friendly": false
      },
      {
        "name": "Ocean Blue",
        "color": "Blue",
        "finish": "satin",
        "brand": "Aqua Coats",
        "base": "water",
        "surface_type": "interior",
        "primer_included": true,
        "price": 29.99,
        "volume": 3.78,
        "voc_level": "low",
        "eco_friendly": true
      },
      {
        "name": "Soft Grey",
        "color": "Grey",
        "finish": "matte",
        "brand": "Calm Hues",
        "base": "water",
        "surface_type": "interior",
        "primer_included": true,
        "price": 22.0,
        "volume": 3.78,
        "voc_level": "low",
        "eco_friendly": true
      },
      {
        "name": "Ocean Blue",
        "color": "Blue",
        "finish": "matte",
        "brand": "Aqua Coats",
        "base": "water",
        "surface_type": "interior",
        "primer_included": true,
        "price": 29.99,
        "volume": 3.78,
        "voc_level": "low",
        "eco_friendly": true
      },
      {
        "name": "Deep Purple",
        "color": "Purple",
        "finish": "satin",
        "brand": "Royal Colors",
        "base": "latex",
        "surface_type": "exterior",
        "primer_included": true,
        "price": 27.75,
        "volume": 3.78,
        "voc_level": "medium",
        "eco_friendly": true
      },
      {
        "name": "Forest Green",
        "color": "Green",
        "finish": "satin",
        "brand": "Nature's Palette",
        "base": "acrylic",
        "surface_type": "both",
        "primer_included": true,
        "price": 24.99,
        "volume": 3.78,
        "voc_level": "low",
        "eco_friendly": true
      },
      {
        "name": "Classic White",
        "color": "White",
        "finish": "eggshell",
        "brand": "Pure White",
        "base": "water",
        "surface_type": "interior",
        "primer_included": false,
        "price": 19.99,
        "volume": 3.78,
        "voc_level": "low",
        "eco_friendly": true
      },
      {
        "name": "Chocolate Brown",
        "color": "Brown",
        "finish": "eggshell",
        "brand": "Earth Tones",
        "base": "water",
        "surface_type": "interior",
        "primer_included": false,
        "price": 26.5,
        "volume": 3.78,
        "voc_level": "low",
        "eco_friendly": true
      },
      {
        "name": "Sunset Orange",
        "color": "Orange",
        "finish": "glossy",
        "brand": "Vibrant Colors",
        "base": "latex",
        "surface_type": "exterior",
        "primer_included": false,
        "price": 35.5,
        "volume": 3.78,
        "voc_level": "medium",
        "eco_friendly": false
      },
      {
        "name": "Sky Blue",
        "color": "Blue",
        "finish": "semi-gloss",
        "brand": "Aqua Coats",
        "base": "acrylic",
        "surface_type": "both",
        "primer_included": true,
        "price": 32.0,
        "volume": 3.78,
        "voc_level": "medium",
        "eco_friendly": false
      }
    ],
    "goal": {
      "name": "Ocean Blue",
      "color": "Blue",
      "finish": "satin",
      "brand": "Aqua Coats",
      "base": "water",
      "surface_type": "interior",
      "primer_included": true,
      "price": 29.99,
      "volume": 3.78,
      "voc_level": "low",
      "eco_friendly": true
    },
    "status": "complete"
  },
  {
    "domain": "tools",
    "turns": [
      [
        "Thanks! Now, can you help me find a sander?",
        {
          "name": null,
          "tool_type": "sander",
          "brand": null,
          "cordless": null,
          "voltage": null,
          "price_range": null,
          "availability": null,
          "condition": null
        },
        "Sure! What specific features are you looking for in a sander?"
      ],
      [
        "I'm looking for a Black & Decker cordless sander.",
        {
          "name": null,
          "tool_type": "sander",
          "brand": "Black & Decker",
          "cordless": true,
          "voltage": null,
          "price_range": null,
          "availability": null,
          "condition": null
        },
        "I have a Black & Decker cordless sander; it's a Random Orbital Sander. Would you like to know more about it?"
      ],
      [
        "Yes, what's the voltage rating for it?",
        {
          "name": null,
          "tool_type": "sander",
          "brand": "Black & Decker",
          "cordless": true,
          "voltage": null,
          "price_range": null,
          "availability": null,
          "condition": null
        },
        "The voltage rating for the Black & Decker Random Orbital Sander is 20 volts. Does that work for you?"
      ],
      [
        "Yes, that works! What's the price?",
        {
          "name": "Random Orbital Sander",
          "tool_type": "sander",
          "brand": "Black & Decker",
          "cordless": true,
          "voltage": 20,
          "price_range": null,
          "availability": null,
          "condition": null
        },
        "The price is $79.99. Would you like to go ahead with this sander?"
      ],
      [
        "Yes, I\u2019d like to go with the Black & Decker Random Orbital Sander!",
        {
          "name": "Ocean Blue",
          "tool_type": "sander",
          "brand": "Black & Decker",
          "cordless": true,
          "voltage": 20,
          "price_range": [
            29.99,
            79.99
          ],
          "availability": null,
          "condition": null
        },
        "Awesome choice! The Black & Decker Random Orbital Sander is yours! Happy sanding!"
      ]
    ],
    "preferences_code": "```python\npreferences = ToolSearchCriteria(\n    name='Random Orbital Sander',\n    tool_type='sander',\n    brand='Black & Decker',\n    cordless=True,\n    voltage=20,\n    price_range=(70.00, 90.00),\n    availability='in_stock',\n    condition='new',\n)\n```",
    "red_herrings_code": "```python\n# Global variable representing a list of similar tools search results\nsimilar_tools = [\n    ToolKnowledge(\n        name='Detail Sander',\n        tool_type='sander',\n        brand='Bosch',\n        cordless=False,\n        voltage=None,\n        price=54.99,\n        availability='in_stock',\n        condition='new',\n    ),\n    ToolKnowledge(\n        name='Random Orbital Sander',\n        tool_type='sander',\n        brand='Black & Decker',\n        cordless=True,\n        voltage=20,\n        price=79.99,\n        availability='in_stock',\n        condition='new',\n    ),\n    ToolKnowledge(\n        name='Palm Sander',\n        tool_type='sander',\n        brand='Makita',\n        cordless=False,\n        voltage=None,\n        price=39.99,\n        availability='in_stock',\n        condition='new',\n    ),\n]\n```",
    "database_code": "```python\n# Global variable representing a list of tool examples\ntools_inventory = [\n    ToolKnowledge(name=\"Cordless Drill\", tool_type=\"drill\", brand=\"Dewalt\", cordless=True, voltage=20, price=129.99, availability=\"in_stock\", condition=\"new\"),\n    ToolKnowledge(name=\"Circular Saw\", tool_type=\"saw\", brand=\"Makita\", cordless=False, voltage=120, price=199.99, availability=\"in_stock\", condition=\"new\"),\n    ToolKnowledge(name=\"Random Orbital Sander\", tool_type=\"sander\", brand=\"Bosch\", cordless=True, voltage=18, price=89.99, availability=\"in_stock\", condition=\"new\"),\n    ToolKnowledge(name=\"Adjustable Wrench\", tool_type=\"wrench\", brand=\"Craftsman\", cordless=False, price=24.99, availability=\"in_stock\", condition=\"new\"),\n    ToolKnowledge(name=\"Cordless Impact Driver\", tool_type=\"drill\", brand=\"Milwaukee\", cordless=True, voltage=18, price=149.99, availability=\"in_stock\", condition=\"new\"),\n    ToolKnowledge(name=\"Table Saw\", tool_type=\"saw\", brand=\"DeWalt\", cordless=False, voltage=120, price=599.99, availability=\"back_order\", condition=\"new\"),\n    ToolKnowledge(name=\"Detail Sander\", tool_type=\"sander\", brand=\"Black & Decker\", cordless=False, price=49.99, availability=\"in_stock\", condition=\"new\"),\n    ToolKnowledge(name=\"Socket Wrench Set\", tool_type=\"wrench\", brand=\"GearWrench\", cordless=False, price=89.99, availability=\"in_stock\", condition=\"new\"),\n    ToolKnowledge(name=\"Cordless Jigsaw\", tool_type=\"saw\", brand=\"Ryobi\", cordless=True, voltage=18, price=79.99, availability=\"in_stock\", condition=\"new\"),\n    ToolKnowledge(name=\"Pneumatic Nail Gun\", tool_type=\"wrench\", brand=\"Bostitch\", cordless=False, price=199.99, availability=\"discontinued\", condition=\"refurbished\"),\n]\n```",
    "database": [
      {
        "name": "Adjustable Wrench",
        "tool_type": "wrench",
        "brand": "Craftsman",
        "cordless": false,
        "voltage": null,
        "price": 24.99,
        "availability": "in_stock",
        "condition": "new"
      },
      {
        "name": "Cordless Drill",
        "tool_type": "drill",
        "brand": "Dewalt",
        "cordless": true,
        "voltage": 20,
        "price": 129.99,
        "availability": "in_stock",
        "condition": "new"
      },
      {
        "name": "Detail Sander",
        "tool_type": "sander",
        "brand": "Black & Decker",
        "cordless": false,
        "voltage": null,
        "price": 49.99,
        "availability": "in_stock",
        "condition": "new"
      },
      {
        "name": "Cordless Impact Driver",
        "tool_type": "drill",
        "brand": "Milwaukee",
        "cordless": true,
        "voltage": 18,
        "price": 149.99,
        "availability": "in_stock",
        "condition": "new"
      },
      {
        "name": "Table Saw",
        "tool_type": "saw",
        "brand": "DeWalt",
        "cordless": false,
        "voltage": 120,
        "price": 599.99,
        "availability": "back_order",
        "condition": "new"
      },
      {
        "name": "Random Orbital Sander",
        "tool_type": "sander",
        "brand": "Bosch",
        "cordless": true,
        "voltage": 18,
        "price": 89.99,
        "availability": "in_stock",
        "condition": "new"
      },
      {
        "name": "Socket Wrench Set",
        "tool_type": "wrench",
        "brand": "GearWrench",
        "cordless": false,
        "voltage": null,
        "price": 89.99,
        "availability": "in_stock",
        "condition": "new"
      },
      {
        "name": "Circular Saw",
        "tool_type": "saw",
        "brand": "Makita",
        "cordless": false,
        "voltage": 120,
        "price": 199.99,
        "availability": "in_stock",
        "condition": "new"
      },
      {
        "name": "Detail Sander",
        "tool_type": "sander",
        "brand": "Bosch",
        "cordless": false,
        "voltage": null,
        "price": 54.99,
        "availability": "in_stock",
        "condition": "new"
      },
      {
        "name": "Palm Sander",
        "tool_type": "sander",
        "brand": "Makita",
        "cordless": false,
        "voltage": null,
        "price": 39.99,
        "availability": "in_stock",
        "condition": "new"
      },
      {
        "name": "Random Orbital Sander",
        "tool_type": "sander",
        "brand": "Black & Decker",
        "cordless": true,
        "voltage": 20,
        "price": 79.99,
        "availability": "in_stock",
        "condition": "new"
      },
      {
        "name": "Cordless Jigsaw",
        "tool_type": "saw",
        "brand": "Ryobi",
        "cordless": true,
        "voltage": 18,
        "price": 79.99,
        "availability": "in_stock",
        "condition": "new"
      },
      {
        "name": "Pneumatic Nail Gun",
        "tool_type": "wrench",
        "brand": "Bostitch",
        "cordless": false,
        "voltage": null,
        "price": 199.99,
        "availability": "discontinued",
        "condition": "refurbished"
      }
    ],
    "goal": {
      "name": "Random Orbital Sander",
      "tool_type": "sander",
      "brand": "Black & Decker",
      "cordless": true,
      "voltage": 20,
      "price": 79.99,
      "availability": "in_stock",
      "condition": "new"
    },
    "status": "complete"
  },
  {
    "domain": "materials",
    "turns": [
      [
        "Thanks! Now, can you help me find some composite wood?",
        {
          "name": "Ocean Blue",
          "type": "composite",
          "thickness": null,
          "grade": null,
          "color": "blue",
          "finish": "satin",
          "fire_resistance": null,
          "water_resistance": null,
          "uv_resistance": null,
          "price_range": [
            29.99,
            29.99
          ],
          "supplier": "Aqua Coats"
        },
        "Sure! What specific characteristics are you looking for in composite wood?"
      ],
      [
        "I'm looking for dark brown composite wood with a matte finish.",
        {
          "name": null,
          "type": "composite",
          "thickness": null,
          "grade": null,
          "color": "dark brown",
          "finish": "matte",
          "fire_resistance": null,
          "water_resistance": null,
          "uv_resistance": null,
          "price_range": null,
          "supplier": null
        },
        "I have a dark brown composite wood with a matte finish called MDF Board. Would you like to know more about it?"
      ],
      [
        "Yes, what's the thickness of the MDF Board?",
        {
          "name": "Ocean Blue",
          "type": "composite",
          "thickness": null,
          "grade": null,
          "color": "dark brown",
          "finish": "matte",
          "fire_resistance": null,
          "water_resistance": null,
          "uv_resistance": null,
          "price_range": [
            29.99,
            79.99
          ],
          "supplier": "Aqua Coats"
        },
        "The MDF Board has a thickness of 18 millimeters. Does that meet your needs?"
      ],
      [
        "Yes, that matches perfectly! What's the price?",
        {
          "name": "MDF Board",
          "type": "composite",
          "thickness": 18.0,
          "grade": null,
          "color": "dark brown",
          "finish": "matte",
          "fire_resistance": null,
          "water_resistance": null,
          "uv_resistance": null,
          "price_range": null,
          "supplier": null
        },
        "The price for the MDF Board is $25.00. Would you like to proceed with this choice?"
      ],
      [
        "Yes, I\u2019d like to go with the MDF Board!",
        {
          "name": "MDF Board",
          "type": "composite",
          "thickness": 18.0,
          "grade": null,
          "color": "dark brown",
          "finish": "matte",
          "fire_resistance": null,
          "water_resistance": null,
          "uv_resistance": null,
          "price_range": [
            25.0,
            25.0
          ],
          "supplier": null
        },
        "Great choice! The MDF Board is yours! Happy DIYing!"
      ]
    ],
    "preferences_code": "```python\npreferences = MaterialCriteria(\n    name='MDF Board',\n    type='composite',\n    thickness=18.0,\n    grade='A',\n    color='dark brown',\n    finish='matte',\n    fire_resistance=False,\n    water_resistance=False,\n    uv_resistance=False,\n    price_range=(20.0, 30.0),\n    supplier='BoardSupply'\n)\n```",
    "red_herrings_code": "```python\n# Global variable representing a list of materials examples\nmaterials_examples = [\n    MaterialKnowledge(\n        name='MDF Board',\n        type='composite',\n        thickness=18.0,\n        grade='A',\n        color='dark brown',\n        finish='matte',\n        fire_resistance=False,\n        water_resistance=False,\n        uv_resistance=False,\n        price=25.0,\n        supplier='BoardSupply'\n    ),\n    MaterialKnowledge(\n        name='Particle Board',\n        type='composite',\n        thickness=18.0,\n        grade='B',\n        color='light brown',\n        finish='matte',\n        fire_resistance=False,\n        water_resistance=False,\n        uv_resistance=False,\n        price=15.0,\n        supplier='BoardSupply'\n    ),\n    MaterialKnowledge(\n        name='Plywood',\n        type='wood',\n        thickness=18.0,\n        grade='B',\n        color='natural',\n        finish='satin',\n        fire_resistance=False,\n        water_resistance=True,\n        uv_resistance=False,\n        price=30.0,\n        supplier='WoodWorks'\n    )\n]\n```",
    "database_code": "```python\n# Global variable representing a list of material examples\nmaterials = [\n    MaterialKnowledge(name=\"Pine Wood\", type=\"wood\", thickness=20.0, grade=\"A\", color=\"light brown\", finish=\"satin\", fire_resistance=True, water_resistance=False, uv_resistance=True, price=15.99, supplier=\"WoodCo\"),\n    MaterialKnowledge(name=\"Aluminum Sheet\", type=\"metal\", thickness=1.5, grade=\"B\", color=\"silver\", finish=\"glossy\", fire_resistance=True, water_resistance=True, uv_resistance=True, price=25.50, supplier=\"MetalWorks\"),\n    MaterialKnowledge(name=\"PVC Pipe\", type=\"plastic\", thickness=10.0, grade=\"C\", color=\"white\", finish=\"matte\", fire_resistance=False, water_resistance=True, uv_resistance=False, price=5.75, supplier=\"Plastics Inc.\"),\n    MaterialKnowledge(name=\"MDF Board\", type=\"composite\", thickness=18.0, grade=\"B\", color=\"dark brown\", finish=\"matte\", fire_resistance=False, water_resistance=False, uv_resistance=False, price=20.00, supplier=\"BoardSupply\"),\n    MaterialKnowledge(name=\"Birch Plywood\", type=\"wood\", thickness=12.0, grade=\"A\", color=\"yellowish\", finish=\"satin\", fire_resistance=True, water_resistance=False, uv_resistance=True, price=30.00, supplier=\"Plywood Depot\"),\n    MaterialKnowledge(name=\"Steel Plate\", type=\"metal\", thickness=5.0, grade=\"A\", color=\"gray\", finish=\"glossy\", fire_resistance=True, water_resistance=True, uv_resistance=False, price=50.00, supplier=\"SteelWorks\"),\n    MaterialKnowledge(name=\"Acrylic Sheet\", type=\"plastic\", thickness=3.0, grade=\"B\", color=\"clear\", finish=\"glossy\", fire_resistance=False, water_resistance=True, uv_resistance=True, price=40.00, supplier=\"Acrylic Co.\"),\n    MaterialKnowledge(name=\"Composite Decking\", type=\"composite\", thickness=25.0, grade=\"A\", color=\"brown\", finish=\"satin\", fire_resistance=True, water_resistance=True, uv_resistance=True, price=60.00, supplier=\"DeckMasters\"),\n    MaterialKnowledge(name=\"Cedar Wood\", type=\"wood\", thickness=15.0, grade=\"A\", color=\"reddish\", finish=\"matte\", fire_resistance=True, water_resistance=True, uv_resistance=True, price=45.00, supplier=\"Cedar Supply\"),\n    MaterialKnowledge(name=\"Copper Pipe\", type=\"metal\", thickness=2.0, grade=\"B\", color=\"copper\", finish=\"glossy\", fire_resistance=True, water_resistance=True, uv_resistance=False, price=35.00, supplier=\"CopperWorks\"),\n]\n```",
    "database": [
      {
        "name": "Aluminum Sheet",
        "type": "metal",
        "thickness": 1.5,
        "grade": "B",
        "color": "silver",
        "finish": "glossy",
        "fire_resistance": true,
        "water_resistance": true,
        "uv_resistance": true,
        "price": 25.5,
        "supplier": "MetalWorks"
      },
      {
        "name": "Cedar Wood",
        "type": "wood",
        "thickness": 15.0,
        "grade": "A",
        "color": "reddish",
        "finish": "matte",
        "fire_resistance": true,
        "water_resistance": true,
        "uv_resistance": true,
        "price": 45.0,
        "supplier": "Cedar Supply"
      },
      {
        "name": "Birch Plywood",
        "type": "wood",
        "thickness": 12.0,
        "grade": "A",
        "color": "yellowish",
        "finish": "satin",
        "fire_resistance": true,
        "water_resistance": false,
        "uv_resistance": true,
        "price": 30.0,
        "supplier": "Plywood Depot"
      },
      {
        "name": "Steel Plate",
        "type": "metal",
        "thickness": 5.0,
        "grade": "A",
        "color": "gray",
        "finish": "glossy",
        "fire_resistance": true,
        "water_resistance": true,
        "uv_resistance": false,
        "price": 50.0,
        "supplier": "SteelWorks"
      },
      {
        "name": "Plywood",
        "type": "wood",
        "thickness": 18.0,
        "grade": "B",
        "color": "natural",
        "finish": "satin",
        "fire_resistance": false,
        "water_resistance": true,
        "uv_resistance": false,
        "price": 30.0,
        "supplier": "WoodWorks"
      },
      {
        "name": "MDF Board",
        "type": "composite",
        "thickness": 18.0,
        "grade": "A",
        "color": "dark brown",
        "finish": "matte",
        "fire_resistance": false,
        "water_resistance": false,
        "uv_resistance": false,
        "price": 25.0,
        "supplier": "BoardSupply"
      },
      {
        "name": "Composite Decking",
        "type": "composite",
        "thickness": 25.0,
        "grade": "A",
        "color": "brown",
        "finish": "satin",
        "fire_resistance": true,
        "water_resistance": true,
        "uv_resistance": true,
        "price": 60.0,
        "supplier": "DeckMasters"
      },
      {
        "name": "MDF Board",
        "type": "composite",
        "thickness": 18.0,
        "grade": "B",
        "color": "dark brown",
        "finish": "matte",
        "fire_resistance": false,
        "water_resistance": false,
        "uv_resistance": false,
        "price": 20.0,
        "supplier": "BoardSupply"
      },
      {
        "name": "Pine Wood",
        "type": "wood",
        "thickness": 20.0,
        "grade": "A",
        "color": "light brown",
        "finish": "satin",
        "fire_resistance": true,
        "water_resistance": false,
        "uv_resistance": true,
        "price": 15.99,
        "supplier": "WoodCo"
      },
      {
        "name": "Particle Board",
        "type": "composite",
        "thickness": 18.0,
        "grade": "B",
        "color": "light brown",
        "finish": "matte",
        "fire_resistance": false,
        "water_resistance": false,
        "uv_resistance": false,
        "price": 15.0,
        "supplier": "BoardSupply"
      },
      {
        "name": "Acrylic Sheet",
        "type": "plastic",
        "thickness": 3.0,
        "grade": "B",
        "color": "clear",
        "finish": "glossy",
        "fire_resistance": false,
        "water_resistance": true,
        "uv_resistance": true,
        "price": 40.0,
        "supplier": "Acrylic Co."
      },
      {
        "name": "Copper Pipe",
        "type": "metal",
        "thickness": 2.0,
        "grade": "B",
        "color": "copper",
        "finish": "glossy",
        "fire_resistance": true,
        "water_resistance": true,
        "uv_resistance": false,
        "price": 35.0,
        "supplier": "CopperWorks"
      },
      {
        "name": "PVC Pipe",
        "type": "plastic",
        "thickness": 10.0,
        "grade": "C",
        "color": "white",
        "finish": "matte",
        "fire_resistance": false,
        "water_resistance": true,
        "uv_resistance": false,
        "price": 5.75,
        "supplier": "Plastics Inc."
      }
    ],
    "goal": {
      "name": "MDF Board",
      "type": "composite",
      "thickness": 18.0,
      "grade": "A",
      "color": "dark brown",
      "finish": "matte",
      "fire_resistance": false,
      "water_resistance": false,
      "uv_resistance": false,
      "price": 25.0,
      "supplier": "BoardSupply"
    },
    "status": "complete"
  }
]