[
  {
    "domain": "detox plan",
    "turns": [
      [
        "I'm looking for a detox plan for 14 days.",
        {
          "name": null,
          "duration_days": 14,
          "diet_type": null,
          "goal": null,
          "meal_frequency": null,
          "preferred_cuisine": null,
          "includes_supplements": null,
          "budget": null
        },
        "Great! Do you have any specific dietary preferences, like vegan or gluten-free?"
      ],
      [
        "I prefer no specific diet type.",
        {
          "name": null,
          "duration_days": 14,
          "diet_type": "none",
          "goal": null,
          "meal_frequency": null,
          "preferred_cuisine": null,
          "includes_supplements": null,
          "budget": null
        },
        "Got it! Are you looking for a specific goal, like weight loss or detoxification?"
      ],
      [
        "I'm aiming for detoxification.",
        {
          "name": null,
          "duration_days": 14,
          "diet_type": "none",
          "goal": "detoxification",
          "meal_frequency": null,
          "preferred_cuisine": null,
          "includes_supplements": null,
          "budget": null
        },
        "Perfect! I have a couple of options for 14 days and detoxification: the '14-Day Flexitarian Detox' and the '14-Day Asian Detox.' Which one sounds better to you?"
      ],
      [
        "The '14-Day Asian Detox' sounds great!",
        {
          "name": "14-Day Asian Detox",
          "duration_days": 14,
          "diet_type": "none",
          "goal": "detoxification",
          "meal_frequency": null,
          "preferred_cuisine": "asian",
          "includes_supplements": null,
          "budget": null
        },
        "Awesome choice! The '14-Day Asian Detox' is all set for you."
      ]
    ],
    "preferences_code": "```python\npreferences = DetoxPlanCriteria(\n    name='14-Day Asian Detox',\n    duration_days=14,\n    diet_type='none',\n    goal='detoxification',\n    meal_frequency='five_meals',\n    preferred_cuisine='asian',\n    includes_supplements=False,\n    budget=150.00,\n)\n```",
    "red_herrings_code": "```python\n# Global variable representing a list of detox plan examples\ndetox_plan_examples = [\n    DetoxPlan(\n        name='21-Day Vegan Detox',\n        duration_days=21,\n        diet_type='vegan',\n        goal='detoxification',\n        meal_frequency='five_meals',\n        preferred_cuisine='asian',\n        includes_supplements=False,\n        cost=179.99,\n    ),\n    DetoxPlan(\n        name='14-Day Asian Detox',\n        duration_days=14,\n        diet_type='none',\n        goal='detoxification',\n        meal_frequency='five_meals',\n        preferred_cuisine='asian',\n        includes_supplements=False,\n        cost=149.99,\n    ),\n    DetoxPlan(\n        name='21-Day Paleo Detox',\n        duration_days=21,\n        diet_type='paleo',\n        goal='detoxification',\n        meal_frequency='five_meals',\n        preferred_cuisine='asian',\n        includes_supplements=False,\n        cost=219.99,\n    ),\n]\n```",
    "database_code": "```python\ndetox_plans = [\n    DetoxPlan(\n        name=\"30-Day Vegan Detox\",\n        duration_days=30,\n        diet_type='vegan',\n        goal='detoxification',\n        meal_frequency='three_meals',\n        preferred_cuisine='none',\n        includes_supplements=True,\n        cost=199.99\n    ),\n    DetoxPlan(\n        name=\"14-Day Paleo Reset\",\n        duration_days=14,\n        diet_type='paleo',\n        goal='weight_loss',\n        meal_frequency='five_meals',\n        preferred_cuisine='american',\n        includes_supplements=False,\n        cost=149.99\n    ),\n    DetoxPlan(\n        name=\"21-Day Keto Cleanse\",\n        duration_days=21,\n        diet_type='keto',\n        goal='energy_boost',\n        meal_frequency='intermittent_fasting',\n        preferred_cuisine='mediterranean',\n        includes_supplements=True,\n        cost=299.99\n    ),\n    DetoxPlan(\n        name=\"7-Day Vegetarian Detox\",\n        duration_days=7,\n        diet_type='vegetarian',\n        goal='detoxification',\n        meal_frequency='three_meals',\n        preferred_cuisine='indian',\n        includes_supplements=False,\n        cost=79.99\n    ),\n    DetoxPlan(\n        name=\"10-Day Gluten-Free Detox\",\n        duration_days=10,\n        diet_type='gluten-free',\n        goal='immune_support',\n        meal_frequency='five_meals',\n        preferred_cuisine='none',\n        includes_supplements=True,\n        cost=99.99\n    ),\n    DetoxPlan(\n        name=\"14-Day Intermittent Fasting\",\n        duration_days=14,\n        diet_type='none',\n        goal='weight_loss',\n        meal_frequency='intermittent_fasting',\n        preferred_cuisine='none',\n        includes_supplements=False,\n        cost=89.99\n    ),\n    DetoxPlan(\n        name=\"28-Day Mediterranean Detox\",\n        duration_days=28,\n        diet_type='none',\n        goal='energy_boost',\n        meal_frequency='three_meals',\n        preferred_cuisine='mediterranean',\n        includes_supplements=True,\n        cost=249.99\n    ),\n    DetoxPlan(\n        name=\"21-Day Asian Detox\",\n        duration_days=21,\n        diet_type='none',\n        goal='detoxification',\n        meal_frequency='five_meals',\n        preferred_cuisine='asian',\n        includes_supplements=False,\n        cost=199.99\n    ),\n    DetoxPlan(\n        name=\"30-Day Weight Loss Detox\",\n        duration_days=30,\n        diet_type='none',\n        goal='weight_loss',\n        meal_frequency='three_meals',\n        preferred_cuisine='mexican',\n        includes_supplements=True,\n        cost=299.99\n    ),\n    DetoxPlan(\n        name=\"14-Day Flexitarian Detox\",\n        duration_days=14,\n        diet_type='none',\n        goal='immune_support',\n        meal_frequency='five_meals',\n        preferred_cuisine='none',\n        includes_supplements=False,\n        cost=139.99\n    )\n]\n```",
    "database": [
      {
        "name": "14-Day Intermittent Fasting",
        "duration_days": 14,
        "diet_type": "none",
        "goal": "weight_loss",
        "meal_frequency": "intermittent_fasting",
        "preferred_cuisine": "none",
        "includes_supplements": false,
        "cost": 89.99
      },
      {
        "name": "21-Day Vegan Detox",
        "duration_days": 21,
        "diet_type": "vegan",
        "goal": "detoxification",
        "meal_frequency": "five_meals",
        "preferred_cuisine": "asian",
        "includes_supplements": false,
        "cost": 179.99
      },
      {
        "name": "7-Day Vegetarian Detox",
        "duration_days": 7,
        "diet_type": "vegetarian",
        "goal": "detoxification",
        "meal_frequency": "three_meals",
        "preferred_cuisine": "indian",
        "includes_supplements": false,
        "cost": 79.99
      },
      {
        "name": "14-Day Flexitarian Detox",
        "duration_days": 14,
        "diet_type": "none",
        "goal": "immune_support",
        "meal_frequency": "five_meals",
        "preferred_cuisine": "none",
        "includes_supplements": false,
        "cost": 139.99
      },
      {
        "name": "21-Day Keto Cleanse",
        "duration_days": 21,
        "diet_type": "keto",
        "goal": "energy_boost",
        "meal_frequency": "intermittent_fasting",
        "preferred_cuisine": "mediterranean",
        "includes_supplements": true,
        "cost": 299.99
      },
      {
        "name": "21-Day Asian Detox",
        "duration_days": 21,
        "diet_type": "none",
        "goal": "detoxification",
        "meal_frequency": "five_meals",
        "preferred_cuisine": "asian",
        "includes_supplements": false,
        "cost": 199.99
      },
      {
        "name": "30-Day Weight Loss Detox",
        "duration_days": 30,
        "diet_type": "none",
        "goal": "weight_loss",
        "meal_frequency": "three_meals",
        "preferred_cuisine": "mexican",
        "includes_supplements": true,
        "cost": 299.99
      },
      {
        "name": "10-Day Gluten-Free Detox",
        "duration_days": 10,
        "diet_type": "gluten-free",
        "goal": "immune_support",
        "meal_frequency": "five_meals",
        "preferred_cuisine": "none",
        "includes_supplements": true,
        "cost": 99.99
      },
      {
        "name": "30-Day Vegan Detox",
        "duration_days": 30,
        "diet_type": "vegan",
        "goal": "detoxification",
        "meal_frequency": "three_meals",
        "preferred_cuisine": "none",
        "includes_supplements": true,
        "cost": 199.99
      },
      {
        "name": "14-Day Paleo Reset",
        "duration_days": 14,
        "diet_type": "paleo",
        "goal": "weight_loss",
        "meal_frequency": "five_meals",
        "preferred_cuisine": "american",
        "includes_supplements": false,
        "cost": 149.99
      },
      {
        "name": "21-Day Paleo Detox",
        "duration_days": 21,
        "diet_type": "paleo",
        "goal": "detoxification",
        "meal_frequency": "five_meals",
        "preferred_cuisine": "asian",
        "includes_supplements": false,
        "cost": 219.99
      },
      {
        "name": "14-Day Asian Detox",
        "duration_days": 14,
        "diet_type": "none",
        "goal": "detoxification",
        "meal_frequency": "five_meals",
        "preferred_cuisine": "asian",
        "includes_supplements": false,
        "cost": 149.99
      },
      {
        "name": "28-Day Mediterranean Detox",
        "duration_days": 28,
        "diet_type": "none",
        "goal": "energy_boost",
        "meal_frequency": "three_meals",
        "preferred_cuisine": "mediterranean",
        "includes_supplements": true,
        "cost": 249.99
      }
    ],
    "goal": {
      "name": "14-Day Asian Detox",
      "duration_days": 14,
      "diet_type": "none",
      "goal": "detoxification",
      "meal_frequency": "five_meals",
      "preferred_cuisine": "asian",
      "includes_supplements": false,
      "cost": 149.99
    },
    "status": "complete"
  },
  {
    "domain": "supplements",
    "turns": [
      [
        "Thanks! Now, can you help me find a vitamin supplement?",
        {
          "name": null,
          "type": "vitamin",
          "brand": null,
          "form": null,
          "dietary_restriction": null,
          "dosage": null,
          "flavor": null,
          "packaging": null,
          "ingredient_preference": null
        },
        "Sure! What specific vitamin are you looking for, or do you have any preferences?"
      ],
      [
        "I'm looking for a vitamin, but I don't have a specific name in mind.",
        {
          "name": null,
          "type": "vitamin",
          "brand": null,
          "form": null,
          "dietary_restriction": null,
          "dosage": null,
          "flavor": null,
          "packaging": null,
          "ingredient_preference": null
        },
        "No problem! Do you have any dietary restrictions, like vegan or gluten-free?"
      ],
      [
        "Yes, it needs to be vegan.",
        {
          "name": null,
          "type": "vitamin",
          "brand": null,
          "form": null,
          "dietary_restriction": "vegan",
          "dosage": null,
          "flavor": null,
          "packaging": null,
          "ingredient_preference": null
        },
        "Got it! I have several vegan vitamin options. Do you prefer a specific form, like powder or tablet?"
      ],
      [
        "I prefer capsules.",
        {
          "name": null,
          "type": "vitamin",
          "brand": null,
          "form": "capsule",
          "dietary_restriction": "vegan",
          "dosage": null,
          "flavor": null,
          "packaging": null,
          "ingredient_preference": null
        },
        "Great choice! I have one vegan vitamin in capsule form: Vitamin C. Would you like to know more about it?"
      ],
      [
        "Yes, please tell me more about the Vitamin C!",
        {
          "name": null,
          "type": "vitamin",
          "brand": null,
          "form": "capsule",
          "dietary_restriction": "vegan",
          "dosage": null,
          "flavor": null,
          "packaging": null,
          "ingredient_preference": null
        },
        "The Vitamin C option is 500mg, from Brand B, and it's in a bottle with a lemon flavor. Does that sound good?"
      ],
      [
        "That sounds perfect! Does it have any artificial colors?",
        {
          "name": "Vitamin C",
          "type": "vitamin",
          "brand": "Brand B",
          "form": "capsule",
          "dietary_restriction": "vegan",
          "dosage": "500mg",
          "flavor": "lemon",
          "packaging": "bottle",
          "ingredient_preference": null
        },
        "No, it has no artificial colors. Would you like to go ahead and choose this Vitamin C?"
      ],
      [
        "Yes, let's go with the Vitamin C!",
        {
          "name": "Vitamin C",
          "type": "vitamin",
          "brand": "Brand B",
          "form": "capsule",
          "dietary_restriction": "vegan",
          "dosage": "500mg",
          "flavor": "lemon",
          "packaging": "bottle",
          "ingredient_preference": null
        },
        "Awesome choice! You\u2019ve selected the Vegan Vitamin C in capsules."
      ]
    ],
    "preferences_code": "```python\npreferences = SupplementCriteria(\n    name='Vitamin C',\n    type='vitamin',\n    brand='Brand B',\n    form='capsule',\n    dietary_restriction='vegan',\n    dosage='500mg',\n    flavor='lemon',\n    packaging='bottle',\n    ingredient_preference='no artificial colors',\n)\n```",
    "red_herrings_code": "```python\n# Global variable representing a list of similar supplement examples\nsimilar_supplements = [\n    SupplementKnowledge(\n        name='Vitamin C',\n        type='vitamin',\n        brand='Brand B',\n        form='capsule',\n        dietary_restriction='vegan',\n        dosage='500mg',\n        flavor='lemon',\n        packaging='bottle',\n        ingredient_preference='no artificial colors'\n    ),\n    SupplementKnowledge(\n        name='Vitamin C',\n        type='vitamin',\n        brand='Brand A',\n        form='tablet',\n        dietary_restriction='none',\n        dosage='1000mg',\n        flavor='grapefruit',\n        packaging='box',\n        ingredient_preference='no artificial colors'\n    ),\n    SupplementKnowledge(\n        name='Vitamin C',\n        type='vitamin',\n        brand='Brand C',\n        form='powder',\n        dietary_restriction='vegan',\n        dosage='750mg',\n        flavor='unflavored',\n        packaging='bag',\n        ingredient_preference='no artificial colors'\n    )\n]\n```",
    "database_code": "```python\n# Global variable representing a list of supplement examples using the SupplementKnowledge dataclass.\nsupplements_list = [\n    SupplementKnowledge(\n        name=\"Vitamin C\",\n        type='vitamin',\n        brand=\"Brand A\",\n        form='tablet',\n        dietary_restriction='vegan',\n        dosage=\"1000mg\",\n        flavor=\"orange\",\n        packaging='bottle',\n        ingredient_preference=\"no artificial colors\"\n    ),\n    SupplementKnowledge(\n        name=\"Magnesium\",\n        type='mineral',\n        brand=\"Brand B\",\n        form='capsule',\n        dietary_restriction='gluten-free',\n        dosage=\"400mg\",\n        flavor=None,\n        packaging='box',\n        ingredient_preference=\"non-GMO\"\n    ),\n    SupplementKnowledge(\n        name=\"Ashwagandha\",\n        type='herb',\n        brand=\"Brand C\",\n        form='powder',\n        dietary_restriction='vegan',\n        dosage=\"500mg\",\n        flavor=\"vanilla\",\n        packaging='bag',\n        ingredient_preference=\"organic\"\n    ),\n    SupplementKnowledge(\n        name=\"Whey Protein\",\n        type='protein',\n        brand=\"Brand D\",\n        form='powder',\n        dietary_restriction='none',\n        dosage=\"25g\",\n        flavor=\"chocolate\",\n        packaging='sachet',\n        ingredient_preference=\"no added sugars\"\n    ),\n    SupplementKnowledge(\n        name=\"Omega-3 Fish Oil\",\n        type='other',\n        brand=\"Brand E\",\n        form='capsule',\n        dietary_restriction='none',\n        dosage=\"1000mg\",\n        flavor=None,\n        packaging='bottle',\n        ingredient_preference=\"wild-caught\"\n    ),\n    SupplementKnowledge(\n        name=\"Turmeric\",\n        type='herb',\n        brand=\"Brand F\",\n        form='tablet',\n        dietary_restriction='vegan',\n        dosage=\"1000mg\",\n        flavor=None,\n        packaging='box',\n        ingredient_preference=\"no fillers\"\n    ),\n    SupplementKnowledge(\n        name=\"Vitamin D3\",\n        type='vitamin',\n        brand=\"Brand G\",\n        form='liquid',\n        dietary_restriction='dairy-free',\n        dosage=\"2000 IU\",\n        flavor=\"lemon\",\n        packaging='bottle',\n        ingredient_preference=\"no preservatives\"\n    ),\n    SupplementKnowledge(\n        name=\"Probiotics\",\n        type='other',\n        brand=\"Brand H\",\n        form='capsule',\n        dietary_restriction='gluten-free',\n        dosage=\"10 billion CFU\",\n        flavor=None,\n        packaging='box',\n        ingredient_preference=\"no dairy\"\n    ),\n    SupplementKnowledge(\n        name=\"Spirulina\",\n        type='herb',\n        brand=\"Brand I\",\n        form='powder',\n        dietary_restriction='vegan',\n        dosage=\"5g\",\n        flavor=\"natural\",\n        packaging='bag',\n        ingredient_preference=\"non-GMO\"\n    ),\n    SupplementKnowledge(\n        name=\"Zinc\",\n        type='mineral',\n        brand=\"Brand J\",\n        form='tablet',\n        dietary_restriction='vegetarian',\n        dosage=\"25mg\",\n        flavor=None,\n        packaging='sachet',\n        ingredient_preference=\"no artificial flavors\"\n    )\n]\n```",
    "database": [
      {
        "name": "Probiotics",
        "type": "other",
        "brand": "Brand H",
        "form": "capsule",
        "dietary_restriction": "gluten-free",
        "dosage": "10 billion CFU",
        "flavor": null,
        "packaging": "box",
        "ingredient_preference": "no dairy"
      },
      {
        "name": "Whey Protein",
        "type": "protein",
        "brand": "Brand D",
        "form": "powder",
        "dietary_restriction": "none",
        "dosage": "25g",
        "flavor": "chocolate",
        "packaging": "sachet",
        "ingredient_preference": "no added sugars"
      },
      {
        "name": "Zinc",
        "type": "mineral",
        "brand": "Brand J",
        "form": "tablet",
        "dietary_restriction": "vegetarian",
        "dosage": "25mg",
        "flavor": null,
        "packaging": "sachet",
        "ingredient_preference": "no artificial flavors"
      },
      {
        "name": "Magnesium",
        "type": "mineral",
        "brand": "Brand B",
        "form": "capsule",
        "dietary_restriction": "gluten-free",
        "dosage": "400mg",
        "flavor": null,
        "packaging": "box",
        "ingredient_preference": "non-GMO"
      },
      {
        "name": "Omega-3 Fish Oil",
        "type": "other",
        "brand": "Brand E",
        "form": "capsule",
        "dietary_restriction": "none",
        "dosage": "1000mg",
        "flavor": null,
        "packaging": "bottle",
        "ingredient_preference": "wild-caught"
      },
      {
        "name": "Vitamin C",
        "type": "vitamin",
        "brand": "Brand C",
        "form": "powder",
        "dietary_restriction": "vegan",
        "dosage": "750mg",
        "flavor": "unflavored",
        "packaging": "bag",
        "ingredient_preference": "no artificial colors"
      },
      {
        "name": "Vitamin C",
        "type": "vitamin",
        "brand": "Brand A",
        "form": "tablet",
        "dietary_restriction": "none",
        "dosage": "1000mg",
        "flavor": "grapefruit",
        "packaging": "box",
        "ingredient_preference": "no artificial colors"
      },
      {
        "name": "Turmeric",
        "type": "herb",
        "brand": "Brand F",
        "form": "tablet",
        "dietary_restriction": "vegan",
        "dosage": "1000mg",
        "flavor": null,
        "packaging": "box",
        "ingredient_preference": "no fillers"
      },
      {
        "name": "Ashwagandha",
        "type": "herb",
        "brand": "Brand C",
        "form": "powder",
        "dietary_restriction": "vegan",
        "dosage": "500mg",
        "flavor": "vanilla",
        "packaging": "bag",
        "ingredient_preference": "organic"
      },
      {
        "name": "Vitamin C",
        "type": "vitamin",
        "brand": "Brand B",
        "form": "capsule",
        "dietary_restriction": "vegan",
        "dosage": "500mg",
        "flavor": "lemon",
        "packaging": "bottle",
        "ingredient_preference": "no artificial colors"
      },
      {
        "name": "Vitamin D3",
        "type": "vitamin",
        "brand": "Brand G",
        "form": "liquid",
        "dietary_restriction": "dairy-free",
        "dosage": "2000 IU",
        "flavor": "lemon",
        "packaging": "bottle",
        "ingredient_preference": "no preservatives"
      },
      {
        "name": "Vitamin C",
        "type": "vitamin",
        "brand": "Brand A",
        "form": "tablet",
        "dietary_restriction": "vegan",
        "dosage": "1000mg",
        "flavor": "orange",
        "packaging": "bottle",
        "ingredient_preference": "no artificial colors"
      },
      {
        "name": "Spirulina",
        "type": "herb",
        "brand": "Brand I",
        "form": "powder",
        "dietary_restriction": "vegan",
        "dosage": "5g",
        "flavor": "natural",
        "packaging": "bag",
        "ingredient_preference": "non-GMO"
      }
    ],
    "goal": {
      "name": "Vitamin C",
      "type": "vitamin",
      "brand": "Brand B",
      "form": "capsule",
      "dietary_restriction": "vegan",
      "dosage": "500mg",
      "flavor": "lemon",
      "packaging": "bottle",
      "ingredient_preference": "no artificial colors"
    },
    "status": "complete"
  },
  {
    "domain": "exercise routines",
    "turns": [
      [
        "Thanks! Now, can you help me find a good exercise routine?",
        {
          "name": null,
          "duration": null,
          "intensity": null,
          "type": null,
          "equipment_needed": null,
          "indoor": null,
          "group_or_solo": null,
          "target_area": null
        },
        "Of course! What type of exercise are you interested in, like cardio, strength, or flexibility?"
      ],
      [
        "I'm looking for cardio exercises.",
        {
          "name": null,
          "duration": null,
          "intensity": null,
          "type": "cardio",
          "equipment_needed": null,
          "indoor": null,
          "group_or_solo": null,
          "target_area": null
        },
        "Great! Do you prefer a specific duration for your cardio workout?"
      ],
      [
        "Yes, I prefer it to be around 30 minutes.",
        {
          "name": null,
          "duration": 30,
          "intensity": null,
          "type": "cardio",
          "equipment_needed": null,
          "indoor": null,
          "group_or_solo": null,
          "target_area": null
        },
        "Got it! Are you looking for a high intensity or a medium intensity cardio workout?"
      ],
      [
        "I prefer a medium intensity workout.",
        {
          "name": null,
          "duration": 30,
          "intensity": "medium",
          "type": "cardio",
          "equipment_needed": null,
          "indoor": null,
          "group_or_solo": null,
          "target_area": null
        },
        "I have a perfect option for you: Jogging, which is 30 minutes at medium intensity. Does that work for you?"
      ],
      [
        "That sounds good! Do I need any equipment for jogging?",
        {
          "name": null,
          "duration": 30,
          "intensity": "medium",
          "type": "cardio",
          "equipment_needed": false,
          "indoor": null,
          "group_or_solo": null,
          "target_area": null
        },
        "No, you don't need any equipment for jogging. Would you like to confirm this choice?"
      ],
      [
        "Yes, I confirm jogging as my exercise routine!",
        {
          "name": "Jogging",
          "duration": 30,
          "intensity": "medium",
          "type": "cardio",
          "equipment_needed": false,
          "indoor": null,
          "group_or_solo": null,
          "target_area": null
        },
        "Great choice! You\u2019ve selected jogging as your exercise routine."
      ]
    ],
    "preferences_code": "```python\npreferences = ExerciseRoutineCriteria(\n    name='Jogging',\n    duration=30,\n    intensity='medium',\n    type='cardio',\n    equipment_needed=False,\n    indoor=False,\n    group_or_solo='solo',\n    target_area='lower body',\n)\n```",
    "red_herrings_code": "```python\n# Global variable to store a list of exercise routine examples\nexercise_routines = [\n    ExerciseRoutine(\n        name='Jogging',\n        duration=30,\n        intensity='medium',\n        type='cardio',\n        equipment_needed=False,\n        indoor=False,\n        group_or_solo='solo',\n        target_area='lower body',\n    ),\n    ExerciseRoutine(\n        name='Cycling',\n        duration=45,\n        intensity='high',\n        type='cardio',\n        equipment_needed=True,\n        indoor=False,\n        group_or_solo='solo',\n        target_area='lower body',\n    ),\n    ExerciseRoutine(\n        name='HIIT',\n        duration=20,\n        intensity='high',\n        type='combination',\n        equipment_needed=False,\n        indoor=True,\n        group_or_solo='group',\n        target_area='full body',\n    ),\n]\n```",
    "database_code": "```python\n# Global variable containing a list of example exercise routines\nexercise_routines = [\n    ExerciseRoutine(name=\"Morning Yoga\", duration=30, intensity='low', type='flexibility', \n                    equipment_needed=False, indoor=True, group_or_solo='solo', target_area='full body'),\n    ExerciseRoutine(name=\"HIIT Workout\", duration=20, intensity='high', type='cardio', \n                    equipment_needed=True, indoor=True, group_or_solo='group', target_area='full body'),\n    ExerciseRoutine(name=\"Strength Training\", duration=45, intensity='medium', type='strength', \n                    equipment_needed=True, indoor=True, group_or_solo='solo', target_area='upper body'),\n    ExerciseRoutine(name=\"Pilates\", duration=50, intensity='medium', type='flexibility', \n                    equipment_needed=False, indoor=True, group_or_solo='group', target_area='core'),\n    ExerciseRoutine(name=\"Running\", duration=30, intensity='high', type='cardio', \n                    equipment_needed=False, indoor=False, group_or_solo='solo', target_area='lower body'),\n    ExerciseRoutine(name=\"Dance Class\", duration=60, intensity='medium', type='combination', \n                    equipment_needed=False, indoor=True, group_or_solo='group', target_area='full body'),\n    ExerciseRoutine(name=\"Weight Lifting\", duration=40, intensity='high', type='strength', \n                    equipment_needed=True, indoor=True, group_or_solo='solo', target_area='upper body'),\n    ExerciseRoutine(name=\"Cycling\", duration=45, intensity='medium', type='cardio', \n                    equipment_needed=True, indoor=False, group_or_solo='solo', target_area='lower body'),\n    ExerciseRoutine(name=\"Tai Chi\", duration=30, intensity='low', type='balance', \n                    equipment_needed=False, indoor=True, group_or_solo='solo', target_area='full body'),\n    ExerciseRoutine(name=\"Zumba\", duration=60, intensity='medium', type='combination', \n                    equipment_needed=False, indoor=True, group_or_solo='group', target_area='full body'),\n]\n```",
    "database": [
      {
        "name": "Weight Lifting",
        "duration": 40,
        "intensity": "high",
        "type": "strength",
        "equipment_needed": true,
        "indoor": true,
        "group_or_solo": "solo",
        "target_area": "upper body"
      },
      {
        "name": "Running",
        "duration": 30,
        "intensity": "high",
        "type": "cardio",
        "equipment_needed": false,
        "indoor": false,
        "group_or_solo": "solo",
        "target_area": "lower body"
      },
      {
        "name": "Pilates",
        "duration": 50,
        "intensity": "medium",
        "type": "flexibility",
        "equipment_needed": false,
        "indoor": true,
        "group_or_solo": "group",
        "target_area": "core"
      },
      {
        "name": "Tai Chi",
        "duration": 30,
        "intensity": "low",
        "type": "balance",
        "equipment_needed": false,
        "indoor": true,
        "group_or_solo": "solo",
        "target_area": "full body"
      },
      {
        "name": "HIIT",
        "duration": 20,
        "intensity": "high",
        "type": "combination",
        "equipment_needed": false,
        "indoor": true,
        "group_or_solo": "group",
        "target_area": "full body"
      },
      {
        "name": "Morning Yoga",
        "duration": 30,
        "intensity": "low",
        "type": "flexibility",
        "equipment_needed": false,
        "indoor": true,
        "group_or_solo": "solo",
        "target_area": "full body"
      },
      {
        "name": "HIIT Workout",
        "duration": 20,
        "intensity": "high",
        "type": "cardio",
        "equipment_needed": true,
        "indoor": true,
        "group_or_solo": "group",
        "target_area": "full body"
      },
      {
        "name": "Cycling",
        "duration": 45,
        "intensity": "medium",
        "type": "cardio",
        "equipment_needed": true,
        "indoor": false,
        "group_or_solo": "solo",
        "target_area": "lower body"
      },
      {
        "name": "Dance Class",
        "duration": 60,
        "intensity": "medium",
        "type": "combination",
        "equipment_needed": false,
        "indoor": true,
        "group_or_solo": "group",
        "target_area": "full body"
      },
      {
        "name": "Zumba",
        "duration": 60,
        "intensity": "medium",
        "type": "combination",
        "equipment_needed": false,
        "indoor": true,
        "group_or_solo": "group",
        "target_area": "full body"
      },
      {
        "name": "Jogging",
        "duration": 30,
        "intensity": "medium",
        "type": "cardio",
        "equipment_needed": false,
        "indoor": false,
        "group_or_solo": "solo",
        "target_area": "lower body"
      },
      {
        "name": "Cycling",
        "duration": 45,
        "intensity": "high",
        "type": "cardio",
        "equipment_needed": true,
        "indoor": false,
        "group_or_solo": "solo",
        "target_area": "lower body"
      },
      {
        "name": "Strength Training",
        "duration": 45,
        "intensity": "medium",
        "type": "strength",
        "equipment_needed": true,
        "indoor": true,
        "group_or_solo": "solo",
        "target_area": "upper body"
      }
    ],
    "goal": {
      "name": "Jogging",
      "duration": 30,
      "intensity": "medium",
      "type": "cardio",
      "equipment_needed": false,
      "indoor": false,
      "group_or_solo": "solo",
      "target_area": "lower body"
    },
    "status": "complete"
  }
]