[
  {
    "domain": "sofa",
    "turns": [
      [
        "I'm looking for a traditional brown fabric 3-seater sofa.",
        {
          "name": null,
          "style": "traditional",
          "color": "brown",
          "material": "fabric",
          "size": null,
          "seating_capacity": 3,
          "has_recliner": null,
          "has_storage": null,
          "budget": null,
          "brand": null
        },
        "I have a few options, but none match all those criteria exactly. Would you consider a traditional brown leather sofa instead?"
      ],
      [
        "I really prefer fabric, but let me see the options.",
        {
          "name": null,
          "style": "traditional",
          "color": "brown",
          "material": "fabric",
          "size": null,
          "seating_capacity": 3,
          "has_recliner": null,
          "has_storage": null,
          "budget": null,
          "brand": null
        },
        "The closest option is the \"Elegant Retreat,\" which is a traditional brown fabric 3-seater with storage. Would that work for you?"
      ],
      [
        "That sounds perfect! What's the price?",
        {
          "name": "Elegant Retreat",
          "style": "traditional",
          "color": "brown",
          "material": "fabric",
          "size": null,
          "seating_capacity": 3,
          "has_recliner": null,
          "has_storage": true,
          "budget": null,
          "brand": null
        },
        "The \"Elegant Retreat\" is priced at $1399.99. Does that fit your budget?"
      ],
      [
        "Yes, that fits my budget! Let's go for it!",
        {
          "name": "Elegant Retreat",
          "style": "traditional",
          "color": "brown",
          "material": "fabric",
          "size": null,
          "seating_capacity": 3,
          "has_recliner": null,
          "has_storage": true,
          "budget": 1399.99,
          "brand": null
        },
        "Great choice! The \"Elegant Retreat\" it is!"
      ]
    ],
    "preferences_code": "```python\npreferences = SofaCriteria(\n    name='Elegant Retreat',\n    style='traditional',\n    color='brown',\n    material='fabric',\n    size='3-seater',\n    seating_capacity=3,\n    has_recliner=False,\n    has_storage=True,\n    budget=1500.00,\n    brand='HomeElegance',\n)\n```",
    "red_herrings_code": "```python\nsimilar_sofas = [\n    Sofa(\n        name='Classic Comfort',\n        style='traditional',\n        color='dark brown',\n        material='leather',\n        size='3-seater',\n        seating_capacity=3,\n        has_recliner=True,\n        has_storage=False,\n        price=1499.99,\n        brand='ComfortCo'\n    ),\n    Sofa(\n        name='Elegant Retreat',\n        style='traditional',\n        color='brown',\n        material='fabric',\n        size='3-seater',\n        seating_capacity=3,\n        has_recliner=False,\n        has_storage=True,\n        price=1399.99,\n        brand='HomeElegance'\n    ),\n    Sofa(\n        name='Vintage Charm',\n        style='vintage',\n        color='brown',\n        material='leather',\n        size='3-seater',\n        seating_capacity=3,\n        has_recliner=True,\n        has_storage=False,\n        price=1699.99,\n        brand='VintageSofas'\n    )\n]\n```",
    "database_code": "```python\nsofa_examples = [\n    Sofa(name=\"Modern Elegance\", style=\"modern\", color=\"gray\", material=\"fabric\", size=\"3-seater\", seating_capacity=3, has_recliner=False, has_storage=True, price=899.99, brand=\"SofaCo\"),\n    Sofa(name=\"Classic Comfort\", style=\"traditional\", color=\"beige\", material=\"leather\", size=\"2-seater\", seating_capacity=2, has_recliner=True, has_storage=False, price=1299.99, brand=\"ClassicFurniture\"),\n    Sofa(name=\"Chic Vintage\", style=\"vintage\", color=\"green\", material=\"velvet\", size=\"3-seater\", seating_capacity=3, has_recliner=False, has_storage=True, price=749.99, brand=\"VintageVibes\"),\n    Sofa(name=\"Contemporary Bliss\", style=\"contemporary\", color=\"blue\", material=\"microfiber\", size=\"4-seater\", seating_capacity=4, has_recliner=True, has_storage=True, price=1099.99, brand=\"ModernLiving\"),\n    Sofa(name=\"Cozy Corner\", style=\"modern\", color=\"white\", material=\"fabric\", size=\"L-shaped\", seating_capacity=5, has_recliner=False, has_storage=True, price=1399.99, brand=\"HomeComfort\"),\n    Sofa(name=\"Leather Luxe\", style=\"traditional\", color=\"brown\", material=\"leather\", size=\"3-seater\", seating_capacity=3, has_recliner=True, has_storage=False, price=1599.99, brand=\"LuxurySofas\"),\n    Sofa(name=\"Minimalist Design\", style=\"modern\", color=\"black\", material=\"fabric\", size=\"2-seater\", seating_capacity=2, has_recliner=False, has_storage=True, price=799.99, brand=\"SleekSofas\"),\n    Sofa(name=\"Family Friendly\", style=\"contemporary\", color=\"red\", material=\"microfiber\", size=\"5-seater\", seating_capacity=5, has_recliner=False, has_storage=True, price=899.99, brand=\"FamilyFirst\"),\n    Sofa(name=\"Elegant Recline\", style=\"traditional\", color=\"navy\", material=\"velvet\", size=\"3-seater\", seating_capacity=3, has_recliner=True, has_storage=False, price=1399.99, brand=\"ElegantLiving\"),\n    Sofa(name=\"Budget Saver\", style=\"vintage\", color=\"yellow\", material=\"fabric\", size=\"2-seater\", seating_capacity=2, has_recliner=False, has_storage=True, price=399.99, brand=\"ValueSofas\"),\n]\n```",
    "database": [
      {
        "name": "Budget Saver",
        "style": "vintage",
        "color": "yellow",
        "material": "fabric",
        "size": "2-seater",
        "seating_capacity": 2,
        "has_recliner": false,
        "has_storage": true,
        "price": 399.99,
        "brand": "ValueSofas"
      },
      {
        "name": "Chic Vintage",
        "style": "vintage",
        "color": "green",
        "material": "velvet",
        "size": "3-seater",
        "seating_capacity": 3,
        "has_recliner": false,
        "has_storage": true,
        "price": 749.99,
        "brand": "VintageVibes"
      },
      {
        "name": "Classic Comfort",
        "style": "traditional",
        "color": "beige",
        "material": "leather",
        "size": "2-seater",
        "seating_capacity": 2,
        "has_recliner": true,
        "has_storage": false,
        "price": 1299.99,
        "brand": "ClassicFurniture"
      },
      {
        "name": "Vintage Charm",
        "style": "vintage",
        "color": "brown",
        "material": "leather",
        "size": "3-seater",
        "seating_capacity": 3,
        "has_recliner": true,
        "has_storage": false,
        "price": 1699.99,
        "brand": "VintageSofas"
      },
      {
        "name": "Family Friendly",
        "style": "contemporary",
        "color": "red",
        "material": "microfiber",
        "size": "5-seater",
        "seating_capacity": 5,
        "has_recliner": false,
        "has_storage": true,
        "price": 899.99,
        "brand": "FamilyFirst"
      },
      {
        "name": "Elegant Recline",
        "style": "traditional",
        "color": "navy",
        "material": "velvet",
        "size": "3-seater",
        "seating_capacity": 3,
        "has_recliner": true,
        "has_storage": false,
        "price": 1399.99,
        "brand": "ElegantLiving"
      },
      {
        "name": "Cozy Corner",
        "style": "modern",
        "color": "white",
        "material": "fabric",
        "size": "L-shaped",
        "seating_capacity": 5,
        "has_recliner": false,
        "has_storage": true,
        "price": 1399.99,
        "brand": "HomeComfort"
      },
      {
        "name": "Leather Luxe",
        "style": "traditional",
        "color": "brown",
        "material": "leather",
        "size": "3-seater",
        "seating_capacity": 3,
        "has_recliner": true,
        "has_storage": false,
        "price": 1599.99,
        "brand": "LuxurySofas"
      },
      {
        "name": "Contemporary Bliss",
        "style": "contemporary",
        "color": "blue",
        "material": "microfiber",
        "size": "4-seater",
        "seating_capacity": 4,
        "has_recliner": true,
        "has_storage": true,
        "price": 1099.99,
        "brand": "ModernLiving"
      },
      {
        "name": "Elegant Retreat",
        "style": "traditional",
        "color": "brown",
        "material": "fabric",
        "size": "3-seater",
        "seating_capacity": 3,
        "has_recliner": false,
        "has_storage": true,
        "price": 1399.99,
        "brand": "HomeElegance"
      },
      {
        "name": "Modern Elegance",
        "style": "modern",
        "color": "gray",
        "material": "fabric",
        "size": "3-seater",
        "seating_capacity": 3,
        "has_recliner": false,
        "has_storage": true,
        "price": 899.99,
        "brand": "SofaCo"
      },
      {
        "name": "Classic Comfort",
        "style": "traditional",
        "color": "dark brown",
        "material": "leather",
        "size": "3-seater",
        "seating_capacity": 3,
        "has_recliner": true,
        "has_storage": false,
        "price": 1499.99,
        "brand": "ComfortCo"
      },
      {
        "name": "Minimalist Design",
        "style": "modern",
        "color": "black",
        "material": "fabric",
        "size": "2-seater",
        "seating_capacity": 2,
        "has_recliner": false,
        "has_storage": true,
        "price": 799.99,
        "brand": "SleekSofas"
      }
    ],
    "goal": {
      "name": "Elegant Retreat",
      "style": "traditional",
      "color": "brown",
      "material": "fabric",
      "size": "3-seater",
      "seating_capacity": 3,
      "has_recliner": false,
      "has_storage": true,
      "price": 1399.99,
      "brand": "HomeElegance"
    },
    "status": "complete"
  },
  {
    "domain": "coffee table",
    "turns": [
      [
        "Thanks! Now, can you help me find a coffee table? I'm looking for something contemporary.",
        {
          "name": null,
          "style": "contemporary",
          "shape": null,
          "material": null,
          "color": null,
          "size": null,
          "budget": null,
          "brand": null,
          "additional_features": null
        },
        "Sure! Do you have a specific shape or material in mind for the contemporary coffee table?"
      ],
      [
        "I prefer a square shape and metal material.",
        {
          "name": null,
          "style": "contemporary",
          "shape": "square",
          "material": "metal",
          "color": null,
          "size": null,
          "budget": null,
          "brand": null,
          "additional_features": null
        },
        "I have a perfect match: the \"Contemporary Metal Table\" in a square shape with a metal material. Would you like to know more about it?"
      ],
      [
        "Yes, please tell me more about the \"Contemporary Metal Table.\"",
        {
          "name": null,
          "style": "contemporary",
          "shape": "square",
          "material": "metal",
          "color": null,
          "size": null,
          "budget": null,
          "brand": null,
          "additional_features": null
        },
        "It's priced at $429.99, has a black color, and features durable construction. Does that sound good to you?"
      ],
      [
        "That sounds great! Does it fit my budget?",
        {
          "name": "Contemporary Metal Table",
          "style": "contemporary",
          "shape": "square",
          "material": "metal",
          "color": "black",
          "size": null,
          "budget": 429.99,
          "brand": null,
          "additional_features": "durable construction"
        },
        "Could you share your budget for the coffee table?"
      ],
      [
        "My budget is $450.",
        {
          "name": "Contemporary Metal Table",
          "style": "contemporary",
          "shape": "square",
          "material": "metal",
          "color": "black",
          "size": null,
          "budget": 450,
          "brand": null,
          "additional_features": "durable construction"
        },
        "Yes, the \"Contemporary Metal Table\" fits within your budget! Would you like to go ahead with that choice?"
      ],
      [
        "Yes, let's go ahead with the \"Contemporary Metal Table\"!",
        {
          "name": "Contemporary Metal Table",
          "style": "contemporary",
          "shape": "square",
          "material": "metal",
          "color": "black",
          "size": null,
          "budget": 450.0,
          "brand": null,
          "additional_features": null
        },
        "Awesome choice! The \"Contemporary Metal Table\" is yours!"
      ]
    ],
    "preferences_code": "```python\npreferences = CoffeeTablePreferences(\n    name='Contemporary Metal Table',\n    style='contemporary',\n    shape='square',\n    material='metal',\n    color='black',\n    size='medium',\n    budget=450.00,\n    brand='ModernLiving',\n    additional_features='Durable construction'\n)\n```",
    "red_herrings_code": "```python\ncoffee_table_examples = [\n    CoffeeTable(\n        name='Elegant Glass Table',\n        style='modern',\n        shape='round',\n        material='glass',\n        color='clear',\n        size='medium',\n        price=349.99,\n        brand='ElegantHome',\n        additional_features='Stylish design'\n    ),\n    CoffeeTable(\n        name='Contemporary Metal Table',\n        style='contemporary',\n        shape='square',\n        material='metal',\n        color='black',\n        size='medium',\n        price=429.99,\n        brand='ModernLiving',\n        additional_features='Durable construction'\n    ),\n    CoffeeTable(\n        name='Classic Wooden Table',\n        style='traditional',\n        shape='rectangular',\n        material='wood',\n        color='dark brown',\n        size='large',\n        price=359.99,\n        brand='ClassicFurniture',\n        additional_features='Timeless design'\n    )\n]\n```",
    "database_code": "```python\n# Global variable representing a list of coffee table examples\ncoffee_tables = [\n    CoffeeTable(name=\"Modern Glass Table\", style='modern', shape='rectangular', material='glass', color='clear', size='large', price=299.99, brand='DesignCo', additional_features='Tempered glass top'),\n    CoffeeTable(name=\"Rustic Wooden Table\", style='traditional', shape='square', material='wood', color='brown', size='medium', price=199.99, brand='RusticHome', additional_features='Reclaimed wood finish'),\n    CoffeeTable(name=\"Industrial Steel Table\", style='industrial', shape='rectangular', material='metal', color='black', size='large', price=349.99, brand='SteelWorks', additional_features='Heavy-duty design'),\n    CoffeeTable(name=\"Mid-Century Round Table\", style='mid-century', shape='round', material='wood', color='teak', size='small', price=249.99, brand='MidMod', additional_features='Classic design with tapered legs'),\n    CoffeeTable(name=\"Contemporary Marble Table\", style='contemporary', shape='oval', material='marble', color='white', size='large', price=499.99, brand='LuxuryLiving', additional_features='Elegant marble top'),\n    CoffeeTable(name=\"Vintage Coffee Table\", style='traditional', shape='rectangular', material='wood', color='dark brown', size='medium', price=150.00, brand='VintageFinds', additional_features='Antique finish'),\n    CoffeeTable(name=\"Sleek Glass and Metal Table\", style='modern', shape='square', material='glass', color='smoked', size='medium', price=399.99, brand='SleekDesign', additional_features='Minimalist style'),\n    CoffeeTable(name=\"Eco-Friendly Bamboo Table\", style='contemporary', shape='rectangular', material='composite', color='natural', size='large', price=270.00, brand='EcoHome', additional_features='Sustainable materials'),\n    CoffeeTable(name=\"Classic Oval Wood Table\", style='traditional', shape='oval', material='wood', color='light oak', size='medium', price=220.00, brand='ClassicCraft', additional_features='Traditional craftsmanship'),\n    CoffeeTable(name=\"Artistic Resin Table\", style='contemporary', shape='freeform', material='composite', color='blue and green', size='large', price=450.00, brand='ArtisanDecor', additional_features='Unique artistic design'),\n]\n```",
    "database": [
      {
        "name": "Elegant Glass Table",
        "style": "modern",
        "shape": "round",
        "material": "glass",
        "color": "clear",
        "size": "medium",
        "price": 349.99,
        "brand": "ElegantHome",
        "additional_features": "Stylish design"
      },
      {
        "name": "Eco-Friendly Bamboo Table",
        "style": "contemporary",
        "shape": "rectangular",
        "material": "composite",
        "color": "natural",
        "size": "large",
        "price": 270.0,
        "brand": "EcoHome",
        "additional_features": "Sustainable materials"
      },
      {
        "name": "Contemporary Metal Table",
        "style": "contemporary",
        "shape": "square",
        "material": "metal",
        "color": "black",
        "size": "medium",
        "price": 429.99,
        "brand": "ModernLiving",
        "additional_features": "Durable construction"
      },
      {
        "name": "Artistic Resin Table",
        "style": "contemporary",
        "shape": "freeform",
        "material": "composite",
        "color": "blue and green",
        "size": "large",
        "price": 450.0,
        "brand": "ArtisanDecor",
        "additional_features": "Unique artistic design"
      },
      {
        "name": "Rustic Wooden Table",
        "style": "traditional",
        "shape": "square",
        "material": "wood",
        "color": "brown",
        "size": "medium",
        "price": 199.99,
        "brand": "RusticHome",
        "additional_features": "Reclaimed wood finish"
      },
      {
        "name": "Mid-Century Round Table",
        "style": "mid-century",
        "shape": "round",
        "material": "wood",
        "color": "teak",
        "size": "small",
        "price": 249.99,
        "brand": "MidMod",
        "additional_features": "Classic design with tapered legs"
      },
      {
        "name": "Classic Wooden Table",
        "style": "traditional",
        "shape": "rectangular",
        "material": "wood",
        "color": "dark brown",
        "size": "large",
        "price": 359.99,
        "brand": "ClassicFurniture",
        "additional_features": "Timeless design"
      },
      {
        "name": "Industrial Steel Table",
        "style": "industrial",
        "shape": "rectangular",
        "material": "metal",
        "color": "black",
        "size": "large",
        "price": 349.99,
        "brand": "SteelWorks",
        "additional_features": "Heavy-duty design"
      },
      {
        "name": "Modern Glass Table",
        "style": "modern",
        "shape": "rectangular",
        "material": "glass",
        "color": "clear",
        "size": "large",
        "price": 299.99,
        "brand": "DesignCo",
        "additional_features": "Tempered glass top"
      },
      {
        "name": "Classic Oval Wood Table",
        "style": "traditional",
        "shape": "oval",
        "material": "wood",
        "color": "light oak",
        "size": "medium",
        "price": 220.0,
        "brand": "ClassicCraft",
        "additional_features": "Traditional craftsmanship"
      },
      {
        "name": "Contemporary Marble Table",
        "style": "contemporary",
        "shape": "oval",
        "material": "marble",
        "color": "white",
        "size": "large",
        "price": 499.99,
        "brand": "LuxuryLiving",
        "additional_features": "Elegant marble top"
      },
      {
        "name": "Sleek Glass and Metal Table",
        "style": "modern",
        "shape": "square",
        "material": "glass",
        "color": "smoked",
        "size": "medium",
        "price": 399.99,
        "brand": "SleekDesign",
        "additional_features": "Minimalist style"
      },
      {
        "name": "Vintage Coffee Table",
        "style": "traditional",
        "shape": "rectangular",
        "material": "wood",
        "color": "dark brown",
        "size": "medium",
        "price": 150.0,
        "brand": "VintageFinds",
        "additional_features": "Antique finish"
      }
    ],
    "goal": {
      "name": "Contemporary Metal Table",
      "style": "contemporary",
      "shape": "square",
      "material": "metal",
      "color": "black",
      "size": "medium",
      "price": 429.99,
      "brand": "ModernLiving",
      "additional_features": "Durable construction"
    },
    "status": "complete"
  },
  {
    "domain": "lighting fixtures",
    "turns": [
      [
        "Thanks! Now, can you help me find some lighting fixtures? I'm looking for sconces.",
        {
          "name": null,
          "type": "sconce",
          "style": null,
          "color": null,
          "material": null,
          "size": null,
          "brightness": null,
          "energy_efficiency": null,
          "dimmable": null,
          "price_range": null
        },
        "Of course! Do you have a specific style or color preference for the sconces?"
      ],
      [
        "I'm looking for vintage-style sconces in white.",
        {
          "name": null,
          "type": "sconce",
          "style": "vintage",
          "color": "white",
          "material": null,
          "size": null,
          "brightness": null,
          "energy_efficiency": null,
          "dimmable": null,
          "price_range": null
        },
        "I have the \"Vintage Wall Sconce\" in white. Would you like to know more about it?"
      ],
      [
        "Yes, please share more details about the \"Vintage Wall Sconce.\"",
        {
          "name": "Vintage Wall Sconce",
          "type": "sconce",
          "style": "vintage",
          "color": "white",
          "material": null,
          "size": null,
          "brightness": null,
          "energy_efficiency": null,
          "dimmable": null,
          "price_range": null
        },
        "The \"Vintage Wall Sconce\" is priced at $60-$100, has a low brightness, and is made of glass. Does that work for you?"
      ],
      [
        "That sounds perfect! Is it dimmable?",
        {
          "name": "Vintage Wall Sconce",
          "type": "sconce",
          "style": "vintage",
          "color": "white",
          "material": "glass",
          "size": null,
          "brightness": "low",
          "energy_efficiency": null,
          "dimmable": null,
          "price_range": "$60-$100"
        },
        "No, the \"Vintage Wall Sconce\" is not dimmable. Would you like to consider another option?"
      ],
      [
        "I'm okay with it not being dimmable. Let's go with the \"Vintage Wall Sconce\"!",
        {
          "name": "Vintage Wall Sconce",
          "type": "sconce",
          "style": "vintage",
          "color": "white",
          "material": "glass",
          "size": null,
          "brightness": "low",
          "energy_efficiency": null,
          "dimmable": false,
          "price_range": "$60-$100"
        },
        "Great choice! The \"Vintage Wall Sconce\" is all yours!"
      ]
    ],
    "preferences_code": "```python\npreferences = LightingFixtureCriteria(\n    type='sconce',\n    style='vintage',\n    color='white',\n    material='glass',\n    size='medium',\n    brightness='low',\n    energy_efficiency='CFL',\n    dimmable=False,\n    price_range='$60-$100',\n)\n```",
    "red_herrings_code": "```python\n# Global variable containing a list of similar lighting fixtures examples\nsimilar_lighting_fixtures = [\n    LightingFixture(\n        name='Contemporary Wall Sconce',\n        type='sconce',\n        style='contemporary',\n        color='black',\n        material='metal',\n        size='small',\n        brightness='medium',\n        energy_efficiency='LED',\n        dimmable=True,\n        price_range='$80-$130',\n    ),\n    LightingFixture(\n        name='Vintage Wall Sconce',\n        type='sconce',\n        style='vintage',\n        color='white',\n        material='glass',\n        size='medium',\n        brightness='low',\n        energy_efficiency='CFL',\n        dimmable=False,\n        price_range='$60-$100',\n    ),\n    LightingFixture(\n        name='Rustic Wall Sconce',\n        type='sconce',\n        style='rustic',\n        color='brown',\n        material='wood',\n        size='small',\n        brightness='low',\n        energy_efficiency='incandescent',\n        dimmable=True,\n        price_range='$50-$90',\n    ),\n]\n```",
    "database_code": "```python\n# Global variable representing a list of lighting fixture examples\nlighting_fixtures = [\n    LightingFixture(name=\"Modern Chandelier\", type='chandelier', style='modern', color='black', \n                    material='metal', size='large', brightness='high', energy_efficiency='LED', \n                    dimmable=True, price_range='$300-$500'),\n    LightingFixture(name=\"Vintage Pendant Light\", type='pendant', style='vintage', color='brass', \n                    material='metal', size='medium', brightness='medium', energy_efficiency='CFL', \n                    dimmable=False, price_range='$100-$200'),\n    LightingFixture(name=\"Rustic Wall Sconce\", type='sconce', style='rustic', color='brown', \n                    material='wood', size='small', brightness='low', energy_efficiency='incandescent', \n                    dimmable=True, price_range='$50-$100'),\n    LightingFixture(name=\"Contemporary Floor Lamp\", type='lamp', style='contemporary', color='white', \n                    material='metal', size='tall', brightness='high', energy_efficiency='LED', \n                    dimmable=True, price_range='$150-$250'),\n    LightingFixture(name=\"Industrial Track Lighting\", type='track', style='industrial', color='silver', \n                    material='metal', size='adjustable', brightness='high', energy_efficiency='halogen', \n                    dimmable=False, price_range='$200-$400'),\n    LightingFixture(name=\"Traditional Recessed Light\", type='recessed', style='traditional', color='white', \n                    material='plastic', size='small', brightness='high', energy_efficiency='CFL', \n                    dimmable=True, price_range='$100-$150'),\n    LightingFixture(name=\"Modern Table Lamp\", type='lamp', style='modern', color='blue', \n                    material='glass', size='medium', brightness='medium', energy_efficiency='LED', \n                    dimmable=False, price_range='$80-$120'),\n    LightingFixture(name=\"Chic Pendant Light\", type='pendant', style='contemporary', color='gold', \n                    material='metal', size='large', brightness='high', energy_efficiency='CFL', \n                    dimmable=True, price_range='$250-$350'),\n    LightingFixture(name=\"Classic Chandelier\", type='chandelier', style='traditional', color='crystal', \n                    material='glass', size='large', brightness='high', energy_efficiency='incandescent', \n                    dimmable=True, price_range='$400-$600'),\n    LightingFixture(name=\"Minimalist Wall Sconce\", type='sconce', style='modern', color='white', \n                    material='metal', size='small', brightness='low', energy_efficiency='LED', \n                    dimmable=False, price_range='$70-$120')\n]\n```",
    "database": [
      {
        "name": "Rustic Wall Sconce",
        "type": "sconce",
        "style": "rustic",
        "color": "brown",
        "material": "wood",
        "size": "small",
        "brightness": "low",
        "energy_efficiency": "incandescent",
        "dimmable": true,
        "price_range": "$50-$100"
      },
      {
        "name": "Chic Pendant Light",
        "type": "pendant",
        "style": "contemporary",
        "color": "gold",
        "material": "metal",
        "size": "large",
        "brightness": "high",
        "energy_efficiency": "CFL",
        "dimmable": true,
        "price_range": "$250-$350"
      },
      {
        "name": "Rustic Wall Sconce",
        "type": "sconce",
        "style": "rustic",
        "color": "brown",
        "material": "wood",
        "size": "small",
        "brightness": "low",
        "energy_efficiency": "incandescent",
        "dimmable": true,
        "price_range": "$50-$90"
      },
      {
        "name": "Contemporary Wall Sconce",
        "type": "sconce",
        "style": "contemporary",
        "color": "black",
        "material": "metal",
        "size": "small",
        "brightness": "medium",
        "energy_efficiency": "LED",
        "dimmable": true,
        "price_range": "$80-$130"
      },
      {
        "name": "Contemporary Floor Lamp",
        "type": "lamp",
        "style": "contemporary",
        "color": "white",
        "material": "metal",
        "size": "tall",
        "brightness": "high",
        "energy_efficiency": "LED",
        "dimmable": true,
        "price_range": "$150-$250"
      },
      {
        "name": "Modern Chandelier",
        "type": "chandelier",
        "style": "modern",
        "color": "black",
        "material": "metal",
        "size": "large",
        "brightness": "high",
        "energy_efficiency": "LED",
        "dimmable": true,
        "price_range": "$300-$500"
      },
      {
        "name": "Industrial Track Lighting",
        "type": "track",
        "style": "industrial",
        "color": "silver",
        "material": "metal",
        "size": "adjustable",
        "brightness": "high",
        "energy_efficiency": "halogen",
        "dimmable": false,
        "price_range": "$200-$400"
      },
      {
        "name": "Minimalist Wall Sconce",
        "type": "sconce",
        "style": "modern",
        "color": "white",
        "material": "metal",
        "size": "small",
        "brightness": "low",
        "energy_efficiency": "LED",
        "dimmable": false,
        "price_range": "$70-$120"
      },
      {
        "name": "Classic Chandelier",
        "type": "chandelier",
        "style": "traditional",
        "color": "crystal",
        "material": "glass",
        "size": "large",
        "brightness": "high",
        "energy_efficiency": "incandescent",
        "dimmable": true,
        "price_range": "$400-$600"
      },
      {
        "name": "Vintage Pendant Light",
        "type": "pendant",
        "style": "vintage",
        "color": "brass",
        "material": "metal",
        "size": "medium",
        "brightness": "medium",
        "energy_efficiency": "CFL",
        "dimmable": false,
        "price_range": "$100-$200"
      },
      {
        "name": "Vintage Wall Sconce",
        "type": "sconce",
        "style": "vintage",
        "color": "white",
        "material": "glass",
        "size": "medium",
        "brightness": "low",
        "energy_efficiency": "CFL",
        "dimmable": false,
        "price_range": "$60-$100"
      },
      {
        "name": "Modern Table Lamp",
        "type": "lamp",
        "style": "modern",
        "color": "blue",
        "material": "glass",
        "size": "medium",
        "brightness": "medium",
        "energy_efficiency": "LED",
        "dimmable": false,
        "price_range": "$80-$120"
      },
      {
        "name": "Traditional Recessed Light",
        "type": "recessed",
        "style": "traditional",
        "color": "white",
        "material": "plastic",
        "size": "small",
        "brightness": "high",
        "energy_efficiency": "CFL",
        "dimmable": true,
        "price_range": "$100-$150"
      }
    ],
    "goal": {
      "name": "Vintage Wall Sconce",
      "type": "sconce",
      "style": "vintage",
      "color": "white",
      "material": "glass",
      "size": "medium",
      "brightness": "low",
      "energy_efficiency": "CFL",
      "dimmable": false,
      "price_range": "$60-$100"
    },
    "status": "complete"
  }
]