[
  {
    "domain": "sofa",
    "turns": [
      [
        "I'm looking for a modern L-shaped fabric sofa that seats six.",
        {
          "name": null,
          "style": "modern",
          "color": null,
          "material": "fabric",
          "size": "L-shaped",
          "seating_capacity": 6,
          "has_recliner": null,
          "has_storage": null,
          "budget": null,
          "brand": null
        },
        "I have the \"Comfy Sectional,\" which is a modern, L-shaped fabric sofa that seats six. Would you like to know more about it?"
      ],
      [
        "Yes, does it have storage options?",
        {
          "name": "Comfy Sectional",
          "style": "modern",
          "color": null,
          "material": "fabric",
          "size": "L-shaped",
          "seating_capacity": 6,
          "has_recliner": null,
          "has_storage": null,
          "budget": null,
          "brand": null
        },
        "Yes, the \"Comfy Sectional\" has storage options. Would you like to proceed with this choice?"
      ],
      [
        "What\u2019s the price of the \"Comfy Sectional\"?",
        {
          "name": "Comfy Sectional",
          "style": "modern",
          "color": null,
          "material": "fabric",
          "size": "L-shaped",
          "seating_capacity": 6,
          "has_recliner": null,
          "has_storage": true,
          "budget": null,
          "brand": null
        },
        "The \"Comfy Sectional\" is priced at $1,299.99. Does that work for you?"
      ],
      [
        "Yes, that fits my budget! Let's go with the \"Comfy Sectional.\"",
        {
          "name": "Comfy Sectional",
          "style": "modern",
          "color": null,
          "material": "fabric",
          "size": "L-shaped",
          "seating_capacity": 6,
          "has_recliner": null,
          "has_storage": true,
          "budget": 1299.99,
          "brand": null
        },
        "Great choice! The \"Comfy Sectional\" it is. Enjoy your new sofa!"
      ]
    ],
    "preferences_code": "```python\npreferences = SofaCriteria(\n    name='Comfy Sectional',\n    style='modern',\n    color='gray',\n    material='fabric',\n    size='L-shaped',\n    seating_capacity=6,\n    has_recliner=False,\n    has_storage=True,\n    budget=1300.00,\n    brand='ComfortZone',\n)\n```",
    "red_herrings_code": "```python\nsofa_examples = [\n    Sofa(\n        name='Cozy Corner Plus',\n        style='modern',\n        color='white',\n        material='fabric',\n        size='L-shaped',\n        seating_capacity=5,\n        has_recliner=True,\n        has_storage=True,\n        price=1599.99,\n        brand='HomeComfort'\n    ),\n    Sofa(\n        name='Comfy Sectional',\n        style='modern',\n        color='gray',\n        material='fabric',\n        size='L-shaped',\n        seating_capacity=6,\n        has_recliner=False,\n        has_storage=True,\n        price=1299.99,\n        brand='ComfortZone'\n    ),\n    Sofa(\n        name='Elegant Sofa',\n        style='contemporary',\n        color='white',\n        material='velvet',\n        size='L-shaped',\n        seating_capacity=5,\n        has_recliner=False,\n        has_storage=False,\n        price=1499.99,\n        brand='LuxuryLiving'\n    )\n]\n```",
    "database_code": "```python\nsofa_examples = [\n    Sofa(name=\"Modern Elegance\", style=\"modern\", color=\"gray\", material=\"fabric\", size=\"3-seater\", seating_capacity=3, has_recliner=False, has_storage=True, price=899.99, brand=\"SofaCo\"),\n    Sofa(name=\"Classic Comfort\", style=\"traditional\", color=\"beige\", material=\"leather\", size=\"2-seater\", seating_capacity=2, has_recliner=True, has_storage=False, price=1299.99, brand=\"ClassicFurniture\"),\n    Sofa(name=\"Chic Vintage\", style=\"vintage\", color=\"green\", material=\"velvet\", size=\"3-seater\", seating_capacity=3, has_recliner=False, has_storage=True, price=749.99, brand=\"VintageVibes\"),\n    Sofa(name=\"Contemporary Bliss\", style=\"contemporary\", color=\"blue\", material=\"microfiber\", size=\"4-seater\", seating_capacity=4, has_recliner=True, has_storage=True, price=1099.99, brand=\"ModernLiving\"),\n    Sofa(name=\"Cozy Corner\", style=\"modern\", color=\"white\", material=\"fabric\", size=\"L-shaped\", seating_capacity=5, has_recliner=False, has_storage=True, price=1399.99, brand=\"HomeComfort\"),\n    Sofa(name=\"Leather Luxe\", style=\"traditional\", color=\"brown\", material=\"leather\", size=\"3-seater\", seating_capacity=3, has_recliner=True, has_storage=False, price=1599.99, brand=\"LuxurySofas\"),\n    Sofa(name=\"Minimalist Design\", style=\"modern\", color=\"black\", material=\"fabric\", size=\"2-seater\", seating_capacity=2, has_recliner=False, has_storage=True, price=799.99, brand=\"SleekSofas\"),\n    Sofa(name=\"Family Friendly\", style=\"contemporary\", color=\"red\", material=\"microfiber\", size=\"5-seater\", seating_capacity=5, has_recliner=False, has_storage=True, price=899.99, brand=\"FamilyFirst\"),\n    Sofa(name=\"Elegant Recline\", style=\"traditional\", color=\"navy\", material=\"velvet\", size=\"3-seater\", seating_capacity=3, has_recliner=True, has_storage=False, price=1399.99, brand=\"ElegantLiving\"),\n    Sofa(name=\"Budget Saver\", style=\"vintage\", color=\"yellow\", material=\"fabric\", size=\"2-seater\", seating_capacity=2, has_recliner=False, has_storage=True, price=399.99, brand=\"ValueSofas\"),\n]\n```",
    "database": [
      {
        "name": "Budget Saver",
        "style": "vintage",
        "color": "yellow",
        "material": "fabric",
        "size": "2-seater",
        "seating_capacity": 2,
        "has_recliner": false,
        "has_storage": true,
        "price": 399.99,
        "brand": "ValueSofas"
      },
      {
        "name": "Contemporary Bliss",
        "style": "contemporary",
        "color": "blue",
        "material": "microfiber",
        "size": "4-seater",
        "seating_capacity": 4,
        "has_recliner": true,
        "has_storage": true,
        "price": 1099.99,
        "brand": "ModernLiving"
      },
      {
        "name": "Chic Vintage",
        "style": "vintage",
        "color": "green",
        "material": "velvet",
        "size": "3-seater",
        "seating_capacity": 3,
        "has_recliner": false,
        "has_storage": true,
        "price": 749.99,
        "brand": "VintageVibes"
      },
      {
        "name": "Elegant Recline",
        "style": "traditional",
        "color": "navy",
        "material": "velvet",
        "size": "3-seater",
        "seating_capacity": 3,
        "has_recliner": true,
        "has_storage": false,
        "price": 1399.99,
        "brand": "ElegantLiving"
      },
      {
        "name": "Modern Elegance",
        "style": "modern",
        "color": "gray",
        "material": "fabric",
        "size": "3-seater",
        "seating_capacity": 3,
        "has_recliner": false,
        "has_storage": true,
        "price": 899.99,
        "brand": "SofaCo"
      },
      {
        "name": "Minimalist Design",
        "style": "modern",
        "color": "black",
        "material": "fabric",
        "size": "2-seater",
        "seating_capacity": 2,
        "has_recliner": false,
        "has_storage": true,
        "price": 799.99,
        "brand": "SleekSofas"
      },
      {
        "name": "Elegant Sofa",
        "style": "contemporary",
        "color": "white",
        "material": "velvet",
        "size": "L-shaped",
        "seating_capacity": 5,
        "has_recliner": false,
        "has_storage": false,
        "price": 1499.99,
        "brand": "LuxuryLiving"
      },
      {
        "name": "Cozy Corner Plus",
        "style": "modern",
        "color": "white",
        "material": "fabric",
        "size": "L-shaped",
        "seating_capacity": 5,
        "has_recliner": true,
        "has_storage": true,
        "price": 1599.99,
        "brand": "HomeComfort"
      },
      {
        "name": "Classic Comfort",
        "style": "traditional",
        "color": "beige",
        "material": "leather",
        "size": "2-seater",
        "seating_capacity": 2,
        "has_recliner": true,
        "has_storage": false,
        "price": 1299.99,
        "brand": "ClassicFurniture"
      },
      {
        "name": "Leather Luxe",
        "style": "traditional",
        "color": "brown",
        "material": "leather",
        "size": "3-seater",
        "seating_capacity": 3,
        "has_recliner": true,
        "has_storage": false,
        "price": 1599.99,
        "brand": "LuxurySofas"
      },
      {
        "name": "Cozy Corner",
        "style": "modern",
        "color": "white",
        "material": "fabric",
        "size": "L-shaped",
        "seating_capacity": 5,
        "has_recliner": false,
        "has_storage": true,
        "price": 1399.99,
        "brand": "HomeComfort"
      },
      {
        "name": "Comfy Sectional",
        "style": "modern",
        "color": "gray",
        "material": "fabric",
        "size": "L-shaped",
        "seating_capacity": 6,
        "has_recliner": false,
        "has_storage": true,
        "price": 1299.99,
        "brand": "ComfortZone"
      },
      {
        "name": "Family Friendly",
        "style": "contemporary",
        "color": "red",
        "material": "microfiber",
        "size": "5-seater",
        "seating_capacity": 5,
        "has_recliner": false,
        "has_storage": true,
        "price": 899.99,
        "brand": "FamilyFirst"
      }
    ],
    "goal": {
      "name": "Comfy Sectional",
      "style": "modern",
      "color": "gray",
      "material": "fabric",
      "size": "L-shaped",
      "seating_capacity": 6,
      "has_recliner": false,
      "has_storage": true,
      "price": 1299.99,
      "brand": "ComfortZone"
    },
    "status": "complete"
  },
  {
    "domain": "coffee table",
    "turns": [
      [
        "Thanks! Now, can you help me find a coffee table?",
        {
          "name": null,
          "style": "modern",
          "shape": null,
          "material": null,
          "color": null,
          "size": null,
          "budget": null,
          "brand": null,
          "additional_features": "storage options"
        },
        "Of course! What style or features are you looking for in a coffee table?"
      ],
      [
        "I prefer a modern style coffee table.",
        {
          "name": null,
          "style": "modern",
          "shape": null,
          "material": null,
          "color": null,
          "size": null,
          "budget": null,
          "brand": null,
          "additional_features": null
        },
        "Got it! Do you have a specific shape or size in mind for the coffee table?"
      ],
      [
        "I'm looking for a round coffee table in medium size.",
        {
          "name": null,
          "style": "modern",
          "shape": "round",
          "material": null,
          "color": null,
          "size": "medium",
          "budget": null,
          "brand": null,
          "additional_features": null
        },
        "Perfect! I have a couple of options: the \"Modern Round Table\" and the \"Modern Round Glass Table.\" Would you like to know more about either?"
      ],
      [
        "Tell me about the \"Modern Round Glass Table.\"",
        {
          "name": null,
          "style": "modern",
          "shape": "round",
          "material": null,
          "color": null,
          "size": "medium",
          "budget": null,
          "brand": null,
          "additional_features": null
        },
        "The \"Modern Round Glass Table\" is medium-sized, made of smoked glass, and priced at $319.99. Does that sound good to you?"
      ],
      [
        "That sounds great! Does it have any additional features?",
        {
          "name": "Modern Round Glass Table",
          "style": "modern",
          "shape": "round",
          "material": "glass",
          "color": null,
          "size": "medium",
          "budget": 319.99,
          "brand": null,
          "additional_features": null
        },
        "The \"Modern Round Glass Table\" doesn't have any additional features. Is that okay for you?"
      ],
      [
        "Yes, that's perfectly fine! Let's go with the \"Modern Round Glass Table.\"",
        {
          "name": "Modern Round Glass Table",
          "style": "modern",
          "shape": "round",
          "material": "glass",
          "color": null,
          "size": "medium",
          "budget": 319.99,
          "brand": null,
          "additional_features": null
        },
        "Awesome choice! The \"Modern Round Glass Table\" it is. Enjoy your new coffee table!"
      ]
    ],
    "preferences_code": "```python\npreferences = CoffeeTablePreferences(\n    name='Modern Round Glass Table',\n    style='modern',\n    shape='round',\n    material='glass',\n    color='smoked',\n    size='medium',\n    budget=350.00,\n    brand='DesignCo',\n    additional_features='none'\n)\n```",
    "red_herrings_code": "```python\n# Global variable containing a list of coffee table examples\ncoffee_table_examples = [\n    CoffeeTable(\n        name='Modern Round Glass Table',\n        style='modern',\n        shape='round',\n        material='glass',\n        color='smoked',\n        size='medium',\n        price=319.99,\n        brand='DesignCo',\n        additional_features='none',\n    ),\n    CoffeeTable(\n        name='Contemporary Round Table',\n        style='contemporary',\n        shape='round',\n        material='wood',\n        color='natural',\n        size='medium',\n        price=279.99,\n        brand='HomeStyle',\n        additional_features='none',\n    ),\n    CoffeeTable(\n        name='Modern Square Coffee Table',\n        style='modern',\n        shape='square',\n        material='glass',\n        color='clear',\n        size='medium',\n        price=289.99,\n        brand='DesignCo',\n        additional_features='none',\n    ),\n]\n```",
    "database_code": "```python\n# Global variable containing a list of coffee table examples\ncoffee_tables = [\n    CoffeeTable(\n        name=\"Modern Round Table\",\n        style=\"modern\",\n        shape=\"round\",\n        material=\"glass\",\n        color=\"clear\",\n        size=\"medium\",\n        price=299.99,\n        brand=\"DesignCo\",\n        additional_features=\"none\"\n    ),\n    CoffeeTable(\n        name=\"Traditional Oak Table\",\n        style=\"traditional\",\n        shape=\"rectangular\",\n        material=\"wood\",\n        color=\"brown\",\n        size=\"large\",\n        price=399.99,\n        brand=\"Heritage Furniture\",\n        additional_features=\"storage shelf\"\n    ),\n    CoffeeTable(\n        name=\"Contemporary Metal Table\",\n        style=\"contemporary\",\n        shape=\"square\",\n        material=\"metal\",\n        color=\"black\",\n        size=\"small\",\n        price=199.99,\n        brand=\"Modern Living\",\n        additional_features=\"none\"\n    ),\n    CoffeeTable(\n        name=\"Industrial Chic Table\",\n        style=\"industrial\",\n        shape=\"rectangular\",\n        material=\"wood\",\n        color=\"dark brown\",\n        size=\"large\",\n        price=450.00,\n        brand=\"Urban Styles\",\n        additional_features=\"extendable\"\n    ),\n    CoffeeTable(\n        name=\"Mid-Century Modern Table\",\n        style=\"mid-century\",\n        shape=\"oval\",\n        material=\"wood\",\n        color=\"walnut\",\n        size=\"medium\",\n        price=349.99,\n        brand=\"Retro Designs\",\n        additional_features=\"none\"\n    ),\n    CoffeeTable(\n        name=\"Glass Coffee Table\",\n        style=\"modern\",\n        shape=\"rectangular\",\n        material=\"glass\",\n        color=\"white\",\n        size=\"large\",\n        price=499.99,\n        brand=\"Luxe Living\",\n        additional_features=\"none\"\n    ),\n    CoffeeTable(\n        name=\"Rustic Farmhouse Table\",\n        style=\"traditional\",\n        shape=\"square\",\n        material=\"wood\",\n        color=\"light brown\",\n        size=\"medium\",\n        price=279.99,\n        brand=\"Country Charm\",\n        additional_features=\"storage drawer\"\n    ),\n    CoffeeTable(\n        name=\"Sleek Minimalist Table\",\n        style=\"contemporary\",\n        shape=\"round\",\n        material=\"metal\",\n        color=\"silver\",\n        size=\"small\",\n        price=159.99,\n        brand=\"Sleek Designs\",\n        additional_features=\"none\"\n    ),\n    CoffeeTable(\n        name=\"Luxury Marble Table\",\n        style=\"modern\",\n        shape=\"rectangular\",\n        material=\"marble\",\n        color=\"white\",\n        size=\"large\",\n        price=899.99,\n        brand=\"Elite Furnishings\",\n        additional_features=\"none\"\n    ),\n    CoffeeTable(\n        name=\"Compact Space-Saving Table\",\n        style=\"contemporary\",\n        shape=\"square\",\n        material=\"composite\",\n        color=\"black\",\n        size=\"small\",\n        price=129.99,\n        brand=\"Space Savers\",\n        additional_features=\"foldable\"\n    )\n]\n```",
    "database": [
      {
        "name": "Modern Round Table",
        "style": "modern",
        "shape": "round",
        "material": "glass",
        "color": "clear",
        "size": "medium",
        "price": 299.99,
        "brand": "DesignCo",
        "additional_features": "none"
      },
      {
        "name": "Luxury Marble Table",
        "style": "modern",
        "shape": "rectangular",
        "material": "marble",
        "color": "white",
        "size": "large",
        "price": 899.99,
        "brand": "Elite Furnishings",
        "additional_features": "none"
      },
      {
        "name": "Modern Round Glass Table",
        "style": "modern",
        "shape": "round",
        "material": "glass",
        "color": "smoked",
        "size": "medium",
        "price": 319.99,
        "brand": "DesignCo",
        "additional_features": "none"
      },
      {
        "name": "Contemporary Metal Table",
        "style": "contemporary",
        "shape": "square",
        "material": "metal",
        "color": "black",
        "size": "small",
        "price": 199.99,
        "brand": "Modern Living",
        "additional_features": "none"
      },
      {
        "name": "Glass Coffee Table",
        "style": "modern",
        "shape": "rectangular",
        "material": "glass",
        "color": "white",
        "size": "large",
        "price": 499.99,
        "brand": "Luxe Living",
        "additional_features": "none"
      },
      {
        "name": "Sleek Minimalist Table",
        "style": "contemporary",
        "shape": "round",
        "material": "metal",
        "color": "silver",
        "size": "small",
        "price": 159.99,
        "brand": "Sleek Designs",
        "additional_features": "none"
      },
      {
        "name": "Mid-Century Modern Table",
        "style": "mid-century",
        "shape": "oval",
        "material": "wood",
        "color": "walnut",
        "size": "medium",
        "price": 349.99,
        "brand": "Retro Designs",
        "additional_features": "none"
      },
      {
        "name": "Modern Square Coffee Table",
        "style": "modern",
        "shape": "square",
        "material": "glass",
        "color": "clear",
        "size": "medium",
        "price": 289.99,
        "brand": "DesignCo",
        "additional_features": "none"
      },
      {
        "name": "Compact Space-Saving Table",
        "style": "contemporary",
        "shape": "square",
        "material": "composite",
        "color": "black",
        "size": "small",
        "price": 129.99,
        "brand": "Space Savers",
        "additional_features": "foldable"
      },
      {
        "name": "Traditional Oak Table",
        "style": "traditional",
        "shape": "rectangular",
        "material": "wood",
        "color": "brown",
        "size": "large",
        "price": 399.99,
        "brand": "Heritage Furniture",
        "additional_features": "storage shelf"
      },
      {
        "name": "Contemporary Round Table",
        "style": "contemporary",
        "shape": "round",
        "material": "wood",
        "color": "natural",
        "size": "medium",
        "price": 279.99,
        "brand": "HomeStyle",
        "additional_features": "none"
      },
      {
        "name": "Rustic Farmhouse Table",
        "style": "traditional",
        "shape": "square",
        "material": "wood",
        "color": "light brown",
        "size": "medium",
        "price": 279.99,
        "brand": "Country Charm",
        "additional_features": "storage drawer"
      },
      {
        "name": "Industrial Chic Table",
        "style": "industrial",
        "shape": "rectangular",
        "material": "wood",
        "color": "dark brown",
        "size": "large",
        "price": 450.0,
        "brand": "Urban Styles",
        "additional_features": "extendable"
      }
    ],
    "goal": {
      "name": "Modern Round Glass Table",
      "style": "modern",
      "shape": "round",
      "material": "glass",
      "color": "smoked",
      "size": "medium",
      "price": 319.99,
      "brand": "DesignCo",
      "additional_features": "none"
    },
    "status": "complete"
  },
  {
    "domain": "lighting fixtures",
    "turns": [
      [
        "Thanks! Now, can you help me find a lamp?",
        {
          "name": null,
          "type": "lamp",
          "style": "modern",
          "color": null,
          "material": null,
          "size": null,
          "brightness": null,
          "energy_efficiency": null,
          "dimmable": null,
          "price_range": null
        },
        "Sure! What style or type of lamp are you looking for?"
      ],
      [
        "I'm looking for a modern lamp.",
        {
          "name": null,
          "type": "lamp",
          "style": "modern",
          "color": null,
          "material": null,
          "size": null,
          "brightness": null,
          "energy_efficiency": null,
          "dimmable": null,
          "price_range": null
        },
        "Great choice! Do you prefer a floor lamp, table lamp, or something else?"
      ],
      [
        "I'm looking for a large floor lamp.",
        {
          "name": null,
          "type": "lamp",
          "style": "modern",
          "color": null,
          "material": null,
          "size": "large",
          "brightness": null,
          "energy_efficiency": null,
          "dimmable": null,
          "price_range": null
        },
        "I have a couple of options: the \"Sleek Arc Lamp\" and the \"Modern Arc Lamp.\" Would you like details on one of them?"
      ],
      [
        "Tell me about the \"Modern Arc Lamp.\"",
        {
          "name": "Modern Arc Lamp",
          "type": "lamp",
          "style": "modern",
          "color": null,
          "material": null,
          "size": "large",
          "brightness": null,
          "energy_efficiency": null,
          "dimmable": null,
          "price_range": null
        },
        "The \"Modern Arc Lamp\" is large, has a chrome finish, high brightness, is LED energy-efficient, and priced at $300 to $600. Does that work for you?"
      ],
      [
        "That sounds good! Is it dimmable?",
        {
          "name": "Modern Arc Lamp",
          "type": "lamp",
          "style": "modern",
          "color": null,
          "material": "metal",
          "size": "large",
          "brightness": "high",
          "energy_efficiency": "LED",
          "dimmable": null,
          "price_range": "$300-$600"
        },
        "Yes, the \"Modern Arc Lamp\" is dimmable! Would you like to go ahead with this choice?"
      ],
      [
        "Yes, let's go with the \"Modern Arc Lamp!\"",
        {
          "name": "Modern Arc Lamp",
          "type": "lamp",
          "style": "modern",
          "color": null,
          "material": "metal",
          "size": "large",
          "brightness": "high",
          "energy_efficiency": "LED",
          "dimmable": true,
          "price_range": "$300-$600"
        },
        "Excellent choice! The \"Modern Arc Lamp\" it is. Enjoy your new lamp!"
      ]
    ],
    "preferences_code": "```python\npreferences = LightingFixtureCriteria(\n    type='lamp',\n    style='modern',\n    color='black',\n    material='metal',\n    size='large',\n    brightness='high',\n    energy_efficiency='LED',\n    dimmable=True,\n    price_range='$250 - $550',\n)\n```",
    "red_herrings_code": "```python\n# Global variable representing a list of similar lighting fixtures\nsimilar_lighting_fixtures = [\n    LightingFixture(\n        name='Sleek Arc Lamp',\n        type='lamp',\n        style='modern',\n        color='black',\n        material='metal',\n        size='large',\n        brightness='high',\n        energy_efficiency='LED',\n        dimmable=True,\n        price_range='$250 - $550',\n    ),\n    LightingFixture(\n        name='Contemporary Arc Lamp',\n        type='lamp',\n        style='contemporary',\n        color='chrome',\n        material='metal',\n        size='medium',\n        brightness='medium',\n        energy_efficiency='CFL',\n        dimmable=False,\n        price_range='$200 - $500',\n    ),\n    LightingFixture(\n        name='Industrial Arc Lamp',\n        type='lamp',\n        style='industrial',\n        color='brass',\n        material='metal',\n        size='large',\n        brightness='high',\n        energy_efficiency='LED',\n        dimmable=True,\n        price_range='$320 - $620',\n    ),\n]\n```",
    "database_code": "```python\n# Global variable containing a list of lighting fixture examples\nlighting_fixtures = [\n    LightingFixture(\n        name=\"Elegant Chandelier\",\n        type=\"chandelier\",\n        style=\"modern\",\n        color=\"gold\",\n        material=\"metal\",\n        size=\"large\",\n        brightness=\"high\",\n        energy_efficiency=\"LED\",\n        dimmable=True,\n        price_range=\"$300 - $500\"\n    ),\n    LightingFixture(\n        name=\"Minimalist Pendant\",\n        type=\"pendant\",\n        style=\"contemporary\",\n        color=\"black\",\n        material=\"metal\",\n        size=\"medium\",\n        brightness=\"medium\",\n        energy_efficiency=\"CFL\",\n        dimmable=False,\n        price_range=\"$100 - $200\"\n    ),\n    LightingFixture(\n        name=\"Vintage Wall Sconce\",\n        type=\"sconce\",\n        style=\"vintage\",\n        color=\"bronze\",\n        material=\"glass\",\n        size=\"small\",\n        brightness=\"low\",\n        energy_efficiency=\"incandescent\",\n        dimmable=True,\n        price_range=\"$50 - $100\"\n    ),\n    LightingFixture(\n        name=\"Industrial Floor Lamp\",\n        type=\"lamp\",\n        style=\"industrial\",\n        color=\"black\",\n        material=\"metal\",\n        size=\"large\",\n        brightness=\"high\",\n        energy_efficiency=\"LED\",\n        dimmable=True,\n        price_range=\"$150 - $250\"\n    ),\n    LightingFixture(\n        name=\"Rustic Table Lamp\",\n        type=\"lamp\",\n        style=\"rustic\",\n        color=\"brown\",\n        material=\"wood\",\n        size=\"medium\",\n        brightness=\"medium\",\n        energy_efficiency=\"CFL\",\n        dimmable=False,\n        price_range=\"$60 - $120\"\n    ),\n    LightingFixture(\n        name=\"Recessed Lighting Kit\",\n        type=\"recessed\",\n        style=\"modern\",\n        color=\"white\",\n        material=\"plastic\",\n        size=\"small\",\n        brightness=\"high\",\n        energy_efficiency=\"LED\",\n        dimmable=True,\n        price_range=\"$200 - $400\"\n    ),\n    LightingFixture(\n        name=\"Classic Track Light\",\n        type=\"track\",\n        style=\"traditional\",\n        color=\"silver\",\n        material=\"metal\",\n        size=\"medium\",\n        brightness=\"medium\",\n        energy_efficiency=\"halogen\",\n        dimmable=True,\n        price_range=\"$150 - $300\"\n    ),\n    LightingFixture(\n        name=\"Art Deco Pendant\",\n        type=\"pendant\",\n        style=\"vintage\",\n        color=\"clear\",\n        material=\"glass\",\n        size=\"medium\",\n        brightness=\"high\",\n        energy_efficiency=\"LED\",\n        dimmable=True,\n        price_range=\"$200 - $350\"\n    ),\n    LightingFixture(\n        name=\"Contemporary Ceiling Light\",\n        type=\"recessed\",\n        style=\"contemporary\",\n        color=\"white\",\n        material=\"metal\",\n        size=\"large\",\n        brightness=\"high\",\n        energy_efficiency=\"CFL\",\n        dimmable=False,\n        price_range=\"$250 - $450\"\n    ),\n    LightingFixture(\n        name=\"Modern Arc Lamp\",\n        type=\"lamp\",\n        style=\"modern\",\n        color=\"chrome\",\n        material=\"metal\",\n        size=\"large\",\n        brightness=\"high\",\n        energy_efficiency=\"LED\",\n        dimmable=True,\n        price_range=\"$300 - $600\"\n    )\n]\n```",
    "database": [
      {
        "name": "Sleek Arc Lamp",
        "type": "lamp",
        "style": "modern",
        "color": "black",
        "material": "metal",
        "size": "large",
        "brightness": "high",
        "energy_efficiency": "LED",
        "dimmable": true,
        "price_range": "$250 - $550"
      },
      {
        "name": "Art Deco Pendant",
        "type": "pendant",
        "style": "vintage",
        "color": "clear",
        "material": "glass",
        "size": "medium",
        "brightness": "high",
        "energy_efficiency": "LED",
        "dimmable": true,
        "price_range": "$200 - $350"
      },
      {
        "name": "Minimalist Pendant",
        "type": "pendant",
        "style": "contemporary",
        "color": "black",
        "material": "metal",
        "size": "medium",
        "brightness": "medium",
        "energy_efficiency": "CFL",
        "dimmable": false,
        "price_range": "$100 - $200"
      },
      {
        "name": "Elegant Chandelier",
        "type": "chandelier",
        "style": "modern",
        "color": "gold",
        "material": "metal",
        "size": "large",
        "brightness": "high",
        "energy_efficiency": "LED",
        "dimmable": true,
        "price_range": "$300 - $500"
      },
      {
        "name": "Contemporary Ceiling Light",
        "type": "recessed",
        "style": "contemporary",
        "color": "white",
        "material": "metal",
        "size": "large",
        "brightness": "high",
        "energy_efficiency": "CFL",
        "dimmable": false,
        "price_range": "$250 - $450"
      },
      {
        "name": "Vintage Wall Sconce",
        "type": "sconce",
        "style": "vintage",
        "color": "bronze",
        "material": "glass",
        "size": "small",
        "brightness": "low",
        "energy_efficiency": "incandescent",
        "dimmable": true,
        "price_range": "$50 - $100"
      },
      {
        "name": "Modern Arc Lamp",
        "type": "lamp",
        "style": "modern",
        "color": "chrome",
        "material": "metal",
        "size": "large",
        "brightness": "high",
        "energy_efficiency": "LED",
        "dimmable": true,
        "price_range": "$300 - $600"
      },
      {
        "name": "Industrial Arc Lamp",
        "type": "lamp",
        "style": "industrial",
        "color": "brass",
        "material": "metal",
        "size": "large",
        "brightness": "high",
        "energy_efficiency": "LED",
        "dimmable": true,
        "price_range": "$320 - $620"
      },
      {
        "name": "Contemporary Arc Lamp",
        "type": "lamp",
        "style": "contemporary",
        "color": "chrome",
        "material": "metal",
        "size": "medium",
        "brightness": "medium",
        "energy_efficiency": "CFL",
        "dimmable": false,
        "price_range": "$200 - $500"
      },
      {
        "name": "Industrial Floor Lamp",
        "type": "lamp",
        "style": "industrial",
        "color": "black",
        "material": "metal",
        "size": "large",
        "brightness": "high",
        "energy_efficiency": "LED",
        "dimmable": true,
        "price_range": "$150 - $250"
      },
      {
        "name": "Classic Track Light",
        "type": "track",
        "style": "traditional",
        "color": "silver",
        "material": "metal",
        "size": "medium",
        "brightness": "medium",
        "energy_efficiency": "halogen",
        "dimmable": true,
        "price_range": "$150 - $300"
      },
      {
        "name": "Recessed Lighting Kit",
        "type": "recessed",
        "style": "modern",
        "color": "white",
        "material": "plastic",
        "size": "small",
        "brightness": "high",
        "energy_efficiency": "LED",
        "dimmable": true,
        "price_range": "$200 - $400"
      },
      {
        "name": "Rustic Table Lamp",
        "type": "lamp",
        "style": "rustic",
        "color": "brown",
        "material": "wood",
        "size": "medium",
        "brightness": "medium",
        "energy_efficiency": "CFL",
        "dimmable": false,
        "price_range": "$60 - $120"
      }
    ],
    "goal": {
      "name": "Sleek Arc Lamp",
      "type": "lamp",
      "style": "modern",
      "color": "black",
      "material": "metal",
      "size": "large",
      "brightness": "high",
      "energy_efficiency": "LED",
      "dimmable": true,
      "price_range": "$250 - $550"
    },
    "status": "complete"
  }
]