[
  {
    "domain": "smartphone",
    "turns": [
      [
        "I'm looking for a Samsung smartphone with 256GB storage.",
        {
          "name": null,
          "brand": "Samsung",
          "storage_capacity": 256,
          "color": null,
          "operating_system": null,
          "price_range": null,
          "screen_size": null,
          "camera_quality": null,
          "battery_life": null,
          "is_5g_enabled": null
        },
        "I have the Galaxy S22 and the Samsung Galaxy S21 with 256GB storage. Do you have a preference for price range?"
      ],
      [
        "I'm looking at a price range of $799 to $899.",
        {
          "name": null,
          "brand": "Samsung",
          "storage_capacity": 256,
          "color": null,
          "operating_system": null,
          "price_range": "$799-$899",
          "screen_size": null,
          "camera_quality": null,
          "battery_life": null,
          "is_5g_enabled": null
        },
        "The Galaxy S22 and the Samsung Galaxy S21 both fit that price range. Would you like to know more about their features?"
      ],
      [
        "Yes, please tell me about their features!",
        {
          "name": null,
          "brand": "Samsung",
          "storage_capacity": 256,
          "color": null,
          "operating_system": null,
          "price_range": "$799-$899",
          "screen_size": null,
          "camera_quality": null,
          "battery_life": null,
          "is_5g_enabled": null
        },
        "The Galaxy S22 has a 6.1-inch screen, 50MP triple camera, and battery life up to 18 hours. The Galaxy S21 has a 6.2-inch screen, 64MP triple camera, and battery life up to 15 hours. Which one interests you more?"
      ],
      [
        "I'm more interested in the Galaxy S21 with the 6.2-inch screen and 64MP camera.",
        {
          "name": "Samsung Galaxy S21",
          "brand": "Samsung",
          "storage_capacity": 256,
          "color": null,
          "operating_system": null,
          "price_range": "$799-$899",
          "screen_size": 6.2,
          "camera_quality": "64MP",
          "battery_life": "up to 15 hours",
          "is_5g_enabled": null
        },
        "Great choice! The Galaxy S21 has a sleek Phantom Gray color and supports 5G. Are you ready to go with it?"
      ],
      [
        "Yes, I'm ready to go with the Galaxy S21!",
        {
          "name": "Galaxy S21",
          "brand": "Samsung",
          "storage_capacity": 256,
          "color": "Phantom Gray",
          "operating_system": null,
          "price_range": "$799-$899",
          "screen_size": 6.2,
          "camera_quality": "64MP",
          "battery_life": "up to 15 hours",
          "is_5g_enabled": true
        },
        "Awesome! The Galaxy S21 is all yours! Enjoy your new smartphone!"
      ]
    ],
    "preferences_code": "```python\npreferences = SmartphonePreferences(\n    name='Samsung Galaxy S21',\n    brand='Samsung',\n    storage_capacity=256,\n    color='Phantom Gray',\n    operating_system='Android',\n    price_range='$799 - $899',\n    screen_size=6.2,\n    camera_quality='64MP Triple',\n    battery_life='Up to 15 hours',\n    is_5g_enabled=True\n)\n```",
    "red_herrings_code": "```python\n# Global variable representing a list of similar smartphone search results\nsimilar_smartphones = [\n    SmartphoneKnowledge(\n        name='OnePlus 10',\n        brand='OnePlus',\n        storage_capacity=128,\n        color='Morning Mist',\n        operating_system='Android',\n        price_range='$699 - $799',\n        screen_size=6.55,\n        camera_quality='48MP Triple',\n        battery_life='Up to 18 hours',\n        is_5g_enabled=True,\n    ),\n    SmartphoneKnowledge(\n        name='Samsung Galaxy S21',\n        brand='Samsung',\n        storage_capacity=256,\n        color='Phantom Gray',\n        operating_system='Android',\n        price_range='$799 - $899',\n        screen_size=6.2,\n        camera_quality='64MP Triple',\n        battery_life='Up to 15 hours',\n        is_5g_enabled=True,\n    ),\n    SmartphoneKnowledge(\n        name='Google Pixel 6 Pro',\n        brand='Google',\n        storage_capacity=128,\n        color='Stormy Black',\n        operating_system='Android',\n        price_range='$899 - $999',\n        screen_size=6.7,\n        camera_quality='50MP Triple',\n        battery_life='Up to 24 hours',\n        is_5g_enabled=True,\n    )\n]\n```",
    "database_code": "```python\n# Global variable containing a list of smartphone examples\nsmartphone_examples = [\n    SmartphoneKnowledge(\n        name=\"iPhone 14\",\n        brand=\"Apple\",\n        storage_capacity=128,\n        color=\"Midnight\",\n        operating_system=\"iOS\",\n        price_range=\"$799 - $899\",\n        screen_size=6.1,\n        camera_quality=\"12MP Dual\",\n        battery_life=\"Up to 20 hours\",\n        is_5g_enabled=True\n    ),\n    SmartphoneKnowledge(\n        name=\"Galaxy S22\",\n        brand=\"Samsung\",\n        storage_capacity=256,\n        color=\"Phantom Black\",\n        operating_system=\"Android\",\n        price_range=\"$799 - $899\",\n        screen_size=6.1,\n        camera_quality=\"50MP Triple\",\n        battery_life=\"Up to 18 hours\",\n        is_5g_enabled=True\n    ),\n    SmartphoneKnowledge(\n        name=\"Pixel 7\",\n        brand=\"Google\",\n        storage_capacity=128,\n        color=\"Obsidian\",\n        operating_system=\"Android\",\n        price_range=\"$599 - $699\",\n        screen_size=6.3,\n        camera_quality=\"50MP Dual\",\n        battery_life=\"Up to 24 hours\",\n        is_5g_enabled=True\n    ),\n    SmartphoneKnowledge(\n        name=\"OnePlus 10 Pro\",\n        brand=\"OnePlus\",\n        storage_capacity=256,\n        color=\"Volcanic Black\",\n        operating_system=\"Android\",\n        price_range=\"$899 - $999\",\n        screen_size=6.7,\n        camera_quality=\"48MP Triple\",\n        battery_life=\"Up to 20 hours\",\n        is_5g_enabled=True\n    ),\n    SmartphoneKnowledge(\n        name=\"Xperia 1 IV\",\n        brand=\"Sony\",\n        storage_capacity=256,\n        color=\"Black\",\n        operating_system=\"Android\",\n        price_range=\"$1,299 - $1,399\",\n        screen_size=6.5,\n        camera_quality=\"12MP Triple\",\n        battery_life=\"Up to 24 hours\",\n        is_5g_enabled=True\n    ),\n    SmartphoneKnowledge(\n        name=\"Nokia G50\",\n        brand=\"Nokia\",\n        storage_capacity=128,\n        color=\"Ocean Blue\",\n        operating_system=\"Android\",\n        price_range=\"$299 - $349\",\n        screen_size=6.82,\n        camera_quality=\"48MP Triple\",\n        battery_life=\"Up to 2 days\",\n        is_5g_enabled=True\n    ),\n    SmartphoneKnowledge(\n        name=\"Moto G Power (2022)\",\n        brand=\"Motorola\",\n        storage_capacity=64,\n        color=\"Dark Grove\",\n        operating_system=\"Android\",\n        price_range=\"$199 - $249\",\n        screen_size=6.5,\n        camera_quality=\"50MP Triple\",\n        battery_life=\"Up to 3 days\",\n        is_5g_enabled=False\n    ),\n    SmartphoneKnowledge(\n        name=\"Oppo Find X5\",\n        brand=\"Oppo\",\n        storage_capacity=256,\n        color=\"Black\",\n        operating_system=\"Android\",\n        price_range=\"$999 - $1,099\",\n        screen_size=6.55,\n        camera_quality=\"50MP Triple\",\n        battery_life=\"Up to 25 hours\",\n        is_5g_enabled=True\n    ),\n    SmartphoneKnowledge(\n        name=\"Asus ROG Phone 6\",\n        brand=\"Asus\",\n        storage_capacity=512,\n        color=\"Black\",\n        operating_system=\"Android\",\n        price_range=\"$999 - $1,199\",\n        screen_size=6.78,\n        camera_quality=\"50MP Triple\",\n        battery_life=\"Up to 18 hours\",\n        is_5g_enabled=True\n    ),\n    SmartphoneKnowledge(\n        name=\"Huawei P50 Pro\",\n        brand=\"Huawei\",\n        storage_capacity=256,\n        color=\"Golden Black\",\n        operating_system=\"Other\",\n        price_range=\"$1,199 - $1,299\",\n        screen_size=6.6,\n        camera_quality=\"50MP Quad\",\n        battery_life=\"Up to 24 hours\",\n        is_5g_enabled=True\n    )\n]\n```",
    "database": [
      {
        "name": "Nokia G50",
        "brand": "Nokia",
        "storage_capacity": 128,
        "color": "Ocean Blue",
        "operating_system": "Android",
        "price_range": "$299 - $349",
        "screen_size": 6.82,
        "camera_quality": "48MP Triple",
        "battery_life": "Up to 2 days",
        "is_5g_enabled": true
      },
      {
        "name": "iPhone 14",
        "brand": "Apple",
        "storage_capacity": 128,
        "color": "Midnight",
        "operating_system": "iOS",
        "price_range": "$799 - $899",
        "screen_size": 6.1,
        "camera_quality": "12MP Dual",
        "battery_life": "Up to 20 hours",
        "is_5g_enabled": true
      },
      {
        "name": "Galaxy S22",
        "brand": "Samsung",
        "storage_capacity": 256,
        "color": "Phantom Black",
        "operating_system": "Android",
        "price_range": "$799 - $899",
        "screen_size": 6.1,
        "camera_quality": "50MP Triple",
        "battery_life": "Up to 18 hours",
        "is_5g_enabled": true
      },
      {
        "name": "OnePlus 10",
        "brand": "OnePlus",
        "storage_capacity": 128,
        "color": "Morning Mist",
        "operating_system": "Android",
        "price_range": "$699 - $799",
        "screen_size": 6.55,
        "camera_quality": "48MP Triple",
        "battery_life": "Up to 18 hours",
        "is_5g_enabled": true
      },
      {
        "name": "Asus ROG Phone 6",
        "brand": "Asus",
        "storage_capacity": 512,
        "color": "Black",
        "operating_system": "Android",
        "price_range": "$999 - $1,199",
        "screen_size": 6.78,
        "camera_quality": "50MP Triple",
        "battery_life": "Up to 18 hours",
        "is_5g_enabled": true
      },
      {
        "name": "Samsung Galaxy S21",
        "brand": "Samsung",
        "storage_capacity": 256,
        "color": "Phantom Gray",
        "operating_system": "Android",
        "price_range": "$799 - $899",
        "screen_size": 6.2,
        "camera_quality": "64MP Triple",
        "battery_life": "Up to 15 hours",
        "is_5g_enabled": true
      },
      {
        "name": "OnePlus 10 Pro",
        "brand": "OnePlus",
        "storage_capacity": 256,
        "color": "Volcanic Black",
        "operating_system": "Android",
        "price_range": "$899 - $999",
        "screen_size": 6.7,
        "camera_quality": "48MP Triple",
        "battery_life": "Up to 20 hours",
        "is_5g_enabled": true
      },
      {
        "name": "Huawei P50 Pro",
        "brand": "Huawei",
        "storage_capacity": 256,
        "color": "Golden Black",
        "operating_system": "Other",
        "price_range": "$1,199 - $1,299",
        "screen_size": 6.6,
        "camera_quality": "50MP Quad",
        "battery_life": "Up to 24 hours",
        "is_5g_enabled": true
      },
      {
        "name": "Google Pixel 6 Pro",
        "brand": "Google",
        "storage_capacity": 128,
        "color": "Stormy Black",
        "operating_system": "Android",
        "price_range": "$899 - $999",
        "screen_size": 6.7,
        "camera_quality": "50MP Triple",
        "battery_life": "Up to 24 hours",
        "is_5g_enabled": true
      },
      {
        "name": "Xperia 1 IV",
        "brand": "Sony",
        "storage_capacity": 256,
        "color": "Black",
        "operating_system": "Android",
        "price_range": "$1,299 - $1,399",
        "screen_size": 6.5,
        "camera_quality": "12MP Triple",
        "battery_life": "Up to 24 hours",
        "is_5g_enabled": true
      },
      {
        "name": "Moto G Power (2022)",
        "brand": "Motorola",
        "storage_capacity": 64,
        "color": "Dark Grove",
        "operating_system": "Android",
        "price_range": "$199 - $249",
        "screen_size": 6.5,
        "camera_quality": "50MP Triple",
        "battery_life": "Up to 3 days",
        "is_5g_enabled": false
      },
      {
        "name": "Oppo Find X5",
        "brand": "Oppo",
        "storage_capacity": 256,
        "color": "Black",
        "operating_system": "Android",
        "price_range": "$999 - $1,099",
        "screen_size": 6.55,
        "camera_quality": "50MP Triple",
        "battery_life": "Up to 25 hours",
        "is_5g_enabled": true
      },
      {
        "name": "Pixel 7",
        "brand": "Google",
        "storage_capacity": 128,
        "color": "Obsidian",
        "operating_system": "Android",
        "price_range": "$599 - $699",
        "screen_size": 6.3,
        "camera_quality": "50MP Dual",
        "battery_life": "Up to 24 hours",
        "is_5g_enabled": true
      }
    ],
    "goal": {
      "name": "Samsung Galaxy S21",
      "brand": "Samsung",
      "storage_capacity": 256,
      "color": "Phantom Gray",
      "operating_system": "Android",
      "price_range": "$799 - $899",
      "screen_size": 6.2,
      "camera_quality": "64MP Triple",
      "battery_life": "Up to 15 hours",
      "is_5g_enabled": true
    },
    "status": "complete"
  },
  {
    "domain": "tablet",
    "turns": [
      [
        "Thanks! Now, can you help me find a Samsung tablet?",
        {
          "name": null,
          "brand": "Samsung",
          "screen_size": null,
          "operating_system": null,
          "storage_capacity": null,
          "ram": null,
          "has_cellular": null,
          "has_stylus_support": null,
          "price_range": null,
          "battery_life": null,
          "weight": null,
          "color": null
        },
        "Of course! What specific features are you looking for in a Samsung tablet?"
      ],
      [
        "I'm looking for a Samsung tablet with Android, 3GB RAM, long battery life, and a weight under 1.5 pounds.",
        {
          "name": null,
          "brand": "Samsung",
          "screen_size": null,
          "operating_system": "Android",
          "storage_capacity": null,
          "ram": 3,
          "has_cellular": null,
          "has_stylus_support": null,
          "price_range": null,
          "battery_life": "Long",
          "weight": 1.5,
          "color": null
        },
        "The Galaxy Tab A7 fits your criteria with Android, 3GB RAM, long battery life, and weighs 1.0 pounds. Would you like to know the price?"
      ],
      [
        "Yes, please let me know the price!",
        {
          "name": "Galaxy Tab A7",
          "brand": "Samsung",
          "screen_size": null,
          "operating_system": "Android",
          "storage_capacity": null,
          "ram": 3,
          "has_cellular": null,
          "has_stylus_support": null,
          "price_range": null,
          "battery_life": "Long",
          "weight": 1.0,
          "color": null
        },
        "The Galaxy Tab A7 is priced at $229.99. Does that work for you?"
      ],
      [
        "Yes, that works for me! I'll take the Galaxy Tab A7.",
        {
          "name": "Galaxy Tab A7",
          "brand": "Samsung",
          "screen_size": null,
          "operating_system": "Android",
          "storage_capacity": null,
          "ram": 3,
          "has_cellular": null,
          "has_stylus_support": null,
          "price_range": [
            229.99,
            229.99
          ],
          "battery_life": "Long",
          "weight": 1.0,
          "color": null
        },
        "Excellent choice! The Galaxy Tab A7 is all yours! Enjoy your new tablet!"
      ]
    ],
    "preferences_code": "```python\npreferences = TabletPreferences(\n    name=None,\n    brand='Samsung',\n    screen_size=10.4,\n    operating_system='Android',\n    storage_capacity=64,\n    ram=3,\n    has_cellular=False,\n    has_stylus_support=False,\n    price_range=(200.00, 250.00),\n    battery_life='Long',\n    weight=1.5,\n    color='Gray'\n)\n```",
    "red_herrings_code": "```python\n# Global variable to store a list of similar tablet examples\nsimilar_tablets = [\n    TabletInfo(\n        name='Fire HD 10 Plus',\n        brand='Amazon',\n        screen_size=10.1,\n        operating_system='Android',\n        storage_capacity=64,\n        ram=4,\n        has_cellular=False,\n        has_stylus_support=False,\n        price=179.99,\n        battery_life='Long',\n        weight=1.0,\n        color='Black',\n    ),\n    TabletInfo(\n        name='Galaxy Tab A7',\n        brand='Samsung',\n        screen_size=10.4,\n        operating_system='Android',\n        storage_capacity=64,\n        ram=3,\n        has_cellular=False,\n        has_stylus_support=False,\n        price=229.99,\n        battery_life='Long',\n        weight=1.0,\n        color='Gray',\n    ),\n    TabletInfo(\n        name='Lenovo Tab M10',\n        brand='Lenovo',\n        screen_size=10.3,\n        operating_system='Android',\n        storage_capacity=64,\n        ram=4,\n        has_cellular=False,\n        has_stylus_support=False,\n        price=199.99,\n        battery_life='Long',\n        weight=1.0,\n        color='Black',\n    ),\n]\n```",
    "database_code": "```python\ntablets: list[TabletInfo] = [\n    TabletInfo(\n        name=\"iPad Air\",\n        brand=\"Apple\",\n        screen_size=10.9,\n        operating_system='iOS',\n        storage_capacity=256,\n        ram=8,\n        has_cellular=True,\n        has_stylus_support=True,\n        price=749.99,\n        battery_life='Long',\n        weight=1.0,\n        color=\"Space Gray\"\n    ),\n    TabletInfo(\n        name=\"Galaxy Tab S7\",\n        brand=\"Samsung\",\n        screen_size=11.0,\n        operating_system='Android',\n        storage_capacity=256,\n        ram=8,\n        has_cellular=True,\n        has_stylus_support=True,\n        price=649.99,\n        battery_life='Moderate',\n        weight=1.1,\n        color=\"Mystic Black\"\n    ),\n    TabletInfo(\n        name=\"Surface Pro 7\",\n        brand=\"Microsoft\",\n        screen_size=12.3,\n        operating_system='Windows',\n        storage_capacity=256,\n        ram=8,\n        has_cellular=False,\n        has_stylus_support=True,\n        price=899.99,\n        battery_life='Moderate',\n        weight=1.7,\n        color=\"Platinum\"\n    ),\n    TabletInfo(\n        name=\"Fire HD 10\",\n        brand=\"Amazon\",\n        screen_size=10.1,\n        operating_system='Android',\n        storage_capacity=64,\n        ram=3,\n        has_cellular=False,\n        has_stylus_support=False,\n        price=149.99,\n        battery_life='Long',\n        weight=1.0,\n        color=\"Black\"\n    ),\n    TabletInfo(\n        name=\"Lenovo Tab P11\",\n        brand=\"Lenovo\",\n        screen_size=11.0,\n        operating_system='Android',\n        storage_capacity=128,\n        ram=4,\n        has_cellular=False,\n        has_stylus_support=True,\n        price=249.99,\n        battery_life='Long',\n        weight=1.1,\n        color=\"Slate Grey\"\n    ),\n    TabletInfo(\n        name=\"Samsung Galaxy Tab A7\",\n        brand=\"Samsung\",\n        screen_size=10.4,\n        operating_system='Android',\n        storage_capacity=64,\n        ram=3,\n        has_cellular=False,\n        has_stylus_support=False,\n        price=229.99,\n        battery_life='Moderate',\n        weight=1.0,\n        color=\"Dark Gray\"\n    ),\n    TabletInfo(\n        name=\"iPad Pro 11\",\n        brand=\"Apple\",\n        screen_size=11.0,\n        operating_system='iOS',\n        storage_capacity=256,\n        ram=8,\n        has_cellular=True,\n        has_stylus_support=True,\n        price=999.99,\n        battery_life='Long',\n        weight=1.03,\n        color=\"Silver\"\n    ),\n    TabletInfo(\n        name=\"Microsoft Surface Go 2\",\n        brand=\"Microsoft\",\n        screen_size=10.5,\n        operating_system='Windows',\n        storage_capacity=128,\n        ram=4,\n        has_cellular=True,\n        has_stylus_support=True,\n        price=629.99,\n        battery_life='Moderate',\n        weight=1.2,\n        color=\"Platinum\"\n    ),\n    TabletInfo(\n        name=\"Huawei MatePad Pro\",\n        brand=\"Huawei\",\n        screen_size=10.8,\n        operating_system='Android',\n        storage_capacity=256,\n        ram=8,\n        has_cellular=True,\n        has_stylus_support=True,\n        price=499.99,\n        battery_life='Long',\n        weight=0.9,\n        color=\"Grey\"\n    ),\n    TabletInfo(\n        name=\"Asus ZenPad 3S 10\",\n        brand=\"Asus\",\n        screen_size=9.7,\n        operating_system='Android',\n        storage_capacity=32,\n        ram=4,\n        has_cellular=False,\n        has_stylus_support=False,\n        price=299.99,\n        battery_life='Moderate',\n        weight=0.68,\n        color=\"Silver\"\n    )\n]\n```",
    "database": [
      {
        "name": "Asus ZenPad 3S 10",
        "brand": "Asus",
        "screen_size": 9.7,
        "operating_system": "Android",
        "storage_capacity": 32,
        "ram": 4,
        "has_cellular": false,
        "has_stylus_support": false,
        "price": 299.99,
        "battery_life": "Moderate",
        "weight": 0.68,
        "color": "Silver"
      },
      {
        "name": "iPad Pro 11",
        "brand": "Apple",
        "screen_size": 11.0,
        "operating_system": "iOS",
        "storage_capacity": 256,
        "ram": 8,
        "has_cellular": true,
        "has_stylus_support": true,
        "price": 999.99,
        "battery_life": "Long",
        "weight": 1.03,
        "color": "Silver"
      },
      {
        "name": "Lenovo Tab P11",
        "brand": "Lenovo",
        "screen_size": 11.0,
        "operating_system": "Android",
        "storage_capacity": 128,
        "ram": 4,
        "has_cellular": false,
        "has_stylus_support": true,
        "price": 249.99,
        "battery_life": "Long",
        "weight": 1.1,
        "color": "Slate Grey"
      },
      {
        "name": "Galaxy Tab A7",
        "brand": "Samsung",
        "screen_size": 10.4,
        "operating_system": "Android",
        "storage_capacity": 64,
        "ram": 3,
        "has_cellular": false,
        "has_stylus_support": false,
        "price": 229.99,
        "battery_life": "Long",
        "weight": 1.0,
        "color": "Gray"
      },
      {
        "name": "Huawei MatePad Pro",
        "brand": "Huawei",
        "screen_size": 10.8,
        "operating_system": "Android",
        "storage_capacity": 256,
        "ram": 8,
        "has_cellular": true,
        "has_stylus_support": true,
        "price": 499.99,
        "battery_life": "Long",
        "weight": 0.9,
        "color": "Grey"
      },
      {
        "name": "Fire HD 10",
        "brand": "Amazon",
        "screen_size": 10.1,
        "operating_system": "Android",
        "storage_capacity": 64,
        "ram": 3,
        "has_cellular": false,
        "has_stylus_support": false,
        "price": 149.99,
        "battery_life": "Long",
        "weight": 1.0,
        "color": "Black"
      },
      {
        "name": "iPad Air",
        "brand": "Apple",
        "screen_size": 10.9,
        "operating_system": "iOS",
        "storage_capacity": 256,
        "ram": 8,
        "has_cellular": true,
        "has_stylus_support": true,
        "price": 749.99,
        "battery_life": "Long",
        "weight": 1.0,
        "color": "Space Gray"
      },
      {
        "name": "Lenovo Tab M10",
        "brand": "Lenovo",
        "screen_size": 10.3,
        "operating_system": "Android",
        "storage_capacity": 64,
        "ram": 4,
        "has_cellular": false,
        "has_stylus_support": false,
        "price": 199.99,
        "battery_life": "Long",
        "weight": 1.0,
        "color": "Black"
      },
      {
        "name": "Surface Pro 7",
        "brand": "Microsoft",
        "screen_size": 12.3,
        "operating_system": "Windows",
        "storage_capacity": 256,
        "ram": 8,
        "has_cellular": false,
        "has_stylus_support": true,
        "price": 899.99,
        "battery_life": "Moderate",
        "weight": 1.7,
        "color": "Platinum"
      },
      {
        "name": "Fire HD 10 Plus",
        "brand": "Amazon",
        "screen_size": 10.1,
        "operating_system": "Android",
        "storage_capacity": 64,
        "ram": 4,
        "has_cellular": false,
        "has_stylus_support": false,
        "price": 179.99,
        "battery_life": "Long",
        "weight": 1.0,
        "color": "Black"
      },
      {
        "name": "Galaxy Tab S7",
        "brand": "Samsung",
        "screen_size": 11.0,
        "operating_system": "Android",
        "storage_capacity": 256,
        "ram": 8,
        "has_cellular": true,
        "has_stylus_support": true,
        "price": 649.99,
        "battery_life": "Moderate",
        "weight": 1.1,
        "color": "Mystic Black"
      },
      {
        "name": "Samsung Galaxy Tab A7",
        "brand": "Samsung",
        "screen_size": 10.4,
        "operating_system": "Android",
        "storage_capacity": 64,
        "ram": 3,
        "has_cellular": false,
        "has_stylus_support": false,
        "price": 229.99,
        "battery_life": "Moderate",
        "weight": 1.0,
        "color": "Dark Gray"
      },
      {
        "name": "Microsoft Surface Go 2",
        "brand": "Microsoft",
        "screen_size": 10.5,
        "operating_system": "Windows",
        "storage_capacity": 128,
        "ram": 4,
        "has_cellular": true,
        "has_stylus_support": true,
        "price": 629.99,
        "battery_life": "Moderate",
        "weight": 1.2,
        "color": "Platinum"
      }
    ],
    "goal": {
      "name": "Galaxy Tab A7",
      "brand": "Samsung",
      "screen_size": 10.4,
      "operating_system": "Android",
      "storage_capacity": 64,
      "ram": 3,
      "has_cellular": false,
      "has_stylus_support": false,
      "price": 229.99,
      "battery_life": "Long",
      "weight": 1.0,
      "color": "Gray"
    },
    "status": "complete"
  },
  {
    "domain": "accessories",
    "turns": [
      [
        "Thanks! Now, can you help me find a Samsung charger for my Galaxy S21?",
        {
          "name": null,
          "type": "charger",
          "brand": "Samsung",
          "compatibility": "Galaxy S21",
          "color": null,
          "wireless": null,
          "price_range": null,
          "material": null,
          "warranty": null
        },
        "Sure! Are you looking for a wireless charger or a wired one?"
      ],
      [
        "I'm looking for a wireless charger.",
        {
          "name": null,
          "type": "charger",
          "brand": "Samsung",
          "compatibility": "Galaxy S21",
          "color": null,
          "wireless": true,
          "price_range": null,
          "material": null,
          "warranty": null
        },
        "I have a couple of options: the Galaxy S21 Wireless Charging Pad for $59.99 or the Galaxy S21 Wireless Charger for $49.99. Which one do you prefer?"
      ],
      [
        "I'll go with the Galaxy S21 Wireless Charger for $49.99.",
        {
          "name": "Galaxy S21 Wireless Charger",
          "type": "charger",
          "brand": "Samsung",
          "compatibility": "Galaxy S21",
          "color": null,
          "wireless": true,
          "price_range": [
            49.99,
            49.99
          ],
          "material": null,
          "warranty": null
        },
        "Great choice! The Galaxy S21 Wireless Charger is yours! Enjoy charging your device!"
      ]
    ],
    "preferences_code": "```python\npreferences = AccessorySearchCriteria(\n    name='Galaxy S21 Wireless Charging Pad',\n    type='charger',\n    brand='Samsung',\n    compatibility='Galaxy S21',\n    color='White',\n    wireless=True,\n    price_range=(50.00, 70.00),\n    material='Plastic',\n    warranty=False,\n)\n```",
    "red_herrings_code": "```python\naccessories_examples = [\n    Accessory(\n        name='Galaxy S21 Fast Charger',\n        type='charger',\n        brand='Samsung',\n        compatibility='Galaxy S21',\n        color='Black',\n        wireless=False,\n        price=39.99,\n        material='Plastic',\n        warranty=True,\n    ),\n    Accessory(\n        name='Galaxy S21 Charging Case',\n        type='case',\n        brand='Samsung',\n        compatibility='Galaxy S21',\n        color='Clear',\n        wireless=False,\n        price=29.99,\n        material='Silicone',\n        warranty=True,\n    ),\n    Accessory(\n        name='Galaxy S21 Wireless Charging Pad',\n        type='charger',\n        brand='Samsung',\n        compatibility='Galaxy S21',\n        color='White',\n        wireless=True,\n        price=59.99,\n        material='Plastic',\n        warranty=False,\n    ),\n]\n```",
    "database_code": "```python\naccessories_list = [\n    Accessory(\n        name=\"Galaxy S21 Case\",\n        type='case',\n        brand=\"Samsung\",\n        compatibility=\"Galaxy S21\",\n        color=\"Black\",\n        wireless=False,\n        price=29.99,\n        material=\"Silicone\",\n        warranty=True\n    ),\n    Accessory(\n        name=\"Fast Charger\",\n        type='charger',\n        brand=\"Samsung\",\n        compatibility=\"Universal\",\n        color=\"White\",\n        wireless=False,\n        price=19.99,\n        material=\"Plastic\",\n        warranty=True\n    ),\n    Accessory(\n        name=\"Screen Protector\",\n        type='screen protector',\n        brand=\"ZAGG\",\n        compatibility=\"Galaxy S21\",\n        color=\"Clear\",\n        wireless=False,\n        price=14.99,\n        material=\"Tempered Glass\",\n        warranty=True\n    ),\n    Accessory(\n        name=\"Wireless Earbuds\",\n        type='headphones',\n        brand=\"Samsung\",\n        compatibility=\"Universal\",\n        color=\"White\",\n        wireless=True,\n        price=149.99,\n        material=\"Plastic\",\n        warranty=True\n    ),\n    Accessory(\n        name=\"USB-C Cable\",\n        type='cable',\n        brand=\"Anker\",\n        compatibility=\"Universal\",\n        color=\"Black\",\n        wireless=False,\n        price=9.99,\n        material=\"Nylon\",\n        warranty=False\n    ),\n    Accessory(\n        name=\"Galaxy Tab A7 Case\",\n        type='case',\n        brand=\"Samsung\",\n        compatibility=\"Galaxy Tab A7\",\n        color=\"Blue\",\n        wireless=False,\n        price=24.99,\n        material=\"Polyester\",\n        warranty=True\n    ),\n    Accessory(\n        name=\"Portable Charger\",\n        type='charger',\n        brand=\"Anker\",\n        compatibility=\"Universal\",\n        color=\"Black\",\n        wireless=True,\n        price=39.99,\n        material=\"Plastic\",\n        warranty=True\n    ),\n    Accessory(\n        name=\"Galaxy Buds Live\",\n        type='headphones',\n        brand=\"Samsung\",\n        compatibility=\"Universal\",\n        color=\"Mystic Bronze\",\n        wireless=True,\n        price=169.99,\n        material=\"Plastic\",\n        warranty=True\n    ),\n    Accessory(\n        name=\"Car Charger\",\n        type='charger',\n        brand=\"Samsung\",\n        compatibility=\"Universal\",\n        color=\"Black\",\n        wireless=False,\n        price=15.99,\n        material=\"Plastic\",\n        warranty=False\n    ),\n    Accessory(\n        name=\"Galaxy S21 Wireless Charger\",\n        type='charger',\n        brand=\"Samsung\",\n        compatibility=\"Galaxy S21\",\n        color=\"White\",\n        wireless=True,\n        price=49.99,\n        material=\"Plastic\",\n        warranty=True\n    )\n]\n```",
    "database": [
      {
        "name": "Wireless Earbuds",
        "type": "headphones",
        "brand": "Samsung",
        "compatibility": "Universal",
        "color": "White",
        "wireless": true,
        "price": 149.99,
        "material": "Plastic",
        "warranty": true
      },
      {
        "name": "Galaxy S21 Wireless Charging Pad",
        "type": "charger",
        "brand": "Samsung",
        "compatibility": "Galaxy S21",
        "color": "White",
        "wireless": true,
        "price": 59.99,
        "material": "Plastic",
        "warranty": false
      },
      {
        "name": "Galaxy S21 Charging Case",
        "type": "case",
        "brand": "Samsung",
        "compatibility": "Galaxy S21",
        "color": "Clear",
        "wireless": false,
        "price": 29.99,
        "material": "Silicone",
        "warranty": true
      },
      {
        "name": "Portable Charger",
        "type": "charger",
        "brand": "Anker",
        "compatibility": "Universal",
        "color": "Black",
        "wireless": true,
        "price": 39.99,
        "material": "Plastic",
        "warranty": true
      },
      {
        "name": "Galaxy S21 Fast Charger",
        "type": "charger",
        "brand": "Samsung",
        "compatibility": "Galaxy S21",
        "color": "Black",
        "wireless": false,
        "price": 39.99,
        "material": "Plastic",
        "warranty": true
      },
      {
        "name": "Galaxy S21 Case",
        "type": "case",
        "brand": "Samsung",
        "compatibility": "Galaxy S21",
        "color": "Black",
        "wireless": false,
        "price": 29.99,
        "material": "Silicone",
        "warranty": true
      },
      {
        "name": "Galaxy Tab A7 Case",
        "type": "case",
        "brand": "Samsung",
        "compatibility": "Galaxy Tab A7",
        "color": "Blue",
        "wireless": false,
        "price": 24.99,
        "material": "Polyester",
        "warranty": true
      },
      {
        "name": "USB-C Cable",
        "type": "cable",
        "brand": "Anker",
        "compatibility": "Universal",
        "color": "Black",
        "wireless": false,
        "price": 9.99,
        "material": "Nylon",
        "warranty": false
      },
      {
        "name": "Fast Charger",
        "type": "charger",
        "brand": "Samsung",
        "compatibility": "Universal",
        "color": "White",
        "wireless": false,
        "price": 19.99,
        "material": "Plastic",
        "warranty": true
      },
      {
        "name": "Galaxy S21 Wireless Charger",
        "type": "charger",
        "brand": "Samsung",
        "compatibility": "Galaxy S21",
        "color": "White",
        "wireless": true,
        "price": 49.99,
        "material": "Plastic",
        "warranty": true
      },
      {
        "name": "Car Charger",
        "type": "charger",
        "brand": "Samsung",
        "compatibility": "Universal",
        "color": "Black",
        "wireless": false,
        "price": 15.99,
        "material": "Plastic",
        "warranty": false
      },
      {
        "name": "Screen Protector",
        "type": "screen protector",
        "brand": "ZAGG",
        "compatibility": "Galaxy S21",
        "color": "Clear",
        "wireless": false,
        "price": 14.99,
        "material": "Tempered Glass",
        "warranty": true
      },
      {
        "name": "Galaxy Buds Live",
        "type": "headphones",
        "brand": "Samsung",
        "compatibility": "Universal",
        "color": "Mystic Bronze",
        "wireless": true,
        "price": 169.99,
        "material": "Plastic",
        "warranty": true
      }
    ],
    "goal": {
      "name": "Galaxy S21 Wireless Charging Pad",
      "type": "charger",
      "brand": "Samsung",
      "compatibility": "Galaxy S21",
      "color": "White",
      "wireless": true,
      "price": 59.99,
      "material": "Plastic",
      "warranty": false
    },
    "status": "complete"
  }
]