[
  {
    "domain": "smartphone",
    "turns": [
      [
        "I'm looking for an Apple smartphone, preferably in Space Gray.",
        {
          "name": null,
          "brand": "Apple",
          "storage_capacity": null,
          "color": "Space Gray",
          "operating_system": null,
          "price_range": null,
          "screen_size": null,
          "camera_quality": null,
          "battery_life": null,
          "is_5g_enabled": null
        },
        "I have the iPhone 14 Pro in Space Gray; would you like to know more about it?"
      ],
      [
        "Yes, what storage options does it come with?",
        {
          "name": "iPhone 14 Pro",
          "brand": "Apple",
          "storage_capacity": null,
          "color": "Space Gray",
          "operating_system": null,
          "price_range": null,
          "screen_size": null,
          "camera_quality": null,
          "battery_life": null,
          "is_5g_enabled": null
        },
        "The iPhone 14 Pro comes with 256GB of storage."
      ],
      [
        "That sounds perfect! What's the camera quality like?",
        {
          "name": "iPhone 14 Pro",
          "brand": "Apple",
          "storage_capacity": 256,
          "color": "Space Gray",
          "operating_system": "iOS",
          "price_range": null,
          "screen_size": null,
          "camera_quality": null,
          "battery_life": null,
          "is_5g_enabled": null
        },
        "It has a 12MP Triple camera system."
      ],
      [
        "Great! How's the battery life on it?",
        {
          "name": "iPhone 14 Pro",
          "brand": "Apple",
          "storage_capacity": 256,
          "color": "Space Gray",
          "operating_system": "iOS",
          "price_range": null,
          "screen_size": null,
          "camera_quality": "12MP Triple camera system",
          "battery_life": null,
          "is_5g_enabled": null
        },
        "The battery life is up to 22 hours."
      ],
      [
        "Awesome! Is it 5G enabled?",
        {
          "name": "iPhone 14 Pro",
          "brand": "Apple",
          "storage_capacity": 256,
          "color": "Space Gray",
          "operating_system": "iOS",
          "price_range": null,
          "screen_size": null,
          "camera_quality": "12MP Triple camera system",
          "battery_life": "up to 22 hours",
          "is_5g_enabled": true
        },
        "Yes, it is 5G enabled!"
      ],
      [
        "Perfect! What's the price range for the iPhone 14 Pro?",
        {
          "name": "iPhone 14 Pro",
          "brand": "Apple",
          "storage_capacity": 256,
          "color": "Space Gray",
          "operating_system": "iOS",
          "price_range": null,
          "screen_size": null,
          "camera_quality": "12MP Triple camera system",
          "battery_life": "up to 22 hours",
          "is_5g_enabled": true
        },
        "The price range is $999 to $1,099."
      ],
      [
        "I think that fits my budget! What's the screen size?",
        {
          "name": "iPhone 14 Pro",
          "brand": "Apple",
          "storage_capacity": 256,
          "color": "Space Gray",
          "operating_system": "iOS",
          "price_range": "$999-$1,099",
          "screen_size": null,
          "camera_quality": "12MP Triple camera system",
          "battery_life": "up to 22 hours",
          "is_5g_enabled": true
        },
        "The screen size is 6.1 inches."
      ],
      [
        "That sounds like exactly what I'm looking for! I'll take the iPhone 14 Pro in Space Gray.",
        {
          "name": "iPhone 14 Pro",
          "brand": "Apple",
          "storage_capacity": 256,
          "color": "Space Gray",
          "operating_system": "iOS",
          "price_range": "$999-$1,099",
          "screen_size": 6.1,
          "camera_quality": "12MP Triple camera system",
          "battery_life": "up to 22 hours",
          "is_5g_enabled": true
        },
        "Great choice! I'll get that ready for you!"
      ]
    ],
    "preferences_code": "```python\npreferences = SmartphonePreferences(\n    name='iPhone 14 Pro',\n    brand='Apple',\n    storage_capacity=256,\n    color='Space Gray',\n    operating_system='iOS',\n    price_range='$999 - $1,099',\n    screen_size=6.1,\n    camera_quality='12MP Triple',\n    battery_life='Up to 22 hours',\n    is_5g_enabled=True,\n)\n```",
    "red_herrings_code": "```python\n# Global variable representing a list of similar smartphone search results\nsimilar_smartphones = [\n    SmartphoneKnowledge(\n        name='iPhone 14 Pro',\n        brand='Apple',\n        storage_capacity=256,\n        color='Space Gray',\n        operating_system='iOS',\n        price_range='$999 - $1,099',\n        screen_size=6.1,\n        camera_quality='12MP Triple',\n        battery_life='Up to 22 hours',\n        is_5g_enabled=True,\n    ),\n    SmartphoneKnowledge(\n        name='Samsung Galaxy S21',\n        brand='Samsung',\n        storage_capacity=128,\n        color='Phantom Gray',\n        operating_system='Android',\n        price_range='$799 - $899',\n        screen_size=6.2,\n        camera_quality='12MP Triple',\n        battery_life='Up to 18 hours',\n        is_5g_enabled=True,\n    ),\n    SmartphoneKnowledge(\n        name='Google Pixel 6',\n        brand='Google',\n        storage_capacity=128,\n        color='Sorta Seafoam',\n        operating_system='Android',\n        price_range='$599 - $699',\n        screen_size=6.4,\n        camera_quality='50MP Dual',\n        battery_life='Up to 24 hours',\n        is_5g_enabled=True,\n    )\n]\n```",
    "database_code": "```python\n# Global variable containing a list of smartphone examples\nsmartphone_examples = [\n    SmartphoneKnowledge(\n        name=\"iPhone 14\",\n        brand=\"Apple\",\n        storage_capacity=128,\n        color=\"Midnight\",\n        operating_system=\"iOS\",\n        price_range=\"$799 - $899\",\n        screen_size=6.1,\n        camera_quality=\"12MP Dual\",\n        battery_life=\"Up to 20 hours\",\n        is_5g_enabled=True\n    ),\n    SmartphoneKnowledge(\n        name=\"Galaxy S22\",\n        brand=\"Samsung\",\n        storage_capacity=256,\n        color=\"Phantom Black\",\n        operating_system=\"Android\",\n        price_range=\"$799 - $899\",\n        screen_size=6.1,\n        camera_quality=\"50MP Triple\",\n        battery_life=\"Up to 18 hours\",\n        is_5g_enabled=True\n    ),\n    SmartphoneKnowledge(\n        name=\"Pixel 7\",\n        brand=\"Google\",\n        storage_capacity=128,\n        color=\"Obsidian\",\n        operating_system=\"Android\",\n        price_range=\"$599 - $699\",\n        screen_size=6.3,\n        camera_quality=\"50MP Dual\",\n        battery_life=\"Up to 24 hours\",\n        is_5g_enabled=True\n    ),\n    SmartphoneKnowledge(\n        name=\"OnePlus 10 Pro\",\n        brand=\"OnePlus\",\n        storage_capacity=256,\n        color=\"Volcanic Black\",\n        operating_system=\"Android\",\n        price_range=\"$899 - $999\",\n        screen_size=6.7,\n        camera_quality=\"48MP Triple\",\n        battery_life=\"Up to 20 hours\",\n        is_5g_enabled=True\n    ),\n    SmartphoneKnowledge(\n        name=\"Xperia 1 IV\",\n        brand=\"Sony\",\n        storage_capacity=256,\n        color=\"Black\",\n        operating_system=\"Android\",\n        price_range=\"$1,299 - $1,399\",\n        screen_size=6.5,\n        camera_quality=\"12MP Triple\",\n        battery_life=\"Up to 24 hours\",\n        is_5g_enabled=True\n    ),\n    SmartphoneKnowledge(\n        name=\"Nokia G50\",\n        brand=\"Nokia\",\n        storage_capacity=128,\n        color=\"Ocean Blue\",\n        operating_system=\"Android\",\n        price_range=\"$299 - $349\",\n        screen_size=6.82,\n        camera_quality=\"48MP Triple\",\n        battery_life=\"Up to 2 days\",\n        is_5g_enabled=True\n    ),\n    SmartphoneKnowledge(\n        name=\"Moto G Power (2022)\",\n        brand=\"Motorola\",\n        storage_capacity=64,\n        color=\"Dark Grove\",\n        operating_system=\"Android\",\n        price_range=\"$199 - $249\",\n        screen_size=6.5,\n        camera_quality=\"50MP Triple\",\n        battery_life=\"Up to 3 days\",\n        is_5g_enabled=False\n    ),\n    SmartphoneKnowledge(\n        name=\"Oppo Find X5\",\n        brand=\"Oppo\",\n        storage_capacity=256,\n        color=\"Black\",\n        operating_system=\"Android\",\n        price_range=\"$999 - $1,099\",\n        screen_size=6.55,\n        camera_quality=\"50MP Triple\",\n        battery_life=\"Up to 25 hours\",\n        is_5g_enabled=True\n    ),\n    SmartphoneKnowledge(\n        name=\"Asus ROG Phone 6\",\n        brand=\"Asus\",\n        storage_capacity=512,\n        color=\"Black\",\n        operating_system=\"Android\",\n        price_range=\"$999 - $1,199\",\n        screen_size=6.78,\n        camera_quality=\"50MP Triple\",\n        battery_life=\"Up to 18 hours\",\n        is_5g_enabled=True\n    ),\n    SmartphoneKnowledge(\n        name=\"Huawei P50 Pro\",\n        brand=\"Huawei\",\n        storage_capacity=256,\n        color=\"Golden Black\",\n        operating_system=\"Other\",\n        price_range=\"$1,199 - $1,299\",\n        screen_size=6.6,\n        camera_quality=\"50MP Quad\",\n        battery_life=\"Up to 24 hours\",\n        is_5g_enabled=True\n    )\n]\n```",
    "database": [
      {
        "name": "Galaxy S22",
        "brand": "Samsung",
        "storage_capacity": 256,
        "color": "Phantom Black",
        "operating_system": "Android",
        "price_range": "$799 - $899",
        "screen_size": 6.1,
        "camera_quality": "50MP Triple",
        "battery_life": "Up to 18 hours",
        "is_5g_enabled": true
      },
      {
        "name": "iPhone 14",
        "brand": "Apple",
        "storage_capacity": 128,
        "color": "Midnight",
        "operating_system": "iOS",
        "price_range": "$799 - $899",
        "screen_size": 6.1,
        "camera_quality": "12MP Dual",
        "battery_life": "Up to 20 hours",
        "is_5g_enabled": true
      },
      {
        "name": "Xperia 1 IV",
        "brand": "Sony",
        "storage_capacity": 256,
        "color": "Black",
        "operating_system": "Android",
        "price_range": "$1,299 - $1,399",
        "screen_size": 6.5,
        "camera_quality": "12MP Triple",
        "battery_life": "Up to 24 hours",
        "is_5g_enabled": true
      },
      {
        "name": "Pixel 7",
        "brand": "Google",
        "storage_capacity": 128,
        "color": "Obsidian",
        "operating_system": "Android",
        "price_range": "$599 - $699",
        "screen_size": 6.3,
        "camera_quality": "50MP Dual",
        "battery_life": "Up to 24 hours",
        "is_5g_enabled": true
      },
      {
        "name": "Samsung Galaxy S21",
        "brand": "Samsung",
        "storage_capacity": 128,
        "color": "Phantom Gray",
        "operating_system": "Android",
        "price_range": "$799 - $899",
        "screen_size": 6.2,
        "camera_quality": "12MP Triple",
        "battery_life": "Up to 18 hours",
        "is_5g_enabled": true
      },
      {
        "name": "Moto G Power (2022)",
        "brand": "Motorola",
        "storage_capacity": 64,
        "color": "Dark Grove",
        "operating_system": "Android",
        "price_range": "$199 - $249",
        "screen_size": 6.5,
        "camera_quality": "50MP Triple",
        "battery_life": "Up to 3 days",
        "is_5g_enabled": false
      },
      {
        "name": "Nokia G50",
        "brand": "Nokia",
        "storage_capacity": 128,
        "color": "Ocean Blue",
        "operating_system": "Android",
        "price_range": "$299 - $349",
        "screen_size": 6.82,
        "camera_quality": "48MP Triple",
        "battery_life": "Up to 2 days",
        "is_5g_enabled": true
      },
      {
        "name": "OnePlus 10 Pro",
        "brand": "OnePlus",
        "storage_capacity": 256,
        "color": "Volcanic Black",
        "operating_system": "Android",
        "price_range": "$899 - $999",
        "screen_size": 6.7,
        "camera_quality": "48MP Triple",
        "battery_life": "Up to 20 hours",
        "is_5g_enabled": true
      },
      {
        "name": "iPhone 14 Pro",
        "brand": "Apple",
        "storage_capacity": 256,
        "color": "Space Gray",
        "operating_system": "iOS",
        "price_range": "$999 - $1,099",
        "screen_size": 6.1,
        "camera_quality": "12MP Triple",
        "battery_life": "Up to 22 hours",
        "is_5g_enabled": true
      },
      {
        "name": "Google Pixel 6",
        "brand": "Google",
        "storage_capacity": 128,
        "color": "Sorta Seafoam",
        "operating_system": "Android",
        "price_range": "$599 - $699",
        "screen_size": 6.4,
        "camera_quality": "50MP Dual",
        "battery_life": "Up to 24 hours",
        "is_5g_enabled": true
      },
      {
        "name": "Asus ROG Phone 6",
        "brand": "Asus",
        "storage_capacity": 512,
        "color": "Black",
        "operating_system": "Android",
        "price_range": "$999 - $1,199",
        "screen_size": 6.78,
        "camera_quality": "50MP Triple",
        "battery_life": "Up to 18 hours",
        "is_5g_enabled": true
      },
      {
        "name": "Huawei P50 Pro",
        "brand": "Huawei",
        "storage_capacity": 256,
        "color": "Golden Black",
        "operating_system": "Other",
        "price_range": "$1,199 - $1,299",
        "screen_size": 6.6,
        "camera_quality": "50MP Quad",
        "battery_life": "Up to 24 hours",
        "is_5g_enabled": true
      },
      {
        "name": "Oppo Find X5",
        "brand": "Oppo",
        "storage_capacity": 256,
        "color": "Black",
        "operating_system": "Android",
        "price_range": "$999 - $1,099",
        "screen_size": 6.55,
        "camera_quality": "50MP Triple",
        "battery_life": "Up to 25 hours",
        "is_5g_enabled": true
      }
    ],
    "goal": {
      "name": "iPhone 14 Pro",
      "brand": "Apple",
      "storage_capacity": 256,
      "color": "Space Gray",
      "operating_system": "iOS",
      "price_range": "$999 - $1,099",
      "screen_size": 6.1,
      "camera_quality": "12MP Triple",
      "battery_life": "Up to 22 hours",
      "is_5g_enabled": true
    },
    "status": "complete"
  },
  {
    "domain": "tablet",
    "turns": [
      [
        "Thanks! By the way, do you have any tablets in stock? I'm looking for a Lenovo.",
        {
          "name": null,
          "brand": "Lenovo",
          "screen_size": null,
          "operating_system": null,
          "storage_capacity": null,
          "ram": null,
          "has_cellular": null,
          "has_stylus_support": null,
          "price_range": null,
          "battery_life": null,
          "weight": null,
          "color": null
        },
        "Yes, we have the Lenovo Tab M10 and the Lenovo Tab P11. Which one interests you?"
      ],
      [
        "I'm interested in the Lenovo Tab P11. What are its main features?",
        {
          "name": "Lenovo Tab P11",
          "brand": "Lenovo",
          "screen_size": null,
          "operating_system": null,
          "storage_capacity": null,
          "ram": null,
          "has_cellular": null,
          "has_stylus_support": null,
          "price_range": null,
          "battery_life": null,
          "weight": null,
          "color": null
        },
        "The Lenovo Tab P11 has an 11-inch screen, 128GB storage, 4GB RAM, and stylus support."
      ],
      [
        "That sounds good! What's the battery life like?",
        {
          "name": "Lenovo Tab P11",
          "brand": "Lenovo",
          "screen_size": 11.0,
          "operating_system": null,
          "storage_capacity": 128,
          "ram": 4,
          "has_cellular": null,
          "has_stylus_support": true,
          "price_range": null,
          "battery_life": null,
          "weight": null,
          "color": null
        },
        "The battery life is long, lasting up to 15 hours."
      ],
      [
        "Nice! Is it available in gray?",
        {
          "name": "Lenovo Tab P11",
          "brand": "Lenovo",
          "screen_size": 11.0,
          "operating_system": null,
          "storage_capacity": 128,
          "ram": 4,
          "has_cellular": null,
          "has_stylus_support": true,
          "price_range": null,
          "battery_life": "Long",
          "weight": null,
          "color": "Gray"
        },
        "Yes, it comes in Slate Grey!"
      ],
      [
        "Perfect! What's the price for the Lenovo Tab P11?",
        {
          "name": "Lenovo Tab P11",
          "brand": "Lenovo",
          "screen_size": 11.0,
          "operating_system": null,
          "storage_capacity": 128,
          "ram": 4,
          "has_cellular": null,
          "has_stylus_support": true,
          "price_range": null,
          "battery_life": "Long",
          "weight": null,
          "color": "Slate Grey"
        },
        "The price for the Lenovo Tab P11 is $249.99."
      ]
    ],
    "preferences_code": "```python\npreferences = TabletPreferences(\n    name='Lenovo Tab M10',\n    brand='Lenovo',\n    screen_size=10.1,\n    operating_system='Android',\n    storage_capacity=64,\n    ram=4,\n    has_cellular=False,\n    has_stylus_support=False,\n    price_range=(150.00, 250.00),\n    battery_life='Long',\n    weight=1.5,\n    color='Gray'\n)\n```",
    "red_herrings_code": "```python\n# Global variable representing a list of similar tablet examples\ntablet_examples = [\n    TabletInfo(\n        name='Samsung Galaxy Tab A 8.4',\n        brand='Samsung',\n        screen_size=8.4,\n        operating_system='Android',\n        storage_capacity=32,\n        ram=3,\n        has_cellular=False,\n        has_stylus_support=False,\n        price=199.99,\n        battery_life='Moderate',\n        weight=0.8,\n        color='Black',\n    ),\n    TabletInfo(\n        name='Lenovo Tab M10',\n        brand='Lenovo',\n        screen_size=10.1,\n        operating_system='Android',\n        storage_capacity=64,\n        ram=4,\n        has_cellular=False,\n        has_stylus_support=False,\n        price=199.99,\n        battery_life='Long',\n        weight=1.1,\n        color='Gray',\n    ),\n    TabletInfo(\n        name='Amazon Fire HD 10',\n        brand='Amazon',\n        screen_size=10.1,\n        operating_system='Fire OS',\n        storage_capacity=32,\n        ram=2,\n        has_cellular=False,\n        has_stylus_support=False,\n        price=149.99,\n        battery_life='Long',\n        weight=1.0,\n        color='Black',\n    ),\n]\n```",
    "database_code": "```python\ntablets = [\n    TabletInfo(\n        name=\"iPad Pro\",\n        brand=\"Apple\",\n        screen_size=12.9,\n        operating_system='iOS',\n        storage_capacity=128,\n        ram=8,\n        has_cellular=True,\n        has_stylus_support=True,\n        price=1099.99,\n        battery_life='Long',\n        weight=1.5,\n        color=\"Space Gray\"\n    ),\n    TabletInfo(\n        name=\"Galaxy Tab S8\",\n        brand=\"Samsung\",\n        screen_size=11.0,\n        operating_system='Android',\n        storage_capacity=256,\n        ram=8,\n        has_cellular=True,\n        has_stylus_support=True,\n        price=699.99,\n        battery_life='Moderate',\n        weight=1.1,\n        color=\"Graphite\"\n    ),\n    TabletInfo(\n        name=\"Surface Pro 8\",\n        brand=\"Microsoft\",\n        screen_size=13.0,\n        operating_system='Windows',\n        storage_capacity=256,\n        ram=16,\n        has_cellular=False,\n        has_stylus_support=True,\n        price=999.99,\n        battery_life='Long',\n        weight=1.9,\n        color=\"Platinum\"\n    ),\n    TabletInfo(\n        name=\"Fire HD 10\",\n        brand=\"Amazon\",\n        screen_size=10.1,\n        operating_system='Other',\n        storage_capacity=64,\n        ram=3,\n        has_cellular=False,\n        has_stylus_support=False,\n        price=149.99,\n        battery_life='Moderate',\n        weight=1.0,\n        color=\"Black\"\n    ),\n    TabletInfo(\n        name=\"Lenovo Tab P11\",\n        brand=\"Lenovo\",\n        screen_size=11.0,\n        operating_system='Android',\n        storage_capacity=128,\n        ram=4,\n        has_cellular=False,\n        has_stylus_support=True,\n        price=249.99,\n        battery_life='Long',\n        weight=1.1,\n        color=\"Slate Grey\"\n    ),\n    TabletInfo(\n        name=\"iPad Air\",\n        brand=\"Apple\",\n        screen_size=10.9,\n        operating_system='iOS',\n        storage_capacity=64,\n        ram=4,\n        has_cellular=True,\n        has_stylus_support=True,\n        price=599.99,\n        battery_life='Long',\n        weight=1.0,\n        color=\"Rose Gold\"\n    ),\n    TabletInfo(\n        name=\"Huawei MatePad Pro\",\n        brand=\"Huawei\",\n        screen_size=10.8,\n        operating_system='Android',\n        storage_capacity=256,\n        ram=8,\n        has_cellular=True,\n        has_stylus_support=True,\n        price=499.99,\n        battery_life='Long',\n        weight=1.0,\n        color=\"Gray\"\n    ),\n    TabletInfo(\n        name=\"Asus ZenPad 3S\",\n        brand=\"Asus\",\n        screen_size=9.7,\n        operating_system='Android',\n        storage_capacity=32,\n        ram=4,\n        has_cellular=False,\n        has_stylus_support=False,\n        price=299.99,\n        battery_life='Moderate',\n        weight=0.8,\n        color=\"Silver\"\n    ),\n    TabletInfo(\n        name=\"Samsung Galaxy Tab A\",\n        brand=\"Samsung\",\n        screen_size=10.1,\n        operating_system='Android',\n        storage_capacity=32,\n        ram=3,\n        has_cellular=False,\n        has_stylus_support=False,\n        price=229.99,\n        battery_life='Moderate',\n        weight=1.0,\n        color=\"Black\"\n    ),\n    TabletInfo(\n        name=\"Microsoft Surface Go 3\",\n        brand=\"Microsoft\",\n        screen_size=10.5,\n        operating_system='Windows',\n        storage_capacity=128,\n        ram=8,\n        has_cellular=True,\n        has_stylus_support=True,\n        price=399.99,\n        battery_life='Moderate',\n        weight=1.2,\n        color=\"Platinum\"\n    )\n]\n```",
    "database": [
      {
        "name": "Samsung Galaxy Tab A",
        "brand": "Samsung",
        "screen_size": 10.1,
        "operating_system": "Android",
        "storage_capacity": 32,
        "ram": 3,
        "has_cellular": false,
        "has_stylus_support": false,
        "price": 229.99,
        "battery_life": "Moderate",
        "weight": 1.0,
        "color": "Black"
      },
      {
        "name": "Microsoft Surface Go 3",
        "brand": "Microsoft",
        "screen_size": 10.5,
        "operating_system": "Windows",
        "storage_capacity": 128,
        "ram": 8,
        "has_cellular": true,
        "has_stylus_support": true,
        "price": 399.99,
        "battery_life": "Moderate",
        "weight": 1.2,
        "color": "Platinum"
      },
      {
        "name": "iPad Air",
        "brand": "Apple",
        "screen_size": 10.9,
        "operating_system": "iOS",
        "storage_capacity": 64,
        "ram": 4,
        "has_cellular": true,
        "has_stylus_support": true,
        "price": 599.99,
        "battery_life": "Long",
        "weight": 1.0,
        "color": "Rose Gold"
      },
      {
        "name": "Surface Pro 8",
        "brand": "Microsoft",
        "screen_size": 13.0,
        "operating_system": "Windows",
        "storage_capacity": 256,
        "ram": 16,
        "has_cellular": false,
        "has_stylus_support": true,
        "price": 999.99,
        "battery_life": "Long",
        "weight": 1.9,
        "color": "Platinum"
      },
      {
        "name": "Samsung Galaxy Tab A 8.4",
        "brand": "Samsung",
        "screen_size": 8.4,
        "operating_system": "Android",
        "storage_capacity": 32,
        "ram": 3,
        "has_cellular": false,
        "has_stylus_support": false,
        "price": 199.99,
        "battery_life": "Moderate",
        "weight": 0.8,
        "color": "Black"
      },
      {
        "name": "Lenovo Tab M10",
        "brand": "Lenovo",
        "screen_size": 10.1,
        "operating_system": "Android",
        "storage_capacity": 64,
        "ram": 4,
        "has_cellular": false,
        "has_stylus_support": false,
        "price": 199.99,
        "battery_life": "Long",
        "weight": 1.1,
        "color": "Gray"
      },
      {
        "name": "Galaxy Tab S8",
        "brand": "Samsung",
        "screen_size": 11.0,
        "operating_system": "Android",
        "storage_capacity": 256,
        "ram": 8,
        "has_cellular": true,
        "has_stylus_support": true,
        "price": 699.99,
        "battery_life": "Moderate",
        "weight": 1.1,
        "color": "Graphite"
      },
      {
        "name": "iPad Pro",
        "brand": "Apple",
        "screen_size": 12.9,
        "operating_system": "iOS",
        "storage_capacity": 128,
        "ram": 8,
        "has_cellular": true,
        "has_stylus_support": true,
        "price": 1099.99,
        "battery_life": "Long",
        "weight": 1.5,
        "color": "Space Gray"
      },
      {
        "name": "Asus ZenPad 3S",
        "brand": "Asus",
        "screen_size": 9.7,
        "operating_system": "Android",
        "storage_capacity": 32,
        "ram": 4,
        "has_cellular": false,
        "has_stylus_support": false,
        "price": 299.99,
        "battery_life": "Moderate",
        "weight": 0.8,
        "color": "Silver"
      },
      {
        "name": "Amazon Fire HD 10",
        "brand": "Amazon",
        "screen_size": 10.1,
        "operating_system": "Fire OS",
        "storage_capacity": 32,
        "ram": 2,
        "has_cellular": false,
        "has_stylus_support": false,
        "price": 149.99,
        "battery_life": "Long",
        "weight": 1.0,
        "color": "Black"
      },
      {
        "name": "Lenovo Tab P11",
        "brand": "Lenovo",
        "screen_size": 11.0,
        "operating_system": "Android",
        "storage_capacity": 128,
        "ram": 4,
        "has_cellular": false,
        "has_stylus_support": true,
        "price": 249.99,
        "battery_life": "Long",
        "weight": 1.1,
        "color": "Slate Grey"
      },
      {
        "name": "Huawei MatePad Pro",
        "brand": "Huawei",
        "screen_size": 10.8,
        "operating_system": "Android",
        "storage_capacity": 256,
        "ram": 8,
        "has_cellular": true,
        "has_stylus_support": true,
        "price": 499.99,
        "battery_life": "Long",
        "weight": 1.0,
        "color": "Gray"
      },
      {
        "name": "Fire HD 10",
        "brand": "Amazon",
        "screen_size": 10.1,
        "operating_system": "Other",
        "storage_capacity": 64,
        "ram": 3,
        "has_cellular": false,
        "has_stylus_support": false,
        "price": 149.99,
        "battery_life": "Moderate",
        "weight": 1.0,
        "color": "Black"
      }
    ],
    "goal": {
      "name": "Lenovo Tab M10",
      "brand": "Lenovo",
      "screen_size": 10.1,
      "operating_system": "Android",
      "storage_capacity": 64,
      "ram": 4,
      "has_cellular": false,
      "has_stylus_support": false,
      "price": 199.99,
      "battery_life": "Long",
      "weight": 1.1,
      "color": "Gray"
    },
    "status": "complete"
  },
  {
    "domain": "accessories",
    "turns": [
      [
        "Thanks! Now, can you help me find some accessories for my Galaxy S21 Ultra?",
        {
          "name": null,
          "type": null,
          "brand": null,
          "compatibility": "Galaxy S21 Ultra",
          "color": null,
          "wireless": null,
          "price_range": null,
          "material": null,
          "warranty": null
        },
        "Sure! What type of accessories are you looking for? Cases, screen protectors, or something else?"
      ],
      [
        "I'm looking for a case, preferably in silicone.",
        {
          "name": null,
          "type": "case",
          "brand": null,
          "compatibility": "Galaxy S21 Ultra",
          "color": "silicone",
          "wireless": null,
          "price_range": null,
          "material": "silicone",
          "warranty": null
        },
        "I have a Samsung Galaxy S21 Ultra Case in silicone for $34.99. Would you like that?"
      ],
      [
        "Yes, that sounds great! Does it come with a warranty?",
        {
          "name": null,
          "type": "case",
          "brand": "Samsung",
          "compatibility": "Galaxy S21 Ultra",
          "color": "silicone",
          "wireless": null,
          "price_range": [
            34.99,
            34.99
          ],
          "material": "silicone",
          "warranty": true
        },
        "Yes, it comes with a warranty!"
      ]
    ],
    "preferences_code": "```python\npreferences = AccessorySearchCriteria(\n    name='Samsung Galaxy S21 Ultra Case',\n    type='case',\n    brand='Samsung',\n    compatibility='Galaxy S21 Ultra',\n    color='Black',\n    wireless=False,\n    price_range=(30.00, 40.00),\n    material='Silicone',\n    warranty=True,\n)\n```",
    "red_herrings_code": "```python\naccessories_list = [\n    Accessory(\n        name='Samsung Galaxy S21 Ultra Case',\n        type='case',\n        brand='Samsung',\n        compatibility='Galaxy S21 Ultra',\n        color='Black',\n        wireless=False,\n        price=34.99,\n        material='Silicone',\n        warranty=True,\n    ),\n    Accessory(\n        name='Spigen Galaxy S21 Case',\n        type='case',\n        brand='Spigen',\n        compatibility='Galaxy S21',\n        color='Transparent',\n        wireless=False,\n        price=24.99,\n        material='TPU',\n        warranty=True,\n    ),\n    Accessory(\n        name='OtterBox Galaxy S21 Case',\n        type='case',\n        brand='OtterBox',\n        compatibility='Galaxy S21',\n        color='Blue',\n        wireless=False,\n        price=39.99,\n        material='Polycarbonate',\n        warranty=True,\n    ),\n]\n```",
    "database_code": "```python\n# Global variable to hold a list of accessory examples\naccessories_list = [\n    Accessory(\n        name=\"Apple Lightning to USB Cable\",\n        type=\"cable\",\n        brand=\"Apple\",\n        compatibility=\"iPhone, iPad\",\n        color=\"White\",\n        wireless=False,\n        price=19.99,\n        material=\"Plastic\",\n        warranty=True\n    ),\n    Accessory(\n        name=\"Samsung Galaxy S21 Case\",\n        type=\"case\",\n        brand=\"Samsung\",\n        compatibility=\"Galaxy S21\",\n        color=\"Black\",\n        wireless=False,\n        price=29.99,\n        material=\"Silicone\",\n        warranty=True\n    ),\n    Accessory(\n        name=\"Anker PowerCore 10000\",\n        type=\"charger\",\n        brand=\"Anker\",\n        compatibility=\"Universal\",\n        color=\"Black\",\n        wireless=False,\n        price=25.99,\n        material=\"Plastic\",\n        warranty=True\n    ),\n    Accessory(\n        name=\"JBL Tune 125TWS\",\n        type=\"headphones\",\n        brand=\"JBL\",\n        compatibility=\"Universal\",\n        color=\"White\",\n        wireless=True,\n        price=99.95,\n        material=\"Plastic\",\n        warranty=True\n    ),\n    Accessory(\n        name=\"Spigen Tempered Glass Screen Protector\",\n        type=\"screen protector\",\n        brand=\"Spigen\",\n        compatibility=\"iPhone 12\",\n        color=\"Clear\",\n        wireless=False,\n        price=12.99,\n        material=\"Glass\",\n        warranty=False\n    ),\n    Accessory(\n        name=\"Apple AirPods Pro\",\n        type=\"headphones\",\n        brand=\"Apple\",\n        compatibility=\"iPhone, iPad, Mac\",\n        color=\"White\",\n        wireless=True,\n        price=249.99,\n        material=\"Plastic\",\n        warranty=True\n    ),\n    Accessory(\n        name=\"Belkin Boost Up Wireless Charger\",\n        type=\"charger\",\n        brand=\"Belkin\",\n        compatibility=\"Qi-enabled devices\",\n        color=\"Black\",\n        wireless=True,\n        price=39.99,\n        material=\"Plastic\",\n        warranty=True\n    ),\n    Accessory(\n        name=\"OtterBox Defender Series Case\",\n        type=\"case\",\n        brand=\"OtterBox\",\n        compatibility=\"iPhone 13\",\n        color=\"Black\",\n        wireless=False,\n        price=49.95,\n        material=\"Rubber\",\n        warranty=True\n    ),\n    Accessory(\n        name=\"Mophie Powerstation Mini\",\n        type=\"charger\",\n        brand=\"Mophie\",\n        compatibility=\"Universal\",\n        color=\"Red\",\n        wireless=False,\n        price=39.95,\n        material=\"Plastic\",\n        warranty=True\n    ),\n    Accessory(\n        name=\"ZAGG InvisibleShield Glass Elite\",\n        type=\"screen protector\",\n        brand=\"ZAGG\",\n        compatibility=\"Samsung Galaxy S21\",\n        color=\"Clear\",\n        wireless=False,\n        price=39.99,\n        material=\"Glass\",\n        warranty=True\n    )\n]\n```",
    "database": [
      {
        "name": "Samsung Galaxy S21 Ultra Case",
        "type": "case",
        "brand": "Samsung",
        "compatibility": "Galaxy S21 Ultra",
        "color": "Black",
        "wireless": false,
        "price": 34.99,
        "material": "Silicone",
        "warranty": true
      },
      {
        "name": "JBL Tune 125TWS",
        "type": "headphones",
        "brand": "JBL",
        "compatibility": "Universal",
        "color": "White",
        "wireless": true,
        "price": 99.95,
        "material": "Plastic",
        "warranty": true
      },
      {
        "name": "Samsung Galaxy S21 Case",
        "type": "case",
        "brand": "Samsung",
        "compatibility": "Galaxy S21",
        "color": "Black",
        "wireless": false,
        "price": 29.99,
        "material": "Silicone",
        "warranty": true
      },
      {
        "name": "Spigen Tempered Glass Screen Protector",
        "type": "screen protector",
        "brand": "Spigen",
        "compatibility": "iPhone 12",
        "color": "Clear",
        "wireless": false,
        "price": 12.99,
        "material": "Glass",
        "warranty": false
      },
      {
        "name": "Spigen Galaxy S21 Case",
        "type": "case",
        "brand": "Spigen",
        "compatibility": "Galaxy S21",
        "color": "Transparent",
        "wireless": false,
        "price": 24.99,
        "material": "TPU",
        "warranty": true
      },
      {
        "name": "Apple Lightning to USB Cable",
        "type": "cable",
        "brand": "Apple",
        "compatibility": "iPhone, iPad",
        "color": "White",
        "wireless": false,
        "price": 19.99,
        "material": "Plastic",
        "warranty": true
      },
      {
        "name": "Apple AirPods Pro",
        "type": "headphones",
        "brand": "Apple",
        "compatibility": "iPhone, iPad, Mac",
        "color": "White",
        "wireless": true,
        "price": 249.99,
        "material": "Plastic",
        "warranty": true
      },
      {
        "name": "Mophie Powerstation Mini",
        "type": "charger",
        "brand": "Mophie",
        "compatibility": "Universal",
        "color": "Red",
        "wireless": false,
        "price": 39.95,
        "material": "Plastic",
        "warranty": true
      },
      {
        "name": "OtterBox Defender Series Case",
        "type": "case",
        "brand": "OtterBox",
        "compatibility": "iPhone 13",
        "color": "Black",
        "wireless": false,
        "price": 49.95,
        "material": "Rubber",
        "warranty": true
      },
      {
        "name": "Anker PowerCore 10000",
        "type": "charger",
        "brand": "Anker",
        "compatibility": "Universal",
        "color": "Black",
        "wireless": false,
        "price": 25.99,
        "material": "Plastic",
        "warranty": true
      },
      {
        "name": "Belkin Boost Up Wireless Charger",
        "type": "charger",
        "brand": "Belkin",
        "compatibility": "Qi-enabled devices",
        "color": "Black",
        "wireless": true,
        "price": 39.99,
        "material": "Plastic",
        "warranty": true
      },
      {
        "name": "ZAGG InvisibleShield Glass Elite",
        "type": "screen protector",
        "brand": "ZAGG",
        "compatibility": "Samsung Galaxy S21",
        "color": "Clear",
        "wireless": false,
        "price": 39.99,
        "material": "Glass",
        "warranty": true
      },
      {
        "name": "OtterBox Galaxy S21 Case",
        "type": "case",
        "brand": "OtterBox",
        "compatibility": "Galaxy S21",
        "color": "Blue",
        "wireless": false,
        "price": 39.99,
        "material": "Polycarbonate",
        "warranty": true
      }
    ],
    "goal": {
      "name": "Samsung Galaxy S21 Ultra Case",
      "type": "case",
      "brand": "Samsung",
      "compatibility": "Galaxy S21 Ultra",
      "color": "Black",
      "wireless": false,
      "price": 34.99,
      "material": "Silicone",
      "warranty": true
    },
    "status": "complete"
  }
]