[
  {
    "domain": "workout routine",
    "turns": [
      [
        "I'm looking for a high-intensity cardio workout.",
        {
          "name": null,
          "intensity": "high",
          "duration": null,
          "workout_type": "cardio",
          "equipment_needed": null,
          "location": null,
          "goal": null,
          "body_focus": null,
          "experience_level": null
        },
        "How long do you want your workout to be?"
      ],
      [
        "I want it to be 120 minutes long.",
        {
          "name": null,
          "intensity": "high",
          "duration": 120,
          "workout_type": "cardio",
          "equipment_needed": null,
          "location": null,
          "goal": null,
          "body_focus": null,
          "experience_level": null
        },
        "The longest high-intensity cardio workout I have is 90 minutes. Would that work for you?"
      ],
      [
        "I really prefer 120 minutes; can we find something that fits that?",
        {
          "name": null,
          "intensity": "high",
          "duration": null,
          "workout_type": "cardio",
          "equipment_needed": null,
          "location": null,
          "goal": null,
          "body_focus": null,
          "experience_level": null
        },
        "Unfortunately, I don't have a 120-minute high-intensity cardio option. Would you consider a shorter workout instead?"
      ],
      [
        "I could go for a 90-minute workout if it's really high-intensity.",
        {
          "name": null,
          "intensity": "high",
          "duration": 90,
          "workout_type": "cardio",
          "equipment_needed": null,
          "location": null,
          "goal": null,
          "body_focus": null,
          "experience_level": null
        },
        "Great! I have \"Trail Running Adventure,\" which is a high-intensity cardio workout for 90 minutes. Does that sound good?"
      ],
      [
        "That sounds perfect! Is it outdoors?",
        {
          "name": "Trail Running Adventure",
          "intensity": "high",
          "duration": 90,
          "workout_type": "cardio",
          "equipment_needed": null,
          "location": "outdoor",
          "goal": null,
          "body_focus": null,
          "experience_level": null
        },
        "Yes, it's an outdoor workout! Would you like to go with that?"
      ],
      [
        "Yes, let's go with the \"Trail Running Adventure\"!",
        {
          "name": "Trail Running Adventure",
          "intensity": "high",
          "duration": 90,
          "workout_type": "cardio",
          "equipment_needed": null,
          "location": "outdoor",
          "goal": null,
          "body_focus": null,
          "experience_level": null
        },
        "Awesome choice! \"Trail Running Adventure\" it is!"
      ]
    ],
    "preferences_code": "```python\npreferences = WorkoutCriteria(\n    name='Hiking with Elevation Gain',\n    intensity='high',\n    duration=120,\n    workout_type='cardio',\n    equipment_needed=False,\n    location='outdoor',\n    goal='endurance',\n    body_focus='lower_body',\n    experience_level='advanced',\n)\n```",
    "red_herrings_code": "```python\n# Global variable containing a list of workout routine examples\nworkout_routines = [\n    WorkoutRoutine(\n        name='Mountain Trail Running',\n        intensity='high',\n        duration=75,\n        workout_type='cardio',\n        equipment_needed=False,\n        location='outdoor',\n        goal='endurance',\n        body_focus='lower_body',\n        experience_level='advanced',\n    ),\n    WorkoutRoutine(\n        name='Outdoor Sprint Intervals',\n        intensity='medium',\n        duration=60,\n        workout_type='cardio',\n        equipment_needed=False,\n        location='outdoor',\n        goal='endurance',\n        body_focus='lower_body',\n        experience_level='intermediate',\n    ),\n    WorkoutRoutine(\n        name='Hiking with Elevation Gain',\n        intensity='high',\n        duration=120,\n        workout_type='cardio',\n        equipment_needed=False,\n        location='outdoor',\n        goal='endurance',\n        body_focus='lower_body',\n        experience_level='advanced',\n    )\n]\n```",
    "database_code": "```python\n# Global variable to store a list of workout routine examples.\nworkout_routines = [\n    WorkoutRoutine(\n        name=\"Morning Cardio Blast\",\n        intensity='high',\n        duration=30,\n        workout_type='cardio',\n        equipment_needed=False,\n        location='outdoor',\n        goal='weight_loss',\n        body_focus='full_body',\n        experience_level='beginner'\n    ),\n    WorkoutRoutine(\n        name=\"Strength Training 101\",\n        intensity='medium',\n        duration=45,\n        workout_type='strength',\n        equipment_needed=True,\n        location='indoor',\n        goal='muscle_gain',\n        body_focus='upper_body',\n        experience_level='beginner'\n    ),\n    WorkoutRoutine(\n        name=\"Yoga for Flexibility\",\n        intensity='low',\n        duration=60,\n        workout_type='flexibility',\n        equipment_needed=False,\n        location='indoor',\n        goal='general_fitness',\n        body_focus='full_body',\n        experience_level='beginner'\n    ),\n    WorkoutRoutine(\n        name=\"HIIT Strength Circuit\",\n        intensity='high',\n        duration=30,\n        workout_type='strength',\n        equipment_needed=True,\n        location='indoor',\n        goal='muscle_gain',\n        body_focus='full_body',\n        experience_level='intermediate'\n    ),\n    WorkoutRoutine(\n        name=\"Outdoor Running\",\n        intensity='medium',\n        duration=50,\n        workout_type='cardio',\n        equipment_needed=False,\n        location='outdoor',\n        goal='endurance',\n        body_focus='lower_body',\n        experience_level='intermediate'\n    ),\n    WorkoutRoutine(\n        name=\"Core Stability Routine\",\n        intensity='medium',\n        duration=25,\n        workout_type='strength',\n        equipment_needed=False,\n        location='indoor',\n        goal='general_fitness',\n        body_focus='core',\n        experience_level='beginner'\n    ),\n    WorkoutRoutine(\n        name=\"Pilates for Core Strength\",\n        intensity='low',\n        duration=40,\n        workout_type='flexibility',\n        equipment_needed=True,\n        location='indoor',\n        goal='general_fitness',\n        body_focus='core',\n        experience_level='intermediate'\n    ),\n    WorkoutRoutine(\n        name=\"Advanced Weightlifting\",\n        intensity='high',\n        duration=60,\n        workout_type='strength',\n        equipment_needed=True,\n        location='indoor',\n        goal='muscle_gain',\n        body_focus='full_body',\n        experience_level='advanced'\n    ),\n    WorkoutRoutine(\n        name=\"Balance and Stability\",\n        intensity='low',\n        duration=30,\n        workout_type='balance',\n        equipment_needed=False,\n        location='indoor',\n        goal='general_fitness',\n        body_focus='full_body',\n        experience_level='beginner'\n    ),\n    WorkoutRoutine(\n        name=\"Trail Running Adventure\",\n        intensity='high',\n        duration=90,\n        workout_type='cardio',\n        equipment_needed=False,\n        location='outdoor',\n        goal='endurance',\n        body_focus='lower_body',\n        experience_level='advanced'\n    )\n]\n```",
    "database": [
      {
        "name": "Balance and Stability",
        "intensity": "low",
        "duration": 30,
        "workout_type": "balance",
        "equipment_needed": false,
        "location": "indoor",
        "goal": "general_fitness",
        "body_focus": "full_body",
        "experience_level": "beginner"
      },
      {
        "name": "Strength Training 101",
        "intensity": "medium",
        "duration": 45,
        "workout_type": "strength",
        "equipment_needed": true,
        "location": "indoor",
        "goal": "muscle_gain",
        "body_focus": "upper_body",
        "experience_level": "beginner"
      },
      {
        "name": "Trail Running Adventure",
        "intensity": "high",
        "duration": 90,
        "workout_type": "cardio",
        "equipment_needed": false,
        "location": "outdoor",
        "goal": "endurance",
        "body_focus": "lower_body",
        "experience_level": "advanced"
      },
      {
        "name": "Pilates for Core Strength",
        "intensity": "low",
        "duration": 40,
        "workout_type": "flexibility",
        "equipment_needed": true,
        "location": "indoor",
        "goal": "general_fitness",
        "body_focus": "core",
        "experience_level": "intermediate"
      },
      {
        "name": "Hiking with Elevation Gain",
        "intensity": "high",
        "duration": 120,
        "workout_type": "cardio",
        "equipment_needed": false,
        "location": "outdoor",
        "goal": "endurance",
        "body_focus": "lower_body",
        "experience_level": "advanced"
      },
      {
        "name": "HIIT Strength Circuit",
        "intensity": "high",
        "duration": 30,
        "workout_type": "strength",
        "equipment_needed": true,
        "location": "indoor",
        "goal": "muscle_gain",
        "body_focus": "full_body",
        "experience_level": "intermediate"
      },
      {
        "name": "Morning Cardio Blast",
        "intensity": "high",
        "duration": 30,
        "workout_type": "cardio",
        "equipment_needed": false,
        "location": "outdoor",
        "goal": "weight_loss",
        "body_focus": "full_body",
        "experience_level": "beginner"
      },
      {
        "name": "Outdoor Running",
        "intensity": "medium",
        "duration": 50,
        "workout_type": "cardio",
        "equipment_needed": false,
        "location": "outdoor",
        "goal": "endurance",
        "body_focus": "lower_body",
        "experience_level": "intermediate"
      },
      {
        "name": "Mountain Trail Running",
        "intensity": "high",
        "duration": 75,
        "workout_type": "cardio",
        "equipment_needed": false,
        "location": "outdoor",
        "goal": "endurance",
        "body_focus": "lower_body",
        "experience_level": "advanced"
      },
      {
        "name": "Yoga for Flexibility",
        "intensity": "low",
        "duration": 60,
        "workout_type": "flexibility",
        "equipment_needed": false,
        "location": "indoor",
        "goal": "general_fitness",
        "body_focus": "full_body",
        "experience_level": "beginner"
      },
      {
        "name": "Core Stability Routine",
        "intensity": "medium",
        "duration": 25,
        "workout_type": "strength",
        "equipment_needed": false,
        "location": "indoor",
        "goal": "general_fitness",
        "body_focus": "core",
        "experience_level": "beginner"
      },
      {
        "name": "Outdoor Sprint Intervals",
        "intensity": "medium",
        "duration": 60,
        "workout_type": "cardio",
        "equipment_needed": false,
        "location": "outdoor",
        "goal": "endurance",
        "body_focus": "lower_body",
        "experience_level": "intermediate"
      },
      {
        "name": "Advanced Weightlifting",
        "intensity": "high",
        "duration": 60,
        "workout_type": "strength",
        "equipment_needed": true,
        "location": "indoor",
        "goal": "muscle_gain",
        "body_focus": "full_body",
        "experience_level": "advanced"
      }
    ],
    "goal": {
      "name": "Hiking with Elevation Gain",
      "intensity": "high",
      "duration": 120,
      "workout_type": "cardio",
      "equipment_needed": false,
      "location": "outdoor",
      "goal": "endurance",
      "body_focus": "lower_body",
      "experience_level": "advanced"
    },
    "status": "complete"
  },
  {
    "domain": "nutrition advice",
    "turns": [
      [
        "Thanks! Now, can we talk about nutrition advice?",
        {
          "name": null,
          "diet_type": null,
          "caloric_intake": null,
          "meal_frequency": null,
          "macronutrient_ratio": null,
          "food_allergies": null,
          "goal": null,
          "time_to_cook": null,
          "cost_per_meal": null
        },
        "Of course! What specific nutrition goals do you have in mind?"
      ],
      [
        "I'm aiming for maintenance with a vegetarian diet.",
        {
          "name": null,
          "diet_type": "vegetarian",
          "caloric_intake": null,
          "meal_frequency": null,
          "macronutrient_ratio": null,
          "food_allergies": null,
          "goal": "maintenance",
          "time_to_cook": null,
          "cost_per_meal": null
        },
        "I have a couple of options for vegetarian maintenance. Are you looking for any specific caloric intake or meal frequency?"
      ],
      [
        "I'm targeting 2000 calories a day and prefer three meals.",
        {
          "name": null,
          "diet_type": "vegetarian",
          "caloric_intake": 2000,
          "meal_frequency": 3,
          "macronutrient_ratio": null,
          "food_allergies": null,
          "goal": "maintenance",
          "time_to_cook": null,
          "cost_per_meal": null
        },
        "I recommend the \"Vegetarian Maintenance\" advice, which fits your criteria perfectly! Would you like to go with that?"
      ],
      [
        "Yes, that sounds great! What's included in the advice?",
        {
          "name": "Vegetarian Maintenance",
          "diet_type": "vegetarian",
          "caloric_intake": 2000,
          "meal_frequency": 3,
          "macronutrient_ratio": null,
          "food_allergies": null,
          "goal": "maintenance",
          "time_to_cook": null,
          "cost_per_meal": null
        },
        "It includes a caloric intake of 2000, three meals a day, a macronutrient ratio of 40:40:20, and a cooking time of 30 minutes."
      ]
    ],
    "preferences_code": "```python\npreferences = NutritionAdviceCriteria(\n    name='Vegetarian Maintenance',\n    diet_type='vegetarian',\n    caloric_intake=2000,\n    meal_frequency=3,\n    macronutrient_ratio='40:40:20',\n    food_allergies=None,\n    goal='maintenance',\n    time_to_cook=30,\n    cost_per_meal=7.0,\n)\n```",
    "red_herrings_code": "```python\n# Global variable containing a list of nutrition advice examples\nnutrition_advice_examples = [\n    NutritionAdvice(\n        name='Vegetarian Maintenance',\n        diet_type='vegetarian',\n        caloric_intake=2000,\n        meal_frequency=3,\n        macronutrient_ratio='40:40:20',\n        food_allergies=None,\n        goal='maintenance',\n        time_to_cook=30,\n        cost_per_meal=7.0,\n    ),\n    NutritionAdvice(\n        name='Vegan Weight Loss',\n        diet_type='vegan',\n        caloric_intake=1500,\n        meal_frequency=3,\n        macronutrient_ratio='45:35:20',\n        food_allergies=None,\n        goal='weight_loss',\n        time_to_cook=20,\n        cost_per_meal=5.5,\n    ),\n    NutritionAdvice(\n        name='Paleo Weight Loss',\n        diet_type='paleo',\n        caloric_intake=1800,\n        meal_frequency=4,\n        macronutrient_ratio='40:30:30',\n        food_allergies=None,\n        goal='weight_loss',\n        time_to_cook=35,\n        cost_per_meal=8.0,\n    ),\n]\n```",
    "database_code": "```python\n# Global variable to hold a list of nutrition advice examples\nnutrition_advice_list = [\n    NutritionAdvice(\n        name=\"Vegan Energy Boost\",\n        diet_type='vegan',\n        caloric_intake=2000,\n        meal_frequency=3,\n        macronutrient_ratio='60:20:20',\n        food_allergies=None,\n        goal='maintenance',\n        time_to_cook=30,\n        cost_per_meal=5.0\n    ),\n    NutritionAdvice(\n        name=\"Keto Fat Loss\",\n        diet_type='keto',\n        caloric_intake=1800,\n        meal_frequency=4,\n        macronutrient_ratio='70:25:5',\n        food_allergies='nuts',\n        goal='weight_loss',\n        time_to_cook=45,\n        cost_per_meal=7.5\n    ),\n    NutritionAdvice(\n        name=\"Paleo Performance\",\n        diet_type='paleo',\n        caloric_intake=2500,\n        meal_frequency=5,\n        macronutrient_ratio='40:30:30',\n        food_allergies=None,\n        goal='muscle_gain',\n        time_to_cook=60,\n        cost_per_meal=10.0\n    ),\n    NutritionAdvice(\n        name=\"Mediterranean Heart Health\",\n        diet_type='mediterranean',\n        caloric_intake=2200,\n        meal_frequency=3,\n        macronutrient_ratio='50:30:20',\n        food_allergies='seafood',\n        goal='maintenance',\n        time_to_cook=40,\n        cost_per_meal=8.0\n    ),\n    NutritionAdvice(\n        name=\"Vegetarian Weight Loss\",\n        diet_type='vegetarian',\n        caloric_intake=1600,\n        meal_frequency=3,\n        macronutrient_ratio='50:30:20',\n        food_allergies=None,\n        goal='weight_loss',\n        time_to_cook=25,\n        cost_per_meal=6.0\n    ),\n    NutritionAdvice(\n        name=\"Keto Muscle Gain\",\n        diet_type='keto',\n        caloric_intake=3000,\n        meal_frequency=4,\n        macronutrient_ratio='75:20:5',\n        food_allergies=None,\n        goal='muscle_gain',\n        time_to_cook=50,\n        cost_per_meal=12.0\n    ),\n    NutritionAdvice(\n        name=\"Vegan Weight Loss\",\n        diet_type='vegan',\n        caloric_intake=1500,\n        meal_frequency=3,\n        macronutrient_ratio='60:20:20',\n        food_allergies='soy',\n        goal='weight_loss',\n        time_to_cook=20,\n        cost_per_meal=4.5\n    ),\n    NutritionAdvice(\n        name=\"Paleo Maintenance\",\n        diet_type='paleo',\n        caloric_intake=2000,\n        meal_frequency=3,\n        macronutrient_ratio='40:30:30',\n        food_allergies=None,\n        goal='maintenance',\n        time_to_cook=35,\n        cost_per_meal=9.0\n    ),\n    NutritionAdvice(\n        name=\"Mediterranean Weight Loss\",\n        diet_type='mediterranean',\n        caloric_intake=1700,\n        meal_frequency=3,\n        macronutrient_ratio='50:30:20',\n        food_allergies=None,\n        goal='weight_loss',\n        time_to_cook=30,\n        cost_per_meal=7.0\n    ),\n    NutritionAdvice(\n        name=\"Vegetarian Muscle Gain\",\n        diet_type='vegetarian',\n        caloric_intake=2500,\n        meal_frequency=5,\n        macronutrient_ratio='40:40:20',\n        food_allergies='dairy',\n        goal='muscle_gain',\n        time_to_cook=45,\n        cost_per_meal=8.5\n    )\n]\n```",
    "database": [
      {
        "name": "Vegetarian Weight Loss",
        "diet_type": "vegetarian",
        "caloric_intake": 1600,
        "meal_frequency": 3,
        "macronutrient_ratio": "50:30:20",
        "food_allergies": null,
        "goal": "weight_loss",
        "time_to_cook": 25,
        "cost_per_meal": 6.0
      },
      {
        "name": "Mediterranean Heart Health",
        "diet_type": "mediterranean",
        "caloric_intake": 2200,
        "meal_frequency": 3,
        "macronutrient_ratio": "50:30:20",
        "food_allergies": "seafood",
        "goal": "maintenance",
        "time_to_cook": 40,
        "cost_per_meal": 8.0
      },
      {
        "name": "Keto Muscle Gain",
        "diet_type": "keto",
        "caloric_intake": 3000,
        "meal_frequency": 4,
        "macronutrient_ratio": "75:20:5",
        "food_allergies": null,
        "goal": "muscle_gain",
        "time_to_cook": 50,
        "cost_per_meal": 12.0
      },
      {
        "name": "Mediterranean Weight Loss",
        "diet_type": "mediterranean",
        "caloric_intake": 1700,
        "meal_frequency": 3,
        "macronutrient_ratio": "50:30:20",
        "food_allergies": null,
        "goal": "weight_loss",
        "time_to_cook": 30,
        "cost_per_meal": 7.0
      },
      {
        "name": "Vegan Weight Loss",
        "diet_type": "vegan",
        "caloric_intake": 1500,
        "meal_frequency": 3,
        "macronutrient_ratio": "60:20:20",
        "food_allergies": "soy",
        "goal": "weight_loss",
        "time_to_cook": 20,
        "cost_per_meal": 4.5
      },
      {
        "name": "Vegan Energy Boost",
        "diet_type": "vegan",
        "caloric_intake": 2000,
        "meal_frequency": 3,
        "macronutrient_ratio": "60:20:20",
        "food_allergies": null,
        "goal": "maintenance",
        "time_to_cook": 30,
        "cost_per_meal": 5.0
      },
      {
        "name": "Paleo Performance",
        "diet_type": "paleo",
        "caloric_intake": 2500,
        "meal_frequency": 5,
        "macronutrient_ratio": "40:30:30",
        "food_allergies": null,
        "goal": "muscle_gain",
        "time_to_cook": 60,
        "cost_per_meal": 10.0
      },
      {
        "name": "Paleo Maintenance",
        "diet_type": "paleo",
        "caloric_intake": 2000,
        "meal_frequency": 3,
        "macronutrient_ratio": "40:30:30",
        "food_allergies": null,
        "goal": "maintenance",
        "time_to_cook": 35,
        "cost_per_meal": 9.0
      },
      {
        "name": "Vegetarian Maintenance",
        "diet_type": "vegetarian",
        "caloric_intake": 2000,
        "meal_frequency": 3,
        "macronutrient_ratio": "40:40:20",
        "food_allergies": null,
        "goal": "maintenance",
        "time_to_cook": 30,
        "cost_per_meal": 7.0
      },
      {
        "name": "Vegetarian Muscle Gain",
        "diet_type": "vegetarian",
        "caloric_intake": 2500,
        "meal_frequency": 5,
        "macronutrient_ratio": "40:40:20",
        "food_allergies": "dairy",
        "goal": "muscle_gain",
        "time_to_cook": 45,
        "cost_per_meal": 8.5
      },
      {
        "name": "Keto Fat Loss",
        "diet_type": "keto",
        "caloric_intake": 1800,
        "meal_frequency": 4,
        "macronutrient_ratio": "70:25:5",
        "food_allergies": "nuts",
        "goal": "weight_loss",
        "time_to_cook": 45,
        "cost_per_meal": 7.5
      },
      {
        "name": "Paleo Weight Loss",
        "diet_type": "paleo",
        "caloric_intake": 1800,
        "meal_frequency": 4,
        "macronutrient_ratio": "40:30:30",
        "food_allergies": null,
        "goal": "weight_loss",
        "time_to_cook": 35,
        "cost_per_meal": 8.0
      },
      {
        "name": "Vegan Weight Loss",
        "diet_type": "vegan",
        "caloric_intake": 1500,
        "meal_frequency": 3,
        "macronutrient_ratio": "45:35:20",
        "food_allergies": null,
        "goal": "weight_loss",
        "time_to_cook": 20,
        "cost_per_meal": 5.5
      }
    ],
    "goal": {
      "name": "Vegetarian Maintenance",
      "diet_type": "vegetarian",
      "caloric_intake": 2000,
      "meal_frequency": 3,
      "macronutrient_ratio": "40:40:20",
      "food_allergies": null,
      "goal": "maintenance",
      "time_to_cook": 30,
      "cost_per_meal": 7.0
    },
    "status": "complete"
  },
  {
    "domain": "rest days",
    "turns": [
      [
        "That sounds perfect! Now, can we discuss my rest days?",
        {
          "name": null,
          "frequency": null,
          "active_recovery": null,
          "preferred_activities": null,
          "duration": null,
          "intensity": null,
          "avoid_activities": null
        },
        "Absolutely! What specific characteristics are you looking for in your rest days?"
      ],
      [
        "I prefer bi-weekly rest days with active recovery activities.",
        {
          "name": null,
          "frequency": "bi-weekly",
          "active_recovery": true,
          "preferred_activities": null,
          "duration": null,
          "intensity": null,
          "avoid_activities": null
        },
        "I have a couple of options for bi-weekly active recovery rest days. Are you looking for specific activities you enjoy?"
      ],
      [
        "Yes, I really enjoy meditation on my rest days.",
        {
          "name": null,
          "frequency": "bi-weekly",
          "active_recovery": true,
          "preferred_activities": [
            "meditation"
          ],
          "duration": null,
          "intensity": null,
          "avoid_activities": null
        },
        "Great! I have \"Bi-Weekly Meditation Session\" which includes meditation. Would you like to choose that?"
      ],
      [
        "Yes, let's go with the \"Bi-Weekly Meditation Session\"!",
        {
          "name": "Bi-Weekly Meditation Session",
          "frequency": "bi-weekly",
          "active_recovery": true,
          "preferred_activities": [
            "meditation"
          ],
          "duration": null,
          "intensity": null,
          "avoid_activities": null
        },
        "Perfect choice! \"Bi-Weekly Meditation Session\" it is!"
      ]
    ],
    "preferences_code": "```python\npreferences = RestDayCriteria(\n    name='Bi-Weekly Meditation Session',\n    frequency='bi-weekly',\n    active_recovery=True,\n    preferred_activities=['meditation'],\n    duration=60,\n    intensity='low',\n    avoid_activities=['high-intensity workouts'],\n)\n```",
    "red_herrings_code": "```python\n# Global variable to represent a list of example rest days\nrest_days_examples = [\n    RestDay(\n        name='Monthly Group Yoga',\n        frequency='monthly',\n        active_recovery=True,\n        activities=['yoga'],\n        duration=90,\n        intensity='low',\n        avoid_activities=['high-intensity workouts'],\n    ),\n    RestDay(\n        name='Bi-Weekly Meditation Session',\n        frequency='bi-weekly',\n        active_recovery=True,\n        activities=['meditation'],\n        duration=60,\n        intensity='low',\n        avoid_activities=['high-intensity workouts'],\n    ),\n    RestDay(\n        name='Monthly Mindfulness Retreat',\n        frequency='monthly',\n        active_recovery=True,\n        activities=['meditation', 'walking'],\n        duration=120,\n        intensity='medium',\n        avoid_activities=['high-intensity workouts'],\n    )\n]\n```",
    "database_code": "```python\n# Global variable to hold a list of example rest days using the RestDay dataclass\nrest_days_examples = [\n    RestDay(\n        name=\"Weekly Yoga\",\n        frequency=\"weekly\",\n        active_recovery=True,\n        activities=[\"yoga\"],\n        duration=60,\n        intensity=\"low\",\n        avoid_activities=[\"running\"]\n    ),\n    RestDay(\n        name=\"Bi-Weekly Stretching\",\n        frequency=\"bi-weekly\",\n        active_recovery=True,\n        activities=[\"stretching\"],\n        duration=30,\n        intensity=\"low\",\n        avoid_activities=[\"weightlifting\"]\n    ),\n    RestDay(\n        name=\"Monthly Hiking\",\n        frequency=\"monthly\",\n        active_recovery=False,\n        activities=[\"walking\"],\n        duration=120,\n        intensity=\"medium\",\n        avoid_activities=[\"high-intensity cardio\"]\n    ),\n    RestDay(\n        name=\"Daily Meditation\",\n        frequency=\"daily\",\n        active_recovery=True,\n        activities=[\"meditation\"],\n        duration=15,\n        intensity=\"low\",\n        avoid_activities=[\"intense workouts\"]\n    ),\n    RestDay(\n        name=\"Weekly Active Recovery\",\n        frequency=\"weekly\",\n        active_recovery=True,\n        activities=[\"walking\", \"yoga\"],\n        duration=45,\n        intensity=\"low\",\n        avoid_activities=[\"heavy lifting\"]\n    ),\n    RestDay(\n        name=\"Bi-Weekly Rest Day\",\n        frequency=\"bi-weekly\",\n        active_recovery=False,\n        activities=[],\n        duration=0,\n        intensity=\"low\",\n        avoid_activities=[\"any activity\"]\n    ),\n    RestDay(\n        name=\"Weekly Light Jog\",\n        frequency=\"weekly\",\n        active_recovery=True,\n        activities=[\"walking\", \"yoga\"],\n        duration=30,\n        intensity=\"medium\",\n        avoid_activities=[\"sprinting\"]\n    ),\n    RestDay(\n        name=\"Monthly Group Meditation\",\n        frequency=\"monthly\",\n        active_recovery=True,\n        activities=[\"meditation\"],\n        duration=90,\n        intensity=\"low\",\n        avoid_activities=[\"high-intensity workouts\"]\n    ),\n    RestDay(\n        name=\"Weekly Recovery Walk\",\n        frequency=\"weekly\",\n        active_recovery=True,\n        activities=[\"walking\"],\n        duration=45,\n        intensity=\"low\",\n        avoid_activities=[\"running\"]\n    ),\n    RestDay(\n        name=\"Bi-Weekly Yoga and Stretch\",\n        frequency=\"bi-weekly\",\n        active_recovery=True,\n        activities=[\"yoga\", \"stretching\"],\n        duration=60,\n        intensity=\"low\",\n        avoid_activities=[\"heavy cardio\"]\n    )\n]\n```",
    "database": [
      {
        "name": "Weekly Recovery Walk",
        "frequency": "weekly",
        "active_recovery": true,
        "activities": [
          "walking"
        ],
        "duration": 45,
        "intensity": "low",
        "avoid_activities": [
          "running"
        ]
      },
      {
        "name": "Bi-Weekly Rest Day",
        "frequency": "bi-weekly",
        "active_recovery": false,
        "activities": [],
        "duration": 0,
        "intensity": "low",
        "avoid_activities": [
          "any activity"
        ]
      },
      {
        "name": "Monthly Hiking",
        "frequency": "monthly",
        "active_recovery": false,
        "activities": [
          "walking"
        ],
        "duration": 120,
        "intensity": "medium",
        "avoid_activities": [
          "high-intensity cardio"
        ]
      },
      {
        "name": "Daily Meditation",
        "frequency": "daily",
        "active_recovery": true,
        "activities": [
          "meditation"
        ],
        "duration": 15,
        "intensity": "low",
        "avoid_activities": [
          "intense workouts"
        ]
      },
      {
        "name": "Monthly Group Meditation",
        "frequency": "monthly",
        "active_recovery": true,
        "activities": [
          "meditation"
        ],
        "duration": 90,
        "intensity": "low",
        "avoid_activities": [
          "high-intensity workouts"
        ]
      },
      {
        "name": "Weekly Light Jog",
        "frequency": "weekly",
        "active_recovery": true,
        "activities": [
          "walking",
          "yoga"
        ],
        "duration": 30,
        "intensity": "medium",
        "avoid_activities": [
          "sprinting"
        ]
      },
      {
        "name": "Bi-Weekly Yoga and Stretch",
        "frequency": "bi-weekly",
        "active_recovery": true,
        "activities": [
          "yoga",
          "stretching"
        ],
        "duration": 60,
        "intensity": "low",
        "avoid_activities": [
          "heavy cardio"
        ]
      },
      {
        "name": "Weekly Yoga",
        "frequency": "weekly",
        "active_recovery": true,
        "activities": [
          "yoga"
        ],
        "duration": 60,
        "intensity": "low",
        "avoid_activities": [
          "running"
        ]
      },
      {
        "name": "Weekly Active Recovery",
        "frequency": "weekly",
        "active_recovery": true,
        "activities": [
          "walking",
          "yoga"
        ],
        "duration": 45,
        "intensity": "low",
        "avoid_activities": [
          "heavy lifting"
        ]
      },
      {
        "name": "Bi-Weekly Stretching",
        "frequency": "bi-weekly",
        "active_recovery": true,
        "activities": [
          "stretching"
        ],
        "duration": 30,
        "intensity": "low",
        "avoid_activities": [
          "weightlifting"
        ]
      },
      {
        "name": "Bi-Weekly Meditation Session",
        "frequency": "bi-weekly",
        "active_recovery": true,
        "activities": [
          "meditation"
        ],
        "duration": 60,
        "intensity": "low",
        "avoid_activities": [
          "high-intensity workouts"
        ]
      },
      {
        "name": "Monthly Mindfulness Retreat",
        "frequency": "monthly",
        "active_recovery": true,
        "activities": [
          "meditation",
          "walking"
        ],
        "duration": 120,
        "intensity": "medium",
        "avoid_activities": [
          "high-intensity workouts"
        ]
      },
      {
        "name": "Monthly Group Yoga",
        "frequency": "monthly",
        "active_recovery": true,
        "activities": [
          "yoga"
        ],
        "duration": 90,
        "intensity": "low",
        "avoid_activities": [
          "high-intensity workouts"
        ]
      }
    ],
    "goal": {
      "name": "Bi-Weekly Meditation Session",
      "frequency": "bi-weekly",
      "active_recovery": true,
      "activities": [
        "meditation"
      ],
      "duration": 60,
      "intensity": "low",
      "avoid_activities": [
        "high-intensity workouts"
      ]
    },
    "status": "complete"
  }
]