[
  {
    "domain": "coding framework",
    "turns": [
      [
        "Hey, do you know any high-popularity web frameworks in Python that are open source?",
        {
          "name": null,
          "language": "Python",
          "type": "web",
          "popularity": "high",
          "open_source": true,
          "maturity": null,
          "community_support": null,
          "license_type": null,
          "documentation_quality": null,
          "extensibility": null,
          "performance": null,
          "cost": null
        },
        "Yes, Django is a high-popularity, open-source web framework in Python."
      ],
      [
        "Great! Is Django considered stable and does it have strong community support?",
        {
          "name": "Django",
          "language": "Python",
          "type": "web",
          "popularity": "high",
          "open_source": true,
          "maturity": "stable",
          "community_support": "strong",
          "license_type": null,
          "documentation_quality": null,
          "extensibility": null,
          "performance": null,
          "cost": null
        },
        "Yes, Django is stable and has strong community support."
      ],
      [
        "Awesome! How's the documentation quality for Django?",
        {
          "name": "Django",
          "language": "Python",
          "type": "web",
          "popularity": "high",
          "open_source": true,
          "maturity": "stable",
          "community_support": "strong",
          "license_type": null,
          "documentation_quality": "good",
          "extensibility": null,
          "performance": null,
          "cost": null
        },
        "The documentation quality for Django is excellent."
      ],
      [
        "Perfect! What about its extensibility and performance?",
        {
          "name": "Django",
          "language": "Python",
          "type": "web",
          "popularity": "high",
          "open_source": true,
          "maturity": "stable",
          "community_support": "strong",
          "license_type": null,
          "documentation_quality": "excellent",
          "extensibility": null,
          "performance": null,
          "cost": null
        },
        "Django has high extensibility and medium performance."
      ],
      [
        "Would you say that's good enough for most projects, or should I look for something with higher performance?",
        {
          "name": "Django",
          "language": "Python",
          "type": "web",
          "popularity": "high",
          "open_source": true,
          "maturity": "stable",
          "community_support": "strong",
          "license_type": null,
          "documentation_quality": "excellent",
          "extensibility": "high",
          "performance": "medium",
          "cost": null
        },
        "For most projects, Django's performance is usually sufficient, but if you need higher performance, you might consider alternatives like Flask or Spring."
      ],
      [
        "Got it! Is Flask also open source and popular?",
        {
          "name": "Django",
          "language": "Python",
          "type": "web",
          "popularity": "high",
          "open_source": true,
          "maturity": "stable",
          "community_support": "strong",
          "license_type": null,
          "documentation_quality": "excellent",
          "extensibility": "high",
          "performance": "medium",
          "cost": null
        },
        "Yes, Flask is open source and has medium popularity."
      ],
      [
        "Hmm, I prefer something more popular. Is there another high-performance, open-source Python framework you recommend?",
        {
          "name": "Django",
          "language": "Python",
          "type": "web",
          "popularity": "high",
          "open_source": true,
          "maturity": "stable",
          "community_support": "strong",
          "license_type": null,
          "documentation_quality": "excellent",
          "extensibility": "high",
          "performance": "medium",
          "cost": null
        },
        "You might want to check out FastAPI; it's high-performance and open source."
      ],
      [
        "Nice! How's FastAPI's community support and documentation quality?",
        {
          "name": "Django",
          "language": "Python",
          "type": "web",
          "popularity": "high",
          "open_source": true,
          "maturity": "stable",
          "community_support": "strong",
          "license_type": null,
          "documentation_quality": "excellent",
          "extensibility": "high",
          "performance": "medium",
          "cost": null
        },
        "FastAPI has strong community support and excellent documentation quality."
      ],
      [
        "Sounds like a great fit! Is FastAPI highly extensible too?",
        {
          "name": "FastAPI",
          "language": "Python",
          "type": "web",
          "popularity": "high",
          "open_source": true,
          "maturity": "stable",
          "community_support": "strong",
          "license_type": null,
          "documentation_quality": "excellent",
          "extensibility": "high",
          "performance": "medium",
          "cost": null
        },
        "Yes, FastAPI is highly extensible."
      ],
      [
        "Awesome! And is it free to use?",
        {
          "name": "FastAPI",
          "language": "Python",
          "type": "web",
          "popularity": "high",
          "open_source": true,
          "maturity": "stable",
          "community_support": "strong",
          "license_type": null,
          "documentation_quality": "excellent",
          "extensibility": "high",
          "performance": "medium",
          "cost": "free"
        },
        "Yes, FastAPI is free to use."
      ],
      [
        "Perfect! I think I've found my framework: FastAPI it is! Thanks for your help!",
        {
          "name": "FastAPI",
          "language": "Python",
          "type": "web",
          "popularity": "high",
          "open_source": true,
          "maturity": "stable",
          "community_support": "strong",
          "license_type": null,
          "documentation_quality": "excellent",
          "extensibility": "high",
          "performance": "medium",
          "cost": "free"
        },
        "You're welcome! Good luck with your project using FastAPI!"
      ]
    ],
    "preferences_code": "```python\npreferences = FrameworkCriteria(\n    name=None,\n    language='Python',\n    type='web',\n    popularity='high',\n    open_source=True,\n    maturity='stable',\n    community_support='strong',\n    license_type=None,\n    documentation_quality='excellent',\n    extensibility='high',\n    performance='high',\n    cost='free',\n)\n```",
    "red_herrings_code": "```python\nframework_examples = [\n    FrameworkKnowledge(\n        name='Django',\n        language='Python',\n        type='web',\n        popularity='high',\n        open_source=True,\n        maturity='stable',\n        community_support='strong',\n        license_type='BSD',\n        documentation_quality='excellent',\n        extensibility='high',\n        performance='high',\n        cost='free',\n    ),\n    FrameworkKnowledge(\n        name='Flask-RESTful',\n        language='Python',\n        type='web',\n        popularity='medium',\n        open_source=True,\n        maturity='stable',\n        community_support='moderate',\n        license_type='MIT',\n        documentation_quality='good',\n        extensibility='medium',\n        performance='medium',\n        cost='free',\n    ),\n    FrameworkKnowledge(\n        name='Ruby on Rails',\n        language='Ruby',\n        type='web',\n        popularity='high',\n        open_source=True,\n        maturity='stable',\n        community_support='strong',\n        license_type='MIT',\n        documentation_quality='excellent',\n        extensibility='high',\n        performance='medium',\n        cost='free',\n    ),\n]\n```",
    "database_code": "```python\nframeworks_knowledge = [\n    FrameworkKnowledge(\n        name=\"Django\",\n        language=\"Python\",\n        type=\"web\",\n        popularity=\"high\",\n        open_source=True,\n        maturity=\"stable\",\n        community_support=\"strong\",\n        license_type=\"BSD\",\n        documentation_quality=\"excellent\",\n        extensibility=\"high\",\n        performance=\"medium\",\n        cost=\"free\"\n    ),\n    FrameworkKnowledge(\n        name=\"React\",\n        language=\"JavaScript\",\n        type=\"web\",\n        popularity=\"high\",\n        open_source=True,\n        maturity=\"stable\",\n        community_support=\"strong\",\n        license_type=\"MIT\",\n        documentation_quality=\"excellent\",\n        extensibility=\"high\",\n        performance=\"high\",\n        cost=\"free\"\n    ),\n    FrameworkKnowledge(\n        name=\"Flutter\",\n        language=\"Dart\",\n        type=\"mobile\",\n        popularity=\"medium\",\n        open_source=True,\n        maturity=\"in-development\",\n        community_support=\"moderate\",\n        license_type=\"BSD\",\n        documentation_quality=\"good\",\n        extensibility=\"medium\",\n        performance=\"high\",\n        cost=\"free\"\n    ),\n    FrameworkKnowledge(\n        name=\"TensorFlow\",\n        language=\"Python\",\n        type=\"AI\",\n        popularity=\"high\",\n        open_source=True,\n        maturity=\"stable\",\n        community_support=\"strong\",\n        license_type=\"Apache 2.0\",\n        documentation_quality=\"excellent\",\n        extensibility=\"high\",\n        performance=\"high\",\n        cost=\"free\"\n    ),\n    FrameworkKnowledge(\n        name=\"Unity\",\n        language=\"C#\",\n        type=\"game\",\n        popularity=\"high\",\n        open_source=False,\n        maturity=\"stable\",\n        community_support=\"strong\",\n        license_type=\"Unity License\",\n        documentation_quality=\"good\",\n        extensibility=\"high\",\n        performance=\"high\",\n        cost=\"subscription\"\n    ),\n    FrameworkKnowledge(\n        name=\"Flask\",\n        language=\"Python\",\n        type=\"web\",\n        popularity=\"medium\",\n        open_source=True,\n        maturity=\"stable\",\n        community_support=\"moderate\",\n        license_type=\"BSD\",\n        documentation_quality=\"good\",\n        extensibility=\"medium\",\n        performance=\"medium\",\n        cost=\"free\"\n    ),\n    FrameworkKnowledge(\n        name=\"Angular\",\n        language=\"TypeScript\",\n        type=\"web\",\n        popularity=\"high\",\n        open_source=True,\n        maturity=\"stable\",\n        community_support=\"strong\",\n        license_type=\"MIT\",\n        documentation_quality=\"excellent\",\n        extensibility=\"high\",\n        performance=\"medium\",\n        cost=\"free\"\n    ),\n    FrameworkKnowledge(\n        name=\"Express\",\n        language=\"JavaScript\",\n        type=\"web\",\n        popularity=\"high\",\n        open_source=True,\n        maturity=\"stable\",\n        community_support=\"strong\",\n        license_type=\"MIT\",\n        documentation_quality=\"good\",\n        extensibility=\"high\",\n        performance=\"medium\",\n        cost=\"free\"\n    ),\n    FrameworkKnowledge(\n        name=\"Spring\",\n        language=\"Java\",\n        type=\"web\",\n        popularity=\"high\",\n        open_source=True,\n        maturity=\"stable\",\n        community_support=\"strong\",\n        license_type=\"Apache 2.0\",\n        documentation_quality=\"excellent\",\n        extensibility=\"high\",\n        performance=\"high\",\n        cost=\"free\"\n    ),\n    FrameworkKnowledge(\n        name=\"Ruby on Rails\",\n        language=\"Ruby\",\n        type=\"web\",\n        popularity=\"medium\",\n        open_source=True,\n        maturity=\"stable\",\n        community_support=\"strong\",\n        license_type=\"MIT\",\n        documentation_quality=\"good\",\n        extensibility=\"high\",\n        performance=\"medium\",\n        cost=\"free\"\n    )\n]\n```",
    "database": [
      {
        "name": "Flask",
        "language": "Python",
        "type": "web",
        "popularity": "medium",
        "open_source": true,
        "maturity": "stable",
        "community_support": "moderate",
        "license_type": "BSD",
        "documentation_quality": "good",
        "extensibility": "medium",
        "performance": "medium",
        "cost": "free"
      },
      {
        "name": "Ruby on Rails",
        "language": "Ruby",
        "type": "web",
        "popularity": "medium",
        "open_source": true,
        "maturity": "stable",
        "community_support": "strong",
        "license_type": "MIT",
        "documentation_quality": "good",
        "extensibility": "high",
        "performance": "medium",
        "cost": "free"
      },
      {
        "name": "Django",
        "language": "Python",
        "type": "web",
        "popularity": "high",
        "open_source": true,
        "maturity": "stable",
        "community_support": "strong",
        "license_type": "BSD",
        "documentation_quality": "excellent",
        "extensibility": "high",
        "performance": "medium",
        "cost": "free"
      },
      {
        "name": "Spring",
        "language": "Java",
        "type": "web",
        "popularity": "high",
        "open_source": true,
        "maturity": "stable",
        "community_support": "strong",
        "license_type": "Apache 2.0",
        "documentation_quality": "excellent",
        "extensibility": "high",
        "performance": "high",
        "cost": "free"
      },
      {
        "name": "Django",
        "language": "Python",
        "type": "web",
        "popularity": "high",
        "open_source": true,
        "maturity": "stable",
        "community_support": "strong",
        "license_type": "BSD",
        "documentation_quality": "excellent",
        "extensibility": "high",
        "performance": "high",
        "cost": "free"
      },
      {
        "name": "Angular",
        "language": "TypeScript",
        "type": "web",
        "popularity": "high",
        "open_source": true,
        "maturity": "stable",
        "community_support": "strong",
        "license_type": "MIT",
        "documentation_quality": "excellent",
        "extensibility": "high",
        "performance": "medium",
        "cost": "free"
      },
      {
        "name": "React",
        "language": "JavaScript",
        "type": "web",
        "popularity": "high",
        "open_source": true,
        "maturity": "stable",
        "community_support": "strong",
        "license_type": "MIT",
        "documentation_quality": "excellent",
        "extensibility": "high",
        "performance": "high",
        "cost": "free"
      },
      {
        "name": "Flask-RESTful",
        "language": "Python",
        "type": "web",
        "popularity": "medium",
        "open_source": true,
        "maturity": "stable",
        "community_support": "moderate",
        "license_type": "MIT",
        "documentation_quality": "good",
        "extensibility": "medium",
        "performance": "medium",
        "cost": "free"
      },
      {
        "name": "Ruby on Rails",
        "language": "Ruby",
        "type": "web",
        "popularity": "high",
        "open_source": true,
        "maturity": "stable",
        "community_support": "strong",
        "license_type": "MIT",
        "documentation_quality": "excellent",
        "extensibility": "high",
        "performance": "medium",
        "cost": "free"
      },
      {
        "name": "Express",
        "language": "JavaScript",
        "type": "web",
        "popularity": "high",
        "open_source": true,
        "maturity": "stable",
        "community_support": "strong",
        "license_type": "MIT",
        "documentation_quality": "good",
        "extensibility": "high",
        "performance": "medium",
        "cost": "free"
      },
      {
        "name": "Flutter",
        "language": "Dart",
        "type": "mobile",
        "popularity": "medium",
        "open_source": true,
        "maturity": "in-development",
        "community_support": "moderate",
        "license_type": "BSD",
        "documentation_quality": "good",
        "extensibility": "medium",
        "performance": "high",
        "cost": "free"
      },
      {
        "name": "TensorFlow",
        "language": "Python",
        "type": "AI",
        "popularity": "high",
        "open_source": true,
        "maturity": "stable",
        "community_support": "strong",
        "license_type": "Apache 2.0",
        "documentation_quality": "excellent",
        "extensibility": "high",
        "performance": "high",
        "cost": "free"
      },
      {
        "name": "Unity",
        "language": "C#",
        "type": "game",
        "popularity": "high",
        "open_source": false,
        "maturity": "stable",
        "community_support": "strong",
        "license_type": "Unity License",
        "documentation_quality": "good",
        "extensibility": "high",
        "performance": "high",
        "cost": "subscription"
      }
    ],
    "goal": {
      "name": "Django",
      "language": "Python",
      "type": "web",
      "popularity": "high",
      "open_source": true,
      "maturity": "stable",
      "community_support": "strong",
      "license_type": "BSD",
      "documentation_quality": "excellent",
      "extensibility": "high",
      "performance": "high",
      "cost": "free"
    },
    "status": "complete"
  },
  {
    "domain": "libraries",
    "turns": [
      [
        "Thanks! Now, do you know any utility libraries in Python that are MIT licensed?",
        {
          "name": "FastAPI",
          "language": "Python",
          "type": "backend",
          "license": "MIT",
          "popularity": null,
          "last_updated": null,
          "documentation_quality": "excellent",
          "community_support": "strong",
          "version": null,
          "platform_compatibility": null
        },
        "Yes, Dask and Vaex are utility libraries in Python that are MIT licensed."
      ]
    ],
    "preferences_code": "```python\npreferences = LibrarySearchCriteria(\n    name='Vaex',\n    language='Python',\n    type='utility',\n    license='MIT',\n    popularity=5000,\n    last_updated='2023-09-01',\n    documentation_quality='good',\n    community_support='strong',\n    version='0.17.0',\n    platform_compatibility='cross-platform',\n)\n```",
    "red_herrings_code": "```python\n# Global variable containing a list of similar LibraryKnowledge objects\nsimilar_libraries = [\n    LibraryKnowledge(\n        name='NumPy',\n        language='Python',\n        type='utility',\n        license='BSD',\n        popularity=9500,\n        last_updated='2023-08-20',\n        documentation_quality='excellent',\n        community_support='strong',\n        version='1.21.0',\n        platform_compatibility='cross-platform',\n    ),\n    LibraryKnowledge(\n        name='Dask',\n        language='Python',\n        type='utility',\n        license='BSD',\n        popularity=7000,\n        last_updated='2023-07-10',\n        documentation_quality='good',\n        community_support='moderate',\n        version='2022.7.0',\n        platform_compatibility='cross-platform',\n    ),\n    LibraryKnowledge(\n        name='Vaex',\n        language='Python',\n        type='utility',\n        license='MIT',\n        popularity=6500,\n        last_updated='2023-09-01',\n        documentation_quality='good',\n        community_support='strong',\n        version='0.17.0',\n        platform_compatibility='cross-platform',\n    ),\n]\n```",
    "database_code": "```python\n# Global variable representing a list of library examples\nlibraries = [\n    LibraryKnowledge(\n        name=\"Django\",\n        language=\"Python\",\n        type=\"backend\",\n        license=\"BSD\",\n        popularity=10000,\n        last_updated=\"2023-09-01\",\n        documentation_quality=\"excellent\",\n        community_support=\"strong\",\n        version=\"4.1.0\",\n        platform_compatibility=\"cross-platform\"\n    ),\n    LibraryKnowledge(\n        name=\"Flask\",\n        language=\"Python\",\n        type=\"backend\",\n        license=\"BSD\",\n        popularity=8000,\n        last_updated=\"2023-08-15\",\n        documentation_quality=\"excellent\",\n        community_support=\"strong\",\n        version=\"2.0.2\",\n        platform_compatibility=\"cross-platform\"\n    ),\n    LibraryKnowledge(\n        name=\"FastAPI\",\n        language=\"Python\",\n        type=\"backend\",\n        license=\"MIT\",\n        popularity=5000,\n        last_updated=\"2023-09-20\",\n        documentation_quality=\"excellent\",\n        community_support=\"strong\",\n        version=\"0.75.0\",\n        platform_compatibility=\"cross-platform\"\n    ),\n    LibraryKnowledge(\n        name=\"React\",\n        language=\"JavaScript\",\n        type=\"frontend\",\n        license=\"MIT\",\n        popularity=12000,\n        last_updated=\"2023-09-10\",\n        documentation_quality=\"excellent\",\n        community_support=\"strong\",\n        version=\"17.0.2\",\n        platform_compatibility=\"cross-platform\"\n    ),\n    LibraryKnowledge(\n        name=\"Vue.js\",\n        language=\"JavaScript\",\n        type=\"frontend\",\n        license=\"MIT\",\n        popularity=9000,\n        last_updated=\"2023-08-30\",\n        documentation_quality=\"excellent\",\n        community_support=\"strong\",\n        version=\"3.2.0\",\n        platform_compatibility=\"cross-platform\"\n    ),\n    LibraryKnowledge(\n        name=\"TensorFlow\",\n        language=\"Python\",\n        type=\"utility\",\n        license=\"Apache 2.0\",\n        popularity=11000,\n        last_updated=\"2023-09-05\",\n        documentation_quality=\"good\",\n        community_support=\"strong\",\n        version=\"2.8.0\",\n        platform_compatibility=\"cross-platform\"\n    ),\n    LibraryKnowledge(\n        name=\"Pandas\",\n        language=\"Python\",\n        type=\"utility\",\n        license=\"BSD\",\n        popularity=9000,\n        last_updated=\"2023-09-15\",\n        documentation_quality=\"excellent\",\n        community_support=\"strong\",\n        version=\"1.4.0\",\n        platform_compatibility=\"cross-platform\"\n    ),\n    LibraryKnowledge(\n        name=\"SQLAlchemy\",\n        language=\"Python\",\n        type=\"database\",\n        license=\"MIT\",\n        popularity=7000,\n        last_updated=\"2023-08-20\",\n        documentation_quality=\"good\",\n        community_support=\"moderate\",\n        version=\"1.4.0\",\n        platform_compatibility=\"cross-platform\"\n    ),\n    LibraryKnowledge(\n        name=\"Bootstrap\",\n        language=\"CSS\",\n        type=\"frontend\",\n        license=\"MIT\",\n        popularity=13000,\n        last_updated=\"2023-09-12\",\n        documentation_quality=\"excellent\",\n        community_support=\"strong\",\n        version=\"5.1.3\",\n        platform_compatibility=\"cross-platform\"\n    ),\n    LibraryKnowledge(\n        name=\"Node.js\",\n        language=\"JavaScript\",\n        type=\"backend\",\n        license=\"MIT\",\n        popularity=15000,\n        last_updated=\"2023-09-18\",\n        documentation_quality=\"good\",\n        community_support=\"strong\",\n        version=\"16.10.0\",\n        platform_compatibility=\"cross-platform\"\n    )\n]\n```",
    "database": [
      {
        "name": "FastAPI",
        "language": "Python",
        "type": "backend",
        "license": "MIT",
        "popularity": 5000,
        "last_updated": "2023-09-20",
        "documentation_quality": "excellent",
        "community_support": "strong",
        "version": "0.75.0",
        "platform_compatibility": "cross-platform"
      },
      {
        "name": "Node.js",
        "language": "JavaScript",
        "type": "backend",
        "license": "MIT",
        "popularity": 15000,
        "last_updated": "2023-09-18",
        "documentation_quality": "good",
        "community_support": "strong",
        "version": "16.10.0",
        "platform_compatibility": "cross-platform"
      },
      {
        "name": "Dask",
        "language": "Python",
        "type": "utility",
        "license": "BSD",
        "popularity": 7000,
        "last_updated": "2023-07-10",
        "documentation_quality": "good",
        "community_support": "moderate",
        "version": "2022.7.0",
        "platform_compatibility": "cross-platform"
      },
      {
        "name": "Vue.js",
        "language": "JavaScript",
        "type": "frontend",
        "license": "MIT",
        "popularity": 9000,
        "last_updated": "2023-08-30",
        "documentation_quality": "excellent",
        "community_support": "strong",
        "version": "3.2.0",
        "platform_compatibility": "cross-platform"
      },
      {
        "name": "TensorFlow",
        "language": "Python",
        "type": "utility",
        "license": "Apache 2.0",
        "popularity": 11000,
        "last_updated": "2023-09-05",
        "documentation_quality": "good",
        "community_support": "strong",
        "version": "2.8.0",
        "platform_compatibility": "cross-platform"
      },
      {
        "name": "Bootstrap",
        "language": "CSS",
        "type": "frontend",
        "license": "MIT",
        "popularity": 13000,
        "last_updated": "2023-09-12",
        "documentation_quality": "excellent",
        "community_support": "strong",
        "version": "5.1.3",
        "platform_compatibility": "cross-platform"
      },
      {
        "name": "NumPy",
        "language": "Python",
        "type": "utility",
        "license": "BSD",
        "popularity": 9500,
        "last_updated": "2023-08-20",
        "documentation_quality": "excellent",
        "community_support": "strong",
        "version": "1.21.0",
        "platform_compatibility": "cross-platform"
      },
      {
        "name": "Django",
        "language": "Python",
        "type": "backend",
        "license": "BSD",
        "popularity": 10000,
        "last_updated": "2023-09-01",
        "documentation_quality": "excellent",
        "community_support": "strong",
        "version": "4.1.0",
        "platform_compatibility": "cross-platform"
      },
      {
        "name": "Vaex",
        "language": "Python",
        "type": "utility",
        "license": "MIT",
        "popularity": 6500,
        "last_updated": "2023-09-01",
        "documentation_quality": "good",
        "community_support": "strong",
        "version": "0.17.0",
        "platform_compatibility": "cross-platform"
      },
      {
        "name": "Pandas",
        "language": "Python",
        "type": "utility",
        "license": "BSD",
        "popularity": 9000,
        "last_updated": "2023-09-15",
        "documentation_quality": "excellent",
        "community_support": "strong",
        "version": "1.4.0",
        "platform_compatibility": "cross-platform"
      },
      {
        "name": "Flask",
        "language": "Python",
        "type": "backend",
        "license": "BSD",
        "popularity": 8000,
        "last_updated": "2023-08-15",
        "documentation_quality": "excellent",
        "community_support": "strong",
        "version": "2.0.2",
        "platform_compatibility": "cross-platform"
      },
      {
        "name": "React",
        "language": "JavaScript",
        "type": "frontend",
        "license": "MIT",
        "popularity": 12000,
        "last_updated": "2023-09-10",
        "documentation_quality": "excellent",
        "community_support": "strong",
        "version": "17.0.2",
        "platform_compatibility": "cross-platform"
      },
      {
        "name": "SQLAlchemy",
        "language": "Python",
        "type": "database",
        "license": "MIT",
        "popularity": 7000,
        "last_updated": "2023-08-20",
        "documentation_quality": "good",
        "community_support": "moderate",
        "version": "1.4.0",
        "platform_compatibility": "cross-platform"
      }
    ],
    "goal": {
      "name": "Vaex",
      "language": "Python",
      "type": "utility",
      "license": "MIT",
      "popularity": 6500,
      "last_updated": "2023-09-01",
      "documentation_quality": "good",
      "community_support": "strong",
      "version": "0.17.0",
      "platform_compatibility": "cross-platform"
    },
    "status": "complete"
  },
  {
    "domain": "API services",
    "turns": [
      [
        "That's great! By the way, do you know any finance APIs that have official documentation?",
        {
          "name": null,
          "domain": "finance",
          "authentication": null,
          "response_format": null,
          "rate_limit": null,
          "official_documentation": true,
          "free_tier": null,
          "supported_languages": null
        },
        "Yes, FinanceAPI and StockMarketAPI both have official documentation."
      ],
      [
        "Awesome! Are those APIs free to use?",
        {
          "name": null,
          "domain": "finance",
          "authentication": null,
          "response_format": null,
          "rate_limit": null,
          "official_documentation": true,
          "free_tier": true,
          "supported_languages": null
        },
        "FinanceAPI does not offer a free tier, but StockMarketAPI does not either."
      ],
      [
        "Got it! Do you know if either of them supports JSON response format?",
        {
          "name": null,
          "domain": "finance",
          "authentication": null,
          "response_format": "JSON",
          "rate_limit": null,
          "official_documentation": true,
          "free_tier": false,
          "supported_languages": null
        },
        "Yes, both FinanceAPI and StockMarketAPI support JSON response format."
      ],
      [
        "Perfect! Which one would you say has better community support?",
        {
          "name": null,
          "domain": "finance",
          "authentication": null,
          "response_format": "JSON",
          "rate_limit": null,
          "official_documentation": true,
          "free_tier": false,
          "supported_languages": null
        },
        "I don't have specific community support ratings, but both are well-known in the finance API space."
      ],
      [
        "Thanks! I think I'll go with FinanceAPI since it has solid documentation.",
        {
          "name": "FinanceAPI",
          "domain": "finance",
          "authentication": null,
          "response_format": "JSON",
          "rate_limit": null,
          "official_documentation": true,
          "free_tier": false,
          "supported_languages": null
        },
        "Great choice! Good luck with FinanceAPI!"
      ]
    ],
    "preferences_code": "```python\npreferences = APISearchCriteria(\n    name='FinanceAPI',\n    domain='finance',\n    authentication='None',\n    response_format='JSON',\n    rate_limit=100,\n    official_documentation=True,\n    free_tier=False,\n    supported_languages=['Python']\n)\n```",
    "red_herrings_code": "```python\n# Global variable to represent a list of similar API services\nsimilar_api_services = [\n    APIService(\n        name='OpenWeatherMap',\n        domain='weather',\n        authentication='API Key',\n        response_format='JSON',\n        rate_limit=60,\n        official_documentation=True,\n        free_tier=True,\n        supported_languages=['Python', 'JavaScript']\n    ),\n    APIService(\n        name='FinanceAPI',\n        domain='finance',\n        authentication='None',\n        response_format='JSON',\n        rate_limit=100,\n        official_documentation=True,\n        free_tier=False,\n        supported_languages=['Python', 'Java']\n    ),\n    APIService(\n        name='SocialMediaAPI',\n        domain='social media',\n        authentication='OAuth',\n        response_format='JSON',\n        rate_limit=30,\n        official_documentation=True,\n        free_tier=True,\n        supported_languages=['Python', 'Ruby']\n    )\n]\n```",
    "database_code": "```python\napi_services = [\n    APIService(\n        name=\"WeatherAPI\",\n        domain=\"weather\",\n        authentication=\"API Key\",\n        response_format=\"JSON\",\n        rate_limit=100,\n        official_documentation=True,\n        free_tier=True,\n        supported_languages=[\"Python\", \"JavaScript\"]\n    ),\n    APIService(\n        name=\"FinanceAPI\",\n        domain=\"finance\",\n        authentication=\"OAuth\",\n        response_format=\"JSON\",\n        rate_limit=60,\n        official_documentation=True,\n        free_tier=False,\n        supported_languages=[\"Python\", \"Ruby\"]\n    ),\n    APIService(\n        name=\"SocialMediaAPI\",\n        domain=\"social media\",\n        authentication=\"OAuth\",\n        response_format=\"JSON\",\n        rate_limit=200,\n        official_documentation=True,\n        free_tier=True,\n        supported_languages=[\"Python\", \"Java\"]\n    ),\n    APIService(\n        name=\"NewsAPI\",\n        domain=\"news\",\n        authentication=\"None\",\n        response_format=\"JSON\",\n        rate_limit=50,\n        official_documentation=True,\n        free_tier=True,\n        supported_languages=[\"Python\", \"PHP\"]\n    ),\n    APIService(\n        name=\"TranslationAPI\",\n        domain=\"translation\",\n        authentication=\"API Key\",\n        response_format=\"JSON\",\n        rate_limit=100,\n        official_documentation=True,\n        free_tier=True,\n        supported_languages=[\"Python\", \"C#\"]\n    ),\n    APIService(\n        name=\"PaymentGatewayAPI\",\n        domain=\"payment\",\n        authentication=\"Basic Auth\",\n        response_format=\"JSON\",\n        rate_limit=30,\n        official_documentation=True,\n        free_tier=False,\n        supported_languages=[\"Python\", \"JavaScript\", \"Java\"]\n    ),\n    APIService(\n        name=\"MapsAPI\",\n        domain=\"maps\",\n        authentication=\"API Key\",\n        response_format=\"JSON\",\n        rate_limit=150,\n        official_documentation=True,\n        free_tier=True,\n        supported_languages=[\"Python\", \"Go\"]\n    ),\n    APIService(\n        name=\"ImageProcessingAPI\",\n        domain=\"image processing\",\n        authentication=\"None\",\n        response_format=\"JSON\",\n        rate_limit=80,\n        official_documentation=False,\n        free_tier=True,\n        supported_languages=[\"Python\", \"Ruby\", \"PHP\"]\n    ),\n    APIService(\n        name=\"WeatherStack\",\n        domain=\"weather\",\n        authentication=\"API Key\",\n        response_format=\"JSON\",\n        rate_limit=100,\n        official_documentation=True,\n        free_tier=True,\n        supported_languages=[\"Python\", \"Java\"]\n    ),\n    APIService(\n        name=\"StockMarketAPI\",\n        domain=\"finance\",\n        authentication=\"API Key\",\n        response_format=\"JSON\",\n        rate_limit=120,\n        official_documentation=True,\n        free_tier=False,\n        supported_languages=[\"Python\", \"C++\"]\n    )\n]\n```",
    "database": [
      {
        "name": "SocialMediaAPI",
        "domain": "social media",
        "authentication": "OAuth",
        "response_format": "JSON",
        "rate_limit": 200,
        "official_documentation": true,
        "free_tier": true,
        "supported_languages": [
          "Python",
          "Java"
        ]
      },
      {
        "name": "SocialMediaAPI",
        "domain": "social media",
        "authentication": "OAuth",
        "response_format": "JSON",
        "rate_limit": 30,
        "official_documentation": true,
        "free_tier": true,
        "supported_languages": [
          "Python",
          "Ruby"
        ]
      },
      {
        "name": "ImageProcessingAPI",
        "domain": "image processing",
        "authentication": "None",
        "response_format": "JSON",
        "rate_limit": 80,
        "official_documentation": false,
        "free_tier": true,
        "supported_languages": [
          "Python",
          "Ruby",
          "PHP"
        ]
      },
      {
        "name": "FinanceAPI",
        "domain": "finance",
        "authentication": "None",
        "response_format": "JSON",
        "rate_limit": 100,
        "official_documentation": true,
        "free_tier": false,
        "supported_languages": [
          "Python",
          "Java"
        ]
      },
      {
        "name": "WeatherAPI",
        "domain": "weather",
        "authentication": "API Key",
        "response_format": "JSON",
        "rate_limit": 100,
        "official_documentation": true,
        "free_tier": true,
        "supported_languages": [
          "Python",
          "JavaScript"
        ]
      },
      {
        "name": "OpenWeatherMap",
        "domain": "weather",
        "authentication": "API Key",
        "response_format": "JSON",
        "rate_limit": 60,
        "official_documentation": true,
        "free_tier": true,
        "supported_languages": [
          "Python",
          "JavaScript"
        ]
      },
      {
        "name": "StockMarketAPI",
        "domain": "finance",
        "authentication": "API Key",
        "response_format": "JSON",
        "rate_limit": 120,
        "official_documentation": true,
        "free_tier": false,
        "supported_languages": [
          "Python",
          "C++"
        ]
      },
      {
        "name": "TranslationAPI",
        "domain": "translation",
        "authentication": "API Key",
        "response_format": "JSON",
        "rate_limit": 100,
        "official_documentation": true,
        "free_tier": true,
        "supported_languages": [
          "Python",
          "C#"
        ]
      },
      {
        "name": "FinanceAPI",
        "domain": "finance",
        "authentication": "OAuth",
        "response_format": "JSON",
        "rate_limit": 60,
        "official_documentation": true,
        "free_tier": false,
        "supported_languages": [
          "Python",
          "Ruby"
        ]
      },
      {
        "name": "WeatherStack",
        "domain": "weather",
        "authentication": "API Key",
        "response_format": "JSON",
        "rate_limit": 100,
        "official_documentation": true,
        "free_tier": true,
        "supported_languages": [
          "Python",
          "Java"
        ]
      },
      {
        "name": "PaymentGatewayAPI",
        "domain": "payment",
        "authentication": "Basic Auth",
        "response_format": "JSON",
        "rate_limit": 30,
        "official_documentation": true,
        "free_tier": false,
        "supported_languages": [
          "Python",
          "JavaScript",
          "Java"
        ]
      },
      {
        "name": "NewsAPI",
        "domain": "news",
        "authentication": "None",
        "response_format": "JSON",
        "rate_limit": 50,
        "official_documentation": true,
        "free_tier": true,
        "supported_languages": [
          "Python",
          "PHP"
        ]
      },
      {
        "name": "MapsAPI",
        "domain": "maps",
        "authentication": "API Key",
        "response_format": "JSON",
        "rate_limit": 150,
        "official_documentation": true,
        "free_tier": true,
        "supported_languages": [
          "Python",
          "Go"
        ]
      }
    ],
    "goal": {
      "name": "FinanceAPI",
      "domain": "finance",
      "authentication": "None",
      "response_format": "JSON",
      "rate_limit": 100,
      "official_documentation": true,
      "free_tier": false,
      "supported_languages": [
        "Python",
        "Java"
      ]
    },
    "status": "complete"
  }
]