[
  {
    "searcher": "programmer",
    "recommender": "colleague",
    "dialogue": "A programmer is getting help from a colleague to find the right coding framework",
    "item_type": "coding framework",
    "criteria": [
      "language",
      "type",
      "popularity"
    ],
    "searcher_schema_code": "```python\nfrom dataclasses import dataclass\nfrom typing import Optional, Literal\n\n@dataclass\nclass FrameworkCriteria:\n    \"\"\"Dataclass to represent the criteria and preferences for finding a coding framework.\"\"\"\n    \n    name: Optional[str] = None\n    \"\"\"The specific name of the coding framework, if searching for a particular one.\"\"\"\n    \n    language: Optional[str] = None\n    \"\"\"The programming language for which the framework is designed (e.g., Python, JavaScript).\"\"\"\n    \n    type: Optional[Literal['web', 'mobile', 'desktop', 'data-science', 'game', 'AI']] = None\n    \"\"\"The type of application the framework is intended for.\"\"\"\n    \n    popularity: Optional[Literal['high', 'medium', 'low']] = None\n    \"\"\"The popularity level of the framework, indicating how widely it is used.\"\"\"\n    \n    open_source: Optional[bool] = None\n    \"\"\"Whether the framework is open source (True) or proprietary (False).\"\"\"\n    \n    maturity: Optional[Literal['stable', 'in-development', 'deprecated']] = None\n    \"\"\"The maturity level of the framework, indicating its stability and ongoing support.\"\"\"\n    \n    community_support: Optional[Literal['strong', 'moderate', 'weak']] = None\n    \"\"\"The level of community support available for the framework.\"\"\"\n    \n    license_type: Optional[str] = None\n    \"\"\"The type of license under which the framework is distributed (e.g., MIT, GPL).\"\"\"\n    \n    documentation_quality: Optional[Literal['excellent', 'good', 'poor']] = None\n    \"\"\"The quality of the documentation available for the framework.\"\"\"\n    \n    extensibility: Optional[Literal['high', 'medium', 'low']] = None\n    \"\"\"The extent to which the framework can be extended or customized.\"\"\"\n    \n    performance: Optional[Literal['high', 'medium', 'low']] = None\n    \"\"\"The performance level of applications built using the framework.\"\"\"\n    \n    cost: Optional[Literal['free', 'paid', 'subscription']] = None\n    \"\"\"The cost model associated with using the framework.\"\"\"\n```",
    "recommender_schema_code": "```python\nfrom dataclasses import dataclass\nfrom typing import Optional, Literal\n\n@dataclass\nclass FrameworkKnowledge:\n    \"\"\"Dataclass to represent a colleague's knowledge of a coding framework.\"\"\"\n\n    name: Optional[str] = None\n    \"\"\"The specific name of the coding framework.\"\"\"\n\n    language: Optional[str] = None\n    \"\"\"The programming language for which the framework is designed.\"\"\"\n\n    type: Optional[Literal['web', 'mobile', 'desktop', 'data-science', 'game', 'AI']] = None\n    \"\"\"The type of application the framework is intended for.\"\"\"\n\n    popularity: Optional[Literal['high', 'medium', 'low']] = None\n    \"\"\"The popularity level of the framework.\"\"\"\n\n    open_source: Optional[bool] = None\n    \"\"\"Whether the framework is open source.\"\"\"\n\n    maturity: Optional[Literal['stable', 'in-development', 'deprecated']] = None\n    \"\"\"The maturity level of the framework.\"\"\"\n\n    community_support: Optional[Literal['strong', 'moderate', 'weak']] = None\n    \"\"\"The level of community support available for the framework.\"\"\"\n\n    license_type: Optional[str] = None\n    \"\"\"The type of license under which the framework is distributed.\"\"\"\n\n    documentation_quality: Optional[Literal['excellent', 'good', 'poor']] = None\n    \"\"\"The quality of the documentation available for the framework.\"\"\"\n\n    extensibility: Optional[Literal['high', 'medium', 'low']] = None\n    \"\"\"The extent to which the framework can be extended or customized.\"\"\"\n\n    performance: Optional[Literal['high', 'medium', 'low']] = None\n    \"\"\"The performance level of applications built using the framework.\"\"\"\n\n    cost: Optional[Literal['free', 'paid', 'subscription']] = None\n    \"\"\"The cost model associated with using the framework.\"\"\"\n\n    def matches_criteria(self, criteria: FrameworkCriteria) -> bool:\n        \"\"\"Check if the framework matches the given search criteria.\"\"\"\n        criteria_fields = criteria.__annotations__.keys()\n        for field in criteria_fields:\n            criteria_value = getattr(criteria, field)\n            knowledge_value = getattr(self, field)\n            if criteria_value is not None and criteria_value != knowledge_value:\n                return False\n        return True\n```",
    "searcher_schema": {
      "name": {
        "type": "typing.Optional[str]",
        "desc": "The specific name of the coding framework, if searching for a particular one."
      },
      "language": {
        "type": "typing.Optional[str]",
        "desc": "The programming language for which the framework is designed (e.g., Python, JavaScript)."
      },
      "type": {
        "type": "typing.Optional[typing.Literal['web', 'mobile', 'desktop', 'data-science', 'game', 'AI']]",
        "desc": "The type of application the framework is intended for."
      },
      "popularity": {
        "type": "typing.Optional[typing.Literal['low', 'medium', 'high']]",
        "desc": "The popularity level of the framework, indicating how widely it is used."
      },
      "open_source": {
        "type": "typing.Optional[bool]",
        "desc": "Whether the framework is open source (True) or proprietary (False)."
      },
      "maturity": {
        "type": "typing.Optional[typing.Literal['stable', 'in-development', 'deprecated']]",
        "desc": "The maturity level of the framework, indicating its stability and ongoing support."
      },
      "community_support": {
        "type": "typing.Optional[typing.Literal['strong', 'moderate', 'weak']]",
        "desc": "The level of community support available for the framework."
      },
      "license_type": {
        "type": "typing.Optional[str]",
        "desc": "The type of license under which the framework is distributed (e.g., MIT, GPL)."
      },
      "documentation_quality": {
        "type": "typing.Optional[typing.Literal['excellent', 'good', 'poor']]",
        "desc": "The quality of the documentation available for the framework."
      },
      "extensibility": {
        "type": "typing.Optional[typing.Literal['low', 'medium', 'high']]",
        "desc": "The extent to which the framework can be extended or customized."
      },
      "performance": {
        "type": "typing.Optional[typing.Literal['low', 'medium', 'high']]",
        "desc": "The performance level of applications built using the framework."
      },
      "cost": {
        "type": "typing.Optional[typing.Literal['free', 'paid', 'subscription']]",
        "desc": "The cost model associated with using the framework."
      }
    },
    "recommender_schema": {
      "name": {
        "type": "typing.Optional[str]",
        "desc": "The specific name of the coding framework."
      },
      "language": {
        "type": "typing.Optional[str]",
        "desc": "The programming language for which the framework is designed."
      },
      "type": {
        "type": "typing.Optional[typing.Literal['web', 'mobile', 'desktop', 'data-science', 'game', 'AI']]",
        "desc": "The type of application the framework is intended for."
      },
      "popularity": {
        "type": "typing.Optional[typing.Literal['low', 'medium', 'high']]",
        "desc": "The popularity level of the framework."
      },
      "open_source": {
        "type": "typing.Optional[bool]",
        "desc": "Whether the framework is open source."
      },
      "maturity": {
        "type": "typing.Optional[typing.Literal['stable', 'in-development', 'deprecated']]",
        "desc": "The maturity level of the framework."
      },
      "community_support": {
        "type": "typing.Optional[typing.Literal['strong', 'moderate', 'weak']]",
        "desc": "The level of community support available for the framework."
      },
      "license_type": {
        "type": "typing.Optional[str]",
        "desc": "The type of license under which the framework is distributed."
      },
      "documentation_quality": {
        "type": "typing.Optional[typing.Literal['excellent', 'good', 'poor']]",
        "desc": "The quality of the documentation available for the framework."
      },
      "extensibility": {
        "type": "typing.Optional[typing.Literal['low', 'medium', 'high']]",
        "desc": "The extent to which the framework can be extended or customized."
      },
      "performance": {
        "type": "typing.Optional[typing.Literal['low', 'medium', 'high']]",
        "desc": "The performance level of applications built using the framework."
      },
      "cost": {
        "type": "typing.Optional[typing.Literal['free', 'paid', 'subscription']]",
        "desc": "The cost model associated with using the framework."
      }
    }
  },
  {
    "searcher": "programmer",
    "recommender": "colleague",
    "dialogue": "A programmer is getting help from a colleague to find the right libraries",
    "item_type": "libraries",
    "criteria": [
      "language",
      "type",
      "license"
    ],
    "searcher_schema_code": "```python\nfrom dataclasses import dataclass\nfrom typing import Optional, Literal\n\n@dataclass\nclass LibrarySearchCriteria:\n    \"\"\"\n    Represents the criteria and preferences for searching libraries.\n    \"\"\"\n    \n    name: Optional[str] = None\n    \"\"\"The specific name of the library being searched for, if any.\"\"\"\n    \n    language: Optional[str] = None\n    \"\"\"The programming language the library is written in or supports.\"\"\"\n    \n    type: Optional[Literal['frontend', 'backend', 'database', 'utility']] = None\n    \"\"\"The type or category of the library, such as frontend, backend, etc.\"\"\"\n    \n    license: Optional[str] = None\n    \"\"\"The type of license the library is distributed under, such as MIT, GPL, etc.\"\"\"\n    \n    popularity: Optional[int] = None\n    \"\"\"An indicator of the library's popularity, such as the number of stars or downloads.\"\"\"\n    \n    last_updated: Optional[str] = None\n    \"\"\"The date the library was last updated, in the format YYYY-MM-DD.\"\"\"\n    \n    documentation_quality: Optional[Literal['excellent', 'good', 'fair', 'poor']] = None\n    \"\"\"A subjective rating of the library's documentation quality.\"\"\"\n    \n    community_support: Optional[Literal['strong', 'moderate', 'weak']] = None\n    \"\"\"An indicator of the level of community support available for the library.\"\"\"\n    \n    version: Optional[str] = None\n    \"\"\"The specific version of the library desired, if any.\"\"\"\n    \n    platform_compatibility: Optional[Literal['windows', 'mac', 'linux', 'cross-platform']] = None\n    \"\"\"The platforms the library is compatible with.\"\"\"\n```\n",
    "recommender_schema_code": "```python\nfrom dataclasses import dataclass\nfrom typing import Optional, Literal\n\n@dataclass\nclass LibraryKnowledge:\n    \"\"\"\n    Represents the colleague's knowledge about a specific library.\n    \"\"\"\n\n    name: Optional[str] = None\n    \"\"\"The name of the library.\"\"\"\n\n    language: Optional[str] = None\n    \"\"\"The programming language the library is written in or supports.\"\"\"\n\n    type: Optional[Literal['frontend', 'backend', 'database', 'utility']] = None\n    \"\"\"The type or category of the library.\"\"\"\n\n    license: Optional[str] = None\n    \"\"\"The license under which the library is distributed.\"\"\"\n\n    popularity: Optional[int] = None\n    \"\"\"An indicator of the library's popularity.\"\"\"\n\n    last_updated: Optional[str] = None\n    \"\"\"The date the library was last updated.\"\"\"\n\n    documentation_quality: Optional[Literal['excellent', 'good', 'fair', 'poor']] = None\n    \"\"\"The quality of the library's documentation.\"\"\"\n\n    community_support: Optional[Literal['strong', 'moderate', 'weak']] = None\n    \"\"\"The level of community support.\"\"\"\n\n    version: Optional[str] = None\n    \"\"\"The library version.\"\"\"\n\n    platform_compatibility: Optional[Literal['windows', 'mac', 'linux', 'cross-platform']] = None\n    \"\"\"The platforms the library is compatible with.\"\"\"\n\n    def matches_criteria(self, criteria: LibrarySearchCriteria) -> bool:\n        \"\"\"\n        Determines if the library matches the given search criteria.\n\n        Args:\n            criteria (LibrarySearchCriteria): The criteria to match against.\n\n        Returns:\n            bool: True if the library matches the criteria, False otherwise.\n        \"\"\"\n        if criteria.name and self.name != criteria.name:\n            return False\n        if criteria.language and self.language != criteria.language:\n            return False\n        if criteria.type and self.type != criteria.type:\n            return False\n        if criteria.license and self.license != criteria.license:\n            return False\n        if criteria.popularity and self.popularity < criteria.popularity:\n            return False\n        if criteria.last_updated and self.last_updated != criteria.last_updated:\n            return False\n        if criteria.documentation_quality and self.documentation_quality != criteria.documentation_quality:\n            return False\n        if criteria.community_support and self.community_support != criteria.community_support:\n            return False\n        if criteria.version and self.version != criteria.version:\n            return False\n        if criteria.platform_compatibility and self.platform_compatibility != criteria.platform_compatibility:\n            return False\n        return True\n```",
    "searcher_schema": {
      "name": {
        "type": "typing.Optional[str]",
        "desc": ""
      },
      "language": {
        "type": "typing.Optional[str]",
        "desc": "The specific name of the library being searched for, if any."
      },
      "type": {
        "type": "typing.Optional[typing.Literal['frontend', 'backend', 'database', 'utility']]",
        "desc": "The programming language the library is written in or supports."
      },
      "license": {
        "type": "typing.Optional[str]",
        "desc": "The type or category of the library, such as frontend, backend, etc."
      },
      "popularity": {
        "type": "typing.Optional[int]",
        "desc": "The type of license the library is distributed under, such as MIT, GPL, etc."
      },
      "last_updated": {
        "type": "typing.Optional[str]",
        "desc": "An indicator of the library's popularity, such as the number of stars or downloads."
      },
      "documentation_quality": {
        "type": "typing.Optional[typing.Literal['excellent', 'good', 'fair', 'poor']]",
        "desc": "The date the library was last updated, in the format YYYY-MM-DD."
      },
      "community_support": {
        "type": "typing.Optional[typing.Literal['strong', 'moderate', 'weak']]",
        "desc": "A subjective rating of the library's documentation quality."
      },
      "version": {
        "type": "typing.Optional[str]",
        "desc": "An indicator of the level of community support available for the library."
      },
      "platform_compatibility": {
        "type": "typing.Optional[typing.Literal['windows', 'mac', 'linux', 'cross-platform']]",
        "desc": "The specific version of the library desired, if any."
      }
    },
    "recommender_schema": {
      "name": {
        "type": "typing.Optional[str]",
        "desc": ""
      },
      "language": {
        "type": "typing.Optional[str]",
        "desc": "The name of the library."
      },
      "type": {
        "type": "typing.Optional[typing.Literal['frontend', 'backend', 'database', 'utility']]",
        "desc": "The programming language the library is written in or supports."
      },
      "license": {
        "type": "typing.Optional[str]",
        "desc": "The type or category of the library."
      },
      "popularity": {
        "type": "typing.Optional[int]",
        "desc": "The license under which the library is distributed."
      },
      "last_updated": {
        "type": "typing.Optional[str]",
        "desc": "An indicator of the library's popularity."
      },
      "documentation_quality": {
        "type": "typing.Optional[typing.Literal['excellent', 'good', 'fair', 'poor']]",
        "desc": "The date the library was last updated."
      },
      "community_support": {
        "type": "typing.Optional[typing.Literal['strong', 'moderate', 'weak']]",
        "desc": "The quality of the library's documentation."
      },
      "version": {
        "type": "typing.Optional[str]",
        "desc": "The level of community support."
      },
      "platform_compatibility": {
        "type": "typing.Optional[typing.Literal['windows', 'mac', 'linux', 'cross-platform']]",
        "desc": "The library version."
      }
    }
  },
  {
    "searcher": "programmer",
    "recommender": "colleague",
    "dialogue": "A programmer is getting help from a colleague to find the right API services",
    "item_type": "API services",
    "criteria": [
      "domain",
      "authentication",
      "response_format"
    ],
    "searcher_schema_code": "```python\nfrom dataclasses import dataclass\nfrom typing import Optional, Literal, List\n\n@dataclass\nclass APISearchCriteria:\n    \"\"\"Data class to represent criteria and preferences for finding API services.\"\"\"\n    \n    name: Optional[str] = None\n    \"\"\"The specific name of the API service, if looking for a particular API.\"\"\"\n\n    domain: Optional[str] = None\n    \"\"\"The domain or category of the API, e.g., weather, finance, social media.\"\"\"\n\n    authentication: Optional[Literal['None', 'API Key', 'OAuth', 'Basic Auth']] = None\n    \"\"\"The type of authentication the API requires, if any.\"\"\"\n\n    response_format: Optional[Literal['JSON', 'XML', 'CSV']] = None\n    \"\"\"The preferred format for the API's response data.\"\"\"\n\n    rate_limit: Optional[int] = None\n    \"\"\"The maximum number of API calls allowed per minute/hour, if applicable.\"\"\"\n\n    official_documentation: Optional[bool] = None\n    \"\"\"Indicates whether the API has official documentation available. True if required.\"\"\"\n\n    free_tier: Optional[bool] = None\n    \"\"\"Indicates whether the API offers a free tier or trial. True if desired.\"\"\"\n\n    supported_languages: Optional[List[str]] = None\n    \"\"\"A list of programming languages the API supports for client libraries.\"\"\"\n```\n",
    "recommender_schema_code": "```python\nfrom dataclasses import dataclass\nfrom typing import Optional, Literal, List\n\n@dataclass\nclass APIService:\n    \"\"\"Data class to represent the colleague's knowledge of available API services.\"\"\"\n\n    name: Optional[str] = None\n    \"\"\"The specific name of the API service.\"\"\"\n\n    domain: Optional[str] = None\n    \"\"\"The domain or category of the API, e.g., weather, finance, social media.\"\"\"\n\n    authentication: Optional[Literal['None', 'API Key', 'OAuth', 'Basic Auth']] = None\n    \"\"\"The type of authentication the API requires, if any.\"\"\"\n\n    response_format: Optional[Literal['JSON', 'XML', 'CSV']] = None\n    \"\"\"The format for the API's response data.\"\"\"\n\n    rate_limit: Optional[int] = None\n    \"\"\"The maximum number of API calls allowed per minute/hour, if applicable.\"\"\"\n\n    official_documentation: Optional[bool] = None\n    \"\"\"Indicates whether the API has official documentation available.\"\"\"\n\n    free_tier: Optional[bool] = None\n    \"\"\"Indicates whether the API offers a free tier or trial.\"\"\"\n\n    supported_languages: Optional[List[str]] = None\n    \"\"\"A list of programming languages the API supports for client libraries.\"\"\"\n\n    def matches_criteria(self, criteria: APISearchCriteria) -> bool:\n        \"\"\"\n        Determine if this API service matches the given search criteria.\n\n        Args:\n            criteria (APISearchCriteria): The search criteria to match against.\n\n        Returns:\n            bool: True if the API service matches the criteria, False otherwise.\n        \"\"\"\n        if criteria.name and self.name != criteria.name:\n            return False\n\n        if criteria.domain and self.domain != criteria.domain:\n            return False\n\n        if criteria.authentication and self.authentication != criteria.authentication:\n            return False\n\n        if criteria.response_format and self.response_format != criteria.response_format:\n            return False\n\n        if criteria.rate_limit is not None and (self.rate_limit is None or self.rate_limit > criteria.rate_limit):\n            return False\n\n        if criteria.official_documentation is not None and self.official_documentation != criteria.official_documentation:\n            return False\n\n        if criteria.free_tier is not None and self.free_tier != criteria.free_tier:\n            return False\n\n        if criteria.supported_languages:\n            if not self.supported_languages or not set(criteria.supported_languages).issubset(set(self.supported_languages)):\n                return False\n\n        return True\n```",
    "searcher_schema": {
      "name": {
        "type": "typing.Optional[str]",
        "desc": "The specific name of the API service, if looking for a particular API."
      },
      "domain": {
        "type": "typing.Optional[str]",
        "desc": "The domain or category of the API, e.g., weather, finance, social media."
      },
      "authentication": {
        "type": "typing.Optional[typing.Literal['None', 'API Key', 'OAuth', 'Basic Auth']]",
        "desc": "The type of authentication the API requires, if any."
      },
      "response_format": {
        "type": "typing.Optional[typing.Literal['JSON', 'XML', 'CSV']]",
        "desc": "The preferred format for the API's response data."
      },
      "rate_limit": {
        "type": "typing.Optional[int]",
        "desc": "The maximum number of API calls allowed per minute/hour, if applicable."
      },
      "official_documentation": {
        "type": "typing.Optional[bool]",
        "desc": "Indicates whether the API has official documentation available. True if required."
      },
      "free_tier": {
        "type": "typing.Optional[bool]",
        "desc": "Indicates whether the API offers a free tier or trial. True if desired."
      },
      "supported_languages": {
        "type": "typing.Optional[typing.List[str]]",
        "desc": "A list of programming languages the API supports for client libraries."
      }
    },
    "recommender_schema": {
      "name": {
        "type": "typing.Optional[str]",
        "desc": "The specific name of the API service."
      },
      "domain": {
        "type": "typing.Optional[str]",
        "desc": "The domain or category of the API, e.g., weather, finance, social media."
      },
      "authentication": {
        "type": "typing.Optional[typing.Literal['None', 'API Key', 'OAuth', 'Basic Auth']]",
        "desc": "The type of authentication the API requires, if any."
      },
      "response_format": {
        "type": "typing.Optional[typing.Literal['JSON', 'XML', 'CSV']]",
        "desc": "The format for the API's response data."
      },
      "rate_limit": {
        "type": "typing.Optional[int]",
        "desc": "The maximum number of API calls allowed per minute/hour, if applicable."
      },
      "official_documentation": {
        "type": "typing.Optional[bool]",
        "desc": "Indicates whether the API has official documentation available."
      },
      "free_tier": {
        "type": "typing.Optional[bool]",
        "desc": "Indicates whether the API offers a free tier or trial."
      },
      "supported_languages": {
        "type": "typing.Optional[typing.List[str]]",
        "desc": "A list of programming languages the API supports for client libraries."
      }
    }
  }
]