[
  {
    "domain": "video topics",
    "turns": [
      [
        "Hey, I'm looking for a tutorial video on Data Science for beginners. Any ideas?",
        {
          "name": null,
          "popularity": null,
          "niche": "Data Science",
          "format": "tutorial",
          "duration": null,
          "target_audience": "beginners",
          "trendiness": null,
          "monetization_potential": null,
          "competition_level": null,
          "platform": null
        },
        "How about \"Python for Data Science\"? It's a great tutorial for beginners!"
      ],
      [
        "That sounds interesting! Is it currently trending?",
        {
          "name": "Python for Data Science",
          "popularity": null,
          "niche": "Data Science",
          "format": "tutorial",
          "duration": null,
          "target_audience": "beginners",
          "trendiness": true,
          "monetization_potential": null,
          "competition_level": null,
          "platform": null
        },
        "Yes, it is trending right now!"
      ],
      [
        "Awesome! What about its monetization potential?",
        {
          "name": "Python for Data Science",
          "popularity": null,
          "niche": "Data Science",
          "format": "tutorial",
          "duration": null,
          "target_audience": "beginners",
          "trendiness": true,
          "monetization_potential": true,
          "competition_level": null,
          "platform": null
        },
        "It has good monetization potential as well!"
      ],
      [
        "Great! How's the competition level for that topic?",
        {
          "name": "Python for Data Science",
          "popularity": null,
          "niche": "Data Science",
          "format": "tutorial",
          "duration": null,
          "target_audience": "beginners",
          "trendiness": true,
          "monetization_potential": true,
          "competition_level": null,
          "platform": null
        },
        "The competition level is medium for that topic."
      ],
      [
        "Perfect! How long is the tutorial?",
        {
          "name": "Python for Data Science",
          "popularity": null,
          "niche": "Data Science",
          "format": "tutorial",
          "duration": null,
          "target_audience": "beginners",
          "trendiness": true,
          "monetization_potential": true,
          "competition_level": "medium",
          "platform": null
        },
        "The tutorial is typically 40 minutes long."
      ],
      [
        "Sounds like a great fit! Let's go with \"Python for Data Science.\"",
        {
          "name": "Python for Data Science",
          "popularity": null,
          "niche": "Data Science",
          "format": "tutorial",
          "duration": 40,
          "target_audience": "beginners",
          "trendiness": true,
          "monetization_potential": true,
          "competition_level": "medium",
          "platform": null
        },
        "Awesome choice! Good luck with your video!"
      ]
    ],
    "preferences_code": "```python\npreferences = VideoTopicCriteria(\n    name='Python for Data Science',\n    popularity=90,\n    niche='Data Science',\n    format='tutorial',\n    duration=40,\n    target_audience='Beginners',\n    trendiness=True,\n    monetization_potential=True,\n    competition_level='medium',\n    platform='YouTube',\n)\n```",
    "red_herrings_code": "```python\n# Global variable representing a list of similar video topics\nsimilar_video_topics = [\n    VideoTopic(\n        name='Introduction to Python',\n        popularity=80,\n        niche='Programming',\n        format='tutorial',\n        duration=25,\n        target_audience='Beginners',\n        trendiness=True,\n        monetization_potential=True,\n        competition_level='medium',\n        platform='YouTube',\n    ),\n    VideoTopic(\n        name='Advanced Python Techniques',\n        popularity=75,\n        niche='Programming',\n        format='tutorial',\n        duration=45,\n        target_audience='Intermediate',\n        trendiness=False,\n        monetization_potential=True,\n        competition_level='high',\n        platform='YouTube',\n    ),\n    VideoTopic(\n        name='Python for Data Science',\n        popularity=90,\n        niche='Data Science',\n        format='tutorial',\n        duration=40,\n        target_audience='Beginners',\n        trendiness=True,\n        monetization_potential=True,\n        competition_level='medium',\n        platform='YouTube',\n    )\n]\n```",
    "database_code": "```python\n# Global variable representing a list of video topic examples.\nvideo_topics = [\n    VideoTopic(\n        name=\"Python Programming Basics\",\n        popularity=85,\n        niche=\"Programming\",\n        format=\"tutorial\",\n        duration=30,\n        target_audience=\"Beginners\",\n        trendiness=True,\n        monetization_potential=True,\n        competition_level=\"medium\",\n        platform=\"YouTube\"\n    ),\n    VideoTopic(\n        name=\"Travel Vlog: Exploring Japan\",\n        popularity=90,\n        niche=\"Travel\",\n        format=\"vlog\",\n        duration=15,\n        target_audience=\"Travel Enthusiasts\",\n        trendiness=True,\n        monetization_potential=True,\n        competition_level=\"high\",\n        platform=\"YouTube\"\n    ),\n    VideoTopic(\n        name=\"Interview with a Tech CEO\",\n        popularity=75,\n        niche=\"Business\",\n        format=\"interview\",\n        duration=45,\n        target_audience=\"Entrepreneurs\",\n        trendiness=False,\n        monetization_potential=True,\n        competition_level=\"medium\",\n        platform=\"Vimeo\"\n    ),\n    VideoTopic(\n        name=\"Gadget Reviews: Latest Smartphones\",\n        popularity=80,\n        niche=\"Technology\",\n        format=\"review\",\n        duration=20,\n        target_audience=\"Tech Savvy\",\n        trendiness=True,\n        monetization_potential=True,\n        competition_level=\"high\",\n        platform=\"YouTube\"\n    ),\n    VideoTopic(\n        name=\"Documentary on Climate Change\",\n        popularity=70,\n        niche=\"Environment\",\n        format=\"documentary\",\n        duration=60,\n        target_audience=\"General Public\",\n        trendiness=False,\n        monetization_potential=False,\n        competition_level=\"low\",\n        platform=\"Vimeo\"\n    ),\n    VideoTopic(\n        name=\"Healthy Cooking Tips\",\n        popularity=88,\n        niche=\"Food\",\n        format=\"tutorial\",\n        duration=25,\n        target_audience=\"Health Conscious\",\n        trendiness=True,\n        monetization_potential=True,\n        competition_level=\"medium\",\n        platform=\"Instagram\"\n    ),\n    VideoTopic(\n        name=\"Fitness Challenge: 30 Days to Fit\",\n        popularity=92,\n        niche=\"Fitness\",\n        format=\"vlog\",\n        duration=10,\n        target_audience=\"Fitness Enthusiasts\",\n        trendiness=True,\n        monetization_potential=True,\n        competition_level=\"high\",\n        platform=\"TikTok\"\n    ),\n    VideoTopic(\n        name=\"Understanding Cryptocurrency\",\n        popularity=78,\n        niche=\"Finance\",\n        format=\"tutorial\",\n        duration=40,\n        target_audience=\"Investors\",\n        trendiness=True,\n        monetization_potential=True,\n        competition_level=\"medium\",\n        platform=\"YouTube\"\n    ),\n    VideoTopic(\n        name=\"DIY Home Decor Ideas\",\n        popularity=82,\n        niche=\"DIY\",\n        format=\"tutorial\",\n        duration=35,\n        target_audience=\"Homeowners\",\n        trendiness=True,\n        monetization_potential=True,\n        competition_level=\"medium\",\n        platform=\"Instagram\"\n    ),\n    VideoTopic(\n        name=\"The Evolution of Music Genres\",\n        popularity=65,\n        niche=\"Music\",\n        format=\"documentary\",\n        duration=50,\n        target_audience=\"Music Lovers\",\n        trendiness=False,\n        monetization_potential=False,\n        competition_level=\"low\",\n        platform=\"Vimeo\"\n    )\n]\n```",
    "database": [
      {
        "name": "Healthy Cooking Tips",
        "popularity": 88,
        "niche": "Food",
        "format": "tutorial",
        "duration": 25,
        "target_audience": "Health Conscious",
        "trendiness": true,
        "monetization_potential": true,
        "competition_level": "medium",
        "platform": "Instagram"
      },
      {
        "name": "Documentary on Climate Change",
        "popularity": 70,
        "niche": "Environment",
        "format": "documentary",
        "duration": 60,
        "target_audience": "General Public",
        "trendiness": false,
        "monetization_potential": false,
        "competition_level": "low",
        "platform": "Vimeo"
      },
      {
        "name": "DIY Home Decor Ideas",
        "popularity": 82,
        "niche": "DIY",
        "format": "tutorial",
        "duration": 35,
        "target_audience": "Homeowners",
        "trendiness": true,
        "monetization_potential": true,
        "competition_level": "medium",
        "platform": "Instagram"
      },
      {
        "name": "Interview with a Tech CEO",
        "popularity": 75,
        "niche": "Business",
        "format": "interview",
        "duration": 45,
        "target_audience": "Entrepreneurs",
        "trendiness": false,
        "monetization_potential": true,
        "competition_level": "medium",
        "platform": "Vimeo"
      },
      {
        "name": "The Evolution of Music Genres",
        "popularity": 65,
        "niche": "Music",
        "format": "documentary",
        "duration": 50,
        "target_audience": "Music Lovers",
        "trendiness": false,
        "monetization_potential": false,
        "competition_level": "low",
        "platform": "Vimeo"
      },
      {
        "name": "Advanced Python Techniques",
        "popularity": 75,
        "niche": "Programming",
        "format": "tutorial",
        "duration": 45,
        "target_audience": "Intermediate",
        "trendiness": false,
        "monetization_potential": true,
        "competition_level": "high",
        "platform": "YouTube"
      },
      {
        "name": "Understanding Cryptocurrency",
        "popularity": 78,
        "niche": "Finance",
        "format": "tutorial",
        "duration": 40,
        "target_audience": "Investors",
        "trendiness": true,
        "monetization_potential": true,
        "competition_level": "medium",
        "platform": "YouTube"
      },
      {
        "name": "Gadget Reviews: Latest Smartphones",
        "popularity": 80,
        "niche": "Technology",
        "format": "review",
        "duration": 20,
        "target_audience": "Tech Savvy",
        "trendiness": true,
        "monetization_potential": true,
        "competition_level": "high",
        "platform": "YouTube"
      },
      {
        "name": "Python for Data Science",
        "popularity": 90,
        "niche": "Data Science",
        "format": "tutorial",
        "duration": 40,
        "target_audience": "Beginners",
        "trendiness": true,
        "monetization_potential": true,
        "competition_level": "medium",
        "platform": "YouTube"
      },
      {
        "name": "Introduction to Python",
        "popularity": 80,
        "niche": "Programming",
        "format": "tutorial",
        "duration": 25,
        "target_audience": "Beginners",
        "trendiness": true,
        "monetization_potential": true,
        "competition_level": "medium",
        "platform": "YouTube"
      },
      {
        "name": "Fitness Challenge: 30 Days to Fit",
        "popularity": 92,
        "niche": "Fitness",
        "format": "vlog",
        "duration": 10,
        "target_audience": "Fitness Enthusiasts",
        "trendiness": true,
        "monetization_potential": true,
        "competition_level": "high",
        "platform": "TikTok"
      },
      {
        "name": "Travel Vlog: Exploring Japan",
        "popularity": 90,
        "niche": "Travel",
        "format": "vlog",
        "duration": 15,
        "target_audience": "Travel Enthusiasts",
        "trendiness": true,
        "monetization_potential": true,
        "competition_level": "high",
        "platform": "YouTube"
      },
      {
        "name": "Python Programming Basics",
        "popularity": 85,
        "niche": "Programming",
        "format": "tutorial",
        "duration": 30,
        "target_audience": "Beginners",
        "trendiness": true,
        "monetization_potential": true,
        "competition_level": "medium",
        "platform": "YouTube"
      }
    ],
    "goal": {
      "name": "Python for Data Science",
      "popularity": 90,
      "niche": "Data Science",
      "format": "tutorial",
      "duration": 40,
      "target_audience": "Beginners",
      "trendiness": true,
      "monetization_potential": true,
      "competition_level": "medium",
      "platform": "YouTube"
    },
    "status": "complete"
  },
  {
    "domain": "platforms",
    "turns": [
      [
        "Thanks! Now, can you help me find a social platform that fits my criteria?",
        {
          "name": null,
          "type": "social",
          "demographic": null,
          "features": null,
          "region": null,
          "monetization_options": "ads",
          "content_format": null,
          "user_base_size": null,
          "engagement_level": "medium",
          "cost": null
        },
        "Sure! What specific features or demographics are you looking for in a social platform?"
      ],
      [
        "I'm looking for a platform that supports text, image, and video content.",
        {
          "name": null,
          "type": "social",
          "demographic": null,
          "features": [
            "text",
            "image",
            "video"
          ],
          "region": null,
          "monetization_options": null,
          "content_format": null,
          "user_base_size": null,
          "engagement_level": null,
          "cost": null
        },
        "Got it! Are you targeting young adults or adults?"
      ],
      [
        "No specific demographic, any is fine.",
        {
          "name": null,
          "type": "social",
          "demographic": null,
          "features": [
            "text",
            "image",
            "video"
          ],
          "region": null,
          "monetization_options": null,
          "content_format": null,
          "user_base_size": null,
          "engagement_level": null,
          "cost": null
        },
        "Okay! Do you prefer a platform with a large user base?"
      ],
      [
        "A medium user base would be great!",
        {
          "name": null,
          "type": "social",
          "demographic": null,
          "features": [
            "text",
            "image",
            "video"
          ],
          "region": null,
          "monetization_options": null,
          "content_format": null,
          "user_base_size": "medium",
          "engagement_level": null,
          "cost": null
        },
        "How about Twitter? It fits your criteria with a medium user base!"
      ],
      [
        "Twitter sounds good! Does it offer ad monetization options?",
        {
          "name": "Twitter",
          "type": "social",
          "demographic": null,
          "features": [
            "text",
            "image",
            "video"
          ],
          "region": null,
          "monetization_options": "ads",
          "content_format": null,
          "user_base_size": "medium",
          "engagement_level": null,
          "cost": null
        },
        "Yes, Twitter offers ad monetization options!"
      ]
    ],
    "preferences_code": "```python\npreferences = PlatformCriteria(\n    name=None,\n    type='social',\n    demographic='young_adult',\n    features=['text', 'image', 'video'],\n    region='global',\n    monetization_options='ads',\n    content_format='text',\n    user_base_size='medium',\n    engagement_level='high',\n    cost='free',\n)\n```",
    "red_herrings_code": "```python\n# List of platform examples representing similar platforms to LinkedIn\nsimilar_platforms = [\n    PlatformKnowledge(\n        name='Facebook',\n        type='social',\n        demographic='adult',\n        features=['text', 'image', 'video', 'groups'],\n        region='global',\n        monetization_options='ads',\n        content_format='text',\n        user_base_size='large',\n        engagement_level='high',\n        cost='free',\n    ),\n    PlatformKnowledge(\n        name='Twitter',\n        type='social',\n        demographic='young_adult',\n        features=['text', 'image', 'video'],\n        region='global',\n        monetization_options='ads',\n        content_format='text',\n        user_base_size='medium',\n        engagement_level='high',\n        cost='free',\n    ),\n    PlatformKnowledge(\n        name='Indeed',\n        type='forum',\n        demographic='adult',\n        features=['text', 'jobs'],\n        region='global',\n        monetization_options='ads',\n        content_format='text',\n        user_base_size='large',\n        engagement_level='medium',\n        cost='free',\n    ),\n]\n```",
    "database_code": "```python\n# Global variable representing a list of platform examples\nplatforms = [\n    PlatformKnowledge(\n        name=\"Instagram\",\n        type=\"social\",\n        demographic=\"young_adult\",\n        features=[\"image\", \"video\", \"stories\", \"live streaming\"],\n        region=\"global\",\n        monetization_options=\"ads\",\n        content_format=\"image\",\n        user_base_size=\"large\",\n        engagement_level=\"high\",\n        cost=\"free\"\n    ),\n    PlatformKnowledge(\n        name=\"YouTube\",\n        type=\"video\",\n        demographic=\"young_adult\",\n        features=[\"video\", \"live streaming\", \"analytics\"],\n        region=\"global\",\n        monetization_options=\"ads\",\n        content_format=\"video\",\n        user_base_size=\"large\",\n        engagement_level=\"high\",\n        cost=\"free\"\n    ),\n    PlatformKnowledge(\n        name=\"Twitter\",\n        type=\"social\",\n        demographic=\"adult\",\n        features=[\"text\", \"image\", \"video\"],\n        region=\"global\",\n        monetization_options=\"ads\",\n        content_format=\"text\",\n        user_base_size=\"large\",\n        engagement_level=\"medium\",\n        cost=\"free\"\n    ),\n    PlatformKnowledge(\n        name=\"TikTok\",\n        type=\"video\",\n        demographic=\"teen\",\n        features=[\"video\", \"live streaming\", \"effects\"],\n        region=\"global\",\n        monetization_options=\"ads\",\n        content_format=\"video\",\n        user_base_size=\"large\",\n        engagement_level=\"high\",\n        cost=\"free\"\n    ),\n    PlatformKnowledge(\n        name=\"Medium\",\n        type=\"blog\",\n        demographic=\"adult\",\n        features=[\"text\", \"claps\", \"collections\"],\n        region=\"global\",\n        monetization_options=\"subscriptions\",\n        content_format=\"text\",\n        user_base_size=\"medium\",\n        engagement_level=\"medium\",\n        cost=\"freemium\"\n    ),\n    PlatformKnowledge(\n        name=\"Patreon\",\n        type=\"podcast\",\n        demographic=\"adult\",\n        features=[\"audio\", \"subscriptions\", \"community\"],\n        region=\"global\",\n        monetization_options=\"subscriptions\",\n        content_format=\"audio\",\n        user_base_size=\"medium\",\n        engagement_level=\"high\",\n        cost=\"subscription\"\n    ),\n    PlatformKnowledge(\n        name=\"Reddit\",\n        type=\"forum\",\n        demographic=\"young_adult\",\n        features=[\"text\", \"image\", \"community\"],\n        region=\"global\",\n        monetization_options=\"ads\",\n        content_format=\"text\",\n        user_base_size=\"large\",\n        engagement_level=\"medium\",\n        cost=\"free\"\n    ),\n    PlatformKnowledge(\n        name=\"Facebook\",\n        type=\"social\",\n        demographic=\"adult\",\n        features=[\"text\", \"image\", \"video\", \"groups\"],\n        region=\"global\",\n        monetization_options=\"ads\",\n        content_format=\"text\",\n        user_base_size=\"large\",\n        engagement_level=\"medium\",\n        cost=\"free\"\n    ),\n    PlatformKnowledge(\n        name=\"LinkedIn\",\n        type=\"social\",\n        demographic=\"adult\",\n        features=[\"text\", \"image\", \"video\", \"jobs\"],\n        region=\"global\",\n        monetization_options=\"ads\",\n        content_format=\"text\",\n        user_base_size=\"large\",\n        engagement_level=\"medium\",\n        cost=\"free\"\n    ),\n    PlatformKnowledge(\n        name=\"Tumblr\",\n        type=\"blog\",\n        demographic=\"teen\",\n        features=[\"text\", \"image\", \"video\", \"audio\"],\n        region=\"global\",\n        monetization_options=\"ads\",\n        content_format=\"text\",\n        user_base_size=\"medium\",\n        engagement_level=\"medium\",\n        cost=\"free\"\n    )\n]\n```",
    "database": [
      {
        "name": "YouTube",
        "type": "video",
        "demographic": "young_adult",
        "features": [
          "video",
          "live streaming",
          "analytics"
        ],
        "region": "global",
        "monetization_options": "ads",
        "content_format": "video",
        "user_base_size": "large",
        "engagement_level": "high",
        "cost": "free"
      },
      {
        "name": "Twitter",
        "type": "social",
        "demographic": "young_adult",
        "features": [
          "text",
          "image",
          "video"
        ],
        "region": "global",
        "monetization_options": "ads",
        "content_format": "text",
        "user_base_size": "medium",
        "engagement_level": "high",
        "cost": "free"
      },
      {
        "name": "Indeed",
        "type": "forum",
        "demographic": "adult",
        "features": [
          "text",
          "jobs"
        ],
        "region": "global",
        "monetization_options": "ads",
        "content_format": "text",
        "user_base_size": "large",
        "engagement_level": "medium",
        "cost": "free"
      },
      {
        "name": "Patreon",
        "type": "podcast",
        "demographic": "adult",
        "features": [
          "audio",
          "subscriptions",
          "community"
        ],
        "region": "global",
        "monetization_options": "subscriptions",
        "content_format": "audio",
        "user_base_size": "medium",
        "engagement_level": "high",
        "cost": "subscription"
      },
      {
        "name": "LinkedIn",
        "type": "social",
        "demographic": "adult",
        "features": [
          "text",
          "image",
          "video",
          "jobs"
        ],
        "region": "global",
        "monetization_options": "ads",
        "content_format": "text",
        "user_base_size": "large",
        "engagement_level": "medium",
        "cost": "free"
      },
      {
        "name": "Medium",
        "type": "blog",
        "demographic": "adult",
        "features": [
          "text",
          "claps",
          "collections"
        ],
        "region": "global",
        "monetization_options": "subscriptions",
        "content_format": "text",
        "user_base_size": "medium",
        "engagement_level": "medium",
        "cost": "freemium"
      },
      {
        "name": "Reddit",
        "type": "forum",
        "demographic": "young_adult",
        "features": [
          "text",
          "image",
          "community"
        ],
        "region": "global",
        "monetization_options": "ads",
        "content_format": "text",
        "user_base_size": "large",
        "engagement_level": "medium",
        "cost": "free"
      },
      {
        "name": "TikTok",
        "type": "video",
        "demographic": "teen",
        "features": [
          "video",
          "live streaming",
          "effects"
        ],
        "region": "global",
        "monetization_options": "ads",
        "content_format": "video",
        "user_base_size": "large",
        "engagement_level": "high",
        "cost": "free"
      },
      {
        "name": "Facebook",
        "type": "social",
        "demographic": "adult",
        "features": [
          "text",
          "image",
          "video",
          "groups"
        ],
        "region": "global",
        "monetization_options": "ads",
        "content_format": "text",
        "user_base_size": "large",
        "engagement_level": "high",
        "cost": "free"
      },
      {
        "name": "Instagram",
        "type": "social",
        "demographic": "young_adult",
        "features": [
          "image",
          "video",
          "stories",
          "live streaming"
        ],
        "region": "global",
        "monetization_options": "ads",
        "content_format": "image",
        "user_base_size": "large",
        "engagement_level": "high",
        "cost": "free"
      },
      {
        "name": "Facebook",
        "type": "social",
        "demographic": "adult",
        "features": [
          "text",
          "image",
          "video",
          "groups"
        ],
        "region": "global",
        "monetization_options": "ads",
        "content_format": "text",
        "user_base_size": "large",
        "engagement_level": "medium",
        "cost": "free"
      },
      {
        "name": "Twitter",
        "type": "social",
        "demographic": "adult",
        "features": [
          "text",
          "image",
          "video"
        ],
        "region": "global",
        "monetization_options": "ads",
        "content_format": "text",
        "user_base_size": "large",
        "engagement_level": "medium",
        "cost": "free"
      },
      {
        "name": "Tumblr",
        "type": "blog",
        "demographic": "teen",
        "features": [
          "text",
          "image",
          "video",
          "audio"
        ],
        "region": "global",
        "monetization_options": "ads",
        "content_format": "text",
        "user_base_size": "medium",
        "engagement_level": "medium",
        "cost": "free"
      }
    ],
    "goal": {
      "name": "Twitter",
      "type": "social",
      "demographic": "young_adult",
      "features": [
        "text",
        "image",
        "video"
      ],
      "region": "global",
      "monetization_options": "ads",
      "content_format": "text",
      "user_base_size": "medium",
      "engagement_level": "high",
      "cost": "free"
    },
    "status": "complete"
  },
  {
    "domain": "SEO tips",
    "turns": [
      [
        "Great! Now, can you help me find some SEO tips for blogging?",
        {
          "name": null,
          "focus": null,
          "tools": null,
          "strategies": null,
          "experience_level": "beginner",
          "budget": null,
          "timeframe": null,
          "industry": null,
          "target_audience": null
        },
        "Sure! What specific characteristics are you looking for in those SEO tips?"
      ],
      [
        "I'm looking for tips that are suitable for intermediate experience level and can show results in about two weeks.",
        {
          "name": null,
          "focus": null,
          "tools": null,
          "strategies": null,
          "experience_level": "intermediate",
          "budget": null,
          "timeframe": 2,
          "industry": null,
          "target_audience": null
        },
        "I have a couple of options! How about \"Use Schema Markup\" or \"Optimize Page Speed\"?"
      ],
      [
        "Both sound good! Which one is easier to implement?",
        {
          "name": null,
          "focus": null,
          "tools": null,
          "strategies": null,
          "experience_level": "intermediate",
          "budget": null,
          "timeframe": 2,
          "industry": null,
          "target_audience": null
        },
        "\"Use Schema Markup\" is generally easier to implement!"
      ],
      [
        "Let's go with \"Use Schema Markup\"!",
        {
          "name": "Use Schema Markup",
          "focus": null,
          "tools": null,
          "strategies": null,
          "experience_level": "intermediate",
          "budget": null,
          "timeframe": 2,
          "industry": null,
          "target_audience": null
        },
        "Great choice! You'll see some good results with that tip!"
      ]
    ],
    "preferences_code": "```python\npreferences = SEOTipCriteria(\n    name='Optimize Page Speed',\n    focus='on-page',\n    tools='Google Analytics',\n    strategies='site audit',\n    experience_level='intermediate',\n    budget='medium',\n    timeframe=2,\n    industry='blogging',\n    target_audience='web developers',\n)\n```",
    "red_herrings_code": "```python\n# Global variable containing a list of SEO tips examples\nseo_tips_examples = [\n    SEOTip(\n        name='Optimize Page Speed',\n        focus='on-page',\n        tools='Google Analytics',\n        strategies='site audit',\n        experience_level='intermediate',\n        budget='medium',\n        timeframe=2,\n        industry='blogging',\n        target_audience='web developers'\n    ),\n    SEOTip(\n        name='Effective Keyword Research',\n        focus='on-page',\n        tools='SEMrush',\n        strategies='keyword research',\n        experience_level='advanced',\n        budget='high',\n        timeframe=3,\n        industry='blogging',\n        target_audience='content strategists'\n    ),\n    SEOTip(\n        name='Build Quality Backlinks',\n        focus='off-page',\n        tools='Ahrefs',\n        strategies='link building',\n        experience_level='intermediate',\n        budget='medium',\n        timeframe=6,\n        industry='blogging',\n        target_audience='SEO specialists'\n    )\n]\n```",
    "database_code": "```python\n# Global variable containing a list of SEO tips examples\nseo_tips_examples = [\n    SEOTip(\n        name=\"Optimize Title Tags\",\n        focus=\"on-page\",\n        tools=\"Google Analytics\",\n        strategies=\"content optimization\",\n        experience_level=\"beginner\",\n        budget=\"low\",\n        timeframe=1,\n        industry=\"e-commerce\",\n        target_audience=\"small business owners\"\n    ),\n    SEOTip(\n        name=\"Build Quality Backlinks\",\n        focus=\"off-page\",\n        tools=\"Ahrefs\",\n        strategies=\"link building\",\n        experience_level=\"intermediate\",\n        budget=\"medium\",\n        timeframe=3,\n        industry=\"blogging\",\n        target_audience=\"content creators\"\n    ),\n    SEOTip(\n        name=\"Conduct a Site Audit\",\n        focus=\"technical\",\n        tools=\"SEMrush\",\n        strategies=\"site audit\",\n        experience_level=\"advanced\",\n        budget=\"high\",\n        timeframe=4,\n        industry=\"corporate\",\n        target_audience=\"marketing teams\"\n    ),\n    SEOTip(\n        name=\"Use Schema Markup\",\n        focus=\"technical\",\n        tools=\"Moz\",\n        strategies=\"content optimization\",\n        experience_level=\"intermediate\",\n        budget=\"medium\",\n        timeframe=2,\n        industry=\"local business\",\n        target_audience=\"web developers\"\n    ),\n    SEOTip(\n        name=\"Keyword Research Basics\",\n        focus=\"on-page\",\n        tools=\"Google Analytics\",\n        strategies=\"keyword research\",\n        experience_level=\"beginner\",\n        budget=\"low\",\n        timeframe=1,\n        industry=\"general\",\n        target_audience=\"bloggers\"\n    ),\n    SEOTip(\n        name=\"Improve Page Load Speed\",\n        focus=\"technical\",\n        tools=\"Google Analytics\",\n        strategies=\"site audit\",\n        experience_level=\"intermediate\",\n        budget=\"medium\",\n        timeframe=2,\n        industry=\"e-commerce\",\n        target_audience=\"webmasters\"\n    ),\n    SEOTip(\n        name=\"Leverage Social Media for SEO\",\n        focus=\"off-page\",\n        tools=\"SEMrush\",\n        strategies=\"link building\",\n        experience_level=\"beginner\",\n        budget=\"low\",\n        timeframe=3,\n        industry=\"content marketing\",\n        target_audience=\"social media managers\"\n    ),\n    SEOTip(\n        name=\"Create High-Quality Content\",\n        focus=\"on-page\",\n        tools=\"Ahrefs\",\n        strategies=\"content optimization\",\n        experience_level=\"advanced\",\n        budget=\"high\",\n        timeframe=4,\n        industry=\"blogging\",\n        target_audience=\"content strategists\"\n    ),\n    SEOTip(\n        name=\"Optimize for Mobile\",\n        focus=\"technical\",\n        tools=\"Moz\",\n        strategies=\"site audit\",\n        experience_level=\"intermediate\",\n        budget=\"medium\",\n        timeframe=2,\n        industry=\"e-commerce\",\n        target_audience=\"UX designers\"\n    ),\n    SEOTip(\n        name=\"Monitor SEO Performance\",\n        focus=\"on-page\",\n        tools=\"Google Analytics\",\n        strategies=\"site audit\",\n        experience_level=\"beginner\",\n        budget=\"low\",\n        timeframe=1,\n        industry=\"general\",\n        target_audience=\"business owners\"\n    ),\n]\n```",
    "database": [
      {
        "name": "Optimize Title Tags",
        "focus": "on-page",
        "tools": "Google Analytics",
        "strategies": "content optimization",
        "experience_level": "beginner",
        "budget": "low",
        "timeframe": 1,
        "industry": "e-commerce",
        "target_audience": "small business owners"
      },
      {
        "name": "Build Quality Backlinks",
        "focus": "off-page",
        "tools": "Ahrefs",
        "strategies": "link building",
        "experience_level": "intermediate",
        "budget": "medium",
        "timeframe": 6,
        "industry": "blogging",
        "target_audience": "SEO specialists"
      },
      {
        "name": "Use Schema Markup",
        "focus": "technical",
        "tools": "Moz",
        "strategies": "content optimization",
        "experience_level": "intermediate",
        "budget": "medium",
        "timeframe": 2,
        "industry": "local business",
        "target_audience": "web developers"
      },
      {
        "name": "Optimize Page Speed",
        "focus": "on-page",
        "tools": "Google Analytics",
        "strategies": "site audit",
        "experience_level": "intermediate",
        "budget": "medium",
        "timeframe": 2,
        "industry": "blogging",
        "target_audience": "web developers"
      },
      {
        "name": "Keyword Research Basics",
        "focus": "on-page",
        "tools": "Google Analytics",
        "strategies": "keyword research",
        "experience_level": "beginner",
        "budget": "low",
        "timeframe": 1,
        "industry": "general",
        "target_audience": "bloggers"
      },
      {
        "name": "Effective Keyword Research",
        "focus": "on-page",
        "tools": "SEMrush",
        "strategies": "keyword research",
        "experience_level": "advanced",
        "budget": "high",
        "timeframe": 3,
        "industry": "blogging",
        "target_audience": "content strategists"
      },
      {
        "name": "Monitor SEO Performance",
        "focus": "on-page",
        "tools": "Google Analytics",
        "strategies": "site audit",
        "experience_level": "beginner",
        "budget": "low",
        "timeframe": 1,
        "industry": "general",
        "target_audience": "business owners"
      },
      {
        "name": "Leverage Social Media for SEO",
        "focus": "off-page",
        "tools": "SEMrush",
        "strategies": "link building",
        "experience_level": "beginner",
        "budget": "low",
        "timeframe": 3,
        "industry": "content marketing",
        "target_audience": "social media managers"
      },
      {
        "name": "Conduct a Site Audit",
        "focus": "technical",
        "tools": "SEMrush",
        "strategies": "site audit",
        "experience_level": "advanced",
        "budget": "high",
        "timeframe": 4,
        "industry": "corporate",
        "target_audience": "marketing teams"
      },
      {
        "name": "Optimize for Mobile",
        "focus": "technical",
        "tools": "Moz",
        "strategies": "site audit",
        "experience_level": "intermediate",
        "budget": "medium",
        "timeframe": 2,
        "industry": "e-commerce",
        "target_audience": "UX designers"
      },
      {
        "name": "Create High-Quality Content",
        "focus": "on-page",
        "tools": "Ahrefs",
        "strategies": "content optimization",
        "experience_level": "advanced",
        "budget": "high",
        "timeframe": 4,
        "industry": "blogging",
        "target_audience": "content strategists"
      },
      {
        "name": "Improve Page Load Speed",
        "focus": "technical",
        "tools": "Google Analytics",
        "strategies": "site audit",
        "experience_level": "intermediate",
        "budget": "medium",
        "timeframe": 2,
        "industry": "e-commerce",
        "target_audience": "webmasters"
      },
      {
        "name": "Build Quality Backlinks",
        "focus": "off-page",
        "tools": "Ahrefs",
        "strategies": "link building",
        "experience_level": "intermediate",
        "budget": "medium",
        "timeframe": 3,
        "industry": "blogging",
        "target_audience": "content creators"
      }
    ],
    "goal": {
      "name": "Optimize Page Speed",
      "focus": "on-page",
      "tools": "Google Analytics",
      "strategies": "site audit",
      "experience_level": "intermediate",
      "budget": "medium",
      "timeframe": 2,
      "industry": "blogging",
      "target_audience": "web developers"
    },
    "status": "complete"
  }
]