[
  {
    "searcher": "client",
    "recommender": "realtor",
    "dialogue": "A client is getting help from a realtor to find the right single-family home",
    "item_type": "single-family home",
    "criteria": [
      "price",
      "bedrooms",
      "bathrooms"
    ],
    "searcher_schema_code": "```python\nfrom dataclasses import dataclass\nfrom typing import Optional, Literal\n\n@dataclass\nclass HomeSearchCriteria:\n    \"\"\"A class to represent the client's criteria and preferences for finding a single-family home.\"\"\"\n    \n    name: Optional[str] = None\n    \"\"\"The name or specific identifier of the single-family home, if the client is looking for a particular home.\"\"\"\n    \n    max_price: Optional[float] = None\n    \"\"\"The maximum price the client is willing to pay for the home.\"\"\"\n    \n    min_price: Optional[float] = None\n    \"\"\"The minimum price the client is willing to consider for the home.\"\"\"\n    \n    bedrooms: Optional[int] = None\n    \"\"\"The number of bedrooms the client desires in the home.\"\"\"\n    \n    bathrooms: Optional[int] = None\n    \"\"\"The number of bathrooms the client desires in the home.\"\"\"\n    \n    square_feet: Optional[int] = None\n    \"\"\"The minimum number of square feet the client desires for the home's area.\"\"\"\n    \n    lot_size: Optional[float] = None\n    \"\"\"The lot size in acres that the client prefers for the home.\"\"\"\n    \n    year_built: Optional[int] = None\n    \"\"\"The minimum year the client prefers the home to have been built.\"\"\"\n    \n    has_garage: Optional[bool] = None\n    \"\"\"Indicates whether the client prefers the home to have a garage.\"\"\"\n    \n    has_pool: Optional[bool] = None\n    \"\"\"Indicates whether the client prefers the home to have a pool.\"\"\"\n    \n    has_basement: Optional[bool] = None\n    \"\"\"Indicates whether the client prefers the home to have a basement.\"\"\"\n    \n    home_style: Optional[Literal['Ranch', 'Colonial', 'Cape Cod', 'Contemporary']] = None\n    \"\"\"The architectural style of the home the client prefers.\"\"\"\n    \n    neighborhood: Optional[str] = None\n    \"\"\"The neighborhood or area where the client prefers the home to be located.\"\"\"\n    \n    proximity_to_schools: Optional[str] = None\n    \"\"\"The client's preference regarding the home's proximity to schools, e.g., 'close', 'not important'.\"\"\"\n    \n    pet_friendly: Optional[bool] = None\n    \"\"\"Indicates whether the client prefers the home to be pet-friendly.\"\"\"\n```\n",
    "recommender_schema_code": "```python\nfrom dataclasses import dataclass\nfrom typing import Optional, Literal\n\n@dataclass\nclass Home:\n    \"\"\"A class to represent a single-family home with various attributes known to the realtor.\"\"\"\n\n    name: Optional[str] = None\n    \"\"\"The name or specific identifier of the single-family home.\"\"\"\n\n    price: Optional[float] = None\n    \"\"\"The price of the home.\"\"\"\n\n    bedrooms: Optional[int] = None\n    \"\"\"The number of bedrooms in the home.\"\"\"\n\n    bathrooms: Optional[int] = None\n    \"\"\"The number of bathrooms in the home.\"\"\"\n\n    square_feet: Optional[int] = None\n    \"\"\"The area of the home in square feet.\"\"\"\n\n    lot_size: Optional[float] = None\n    \"\"\"The lot size in acres.\"\"\"\n\n    year_built: Optional[int] = None\n    \"\"\"The year the home was built.\"\"\"\n\n    has_garage: Optional[bool] = None\n    \"\"\"Indicates if the home has a garage.\"\"\"\n\n    has_pool: Optional[bool] = None\n    \"\"\"Indicates if the home has a pool.\"\"\"\n\n    has_basement: Optional[bool] = None\n    \"\"\"Indicates if the home has a basement.\"\"\"\n\n    home_style: Optional[Literal['Ranch', 'Colonial', 'Cape Cod', 'Contemporary']] = None\n    \"\"\"The architectural style of the home.\"\"\"\n\n    neighborhood: Optional[str] = None\n    \"\"\"The neighborhood or area where the home is located.\"\"\"\n\n    proximity_to_schools: Optional[str] = None\n    \"\"\"The home's proximity to schools, e.g., 'close'.\"\"\"\n\n    pet_friendly: Optional[bool] = None\n    \"\"\"Indicates if the home is pet-friendly.\"\"\"\n\n    def matches_criteria(self, criteria: HomeSearchCriteria) -> bool:\n        \"\"\"\n        Determines if the home matches the given search criteria.\n        \n        Parameters:\n        criteria (HomeSearchCriteria): The search criteria to compare against.\n        \n        Returns:\n        bool: True if the home matches the criteria, False otherwise.\n        \"\"\"\n        if criteria.name and self.name != criteria.name:\n            return False\n        if criteria.max_price and (self.price is None or self.price > criteria.max_price):\n            return False\n        if criteria.min_price and (self.price is None or self.price < criteria.min_price):\n            return False\n        if criteria.bedrooms and (self.bedrooms is None or self.bedrooms < criteria.bedrooms):\n            return False\n        if criteria.bathrooms and (self.bathrooms is None or self.bathrooms < criteria.bathrooms):\n            return False\n        if criteria.square_feet and (self.square_feet is None or self.square_feet < criteria.square_feet):\n            return False\n        if criteria.lot_size and (self.lot_size is None or self.lot_size < criteria.lot_size):\n            return False\n        if criteria.year_built and (self.year_built is None or self.year_built < criteria.year_built):\n            return False\n        if criteria.has_garage is not None and self.has_garage != criteria.has_garage:\n            return False\n        if criteria.has_pool is not None and self.has_pool != criteria.has_pool:\n            return False\n        if criteria.has_basement is not None and self.has_basement != criteria.has_basement:\n            return False\n        if criteria.home_style and self.home_style != criteria.home_style:\n            return False\n        if criteria.neighborhood and self.neighborhood != criteria.neighborhood:\n            return False\n        if criteria.proximity_to_schools and self.proximity_to_schools != criteria.proximity_to_schools:\n            return False\n        if criteria.pet_friendly is not None and self.pet_friendly != criteria.pet_friendly:\n            return False\n        \n        return True\n```",
    "searcher_schema": {
      "name": {
        "type": "typing.Optional[str]",
        "desc": "The name or specific identifier of the single-family home, if the client is looking for a particular home."
      },
      "max_price": {
        "type": "typing.Optional[float]",
        "desc": "The maximum price the client is willing to pay for the home."
      },
      "min_price": {
        "type": "typing.Optional[float]",
        "desc": "The minimum price the client is willing to consider for the home."
      },
      "bedrooms": {
        "type": "typing.Optional[int]",
        "desc": "The number of bedrooms the client desires in the home."
      },
      "bathrooms": {
        "type": "typing.Optional[int]",
        "desc": "The number of bathrooms the client desires in the home."
      },
      "square_feet": {
        "type": "typing.Optional[int]",
        "desc": "The minimum number of square feet the client desires for the home's area."
      },
      "lot_size": {
        "type": "typing.Optional[float]",
        "desc": "The lot size in acres that the client prefers for the home."
      },
      "year_built": {
        "type": "typing.Optional[int]",
        "desc": "The minimum year the client prefers the home to have been built."
      },
      "has_garage": {
        "type": "typing.Optional[bool]",
        "desc": "Indicates whether the client prefers the home to have a garage."
      },
      "has_pool": {
        "type": "typing.Optional[bool]",
        "desc": "Indicates whether the client prefers the home to have a pool."
      },
      "has_basement": {
        "type": "typing.Optional[bool]",
        "desc": "Indicates whether the client prefers the home to have a basement."
      },
      "home_style": {
        "type": "typing.Optional[typing.Literal['Ranch', 'Colonial', 'Cape Cod', 'Contemporary']]",
        "desc": "The architectural style of the home the client prefers."
      },
      "neighborhood": {
        "type": "typing.Optional[str]",
        "desc": "The neighborhood or area where the client prefers the home to be located."
      },
      "proximity_to_schools": {
        "type": "typing.Optional[str]",
        "desc": "The client's preference regarding the home's proximity to schools, e.g., 'close', 'not important'."
      },
      "pet_friendly": {
        "type": "typing.Optional[bool]",
        "desc": "Indicates whether the client prefers the home to be pet-friendly."
      }
    },
    "recommender_schema": {
      "name": {
        "type": "typing.Optional[str]",
        "desc": "The name or specific identifier of the single-family home."
      },
      "price": {
        "type": "typing.Optional[float]",
        "desc": "The price of the home."
      },
      "bedrooms": {
        "type": "typing.Optional[int]",
        "desc": "The number of bedrooms in the home."
      },
      "bathrooms": {
        "type": "typing.Optional[int]",
        "desc": "The number of bathrooms in the home."
      },
      "square_feet": {
        "type": "typing.Optional[int]",
        "desc": "The area of the home in square feet."
      },
      "lot_size": {
        "type": "typing.Optional[float]",
        "desc": "The lot size in acres."
      },
      "year_built": {
        "type": "typing.Optional[int]",
        "desc": "The year the home was built."
      },
      "has_garage": {
        "type": "typing.Optional[bool]",
        "desc": "Indicates if the home has a garage."
      },
      "has_pool": {
        "type": "typing.Optional[bool]",
        "desc": "Indicates if the home has a pool."
      },
      "has_basement": {
        "type": "typing.Optional[bool]",
        "desc": "Indicates if the home has a basement."
      },
      "home_style": {
        "type": "typing.Optional[typing.Literal['Ranch', 'Colonial', 'Cape Cod', 'Contemporary']]",
        "desc": "The architectural style of the home."
      },
      "neighborhood": {
        "type": "typing.Optional[str]",
        "desc": "The neighborhood or area where the home is located."
      },
      "proximity_to_schools": {
        "type": "typing.Optional[str]",
        "desc": "The home's proximity to schools, e.g., 'close'."
      },
      "pet_friendly": {
        "type": "typing.Optional[bool]",
        "desc": "Indicates if the home is pet-friendly."
      }
    }
  },
  {
    "searcher": "client",
    "recommender": "realtor",
    "dialogue": "A client is getting help from a realtor to find the right condo",
    "item_type": "condo",
    "criteria": [
      "price",
      "bedrooms",
      "amenities"
    ],
    "searcher_schema_code": "```python\nfrom dataclasses import dataclass\nfrom typing import Optional, List, Literal\n\n@dataclass\nclass CondoSearchCriteria:\n    \"\"\"\n    A data class representing the search criteria and preferences for finding a condo.\n    \"\"\"\n\n    name: Optional[str] = None\n    \"\"\"Optional; The name of the condo the client is specifically looking for.\"\"\"\n\n    max_price: Optional[float] = None\n    \"\"\"Optional; The maximum price the client is willing to pay for the condo.\"\"\"\n\n    min_bedrooms: Optional[int] = None\n    \"\"\"Optional; The minimum number of bedrooms the condo should have.\"\"\"\n\n    min_bathrooms: Optional[int] = None\n    \"\"\"Optional; The minimum number of bathrooms the condo should have.\"\"\"\n\n    amenities: Optional[List[str]] = None\n    \"\"\"Optional; A list of preferred amenities the condo should have.\"\"\"\n\n    location: Optional[str] = None\n    \"\"\"Optional; The preferred location or neighborhood for the condo.\"\"\"\n\n    pet_friendly: Optional[bool] = None\n    \"\"\"Optional; Whether the condo must be pet-friendly.\"\"\"\n\n    has_parking: Optional[bool] = None\n    \"\"\"Optional; Whether the condo must have parking available.\"\"\"\n\n    floor_level: Optional[Literal['low', 'medium', 'high']] = None\n    \"\"\"Optional; The preferred floor level of the condo (low, medium, high).\"\"\"\n\n    view: Optional[Literal['city', 'sea', 'mountain']] = None\n    \"\"\"Optional; The preferred view from the condo (city, sea, mountain).\"\"\"\n\n    square_feet: Optional[int] = None\n    \"\"\"Optional; The minimum square footage required for the condo.\"\"\"\n```",
    "recommender_schema_code": "```python\nfrom dataclasses import dataclass\nfrom typing import Optional, List, Literal\n\n@dataclass\nclass Condo:\n    \"\"\"\n    A data class representing the details of a condo known to the realtor.\n    \"\"\"\n\n    name: Optional[str] = None\n    \"\"\"Optional; The name of the condo.\"\"\"\n\n    price: Optional[float] = None\n    \"\"\"Optional; The price of the condo.\"\"\"\n\n    bedrooms: Optional[int] = None\n    \"\"\"Optional; The number of bedrooms the condo has.\"\"\"\n\n    bathrooms: Optional[int] = None\n    \"\"\"Optional; The number of bathrooms the condo has.\"\"\"\n\n    amenities: Optional[List[str]] = None\n    \"\"\"Optional; A list of amenities the condo offers.\"\"\"\n\n    location: Optional[str] = None\n    \"\"\"Optional; The location or neighborhood of the condo.\"\"\"\n\n    pet_friendly: Optional[bool] = None\n    \"\"\"Optional; Whether the condo is pet-friendly.\"\"\"\n\n    has_parking: Optional[bool] = None\n    \"\"\"Optional; Whether the condo has parking available.\"\"\"\n\n    floor_level: Optional[Literal['low', 'medium', 'high']] = None\n    \"\"\"Optional; The floor level of the condo (low, medium, high).\"\"\"\n\n    view: Optional[Literal['city', 'sea', 'mountain']] = None\n    \"\"\"Optional; The view from the condo (city, sea, mountain).\"\"\"\n\n    square_feet: Optional[int] = None\n    \"\"\"Optional; The square footage of the condo.\"\"\"\n\n    def matches_criteria(self, criteria: CondoSearchCriteria) -> bool:\n        \"\"\"\n        Determines if the condo matches the given search criteria.\n        \n        Args:\n            criteria (CondoSearchCriteria): The search criteria to match against.\n        \n        Returns:\n            bool: True if the condo matches the search criteria, False otherwise.\n        \"\"\"\n        if criteria.name and self.name != criteria.name:\n            return False\n        if criteria.max_price and (self.price is None or self.price > criteria.max_price):\n            return False\n        if criteria.min_bedrooms and (self.bedrooms is None or self.bedrooms < criteria.min_bedrooms):\n            return False\n        if criteria.min_bathrooms and (self.bathrooms is None or self.bathrooms < criteria.min_bathrooms):\n            return False\n        if criteria.amenities:\n            if self.amenities is None or not all(amenity in self.amenities for amenity in criteria.amenities):\n                return False\n        if criteria.location and self.location != criteria.location:\n            return False\n        if criteria.pet_friendly is not None and self.pet_friendly != criteria.pet_friendly:\n            return False\n        if criteria.has_parking is not None and self.has_parking != criteria.has_parking:\n            return False\n        if criteria.floor_level and self.floor_level != criteria.floor_level:\n            return False\n        if criteria.view and self.view != criteria.view:\n            return False\n        if criteria.square_feet and (self.square_feet is None or self.square_feet < criteria.square_feet):\n            return False\n\n        return True\n```",
    "searcher_schema": {
      "name": {
        "type": "typing.Optional[str]",
        "desc": ""
      },
      "max_price": {
        "type": "typing.Optional[float]",
        "desc": "Optional; The name of the condo the client is specifically looking for."
      },
      "min_bedrooms": {
        "type": "typing.Optional[int]",
        "desc": "Optional; The maximum price the client is willing to pay for the condo."
      },
      "min_bathrooms": {
        "type": "typing.Optional[int]",
        "desc": "Optional; The minimum number of bedrooms the condo should have."
      },
      "amenities": {
        "type": "typing.Optional[typing.List[str]]",
        "desc": "Optional; The minimum number of bathrooms the condo should have."
      },
      "location": {
        "type": "typing.Optional[str]",
        "desc": "Optional; A list of preferred amenities the condo should have."
      },
      "pet_friendly": {
        "type": "typing.Optional[bool]",
        "desc": "Optional; The preferred location or neighborhood for the condo."
      },
      "has_parking": {
        "type": "typing.Optional[bool]",
        "desc": "Optional; Whether the condo must be pet-friendly."
      },
      "floor_level": {
        "type": "typing.Optional[typing.Literal['low', 'medium', 'high']]",
        "desc": "Optional; Whether the condo must have parking available."
      },
      "view": {
        "type": "typing.Optional[typing.Literal['city', 'sea', 'mountain']]",
        "desc": "Optional; The preferred floor level of the condo (low, medium, high)."
      },
      "square_feet": {
        "type": "typing.Optional[int]",
        "desc": "Optional; The preferred view from the condo (city, sea, mountain)."
      }
    },
    "recommender_schema": {
      "name": {
        "type": "typing.Optional[str]",
        "desc": ""
      },
      "price": {
        "type": "typing.Optional[float]",
        "desc": "Optional; The name of the condo."
      },
      "bedrooms": {
        "type": "typing.Optional[int]",
        "desc": "Optional; The price of the condo."
      },
      "bathrooms": {
        "type": "typing.Optional[int]",
        "desc": "Optional; The number of bedrooms the condo has."
      },
      "amenities": {
        "type": "typing.Optional[typing.List[str]]",
        "desc": "Optional; The number of bathrooms the condo has."
      },
      "location": {
        "type": "typing.Optional[str]",
        "desc": "Optional; A list of amenities the condo offers."
      },
      "pet_friendly": {
        "type": "typing.Optional[bool]",
        "desc": "Optional; The location or neighborhood of the condo."
      },
      "has_parking": {
        "type": "typing.Optional[bool]",
        "desc": "Optional; Whether the condo is pet-friendly."
      },
      "floor_level": {
        "type": "typing.Optional[typing.Literal['low', 'medium', 'high']]",
        "desc": "Optional; Whether the condo has parking available."
      },
      "view": {
        "type": "typing.Optional[typing.Literal['city', 'sea', 'mountain']]",
        "desc": "Optional; The floor level of the condo (low, medium, high)."
      },
      "square_feet": {
        "type": "typing.Optional[int]",
        "desc": "Optional; The view from the condo (city, sea, mountain)."
      }
    }
  },
  {
    "searcher": "client",
    "recommender": "realtor",
    "dialogue": "A client is getting help from a realtor to find the right rental property",
    "item_type": "rental property",
    "criteria": [
      "price",
      "bedrooms",
      "location"
    ],
    "searcher_schema_code": "```python\nfrom dataclasses import dataclass\nfrom typing import Optional, Literal\n\n@dataclass\nclass RentalPropertyCriteria:\n    \"\"\"\n    Represents the criteria and preferences for finding a rental property.\n    \"\"\"\n\n    name: Optional[str] = None\n    \"\"\"The specific name of the rental property, if the client has one in mind.\"\"\"\n\n    max_price: Optional[float] = None\n    \"\"\"The maximum price the client is willing to pay for the rental property.\"\"\"\n\n    min_bedrooms: Optional[int] = None\n    \"\"\"The minimum number of bedrooms required by the client in the rental property.\"\"\"\n\n    location: Optional[str] = None\n    \"\"\"The preferred location or area where the client wants to find a rental property.\"\"\"\n\n    pets_allowed: Optional[bool] = None\n    \"\"\"Indicates whether the client needs a pet-friendly rental property.\"\"\"\n\n    property_type: Optional[Literal['apartment', 'house', 'condo', 'townhouse']] = None\n    \"\"\"The type of property the client prefers (e.g., apartment, house, condo, townhouse).\"\"\"\n\n    furnished: Optional[bool] = None\n    \"\"\"Indicates whether the client prefers a furnished rental property.\"\"\"\n\n    parking: Optional[Literal['garage', 'street', 'none']] = None\n    \"\"\"The parking preference of the client (e.g., garage, street, none).\"\"\"\n\n    min_bathrooms: Optional[int] = None\n    \"\"\"The minimum number of bathrooms required by the client in the rental property.\"\"\"\n\n    amenities: Optional[list[str]] = None\n    \"\"\"A list of amenities that the client desires in a rental property (e.g., gym, pool).\"\"\"\n```",
    "recommender_schema_code": "```python\nfrom dataclasses import dataclass\nfrom typing import Optional, Literal, List\n\n@dataclass\nclass RentalProperty:\n    \"\"\"\n    Represents the details of a rental property known to the realtor.\n    \"\"\"\n\n    name: Optional[str] = None\n    \"\"\"The name of the rental property.\"\"\"\n\n    price: Optional[float] = None\n    \"\"\"The price of the rental property.\"\"\"\n\n    bedrooms: Optional[int] = None\n    \"\"\"The number of bedrooms in the rental property.\"\"\"\n\n    location: Optional[str] = None\n    \"\"\"The location of the rental property.\"\"\"\n\n    pets_allowed: Optional[bool] = None\n    \"\"\"Indicates whether pets are allowed in the rental property.\"\"\"\n\n    property_type: Optional[Literal['apartment', 'house', 'condo', 'townhouse']] = None\n    \"\"\"The type of property (e.g., apartment, house, condo, townhouse).\"\"\"\n\n    furnished: Optional[bool] = None\n    \"\"\"Indicates whether the rental property is furnished.\"\"\"\n\n    parking: Optional[Literal['garage', 'street', 'none']] = None\n    \"\"\"The type of parking available at the rental property.\"\"\"\n\n    bathrooms: Optional[int] = None\n    \"\"\"The number of bathrooms in the rental property.\"\"\"\n\n    amenities: Optional[List[str]] = None\n    \"\"\"A list of amenities available in the rental property (e.g., gym, pool).\"\"\"\n\n    def matches_criteria(self, criteria: RentalPropertyCriteria) -> bool:\n        \"\"\"\n        Determines if this rental property matches the given search criteria.\n\n        Args:\n            criteria (RentalPropertyCriteria): The search criteria to match against.\n\n        Returns:\n            bool: True if the property matches the criteria, False otherwise.\n        \"\"\"\n        if criteria.name and self.name != criteria.name:\n            return False\n        if criteria.max_price is not None and (self.price is None or self.price > criteria.max_price):\n            return False\n        if criteria.min_bedrooms is not None and (self.bedrooms is None or self.bedrooms < criteria.min_bedrooms):\n            return False\n        if criteria.location and self.location != criteria.location:\n            return False\n        if criteria.pets_allowed is not None and self.pets_allowed != criteria.pets_allowed:\n            return False\n        if criteria.property_type and self.property_type != criteria.property_type:\n            return False\n        if criteria.furnished is not None and self.furnished != criteria.furnished:\n            return False\n        if criteria.parking and self.parking != criteria.parking:\n            return False\n        if criteria.min_bathrooms is not None and (self.bathrooms is None or self.bathrooms < criteria.min_bathrooms):\n            return False\n        if criteria.amenities:\n            if self.amenities is None or not all(amenity in self.amenities for amenity in criteria.amenities):\n                return False\n        return True\n```",
    "searcher_schema": {
      "name": {
        "type": "typing.Optional[str]",
        "desc": ""
      },
      "max_price": {
        "type": "typing.Optional[float]",
        "desc": "The specific name of the rental property, if the client has one in mind."
      },
      "min_bedrooms": {
        "type": "typing.Optional[int]",
        "desc": "The maximum price the client is willing to pay for the rental property."
      },
      "location": {
        "type": "typing.Optional[str]",
        "desc": "The minimum number of bedrooms required by the client in the rental property."
      },
      "pets_allowed": {
        "type": "typing.Optional[bool]",
        "desc": "The preferred location or area where the client wants to find a rental property."
      },
      "property_type": {
        "type": "typing.Optional[typing.Literal['apartment', 'house', 'condo', 'townhouse']]",
        "desc": "Indicates whether the client needs a pet-friendly rental property."
      },
      "furnished": {
        "type": "typing.Optional[bool]",
        "desc": "The type of property the client prefers (e.g., apartment, house, condo, townhouse)."
      },
      "parking": {
        "type": "typing.Optional[typing.Literal['garage', 'street', 'none']]",
        "desc": "Indicates whether the client prefers a furnished rental property."
      },
      "min_bathrooms": {
        "type": "typing.Optional[int]",
        "desc": "The parking preference of the client (e.g., garage, street, none)."
      },
      "amenities": {
        "type": "typing.Optional[list[str]]",
        "desc": "The minimum number of bathrooms required by the client in the rental property."
      }
    },
    "recommender_schema": {
      "name": {
        "type": "typing.Optional[str]",
        "desc": ""
      },
      "price": {
        "type": "typing.Optional[float]",
        "desc": "The name of the rental property."
      },
      "bedrooms": {
        "type": "typing.Optional[int]",
        "desc": "The price of the rental property."
      },
      "location": {
        "type": "typing.Optional[str]",
        "desc": "The number of bedrooms in the rental property."
      },
      "pets_allowed": {
        "type": "typing.Optional[bool]",
        "desc": "The location of the rental property."
      },
      "property_type": {
        "type": "typing.Optional[typing.Literal['apartment', 'house', 'condo', 'townhouse']]",
        "desc": "Indicates whether pets are allowed in the rental property."
      },
      "furnished": {
        "type": "typing.Optional[bool]",
        "desc": "The type of property (e.g., apartment, house, condo, townhouse)."
      },
      "parking": {
        "type": "typing.Optional[typing.Literal['garage', 'street', 'none']]",
        "desc": "Indicates whether the rental property is furnished."
      },
      "bathrooms": {
        "type": "typing.Optional[int]",
        "desc": "The type of parking available at the rental property."
      },
      "amenities": {
        "type": "typing.Optional[typing.List[str]]",
        "desc": "The number of bathrooms in the rental property."
      }
    }
  }
]