[
  {
    "domain": "Repair Manual",
    "turns": [
      [
        "I'm looking for a new Chevrolet repair manual in Spanish.",
        {
          "name": null,
          "publisher": null,
          "condition": "new",
          "format": null,
          "language": "Spanish",
          "edition": null,
          "year_published": null,
          "vehicle_make": "Chevrolet",
          "vehicle_model": null,
          "vehicle_year": null,
          "price_range": null,
          "availability": null
        },
        "I have a new Chevrolet Silverado Repair Manual in Spanish; would that work for you?"
      ],
      [
        "Yes, that sounds great! What edition is it?",
        {
          "name": "Chevrolet Silverado Repair Manual",
          "publisher": null,
          "condition": "new",
          "format": null,
          "language": "Spanish",
          "edition": null,
          "year_published": null,
          "vehicle_make": "Chevrolet",
          "vehicle_model": "Silverado",
          "vehicle_year": null,
          "price_range": null,
          "availability": null
        },
        "It's the first edition."
      ]
    ],
    "preferences_code": "```python\npreferences = RepairManualCriteria(\n    name='Chevrolet Silverado Repair Manual',\n    publisher='Chevrolet',\n    condition='new',\n    format='hardcover',\n    language='Spanish',\n    edition=1,\n    year_published=2021,\n    vehicle_make='Chevrolet',\n    vehicle_model='Silverado',\n    vehicle_year=2021,\n    price_range=(40.00, 50.00),\n    availability='in stock',\n)\n```",
    "red_herrings_code": "```python\n# A global variable representing a list of Repair Manual examples.\nrepair_manuals = [\n    RepairManual(\n        name='Chevrolet Silverado Repair Manual',\n        publisher='Chevrolet',\n        condition='new',\n        format='hardcover',\n        language='Spanish',\n        edition=1,\n        year_published=2021,\n        vehicle_make='Chevrolet',\n        vehicle_model='Silverado',\n        vehicle_year=2021,\n        price=44.99,\n        availability='in stock',\n    ),\n    RepairManual(\n        name='Chevrolet Silverado Repair Manual',\n        publisher='Chevrolet',\n        condition='acceptable',\n        format='paperback',\n        language='Spanish',\n        edition=1,\n        year_published=2020,\n        vehicle_make='Chevrolet',\n        vehicle_model='Silverado',\n        vehicle_year=2021,\n        price=29.99,\n        availability='out of stock',\n    ),\n    RepairManual(\n        name='Chevrolet Silverado Repair Manual',\n        publisher='Chevrolet',\n        condition='like new',\n        format='digital',\n        language='English',\n        edition=1,\n        year_published=2021,\n        vehicle_make='Chevrolet',\n        vehicle_model='Silverado',\n        vehicle_year=2021,\n        price=19.99,\n        availability='preorder',\n    ),\n]\n```",
    "database_code": "```python\n# Global variable representing a list of Repair Manual examples known to the Mechanic.\nrepair_manuals = [\n    RepairManual(\n        name=\"Toyota Camry Repair Manual\",\n        publisher=\"Toyota\",\n        condition='new',\n        format='hardcover',\n        language=\"English\",\n        edition=5,\n        year_published=2020,\n        vehicle_make=\"Toyota\",\n        vehicle_model=\"Camry\",\n        vehicle_year=2020,\n        price=49.99,\n        availability='in stock'\n    ),\n    RepairManual(\n        name=\"Honda Accord Repair Manual\",\n        publisher=\"Honda\",\n        condition='like new',\n        format='paperback',\n        language=\"English\",\n        edition=3,\n        year_published=2019,\n        vehicle_make=\"Honda\",\n        vehicle_model=\"Accord\",\n        vehicle_year=2019,\n        price=39.99,\n        availability='in stock'\n    ),\n    RepairManual(\n        name=\"Ford F-150 Repair Manual\",\n        publisher=\"Ford\",\n        condition='used',\n        format='digital',\n        language=\"English\",\n        edition=2,\n        year_published=2018,\n        vehicle_make=\"Ford\",\n        vehicle_model=\"F-150\",\n        vehicle_year=2018,\n        price=29.99,\n        availability='out of stock'\n    ),\n    RepairManual(\n        name=\"Chevrolet Silverado Repair Manual\",\n        publisher=\"Chevrolet\",\n        condition='acceptable',\n        format='hardcover',\n        language=\"Spanish\",\n        edition=1,\n        year_published=2021,\n        vehicle_make=\"Chevrolet\",\n        vehicle_model=\"Silverado\",\n        vehicle_year=2021,\n        price=34.99,\n        availability='preorder'\n    ),\n    RepairManual(\n        name=\"Nissan Altima Repair Manual\",\n        publisher=\"Nissan\",\n        condition='new',\n        format='paperback',\n        language=\"English\",\n        edition=4,\n        year_published=2022,\n        vehicle_make=\"Nissan\",\n        vehicle_model=\"Altima\",\n        vehicle_year=2022,\n        price=44.99,\n        availability='in stock'\n    ),\n    RepairManual(\n        name=\"Hyundai Elantra Repair Manual\",\n        publisher=\"Hyundai\",\n        condition='used',\n        format='digital',\n        language=\"Korean\",\n        edition=2,\n        year_published=2017,\n        vehicle_make=\"Hyundai\",\n        vehicle_model=\"Elantra\",\n        vehicle_year=2017,\n        price=19.99,\n        availability='in stock'\n    ),\n    RepairManual(\n        name=\"Volkswagen Jetta Repair Manual\",\n        publisher=\"Volkswagen\",\n        condition='like new',\n        format='hardcover',\n        language=\"German\",\n        edition=3,\n        year_published=2020,\n        vehicle_make=\"Volkswagen\",\n        vehicle_model=\"Jetta\",\n        vehicle_year=2020,\n        price=39.99,\n        availability='in stock'\n    ),\n    RepairManual(\n        name=\"Subaru Outback Repair Manual\",\n        publisher=\"Subaru\",\n        condition='new',\n        format='paperback',\n        language=\"English\",\n        edition=1,\n        year_published=2023,\n        vehicle_make=\"Subaru\",\n        vehicle_model=\"Outback\",\n        vehicle_year=2023,\n        price=54.99,\n        availability='in stock'\n    ),\n    RepairManual(\n        name=\"Mazda CX-5 Repair Manual\",\n        publisher=\"Mazda\",\n        condition='acceptable',\n        format='digital',\n        language=\"English\",\n        edition=2,\n        year_published=2021,\n        vehicle_make=\"Mazda\",\n        vehicle_model=\"CX-5\",\n        vehicle_year=2021,\n        price=24.99,\n        availability='out of stock'\n    ),\n    RepairManual(\n        name=\"Kia Sorento Repair Manual\",\n        publisher=\"Kia\",\n        condition='used',\n        format='hardcover',\n        language=\"English\",\n        edition=3,\n        year_published=2019,\n        vehicle_make=\"Kia\",\n        vehicle_model=\"Sorento\",\n        vehicle_year=2019,\n        price=34.99,\n        availability='preorder'\n    )\n]\n```",
    "database": [
      {
        "name": "Volkswagen Jetta Repair Manual",
        "publisher": "Volkswagen",
        "condition": "like new",
        "format": "hardcover",
        "language": "German",
        "edition": 3,
        "year_published": 2020,
        "vehicle_make": "Volkswagen",
        "vehicle_model": "Jetta",
        "vehicle_year": 2020,
        "price": 39.99,
        "availability": "in stock"
      },
      {
        "name": "Nissan Altima Repair Manual",
        "publisher": "Nissan",
        "condition": "new",
        "format": "paperback",
        "language": "English",
        "edition": 4,
        "year_published": 2022,
        "vehicle_make": "Nissan",
        "vehicle_model": "Altima",
        "vehicle_year": 2022,
        "price": 44.99,
        "availability": "in stock"
      },
      {
        "name": "Mazda CX-5 Repair Manual",
        "publisher": "Mazda",
        "condition": "acceptable",
        "format": "digital",
        "language": "English",
        "edition": 2,
        "year_published": 2021,
        "vehicle_make": "Mazda",
        "vehicle_model": "CX-5",
        "vehicle_year": 2021,
        "price": 24.99,
        "availability": "out of stock"
      },
      {
        "name": "Chevrolet Silverado Repair Manual",
        "publisher": "Chevrolet",
        "condition": "new",
        "format": "hardcover",
        "language": "Spanish",
        "edition": 1,
        "year_published": 2021,
        "vehicle_make": "Chevrolet",
        "vehicle_model": "Silverado",
        "vehicle_year": 2021,
        "price": 44.99,
        "availability": "in stock"
      },
      {
        "name": "Toyota Camry Repair Manual",
        "publisher": "Toyota",
        "condition": "new",
        "format": "hardcover",
        "language": "English",
        "edition": 5,
        "year_published": 2020,
        "vehicle_make": "Toyota",
        "vehicle_model": "Camry",
        "vehicle_year": 2020,
        "price": 49.99,
        "availability": "in stock"
      },
      {
        "name": "Chevrolet Silverado Repair Manual",
        "publisher": "Chevrolet",
        "condition": "acceptable",
        "format": "paperback",
        "language": "Spanish",
        "edition": 1,
        "year_published": 2020,
        "vehicle_make": "Chevrolet",
        "vehicle_model": "Silverado",
        "vehicle_year": 2021,
        "price": 29.99,
        "availability": "out of stock"
      },
      {
        "name": "Honda Accord Repair Manual",
        "publisher": "Honda",
        "condition": "like new",
        "format": "paperback",
        "language": "English",
        "edition": 3,
        "year_published": 2019,
        "vehicle_make": "Honda",
        "vehicle_model": "Accord",
        "vehicle_year": 2019,
        "price": 39.99,
        "availability": "in stock"
      },
      {
        "name": "Subaru Outback Repair Manual",
        "publisher": "Subaru",
        "condition": "new",
        "format": "paperback",
        "language": "English",
        "edition": 1,
        "year_published": 2023,
        "vehicle_make": "Subaru",
        "vehicle_model": "Outback",
        "vehicle_year": 2023,
        "price": 54.99,
        "availability": "in stock"
      },
      {
        "name": "Hyundai Elantra Repair Manual",
        "publisher": "Hyundai",
        "condition": "used",
        "format": "digital",
        "language": "Korean",
        "edition": 2,
        "year_published": 2017,
        "vehicle_make": "Hyundai",
        "vehicle_model": "Elantra",
        "vehicle_year": 2017,
        "price": 19.99,
        "availability": "in stock"
      },
      {
        "name": "Ford F-150 Repair Manual",
        "publisher": "Ford",
        "condition": "used",
        "format": "digital",
        "language": "English",
        "edition": 2,
        "year_published": 2018,
        "vehicle_make": "Ford",
        "vehicle_model": "F-150",
        "vehicle_year": 2018,
        "price": 29.99,
        "availability": "out of stock"
      },
      {
        "name": "Chevrolet Silverado Repair Manual",
        "publisher": "Chevrolet",
        "condition": "acceptable",
        "format": "hardcover",
        "language": "Spanish",
        "edition": 1,
        "year_published": 2021,
        "vehicle_make": "Chevrolet",
        "vehicle_model": "Silverado",
        "vehicle_year": 2021,
        "price": 34.99,
        "availability": "preorder"
      },
      {
        "name": "Chevrolet Silverado Repair Manual",
        "publisher": "Chevrolet",
        "condition": "like new",
        "format": "digital",
        "language": "English",
        "edition": 1,
        "year_published": 2021,
        "vehicle_make": "Chevrolet",
        "vehicle_model": "Silverado",
        "vehicle_year": 2021,
        "price": 19.99,
        "availability": "preorder"
      },
      {
        "name": "Kia Sorento Repair Manual",
        "publisher": "Kia",
        "condition": "used",
        "format": "hardcover",
        "language": "English",
        "edition": 3,
        "year_published": 2019,
        "vehicle_make": "Kia",
        "vehicle_model": "Sorento",
        "vehicle_year": 2019,
        "price": 34.99,
        "availability": "preorder"
      }
    ],
    "goal": {
      "name": "Chevrolet Silverado Repair Manual",
      "publisher": "Chevrolet",
      "condition": "new",
      "format": "hardcover",
      "language": "Spanish",
      "edition": 1,
      "year_published": 2021,
      "vehicle_make": "Chevrolet",
      "vehicle_model": "Silverado",
      "vehicle_year": 2021,
      "price": 44.99,
      "availability": "in stock"
    },
    "status": "complete"
  },
  {
    "domain": "Aftermarket Parts",
    "turns": [
      [
        "That\u2019s perfect! Now, do you have any engine parts available for a 2018-2021 Chevrolet Traverse?",
        {
          "name": null,
          "part_type": "engine",
          "brand": null,
          "material": null,
          "compatibility": "2018-2021 Chevrolet Traverse",
          "price_range": null,
          "rating": null,
          "in_stock": null,
          "warranty": null
        },
        "Yes, I have a few engine parts for the 2018-2021 Chevrolet Traverse. What specific type are you looking for?"
      ],
      [
        "I'm interested in aluminum engine parts, preferably from BrandJ.",
        {
          "name": null,
          "part_type": "engine",
          "brand": "BrandJ",
          "material": "aluminum",
          "compatibility": "2018-2021 Chevrolet Traverse",
          "price_range": null,
          "rating": null,
          "in_stock": null,
          "warranty": null
        },
        "I have an upgraded fuel injector from BrandJ that's aluminum and fits the 2018-2021 Chevrolet Traverse. Would you like more details?"
      ],
      [
        "Yes, please share the price and warranty details!",
        {
          "name": "upgraded fuel injector",
          "part_type": "engine",
          "brand": "BrandJ",
          "material": "aluminum",
          "compatibility": "2018-2021 Chevrolet Traverse",
          "price_range": null,
          "rating": null,
          "in_stock": null,
          "warranty": "limited"
        },
        "The price is $199.99, and it comes with a limited warranty. Would you like to go ahead with it?"
      ],
      [
        "Can you confirm if it's in stock and the rating?",
        {
          "name": "upgraded fuel injector",
          "part_type": "engine",
          "brand": "BrandJ",
          "material": "aluminum",
          "compatibility": "2018-2021 Chevrolet Traverse",
          "price_range": [
            199.99,
            199.99
          ],
          "rating": null,
          "in_stock": null,
          "warranty": "limited"
        },
        "Yes, it's in stock and has a rating of 4.6. Shall I reserve it for you?"
      ],
      [
        "Yes, please reserve it for me!",
        {
          "name": "upgraded fuel injector",
          "part_type": "engine",
          "brand": "BrandJ",
          "material": "aluminum",
          "compatibility": "2018-2021 Chevrolet Traverse",
          "price_range": [
            199.99,
            199.99
          ],
          "rating": 4.6,
          "in_stock": true,
          "warranty": "limited"
        },
        "Great! It's reserved for you. Thank you!"
      ]
    ],
    "preferences_code": "```python\npreferences = AftermarketPartCriteria(\n    name='Upgraded Fuel Injector',\n    part_type='engine',\n    brand='BrandJ',\n    material='aluminum',\n    compatibility='Chevrolet Traverse 2018-2021',\n    price_range=(150.0, 250.0),\n    rating=4.0,\n    in_stock=True,\n    warranty='full',\n)\n```",
    "red_herrings_code": "```python\n# Global variable containing a list of AftermarketPartInfo examples\nsimilar_aftermarket_parts = [\n    AftermarketPartInfo(\n        name='High-Performance Fuel Injector',\n        part_type='engine',\n        brand='BrandA',\n        material='plastic',\n        compatibility='Chevrolet Traverse 2018-2021',\n        price=219.99,\n        rating=4.7,\n        in_stock=True,\n        warranty='limited',\n    ),\n    AftermarketPartInfo(\n        name='Upgraded Fuel Injector',\n        part_type='engine',\n        brand='BrandJ',\n        material='aluminum',\n        compatibility='Chevrolet Traverse 2018-2021',\n        price=199.99,\n        rating=4.6,\n        in_stock=True,\n        warranty='full',\n    ),\n    AftermarketPartInfo(\n        name='Fuel Injector Replacement',\n        part_type='engine',\n        brand='BrandK',\n        material='plastic',\n        compatibility='Chevrolet Traverse 2017-2021',\n        price=179.99,\n        rating=4.5,\n        in_stock=False,\n        warranty='limited',\n    ),\n]\n```",
    "database_code": "```python\n# Global variable representing a list of Aftermarket Parts examples\naftermarket_parts_examples = [\n    AftermarketPartInfo(\n        name=\"High-Performance Brake Pads\",\n        part_type=\"brakes\",\n        brand=\"BrandA\",\n        material=\"ceramic\",\n        compatibility=\"Chevrolet Silverado 2015-2020\",\n        price=89.99,\n        rating=4.5,\n        in_stock=True,\n        warranty=\"limited\"\n    ),\n    AftermarketPartInfo(\n        name=\"Carbon Fiber Hood\",\n        part_type=\"body\",\n        brand=\"BrandB\",\n        material=\"carbon_fiber\",\n        compatibility=\"Chevrolet Camaro 2016-2021\",\n        price=499.99,\n        rating=4.8,\n        in_stock=False,\n        warranty=\"full\"\n    ),\n    AftermarketPartInfo(\n        name=\"Stainless Steel Exhaust System\",\n        part_type=\"exhaust\",\n        brand=\"BrandC\",\n        material=\"steel\",\n        compatibility=\"Chevrolet Corvette 2017-2021\",\n        price=1200.00,\n        rating=4.7,\n        in_stock=True,\n        warranty=\"limited\"\n    ),\n    AftermarketPartInfo(\n        name=\"Heavy-Duty Suspension Kit\",\n        part_type=\"suspension\",\n        brand=\"BrandD\",\n        material=\"steel\",\n        compatibility=\"Chevrolet Silverado 2500HD 2015-2020\",\n        price=750.00,\n        rating=4.6,\n        in_stock=True,\n        warranty=\"none\"\n    ),\n    AftermarketPartInfo(\n        name=\"LED Headlight Bulbs\",\n        part_type=\"interior\",\n        brand=\"BrandE\",\n        material=\"plastic\",\n        compatibility=\"Chevrolet Equinox 2018-2021\",\n        price=39.99,\n        rating=4.2,\n        in_stock=True,\n        warranty=\"limited\"\n    ),\n    AftermarketPartInfo(\n        name=\"Performance Air Filter\",\n        part_type=\"engine\",\n        brand=\"BrandF\",\n        material=\"cotton\",\n        compatibility=\"Chevrolet Malibu 2016-2021\",\n        price=49.99,\n        rating=4.3,\n        in_stock=True,\n        warranty=\"none\"\n    ),\n    AftermarketPartInfo(\n        name=\"Sport Suspension Struts\",\n        part_type=\"suspension\",\n        brand=\"BrandG\",\n        material=\"aluminum\",\n        compatibility=\"Chevrolet Camaro 2015-2021\",\n        price=299.99,\n        rating=4.5,\n        in_stock=True,\n        warranty=\"full\"\n    ),\n    AftermarketPartInfo(\n        name=\"Custom Grille\",\n        part_type=\"body\",\n        brand=\"BrandH\",\n        material=\"plastic\",\n        compatibility=\"Chevrolet Tahoe 2015-2020\",\n        price=199.99,\n        rating=4.0,\n        in_stock=False,\n        warranty=\"limited\"\n    ),\n    AftermarketPartInfo(\n        name=\"High-Performance Spark Plugs\",\n        part_type=\"engine\",\n        brand=\"BrandI\",\n        material=\"metal\",\n        compatibility=\"Chevrolet Impala 2018-2021\",\n        price=29.99,\n        rating=4.4,\n        in_stock=True,\n        warranty=\"none\"\n    ),\n    AftermarketPartInfo(\n        name=\"Upgraded Fuel Injector\",\n        part_type=\"engine\",\n        brand=\"BrandJ\",\n        material=\"plastic\",\n        compatibility=\"Chevrolet Traverse 2018-2021\",\n        price=199.99,\n        rating=4.6,\n        in_stock=True,\n        warranty=\"limited\"\n    )\n]\n```",
    "database": [
      {
        "name": "Stainless Steel Exhaust System",
        "part_type": "exhaust",
        "brand": "BrandC",
        "material": "steel",
        "compatibility": "Chevrolet Corvette 2017-2021",
        "price": 1200.0,
        "rating": 4.7,
        "in_stock": true,
        "warranty": "limited"
      },
      {
        "name": "Upgraded Fuel Injector",
        "part_type": "engine",
        "brand": "BrandJ",
        "material": "plastic",
        "compatibility": "Chevrolet Traverse 2018-2021",
        "price": 199.99,
        "rating": 4.6,
        "in_stock": true,
        "warranty": "limited"
      },
      {
        "name": "Fuel Injector Replacement",
        "part_type": "engine",
        "brand": "BrandK",
        "material": "plastic",
        "compatibility": "Chevrolet Traverse 2017-2021",
        "price": 179.99,
        "rating": 4.5,
        "in_stock": false,
        "warranty": "limited"
      },
      {
        "name": "Carbon Fiber Hood",
        "part_type": "body",
        "brand": "BrandB",
        "material": "carbon_fiber",
        "compatibility": "Chevrolet Camaro 2016-2021",
        "price": 499.99,
        "rating": 4.8,
        "in_stock": false,
        "warranty": "full"
      },
      {
        "name": "Heavy-Duty Suspension Kit",
        "part_type": "suspension",
        "brand": "BrandD",
        "material": "steel",
        "compatibility": "Chevrolet Silverado 2500HD 2015-2020",
        "price": 750.0,
        "rating": 4.6,
        "in_stock": true,
        "warranty": "none"
      },
      {
        "name": "Performance Air Filter",
        "part_type": "engine",
        "brand": "BrandF",
        "material": "cotton",
        "compatibility": "Chevrolet Malibu 2016-2021",
        "price": 49.99,
        "rating": 4.3,
        "in_stock": true,
        "warranty": "none"
      },
      {
        "name": "Sport Suspension Struts",
        "part_type": "suspension",
        "brand": "BrandG",
        "material": "aluminum",
        "compatibility": "Chevrolet Camaro 2015-2021",
        "price": 299.99,
        "rating": 4.5,
        "in_stock": true,
        "warranty": "full"
      },
      {
        "name": "High-Performance Fuel Injector",
        "part_type": "engine",
        "brand": "BrandA",
        "material": "plastic",
        "compatibility": "Chevrolet Traverse 2018-2021",
        "price": 219.99,
        "rating": 4.7,
        "in_stock": true,
        "warranty": "limited"
      },
      {
        "name": "Custom Grille",
        "part_type": "body",
        "brand": "BrandH",
        "material": "plastic",
        "compatibility": "Chevrolet Tahoe 2015-2020",
        "price": 199.99,
        "rating": 4.0,
        "in_stock": false,
        "warranty": "limited"
      },
      {
        "name": "High-Performance Brake Pads",
        "part_type": "brakes",
        "brand": "BrandA",
        "material": "ceramic",
        "compatibility": "Chevrolet Silverado 2015-2020",
        "price": 89.99,
        "rating": 4.5,
        "in_stock": true,
        "warranty": "limited"
      },
      {
        "name": "Upgraded Fuel Injector",
        "part_type": "engine",
        "brand": "BrandJ",
        "material": "aluminum",
        "compatibility": "Chevrolet Traverse 2018-2021",
        "price": 199.99,
        "rating": 4.6,
        "in_stock": true,
        "warranty": "full"
      },
      {
        "name": "High-Performance Spark Plugs",
        "part_type": "engine",
        "brand": "BrandI",
        "material": "metal",
        "compatibility": "Chevrolet Impala 2018-2021",
        "price": 29.99,
        "rating": 4.4,
        "in_stock": true,
        "warranty": "none"
      },
      {
        "name": "LED Headlight Bulbs",
        "part_type": "interior",
        "brand": "BrandE",
        "material": "plastic",
        "compatibility": "Chevrolet Equinox 2018-2021",
        "price": 39.99,
        "rating": 4.2,
        "in_stock": true,
        "warranty": "limited"
      }
    ],
    "goal": {
      "name": "Upgraded Fuel Injector",
      "part_type": "engine",
      "brand": "BrandJ",
      "material": "aluminum",
      "compatibility": "Chevrolet Traverse 2018-2021",
      "price": 199.99,
      "rating": 4.6,
      "in_stock": true,
      "warranty": "full"
    },
    "status": "complete"
  },
  {
    "domain": "Tuning Guide",
    "turns": [
      [
        "Thanks! By the way, do you know of any advanced Tuning Guides for Subaru?",
        {
          "name": null,
          "level": "advanced",
          "language": null,
          "car_make": "Subaru",
          "car_model": null,
          "focus_area": null,
          "format": null,
          "price_range": null,
          "release_year": null
        },
        "Yes, there's an advanced tuning guide for the Subaru BRZ. Would you like to know more about it?"
      ],
      [
        "Absolutely! What format is it in, and what's the price?",
        {
          "name": null,
          "level": "advanced",
          "language": null,
          "car_make": "Subaru",
          "car_model": "BRZ",
          "focus_area": null,
          "format": null,
          "price_range": null,
          "release_year": null
        },
        "It's a video format and priced at $15 to $30. Interested in that?"
      ],
      [
        "Yes, that fits my budget! Is it focused on suspension tuning?",
        {
          "name": null,
          "level": "advanced",
          "language": null,
          "car_make": "Subaru",
          "car_model": "BRZ",
          "focus_area": "suspension",
          "format": "video",
          "price_range": "15 to 30",
          "release_year": null
        },
        "Yes, it focuses on suspension tuning. Would you like to confirm your choice?"
      ],
      [
        "Yes, I\u2019ll take it! Thank you!",
        {
          "name": null,
          "level": "advanced",
          "language": "Spanish",
          "car_make": "Subaru",
          "car_model": "BRZ",
          "focus_area": "suspension",
          "format": "video",
          "price_range": "15 to 30",
          "release_year": null
        },
        "You're welcome! It's all set for you. Enjoy your tuning!"
      ]
    ],
    "preferences_code": "```python\npreferences = TuningGuidePreferences(\n    name='Advanced Tuning Techniques',\n    level='advanced',\n    language='English',\n    car_make='Subaru',\n    car_model='BRZ',\n    focus_area='suspension',\n    format='video',\n    price_range='$15-$30',\n    release_year=2020,\n)\n```",
    "red_herrings_code": "```python\n# Global variable containing a list of Tuning Guide examples\ntuning_guides = [\n    TuningGuide(\n        name='Tuning Basics',\n        level='beginner',\n        language='Spanish',\n        car_make='Subaru',\n        car_model='WRX',\n        focus_area='engine',\n        format='ebook',\n        price_range='$5-$15',\n        release_year=2021,\n    ),\n    TuningGuide(\n        name='Advanced Tuning Techniques',\n        level='advanced',\n        language='English',\n        car_make='Subaru',\n        car_model='BRZ',\n        focus_area='suspension',\n        format='video',\n        price_range='$15-$30',\n        release_year=2020,\n    ),\n    TuningGuide(\n        name='Engine Performance Tuning',\n        level='intermediate',\n        language='English',\n        car_make='Subaru',\n        car_model='WRX',\n        focus_area='engine',\n        format='course',\n        price_range='$10-$20',\n        release_year=2022,\n    ),\n]\n```",
    "database_code": "```python\n# Global variable to store a list of Tuning Guide examples\ntuning_guides = [\n    TuningGuide(\n        name=\"Gu\u00eda de Tuning para Principiantes\",\n        level='beginner',\n        language='Spanish',\n        car_make='Chevrolet',\n        car_model='Traverse',\n        focus_area='engine',\n        format='ebook',\n        price_range='$10-$20',\n        release_year=2021\n    ),\n    TuningGuide(\n        name=\"Advanced Tuning Techniques\",\n        level='advanced',\n        language='English',\n        car_make='Ford',\n        car_model='Mustang',\n        focus_area='suspension',\n        format='video',\n        price_range='$30-$50',\n        release_year=2020\n    ),\n    TuningGuide(\n        name=\"Electronics Tuning Guide\",\n        level='intermediate',\n        language='Spanish',\n        car_make='Toyota',\n        car_model='Camry',\n        focus_area='electronics',\n        format='course',\n        price_range='$50-$100',\n        release_year=2019\n    ),\n    TuningGuide(\n        name=\"Aerodynamics for Beginners\",\n        level='beginner',\n        language='English',\n        car_make='Honda',\n        car_model='Civic',\n        focus_area='aerodynamics',\n        format='ebook',\n        price_range='$15-$25',\n        release_year=2021\n    ),\n    TuningGuide(\n        name=\"Suspension Upgrades\",\n        level='intermediate',\n        language='English',\n        car_make='Nissan',\n        car_model='370Z',\n        focus_area='suspension',\n        format='video',\n        price_range='$20-$40',\n        release_year=2022\n    ),\n    TuningGuide(\n        name=\"Gu\u00eda de Tuning Avanzado\",\n        level='advanced',\n        language='Spanish',\n        car_make='Volkswagen',\n        car_model='Golf',\n        focus_area='engine',\n        format='course',\n        price_range='$40-$80',\n        release_year=2020\n    ),\n    TuningGuide(\n        name=\"Tuning Basics\",\n        level='beginner',\n        language='English',\n        car_make='Subaru',\n        car_model='WRX',\n        focus_area='engine',\n        format='ebook',\n        price_range='$5-$15',\n        release_year=2021\n    ),\n    TuningGuide(\n        name=\"Advanced Electronics Tuning\",\n        level='advanced',\n        language='English',\n        car_make='BMW',\n        car_model='M3',\n        focus_area='electronics',\n        format='video',\n        price_range='$60-$120',\n        release_year=2019\n    ),\n    TuningGuide(\n        name=\"Gu\u00eda de Suspensi\u00f3n Intermedia\",\n        level='intermediate',\n        language='Spanish',\n        car_make='Mazda',\n        car_model='CX-5',\n        focus_area='suspension',\n        format='course',\n        price_range='$25-$45',\n        release_year=2021\n    ),\n    TuningGuide(\n        name=\"Aerodynamics for Advanced Tuning\",\n        level='advanced',\n        language='English',\n        car_make='Porsche',\n        car_model='911',\n        focus_area='aerodynamics',\n        format='ebook',\n        price_range='$75-$150',\n        release_year=2022\n    )\n]\n```",
    "database": [
      {
        "name": "Gu\u00eda de Suspensi\u00f3n Intermedia",
        "level": "intermediate",
        "language": "Spanish",
        "car_make": "Mazda",
        "car_model": "CX-5",
        "focus_area": "suspension",
        "format": "course",
        "price_range": "$25-$45",
        "release_year": 2021
      },
      {
        "name": "Suspension Upgrades",
        "level": "intermediate",
        "language": "English",
        "car_make": "Nissan",
        "car_model": "370Z",
        "focus_area": "suspension",
        "format": "video",
        "price_range": "$20-$40",
        "release_year": 2022
      },
      {
        "name": "Advanced Electronics Tuning",
        "level": "advanced",
        "language": "English",
        "car_make": "BMW",
        "car_model": "M3",
        "focus_area": "electronics",
        "format": "video",
        "price_range": "$60-$120",
        "release_year": 2019
      },
      {
        "name": "Advanced Tuning Techniques",
        "level": "advanced",
        "language": "English",
        "car_make": "Subaru",
        "car_model": "BRZ",
        "focus_area": "suspension",
        "format": "video",
        "price_range": "$15-$30",
        "release_year": 2020
      },
      {
        "name": "Gu\u00eda de Tuning para Principiantes",
        "level": "beginner",
        "language": "Spanish",
        "car_make": "Chevrolet",
        "car_model": "Traverse",
        "focus_area": "engine",
        "format": "ebook",
        "price_range": "$10-$20",
        "release_year": 2021
      },
      {
        "name": "Engine Performance Tuning",
        "level": "intermediate",
        "language": "English",
        "car_make": "Subaru",
        "car_model": "WRX",
        "focus_area": "engine",
        "format": "course",
        "price_range": "$10-$20",
        "release_year": 2022
      },
      {
        "name": "Electronics Tuning Guide",
        "level": "intermediate",
        "language": "Spanish",
        "car_make": "Toyota",
        "car_model": "Camry",
        "focus_area": "electronics",
        "format": "course",
        "price_range": "$50-$100",
        "release_year": 2019
      },
      {
        "name": "Gu\u00eda de Tuning Avanzado",
        "level": "advanced",
        "language": "Spanish",
        "car_make": "Volkswagen",
        "car_model": "Golf",
        "focus_area": "engine",
        "format": "course",
        "price_range": "$40-$80",
        "release_year": 2020
      },
      {
        "name": "Tuning Basics",
        "level": "beginner",
        "language": "English",
        "car_make": "Subaru",
        "car_model": "WRX",
        "focus_area": "engine",
        "format": "ebook",
        "price_range": "$5-$15",
        "release_year": 2021
      },
      {
        "name": "Aerodynamics for Beginners",
        "level": "beginner",
        "language": "English",
        "car_make": "Honda",
        "car_model": "Civic",
        "focus_area": "aerodynamics",
        "format": "ebook",
        "price_range": "$15-$25",
        "release_year": 2021
      },
      {
        "name": "Aerodynamics for Advanced Tuning",
        "level": "advanced",
        "language": "English",
        "car_make": "Porsche",
        "car_model": "911",
        "focus_area": "aerodynamics",
        "format": "ebook",
        "price_range": "$75-$150",
        "release_year": 2022
      },
      {
        "name": "Advanced Tuning Techniques",
        "level": "advanced",
        "language": "English",
        "car_make": "Ford",
        "car_model": "Mustang",
        "focus_area": "suspension",
        "format": "video",
        "price_range": "$30-$50",
        "release_year": 2020
      },
      {
        "name": "Tuning Basics",
        "level": "beginner",
        "language": "Spanish",
        "car_make": "Subaru",
        "car_model": "WRX",
        "focus_area": "engine",
        "format": "ebook",
        "price_range": "$5-$15",
        "release_year": 2021
      }
    ],
    "goal": {
      "name": "Advanced Tuning Techniques",
      "level": "advanced",
      "language": "English",
      "car_make": "Subaru",
      "car_model": "BRZ",
      "focus_area": "suspension",
      "format": "video",
      "price_range": "$15-$30",
      "release_year": 2020
    },
    "status": "complete"
  }
]