[
  {
    "domain": "tenant screening",
    "turns": [
      [
        "Hey, can we start with the income requirement? I'm thinking around $5,000 a month.",
        {
          "name": null,
          "criteria_type_1": null,
          "criteria_type_2": null,
          "income_requirement": 5000,
          "credit_score_minimum": null,
          "eviction_history": null,
          "employment_status": null,
          "smoking_preference": null,
          "pet_policy": null,
          "lease_duration": null
        },
        "Sure! So you're looking for a minimum income requirement of $5,000 a month, right?"
      ],
      [
        "Yes, that's right! What do you think about the credit score? I'm aiming for a minimum of 750.",
        {
          "name": null,
          "criteria_type_1": null,
          "criteria_type_2": null,
          "income_requirement": 5000.0,
          "credit_score_minimum": 750,
          "eviction_history": null,
          "employment_status": null,
          "smoking_preference": null,
          "pet_policy": null,
          "lease_duration": null
        },
        "Got it! A minimum credit score of 750, noted. Any thoughts on eviction history?"
      ],
      [
        "I prefer tenants with minor eviction history, if any. How does that sound?",
        {
          "name": null,
          "criteria_type_1": null,
          "criteria_type_2": null,
          "income_requirement": 5000.0,
          "credit_score_minimum": 750,
          "eviction_history": "minor",
          "employment_status": null,
          "smoking_preference": null,
          "pet_policy": null,
          "lease_duration": null
        },
        "Okay, so you\u2019re okay with minor eviction history. What about employment status? Any specific preference?"
      ],
      [
        "I\u2019d like tenants to be employed. Does that fit well with the screening options?",
        {
          "name": null,
          "criteria_type_1": null,
          "criteria_type_2": null,
          "income_requirement": 5000.0,
          "credit_score_minimum": 750,
          "eviction_history": "minor",
          "employment_status": "employed",
          "smoking_preference": null,
          "pet_policy": null,
          "lease_duration": null
        },
        "Yes, looking for employed tenants works well! How do you feel about smoking preferences?"
      ],
      [
        "I prefer no smoking at all. Can we find options that accommodate that?",
        {
          "name": null,
          "criteria_type_1": null,
          "criteria_type_2": null,
          "income_requirement": 5000.0,
          "credit_score_minimum": 750,
          "eviction_history": "minor",
          "employment_status": "employed",
          "smoking_preference": "no",
          "pet_policy": null,
          "lease_duration": null
        },
        "Absolutely, no smoking is noted. Lastly, what's your preference for the pet policy?"
      ],
      [
        "I want a no pets policy. Does that align with the available screenings?",
        {
          "name": null,
          "criteria_type_1": null,
          "criteria_type_2": null,
          "income_requirement": 5000.0,
          "credit_score_minimum": 750,
          "eviction_history": "minor",
          "employment_status": "employed",
          "smoking_preference": "no",
          "pet_policy": "no pets",
          "lease_duration": null
        },
        "Yes, a no pets policy aligns perfectly! Let me summarize: $5,000 income, 750 credit score, minor eviction history, employed, no smoking, and no pets. Does that sound good?"
      ]
    ],
    "preferences_code": "```python\npreferences = TenantScreeningCriteria(\n    name='Executive Apartment Screening',\n    criteria_type_1='Credit Check',\n    criteria_type_2='Background Check',\n    income_requirement=5000.0,\n    credit_score_minimum=750,\n    eviction_history='minor',\n    employment_status='employed',\n    smoking_preference='no',\n    pet_policy='no pets',\n    lease_duration=24,\n)\n```",
    "red_herrings_code": "```python\n# A global variable that holds a list of similar tenant screening examples.\nsimilar_tenant_screenings = [\n    TenantScreeningKnowledge(\n        name='Luxury Apartment Screening',\n        criteria_type_1='Credit Check',\n        criteria_type_2='Background Check',\n        income_requirement=6000.0,  # Higher income requirement\n        credit_score_minimum=750,\n        eviction_history='none',\n        employment_status='employed',\n        smoking_preference='no',\n        pet_policy='no pets',\n        lease_duration=24,\n    ),\n    TenantScreeningKnowledge(\n        name='Premium Apartment Screening',\n        criteria_type_1='Credit Check',\n        criteria_type_2='Background Check',\n        income_requirement=5000.0,\n        credit_score_minimum=700,  # Lower credit score minimum\n        eviction_history='none',\n        employment_status='employed',\n        smoking_preference='no',\n        pet_policy='no pets',\n        lease_duration=24,\n    ),\n    TenantScreeningKnowledge(\n        name='Executive Apartment Screening',\n        criteria_type_1='Credit Check',\n        criteria_type_2='Background Check',\n        income_requirement=5000.0,\n        credit_score_minimum=750,\n        eviction_history='minor',  # Accepts minor eviction history\n        employment_status='employed',\n        smoking_preference='no',\n        pet_policy='no pets',\n        lease_duration=24,\n    ),\n]\n```",
    "database_code": "```python\n# Global variable to hold a list of tenant screening examples\ntenant_screening_examples = [\n    TenantScreeningKnowledge(\n        name=\"Standard Screening\",\n        criteria_type_1=\"Credit Check\",\n        criteria_type_2=\"Background Check\",\n        income_requirement=3000.0,\n        credit_score_minimum=650,\n        eviction_history=\"none\",\n        employment_status=\"employed\",\n        smoking_preference=\"no\",\n        pet_policy=\"no pets\",\n        lease_duration=12\n    ),\n    TenantScreeningKnowledge(\n        name=\"Family-Friendly Screening\",\n        criteria_type_1=\"Background Check\",\n        criteria_type_2=\"Reference Check\",\n        income_requirement=4000.0,\n        credit_score_minimum=600,\n        eviction_history=\"minor\",\n        employment_status=\"employed\",\n        smoking_preference=\"outside\",\n        pet_policy=\"small pets ok\",\n        lease_duration=24\n    ),\n    TenantScreeningKnowledge(\n        name=\"Student Screening\",\n        criteria_type_1=\"Credit Check\",\n        criteria_type_2=\"Reference Check\",\n        income_requirement=1500.0,\n        credit_score_minimum=580,\n        eviction_history=\"none\",\n        employment_status=\"student\",\n        smoking_preference=\"no\",\n        pet_policy=\"no pets\",\n        lease_duration=12\n    ),\n    TenantScreeningKnowledge(\n        name=\"Self-Employed Screening\",\n        criteria_type_1=\"Income Verification\",\n        criteria_type_2=\"Credit Check\",\n        income_requirement=3500.0,\n        credit_score_minimum=700,\n        eviction_history=\"none\",\n        employment_status=\"self-employed\",\n        smoking_preference=\"yes\",\n        pet_policy=\"all pets ok\",\n        lease_duration=6\n    ),\n    TenantScreeningKnowledge(\n        name=\"Short-Term Rental Screening\",\n        criteria_type_1=\"Background Check\",\n        criteria_type_2=\"Credit Check\",\n        income_requirement=2500.0,\n        credit_score_minimum=600,\n        eviction_history=\"minor\",\n        employment_status=\"employed\",\n        smoking_preference=\"outside\",\n        pet_policy=\"small pets ok\",\n        lease_duration=3\n    ),\n    TenantScreeningKnowledge(\n        name=\"Luxury Apartment Screening\",\n        criteria_type_1=\"Credit Check\",\n        criteria_type_2=\"Background Check\",\n        income_requirement=5000.0,\n        credit_score_minimum=750,\n        eviction_history=\"none\",\n        employment_status=\"employed\",\n        smoking_preference=\"no\",\n        pet_policy=\"no pets\",\n        lease_duration=24\n    ),\n    TenantScreeningKnowledge(\n        name=\"Affordable Housing Screening\",\n        criteria_type_1=\"Income Verification\",\n        criteria_type_2=\"Background Check\",\n        income_requirement=2000.0,\n        credit_score_minimum=550,\n        eviction_history=\"minor\",\n        employment_status=\"unemployed\",\n        smoking_preference=\"yes\",\n        pet_policy=\"small pets ok\",\n        lease_duration=12\n    ),\n    TenantScreeningKnowledge(\n        name=\"Retirement Community Screening\",\n        criteria_type_1=\"Background Check\",\n        criteria_type_2=\"Reference Check\",\n        income_requirement=2500.0,\n        credit_score_minimum=600,\n        eviction_history=\"none\",\n        employment_status=\"retired\",\n        smoking_preference=\"no\",\n        pet_policy=\"no pets\",\n        lease_duration=12\n    ),\n    TenantScreeningKnowledge(\n        name=\"Professional Screening\",\n        criteria_type_1=\"Credit Check\",\n        criteria_type_2=\"Background Check\",\n        income_requirement=4000.0,\n        credit_score_minimum=700,\n        eviction_history=\"none\",\n        employment_status=\"employed\",\n        smoking_preference=\"outside\",\n        pet_policy=\"small pets ok\",\n        lease_duration=12\n    ),\n    TenantScreeningKnowledge(\n        name=\"Group Housing Screening\",\n        criteria_type_1=\"Background Check\",\n        criteria_type_2=\"Reference Check\",\n        income_requirement=2000.0,\n        credit_score_minimum=580,\n        eviction_history=\"minor\",\n        employment_status=\"student\",\n        smoking_preference=\"yes\",\n        pet_policy=\"all pets ok\",\n        lease_duration=6\n    )\n]\n```",
    "database": [
      {
        "name": "Student Screening",
        "criteria_type_1": "Credit Check",
        "criteria_type_2": "Reference Check",
        "income_requirement": 1500.0,
        "credit_score_minimum": 580,
        "eviction_history": "none",
        "employment_status": "student",
        "smoking_preference": "no",
        "pet_policy": "no pets",
        "lease_duration": 12
      },
      {
        "name": "Professional Screening",
        "criteria_type_1": "Credit Check",
        "criteria_type_2": "Background Check",
        "income_requirement": 4000.0,
        "credit_score_minimum": 700,
        "eviction_history": "none",
        "employment_status": "employed",
        "smoking_preference": "outside",
        "pet_policy": "small pets ok",
        "lease_duration": 12
      },
      {
        "name": "Self-Employed Screening",
        "criteria_type_1": "Income Verification",
        "criteria_type_2": "Credit Check",
        "income_requirement": 3500.0,
        "credit_score_minimum": 700,
        "eviction_history": "none",
        "employment_status": "self-employed",
        "smoking_preference": "yes",
        "pet_policy": "all pets ok",
        "lease_duration": 6
      },
      {
        "name": "Luxury Apartment Screening",
        "criteria_type_1": "Credit Check",
        "criteria_type_2": "Background Check",
        "income_requirement": 6000.0,
        "credit_score_minimum": 750,
        "eviction_history": "none",
        "employment_status": "employed",
        "smoking_preference": "no",
        "pet_policy": "no pets",
        "lease_duration": 24
      },
      {
        "name": "Standard Screening",
        "criteria_type_1": "Credit Check",
        "criteria_type_2": "Background Check",
        "income_requirement": 3000.0,
        "credit_score_minimum": 650,
        "eviction_history": "none",
        "employment_status": "employed",
        "smoking_preference": "no",
        "pet_policy": "no pets",
        "lease_duration": 12
      },
      {
        "name": "Luxury Apartment Screening",
        "criteria_type_1": "Credit Check",
        "criteria_type_2": "Background Check",
        "income_requirement": 5000.0,
        "credit_score_minimum": 750,
        "eviction_history": "none",
        "employment_status": "employed",
        "smoking_preference": "no",
        "pet_policy": "no pets",
        "lease_duration": 24
      },
      {
        "name": "Group Housing Screening",
        "criteria_type_1": "Background Check",
        "criteria_type_2": "Reference Check",
        "income_requirement": 2000.0,
        "credit_score_minimum": 580,
        "eviction_history": "minor",
        "employment_status": "student",
        "smoking_preference": "yes",
        "pet_policy": "all pets ok",
        "lease_duration": 6
      },
      {
        "name": "Premium Apartment Screening",
        "criteria_type_1": "Credit Check",
        "criteria_type_2": "Background Check",
        "income_requirement": 5000.0,
        "credit_score_minimum": 700,
        "eviction_history": "none",
        "employment_status": "employed",
        "smoking_preference": "no",
        "pet_policy": "no pets",
        "lease_duration": 24
      },
      {
        "name": "Short-Term Rental Screening",
        "criteria_type_1": "Background Check",
        "criteria_type_2": "Credit Check",
        "income_requirement": 2500.0,
        "credit_score_minimum": 600,
        "eviction_history": "minor",
        "employment_status": "employed",
        "smoking_preference": "outside",
        "pet_policy": "small pets ok",
        "lease_duration": 3
      },
      {
        "name": "Executive Apartment Screening",
        "criteria_type_1": "Credit Check",
        "criteria_type_2": "Background Check",
        "income_requirement": 5000.0,
        "credit_score_minimum": 750,
        "eviction_history": "minor",
        "employment_status": "employed",
        "smoking_preference": "no",
        "pet_policy": "no pets",
        "lease_duration": 24
      },
      {
        "name": "Family-Friendly Screening",
        "criteria_type_1": "Background Check",
        "criteria_type_2": "Reference Check",
        "income_requirement": 4000.0,
        "credit_score_minimum": 600,
        "eviction_history": "minor",
        "employment_status": "employed",
        "smoking_preference": "outside",
        "pet_policy": "small pets ok",
        "lease_duration": 24
      },
      {
        "name": "Retirement Community Screening",
        "criteria_type_1": "Background Check",
        "criteria_type_2": "Reference Check",
        "income_requirement": 2500.0,
        "credit_score_minimum": 600,
        "eviction_history": "none",
        "employment_status": "retired",
        "smoking_preference": "no",
        "pet_policy": "no pets",
        "lease_duration": 12
      },
      {
        "name": "Affordable Housing Screening",
        "criteria_type_1": "Income Verification",
        "criteria_type_2": "Background Check",
        "income_requirement": 2000.0,
        "credit_score_minimum": 550,
        "eviction_history": "minor",
        "employment_status": "unemployed",
        "smoking_preference": "yes",
        "pet_policy": "small pets ok",
        "lease_duration": 12
      }
    ],
    "goal": {
      "name": "Executive Apartment Screening",
      "criteria_type_1": "Credit Check",
      "criteria_type_2": "Background Check",
      "income_requirement": 5000.0,
      "credit_score_minimum": 750,
      "eviction_history": "minor",
      "employment_status": "employed",
      "smoking_preference": "no",
      "pet_policy": "no pets",
      "lease_duration": 24
    },
    "status": "complete"
  },
  {
    "domain": "lease agreements",
    "turns": [
      [
        "Yes, that sounds great! Now, can we look for long-term lease agreements?",
        {
          "name": null,
          "criteria_type_1": "income requirement",
          "criteria_type_2": "credit score",
          "preference_type": "long-term",
          "furnished": null,
          "pet_friendly": "no",
          "price_range_low": 5000,
          "price_range_high": null,
          "location": null,
          "number_of_bedrooms": null,
          "number_of_bathrooms": null,
          "amenities": null
        },
        "Sure! Let's focus on long-term lease agreements. Do you have a preferred location in mind?"
      ],
      [
        "I don't have a specific location in mind; I'm open to options. What do you suggest?",
        {
          "name": null,
          "criteria_type_1": null,
          "criteria_type_2": null,
          "preference_type": "long-term",
          "furnished": null,
          "pet_friendly": "no",
          "price_range_low": 5000,
          "price_range_high": null,
          "location": null,
          "number_of_bedrooms": null,
          "number_of_bathrooms": null,
          "amenities": null
        },
        "Great! Here are some long-term options: Sunnyvale Apartment, Countryside Villa, Suburban Family Home, Urban Family Apartment, Downtown Penthouse, and Urban Loft. Any of these catch your eye?"
      ],
      [
        "I'm leaning towards the Suburban Family Home. What can you tell me about it?",
        {
          "name": "Suburban Family Home",
          "criteria_type_1": null,
          "criteria_type_2": null,
          "preference_type": "long-term",
          "furnished": null,
          "pet_friendly": "no",
          "price_range_low": null,
          "price_range_high": null,
          "location": null,
          "number_of_bedrooms": null,
          "number_of_bathrooms": null,
          "amenities": null
        },
        "The Suburban Family Home has 4 bedrooms, 3 bathrooms, is unfurnished, pet-friendly, and priced at $2,800. How does that sound?"
      ],
      [
        "It sounds nice, but I need it to be unfurnished and pet-free. Any other options?",
        {
          "name": null,
          "criteria_type_1": null,
          "criteria_type_2": null,
          "preference_type": "long-term",
          "furnished": "no",
          "pet_friendly": "no",
          "price_range_low": 2800.0,
          "price_range_high": null,
          "location": null,
          "number_of_bedrooms": 4,
          "number_of_bathrooms": 3,
          "amenities": null
        },
        "The Urban Family Apartment is another option; it has 4 bedrooms, 2 bathrooms, is unfurnished, pet-free, and priced at $2,500. Would that work for you?"
      ],
      [
        "Yes, the Urban Family Apartment sounds perfect! Let's go with that.",
        {
          "name": null,
          "criteria_type_1": null,
          "criteria_type_2": null,
          "preference_type": "long-term",
          "furnished": "no",
          "pet_friendly": "no",
          "price_range_low": 2500,
          "price_range_high": 2800,
          "location": null,
          "number_of_bedrooms": 4,
          "number_of_bathrooms": 2,
          "amenities": null
        },
        "Awesome choice! The Urban Family Apartment it is!"
      ]
    ],
    "preferences_code": "```python\npreferences = LeaseAgreementCriteria(\n    name=None,\n    criteria_type_1=None,\n    criteria_type_2=None,\n    preference_type='long-term',\n    furnished='no',\n    pet_friendly='no',\n    price_range_low=0.0,  # Assuming no lower limit\n    price_range_high=5000.0,  # Maximum monthly rent\n    location=None,  # No specific location mentioned\n    number_of_bedrooms=4,\n    number_of_bathrooms=2,\n    amenities='Parking, School Nearby',\n)\n```",
    "red_herrings_code": "```python\n# Global variable containing a list of similar LeaseAgreement examples\nsimilar_lease_agreements = [\n    LeaseAgreement(\n        name='Suburban Family Bungalow',\n        criteria_type_1='Family',\n        criteria_type_2='Suburban',\n        lease_term='long-term',\n        furnished='no',\n        pet_friendly='no',\n        price=2900.0,\n        location='Greenfield',\n        number_of_bedrooms=3,\n        number_of_bathrooms=2,\n        amenities='Backyard, Garage'\n    ),\n    LeaseAgreement(\n        name='Urban Family Apartment',\n        criteria_type_1='Family',\n        criteria_type_2='Urban',\n        lease_term='long-term',\n        furnished='no',\n        pet_friendly='no',\n        price=2500.0,\n        location='Downtown',\n        number_of_bedrooms=4,\n        number_of_bathrooms=2,\n        amenities='Parking, School Nearby'\n    ),\n    LeaseAgreement(\n        name='Suburban Townhouse',\n        criteria_type_1='Family',\n        criteria_type_2='Suburban',\n        lease_term='short-term',\n        furnished='yes',\n        pet_friendly='no',\n        price=3000.0,\n        location='Greenfield',\n        number_of_bedrooms=4,\n        number_of_bathrooms=3,\n        amenities='Backyard, Pool'\n    )\n]\n```",
    "database_code": "```python\n# Global variable representing a list of lease agreement examples\nlease_agreements = [\n    LeaseAgreement(\n        name=\"Sunnyvale Apartment\",\n        criteria_type_1=\"Luxury\",\n        criteria_type_2=\"Downtown\",\n        lease_term=\"long-term\",\n        furnished=\"yes\",\n        pet_friendly=\"no\",\n        price=2500.0,\n        location=\"Sunnyvale\",\n        number_of_bedrooms=2,\n        number_of_bathrooms=1,\n        amenities=\"Pool, Gym, Parking\"\n    ),\n    LeaseAgreement(\n        name=\"Cozy Cottage\",\n        criteria_type_1=\"Family\",\n        criteria_type_2=\"Suburban\",\n        lease_term=\"short-term\",\n        furnished=\"no\",\n        pet_friendly=\"no\",\n        price=1800.0,\n        location=\"Maplewood\",\n        number_of_bedrooms=3,\n        number_of_bathrooms=2,\n        amenities=\"Garden, Garage\"\n    ),\n    LeaseAgreement(\n        name=\"Urban Loft\",\n        criteria_type_1=\"Modern\",\n        criteria_type_2=\"Industrial\",\n        lease_term=\"long-term\",\n        furnished=\"yes\",\n        pet_friendly=\"no\",\n        price=3200.0,\n        location=\"Downtown\",\n        number_of_bedrooms=1,\n        number_of_bathrooms=1,\n        amenities=\"Rooftop, Gym\"\n    ),\n    LeaseAgreement(\n        name=\"Beachfront Condo\",\n        criteria_type_1=\"Vacation\",\n        criteria_type_2=\"Coastal\",\n        lease_term=\"short-term\",\n        furnished=\"yes\",\n        pet_friendly=\"yes\",\n        price=4000.0,\n        location=\"Oceanview\",\n        number_of_bedrooms=2,\n        number_of_bathrooms=2,\n        amenities=\"Pool, Beach Access\"\n    ),\n    LeaseAgreement(\n        name=\"Mountain Retreat\",\n        criteria_type_1=\"Getaway\",\n        criteria_type_2=\"Rural\",\n        lease_term=\"long-term\",\n        furnished=\"no\",\n        pet_friendly=\"no\",\n        price=2200.0,\n        location=\"Highlands\",\n        number_of_bedrooms=3,\n        number_of_bathrooms=2,\n        amenities=\"Fireplace, Hiking Trails\"\n    ),\n    LeaseAgreement(\n        name=\"City Center Studio\",\n        criteria_type_1=\"Affordable\",\n        criteria_type_2=\"Urban\",\n        lease_term=\"short-term\",\n        furnished=\"yes\",\n        pet_friendly=\"no\",\n        price=1500.0,\n        location=\"City Center\",\n        number_of_bedrooms=0,\n        number_of_bathrooms=1,\n        amenities=\"Laundry, Internet\"\n    ),\n    LeaseAgreement(\n        name=\"Suburban Family Home\",\n        criteria_type_1=\"Family\",\n        criteria_type_2=\"Suburban\",\n        lease_term=\"long-term\",\n        furnished=\"no\",\n        pet_friendly=\"no\",\n        price=2800.0,\n        location=\"Greenfield\",\n        number_of_bedrooms=4,\n        number_of_bathrooms=3,\n        amenities=\"Backyard, Garage, School Nearby\"\n    ),\n    LeaseAgreement(\n        name=\"Downtown Penthouse\",\n        criteria_type_1=\"Luxury\",\n        criteria_type_2=\"Urban\",\n        lease_term=\"long-term\",\n        furnished=\"yes\",\n        pet_friendly=\"no\",\n        price=5000.0,\n        location=\"Downtown\",\n        number_of_bedrooms=3,\n        number_of_bathrooms=3,\n        amenities=\"Pool, Gym, Concierge\"\n    ),\n    LeaseAgreement(\n        name=\"Riverside Apartment\",\n        criteria_type_1=\"Affordable\",\n        criteria_type_2=\"Urban\",\n        lease_term=\"short-term\",\n        furnished=\"yes\",\n        pet_friendly=\"no\",\n        price=1600.0,\n        location=\"Riverside\",\n        number_of_bedrooms=1,\n        number_of_bathrooms=1,\n        amenities=\"Balcony, Parking\"\n    ),\n    LeaseAgreement(\n        name=\"Countryside Villa\",\n        criteria_type_1=\"Luxury\",\n        criteria_type_2=\"Rural\",\n        lease_term=\"long-term\",\n        furnished=\"yes\",\n        pet_friendly=\"no\",\n        price=3500.0,\n        location=\"Countryside\",\n        number_of_bedrooms=5,\n        number_of_bathrooms=4,\n        amenities=\"Pool, Garden, Scenic Views\"\n    )\n]\n```",
    "database": [
      {
        "name": "Sunnyvale Apartment",
        "criteria_type_1": "Luxury",
        "criteria_type_2": "Downtown",
        "lease_term": "long-term",
        "furnished": "yes",
        "pet_friendly": "no",
        "price": 2500.0,
        "location": "Sunnyvale",
        "number_of_bedrooms": 2,
        "number_of_bathrooms": 1,
        "amenities": "Pool, Gym, Parking"
      },
      {
        "name": "Suburban Townhouse",
        "criteria_type_1": "Family",
        "criteria_type_2": "Suburban",
        "lease_term": "short-term",
        "furnished": "yes",
        "pet_friendly": "no",
        "price": 3000.0,
        "location": "Greenfield",
        "number_of_bedrooms": 4,
        "number_of_bathrooms": 3,
        "amenities": "Backyard, Pool"
      },
      {
        "name": "Countryside Villa",
        "criteria_type_1": "Luxury",
        "criteria_type_2": "Rural",
        "lease_term": "long-term",
        "furnished": "yes",
        "pet_friendly": "no",
        "price": 3500.0,
        "location": "Countryside",
        "number_of_bedrooms": 5,
        "number_of_bathrooms": 4,
        "amenities": "Pool, Garden, Scenic Views"
      },
      {
        "name": "City Center Studio",
        "criteria_type_1": "Affordable",
        "criteria_type_2": "Urban",
        "lease_term": "short-term",
        "furnished": "yes",
        "pet_friendly": "no",
        "price": 1500.0,
        "location": "City Center",
        "number_of_bedrooms": 0,
        "number_of_bathrooms": 1,
        "amenities": "Laundry, Internet"
      },
      {
        "name": "Suburban Family Home",
        "criteria_type_1": "Family",
        "criteria_type_2": "Suburban",
        "lease_term": "long-term",
        "furnished": "no",
        "pet_friendly": "no",
        "price": 2800.0,
        "location": "Greenfield",
        "number_of_bedrooms": 4,
        "number_of_bathrooms": 3,
        "amenities": "Backyard, Garage, School Nearby"
      },
      {
        "name": "Beachfront Condo",
        "criteria_type_1": "Vacation",
        "criteria_type_2": "Coastal",
        "lease_term": "short-term",
        "furnished": "yes",
        "pet_friendly": "yes",
        "price": 4000.0,
        "location": "Oceanview",
        "number_of_bedrooms": 2,
        "number_of_bathrooms": 2,
        "amenities": "Pool, Beach Access"
      },
      {
        "name": "Suburban Family Bungalow",
        "criteria_type_1": "Family",
        "criteria_type_2": "Suburban",
        "lease_term": "long-term",
        "furnished": "no",
        "pet_friendly": "no",
        "price": 2900.0,
        "location": "Greenfield",
        "number_of_bedrooms": 3,
        "number_of_bathrooms": 2,
        "amenities": "Backyard, Garage"
      },
      {
        "name": "Mountain Retreat",
        "criteria_type_1": "Getaway",
        "criteria_type_2": "Rural",
        "lease_term": "long-term",
        "furnished": "no",
        "pet_friendly": "no",
        "price": 2200.0,
        "location": "Highlands",
        "number_of_bedrooms": 3,
        "number_of_bathrooms": 2,
        "amenities": "Fireplace, Hiking Trails"
      },
      {
        "name": "Cozy Cottage",
        "criteria_type_1": "Family",
        "criteria_type_2": "Suburban",
        "lease_term": "short-term",
        "furnished": "no",
        "pet_friendly": "no",
        "price": 1800.0,
        "location": "Maplewood",
        "number_of_bedrooms": 3,
        "number_of_bathrooms": 2,
        "amenities": "Garden, Garage"
      },
      {
        "name": "Urban Family Apartment",
        "criteria_type_1": "Family",
        "criteria_type_2": "Urban",
        "lease_term": "long-term",
        "furnished": "no",
        "pet_friendly": "no",
        "price": 2500.0,
        "location": "Downtown",
        "number_of_bedrooms": 4,
        "number_of_bathrooms": 2,
        "amenities": "Parking, School Nearby"
      },
      {
        "name": "Riverside Apartment",
        "criteria_type_1": "Affordable",
        "criteria_type_2": "Urban",
        "lease_term": "short-term",
        "furnished": "yes",
        "pet_friendly": "no",
        "price": 1600.0,
        "location": "Riverside",
        "number_of_bedrooms": 1,
        "number_of_bathrooms": 1,
        "amenities": "Balcony, Parking"
      },
      {
        "name": "Downtown Penthouse",
        "criteria_type_1": "Luxury",
        "criteria_type_2": "Urban",
        "lease_term": "long-term",
        "furnished": "yes",
        "pet_friendly": "no",
        "price": 5000.0,
        "location": "Downtown",
        "number_of_bedrooms": 3,
        "number_of_bathrooms": 3,
        "amenities": "Pool, Gym, Concierge"
      },
      {
        "name": "Urban Loft",
        "criteria_type_1": "Modern",
        "criteria_type_2": "Industrial",
        "lease_term": "long-term",
        "furnished": "yes",
        "pet_friendly": "no",
        "price": 3200.0,
        "location": "Downtown",
        "number_of_bedrooms": 1,
        "number_of_bathrooms": 1,
        "amenities": "Rooftop, Gym"
      }
    ],
    "goal": {
      "name": "Urban Family Apartment",
      "criteria_type_1": "Family",
      "criteria_type_2": "Urban",
      "lease_term": "long-term",
      "furnished": "no",
      "pet_friendly": "no",
      "price": 2500.0,
      "location": "Downtown",
      "number_of_bedrooms": 4,
      "number_of_bathrooms": 2,
      "amenities": "Parking, School Nearby"
    },
    "status": "complete"
  },
  {
    "domain": "maintenance services",
    "turns": [
      [
        "Great! Now, I need help finding plumbing services. Can we start with availability? I need 24/7 service.",
        {
          "name": null,
          "criteria_type_1": "plumbing",
          "criteria_type_2": "24/7 service",
          "urgency": null,
          "price_range": null,
          "rating": null,
          "warranty_offer": null,
          "eco_friendly": null
        },
        "Sure! For 24/7 plumbing services, I recommend Fast Plumbing, Quick Plumbing, and Emergency Plumbing Services. Any preferences among those?"
      ],
      [
        "I think Emergency Plumbing Services sounds good. What about their pricing?",
        {
          "name": "Emergency Plumbing Services",
          "criteria_type_1": "plumbing",
          "criteria_type_2": "24/7 availability",
          "urgency": null,
          "price_range": null,
          "rating": null,
          "warranty_offer": null,
          "eco_friendly": null
        },
        "Emergency Plumbing Services has a price range of $120 to $280. Does that fit your budget?"
      ],
      [
        "Yes, that fits perfectly! How's their rating?",
        {
          "name": "Emergency Plumbing Services",
          "criteria_type_1": "plumbing",
          "criteria_type_2": "24/7 availability",
          "urgency": null,
          "price_range": "$120-$280",
          "rating": null,
          "warranty_offer": null,
          "eco_friendly": null
        },
        "They have a rating of 4.6, which is quite good! Are you happy with that?"
      ]
    ],
    "preferences_code": "```python\npreferences = MaintenanceServiceCriteria(\n    name='Emergency Plumbing Services',\n    criteria_type_1='plumbing',\n    criteria_type_2='24/7',\n    urgency='high',\n    price_range='$100 - $300',\n    rating=4.5,\n    warranty_offer=True,\n    eco_friendly=False,\n)\n```",
    "red_herrings_code": "```python\n# Global variable representing a list of maintenance service examples\nmaintenance_services = [\n    MaintenanceServiceInfo(\n        name='Fast Plumbing',\n        service_type='plumbing',\n        expertise='drain cleaning',\n        availability='24/7',\n        location='Downtown',\n        urgency_support='high',\n        price_range='$80 - $250',\n        rating=4.7,\n        warranty_offer=True,\n        eco_friendly=True,\n    ),\n    MaintenanceServiceInfo(\n        name='Reliable Plumbing',\n        service_type='plumbing',\n        expertise='pipe installation',\n        availability='Weekdays',\n        location='Uptown',\n        urgency_support='medium',\n        price_range='$150 - $350',\n        rating=4.2,\n        warranty_offer=False,\n        eco_friendly=True,\n    ),\n    MaintenanceServiceInfo(\n        name='Emergency Plumbing Services',\n        service_type='plumbing',\n        expertise='emergency repairs',\n        availability='24/7',\n        location='Midtown',\n        urgency_support='high',\n        price_range='$120 - $280',\n        rating=4.6,\n        warranty_offer=True,\n        eco_friendly=False,\n    )\n]\n```",
    "database_code": "```python\n# Global variable to hold a list of maintenance service examples\nmaintenance_services = [\n    MaintenanceServiceInfo(\n        name=\"Quick Plumbing\",\n        service_type=\"plumbing\",\n        expertise=\"leak repair\",\n        availability=\"24/7\",\n        location=\"Downtown\",\n        urgency_support=\"high\",\n        price_range=\"$100 - $300\",\n        rating=4.5,\n        warranty_offer=True,\n        eco_friendly=True\n    ),\n    MaintenanceServiceInfo(\n        name=\"ElectroFix\",\n        service_type=\"electrical\",\n        expertise=\"wiring\",\n        availability=\"Weekdays\",\n        location=\"Suburbs\",\n        urgency_support=\"medium\",\n        price_range=\"$150 - $400\",\n        rating=4.0,\n        warranty_offer=False,\n        eco_friendly=False\n    ),\n    MaintenanceServiceInfo(\n        name=\"Green Lawn Care\",\n        service_type=\"landscaping\",\n        expertise=\"lawn maintenance\",\n        availability=\"Weekends\",\n        location=\"Countryside\",\n        urgency_support=\"low\",\n        price_range=\"$50 - $150\",\n        rating=4.8,\n        warranty_offer=True,\n        eco_friendly=True\n    ),\n    MaintenanceServiceInfo(\n        name=\"Speedy HVAC\",\n        service_type=\"HVAC\",\n        expertise=\"installation\",\n        availability=\"24/7\",\n        location=\"Downtown\",\n        urgency_support=\"high\",\n        price_range=\"$200 - $600\",\n        rating=4.6,\n        warranty_offer=True,\n        eco_friendly=False\n    ),\n    MaintenanceServiceInfo(\n        name=\"Safe Locks\",\n        service_type=\"locksmith\",\n        expertise=\"lock change\",\n        availability=\"After hours\",\n        location=\"Urban Area\",\n        urgency_support=\"high\",\n        price_range=\"$80 - $200\",\n        rating=4.3,\n        warranty_offer=False,\n        eco_friendly=False\n    ),\n    MaintenanceServiceInfo(\n        name=\"Clean Sweep\",\n        service_type=\"cleaning\",\n        expertise=\"deep cleaning\",\n        availability=\"Weekdays\",\n        location=\"Suburbs\",\n        urgency_support=\"medium\",\n        price_range=\"$100 - $250\",\n        rating=4.7,\n        warranty_offer=False,\n        eco_friendly=True\n    ),\n    MaintenanceServiceInfo(\n        name=\"Pipe Dream\",\n        service_type=\"plumbing\",\n        expertise=\"drain cleaning\",\n        availability=\"Weekends\",\n        location=\"Countryside\",\n        urgency_support=\"medium\",\n        price_range=\"$75 - $200\",\n        rating=4.2,\n        warranty_offer=True,\n        eco_friendly=True\n    ),\n    MaintenanceServiceInfo(\n        name=\"Bright Lights\",\n        service_type=\"electrical\",\n        expertise=\"lighting installation\",\n        availability=\"Weekdays\",\n        location=\"Urban Area\",\n        urgency_support=\"low\",\n        price_range=\"$100 - $300\",\n        rating=4.4,\n        warranty_offer=True,\n        eco_friendly=True\n    ),\n    MaintenanceServiceInfo(\n        name=\"Home Shield\",\n        service_type=\"security\",\n        expertise=\"alarm installation\",\n        availability=\"24/7\",\n        location=\"Downtown\",\n        urgency_support=\"high\",\n        price_range=\"$250 - $500\",\n        rating=4.9,\n        warranty_offer=True,\n        eco_friendly=False\n    ),\n    MaintenanceServiceInfo(\n        name=\"Total Pest Control\",\n        service_type=\"pest control\",\n        expertise=\"insect removal\",\n        availability=\"Weekdays\",\n        location=\"Suburbs\",\n        urgency_support=\"medium\",\n        price_range=\"$100 - $300\",\n        rating=4.1,\n        warranty_offer=False,\n        eco_friendly=False\n    )\n]\n```",
    "database": [
      {
        "name": "Bright Lights",
        "service_type": "electrical",
        "expertise": "lighting installation",
        "availability": "Weekdays",
        "location": "Urban Area",
        "urgency_support": "low",
        "price_range": "$100 - $300",
        "rating": 4.4,
        "warranty_offer": true,
        "eco_friendly": true
      },
      {
        "name": "Green Lawn Care",
        "service_type": "landscaping",
        "expertise": "lawn maintenance",
        "availability": "Weekends",
        "location": "Countryside",
        "urgency_support": "low",
        "price_range": "$50 - $150",
        "rating": 4.8,
        "warranty_offer": true,
        "eco_friendly": true
      },
      {
        "name": "Home Shield",
        "service_type": "security",
        "expertise": "alarm installation",
        "availability": "24/7",
        "location": "Downtown",
        "urgency_support": "high",
        "price_range": "$250 - $500",
        "rating": 4.9,
        "warranty_offer": true,
        "eco_friendly": false
      },
      {
        "name": "Total Pest Control",
        "service_type": "pest control",
        "expertise": "insect removal",
        "availability": "Weekdays",
        "location": "Suburbs",
        "urgency_support": "medium",
        "price_range": "$100 - $300",
        "rating": 4.1,
        "warranty_offer": false,
        "eco_friendly": false
      },
      {
        "name": "Speedy HVAC",
        "service_type": "HVAC",
        "expertise": "installation",
        "availability": "24/7",
        "location": "Downtown",
        "urgency_support": "high",
        "price_range": "$200 - $600",
        "rating": 4.6,
        "warranty_offer": true,
        "eco_friendly": false
      },
      {
        "name": "Fast Plumbing",
        "service_type": "plumbing",
        "expertise": "drain cleaning",
        "availability": "24/7",
        "location": "Downtown",
        "urgency_support": "high",
        "price_range": "$80 - $250",
        "rating": 4.7,
        "warranty_offer": true,
        "eco_friendly": true
      },
      {
        "name": "Quick Plumbing",
        "service_type": "plumbing",
        "expertise": "leak repair",
        "availability": "24/7",
        "location": "Downtown",
        "urgency_support": "high",
        "price_range": "$100 - $300",
        "rating": 4.5,
        "warranty_offer": true,
        "eco_friendly": true
      },
      {
        "name": "Emergency Plumbing Services",
        "service_type": "plumbing",
        "expertise": "emergency repairs",
        "availability": "24/7",
        "location": "Midtown",
        "urgency_support": "high",
        "price_range": "$120 - $280",
        "rating": 4.6,
        "warranty_offer": true,
        "eco_friendly": false
      },
      {
        "name": "Clean Sweep",
        "service_type": "cleaning",
        "expertise": "deep cleaning",
        "availability": "Weekdays",
        "location": "Suburbs",
        "urgency_support": "medium",
        "price_range": "$100 - $250",
        "rating": 4.7,
        "warranty_offer": false,
        "eco_friendly": true
      },
      {
        "name": "Pipe Dream",
        "service_type": "plumbing",
        "expertise": "drain cleaning",
        "availability": "Weekends",
        "location": "Countryside",
        "urgency_support": "medium",
        "price_range": "$75 - $200",
        "rating": 4.2,
        "warranty_offer": true,
        "eco_friendly": true
      },
      {
        "name": "ElectroFix",
        "service_type": "electrical",
        "expertise": "wiring",
        "availability": "Weekdays",
        "location": "Suburbs",
        "urgency_support": "medium",
        "price_range": "$150 - $400",
        "rating": 4.0,
        "warranty_offer": false,
        "eco_friendly": false
      },
      {
        "name": "Reliable Plumbing",
        "service_type": "plumbing",
        "expertise": "pipe installation",
        "availability": "Weekdays",
        "location": "Uptown",
        "urgency_support": "medium",
        "price_range": "$150 - $350",
        "rating": 4.2,
        "warranty_offer": false,
        "eco_friendly": true
      },
      {
        "name": "Safe Locks",
        "service_type": "locksmith",
        "expertise": "lock change",
        "availability": "After hours",
        "location": "Urban Area",
        "urgency_support": "high",
        "price_range": "$80 - $200",
        "rating": 4.3,
        "warranty_offer": false,
        "eco_friendly": false
      }
    ],
    "goal": {
      "name": "Emergency Plumbing Services",
      "service_type": "plumbing",
      "expertise": "emergency repairs",
      "availability": "24/7",
      "location": "Midtown",
      "urgency_support": "high",
      "price_range": "$120 - $280",
      "rating": 4.6,
      "warranty_offer": true,
      "eco_friendly": false
    },
    "status": "complete"
  }
]