[
  {
    "domain": "revision technique",
    "turns": [
      [
        "Hey, I'm looking for a revision technique that really works well, any suggestions?",
        {
          "name": null,
          "effectiveness": null,
          "time_required": null,
          "engagement_level": null,
          "group_or_individual": null,
          "resource_availability": null,
          "learning_style": null
        },
        "What kind of study setup do you prefer, group or individual?"
      ],
      [
        "I prefer studying in a group.",
        {
          "name": null,
          "effectiveness": null,
          "time_required": null,
          "engagement_level": null,
          "group_or_individual": "group",
          "resource_availability": null,
          "learning_style": null
        },
        "Great! How much time can you spend on a revision session?"
      ],
      [
        "I can spend about 30 minutes.",
        {
          "name": null,
          "effectiveness": null,
          "time_required": 30,
          "engagement_level": null,
          "group_or_individual": "group",
          "resource_availability": null,
          "learning_style": null
        },
        "Are you looking for a technique that engages you a lot, or is medium engagement okay?"
      ],
      [
        "I really want something with high engagement!",
        {
          "name": null,
          "effectiveness": null,
          "time_required": 30,
          "engagement_level": "high",
          "group_or_individual": "group",
          "resource_availability": null,
          "learning_style": null
        },
        "How important is resource availability for you\u2014do you need it to be high, medium, or is low okay?"
      ],
      [
        "Medium resource availability works for me.",
        {
          "name": null,
          "effectiveness": null,
          "time_required": 30,
          "engagement_level": "high",
          "group_or_individual": "group",
          "resource_availability": "medium",
          "learning_style": null
        },
        "I recommend \"Mind Mapping\" or \"Peer Teaching,\" both have high engagement and fit your criteria! Which one sounds better to you?"
      ],
      [
        "I think \"Mind Mapping\" sounds better!",
        {
          "name": "Mind Mapping",
          "effectiveness": null,
          "time_required": 30,
          "engagement_level": "high",
          "group_or_individual": "group",
          "resource_availability": "medium",
          "learning_style": null
        },
        "Awesome choice! \"Mind Mapping\" is effective and engaging. Good luck with your revision!"
      ]
    ],
    "preferences_code": "```python\npreferences = RevisionTechniqueCriteria(\n    name='Mind Mapping',\n    effectiveness='high',\n    time_required=30,\n    engagement_level='high',\n    group_or_individual='group',\n    resource_availability='medium',\n    learning_style='visual',\n)\n```",
    "red_herrings_code": "```python\n# Global variable to hold a list of revision technique examples\nrevision_techniques = [\n    RevisionTechnique(\n        name='Mind Mapping',\n        effectiveness='high',\n        time_required=30,\n        engagement_level='high',\n        group_or_individual='group',\n        resource_availability='medium',\n        learning_style='visual',\n    ),\n    RevisionTechnique(\n        name='Flashcards',\n        effectiveness='medium',\n        time_required=15,\n        engagement_level='medium',\n        group_or_individual='individual',\n        resource_availability='high',\n        learning_style='reading_writing',\n    ),\n    RevisionTechnique(\n        name='Self-Explanation',\n        effectiveness='high',\n        time_required=25,\n        engagement_level='medium',\n        group_or_individual='individual',\n        resource_availability='low',\n        learning_style='auditory',\n    ),\n]\n```",
    "database_code": "```python\n# Global variable representing a list of revision technique examples\nrevision_techniques = [\n    RevisionTechnique(\n        name=\"Flashcards\",\n        effectiveness='high',\n        time_required=30,\n        engagement_level='high',\n        group_or_individual='individual',\n        resource_availability='medium',\n        learning_style='visual'\n    ),\n    RevisionTechnique(\n        name=\"Mind Mapping\",\n        effectiveness='medium',\n        time_required=45,\n        engagement_level='high',\n        group_or_individual='group',\n        resource_availability='low',\n        learning_style='visual'\n    ),\n    RevisionTechnique(\n        name=\"Summarization\",\n        effectiveness='high',\n        time_required=20,\n        engagement_level='medium',\n        group_or_individual='individual',\n        resource_availability='medium',\n        learning_style='reading_writing'\n    ),\n    RevisionTechnique(\n        name=\"Practice Testing\",\n        effectiveness='high',\n        time_required=60,\n        engagement_level='high',\n        group_or_individual='group',\n        resource_availability='high',\n        learning_style='auditory'\n    ),\n    RevisionTechnique(\n        name=\"Self-Explanation\",\n        effectiveness='medium',\n        time_required=25,\n        engagement_level='medium',\n        group_or_individual='individual',\n        resource_availability='low',\n        learning_style='reading_writing'\n    ),\n    RevisionTechnique(\n        name=\"Distributed Practice\",\n        effectiveness='high',\n        time_required=15,\n        engagement_level='medium',\n        group_or_individual='individual',\n        resource_availability='medium',\n        learning_style='kinesthetic'\n    ),\n    RevisionTechnique(\n        name=\"Interleaved Practice\",\n        effectiveness='medium',\n        time_required=50,\n        engagement_level='high',\n        group_or_individual='group',\n        resource_availability='medium',\n        learning_style='auditory'\n    ),\n    RevisionTechnique(\n        name=\"Peer Teaching\",\n        effectiveness='high',\n        time_required=40,\n        engagement_level='high',\n        group_or_individual='group',\n        resource_availability='low',\n        learning_style='visual'\n    ),\n    RevisionTechnique(\n        name=\"Conceptual Mapping\",\n        effectiveness='medium',\n        time_required=35,\n        engagement_level='medium',\n        group_or_individual='individual',\n        resource_availability='medium',\n        learning_style='visual'\n    ),\n    RevisionTechnique(\n        name=\"Note-Taking\",\n        effectiveness='low',\n        time_required=30,\n        engagement_level='low',\n        group_or_individual='individual',\n        resource_availability='high',\n        learning_style='reading_writing'\n    )\n]\n```",
    "database": [
      {
        "name": "Mind Mapping",
        "effectiveness": "high",
        "time_required": 30,
        "engagement_level": "high",
        "group_or_individual": "group",
        "resource_availability": "medium",
        "learning_style": "visual"
      },
      {
        "name": "Interleaved Practice",
        "effectiveness": "medium",
        "time_required": 50,
        "engagement_level": "high",
        "group_or_individual": "group",
        "resource_availability": "medium",
        "learning_style": "auditory"
      },
      {
        "name": "Self-Explanation",
        "effectiveness": "high",
        "time_required": 25,
        "engagement_level": "medium",
        "group_or_individual": "individual",
        "resource_availability": "low",
        "learning_style": "auditory"
      },
      {
        "name": "Note-Taking",
        "effectiveness": "low",
        "time_required": 30,
        "engagement_level": "low",
        "group_or_individual": "individual",
        "resource_availability": "high",
        "learning_style": "reading_writing"
      },
      {
        "name": "Distributed Practice",
        "effectiveness": "high",
        "time_required": 15,
        "engagement_level": "medium",
        "group_or_individual": "individual",
        "resource_availability": "medium",
        "learning_style": "kinesthetic"
      },
      {
        "name": "Flashcards",
        "effectiveness": "medium",
        "time_required": 15,
        "engagement_level": "medium",
        "group_or_individual": "individual",
        "resource_availability": "high",
        "learning_style": "reading_writing"
      },
      {
        "name": "Practice Testing",
        "effectiveness": "high",
        "time_required": 60,
        "engagement_level": "high",
        "group_or_individual": "group",
        "resource_availability": "high",
        "learning_style": "auditory"
      },
      {
        "name": "Peer Teaching",
        "effectiveness": "high",
        "time_required": 40,
        "engagement_level": "high",
        "group_or_individual": "group",
        "resource_availability": "low",
        "learning_style": "visual"
      },
      {
        "name": "Conceptual Mapping",
        "effectiveness": "medium",
        "time_required": 35,
        "engagement_level": "medium",
        "group_or_individual": "individual",
        "resource_availability": "medium",
        "learning_style": "visual"
      },
      {
        "name": "Flashcards",
        "effectiveness": "high",
        "time_required": 30,
        "engagement_level": "high",
        "group_or_individual": "individual",
        "resource_availability": "medium",
        "learning_style": "visual"
      },
      {
        "name": "Summarization",
        "effectiveness": "high",
        "time_required": 20,
        "engagement_level": "medium",
        "group_or_individual": "individual",
        "resource_availability": "medium",
        "learning_style": "reading_writing"
      },
      {
        "name": "Mind Mapping",
        "effectiveness": "medium",
        "time_required": 45,
        "engagement_level": "high",
        "group_or_individual": "group",
        "resource_availability": "low",
        "learning_style": "visual"
      },
      {
        "name": "Self-Explanation",
        "effectiveness": "medium",
        "time_required": 25,
        "engagement_level": "medium",
        "group_or_individual": "individual",
        "resource_availability": "low",
        "learning_style": "reading_writing"
      }
    ],
    "goal": {
      "name": "Mind Mapping",
      "effectiveness": "high",
      "time_required": 30,
      "engagement_level": "high",
      "group_or_individual": "group",
      "resource_availability": "medium",
      "learning_style": "visual"
    },
    "status": "complete"
  },
  {
    "domain": "study schedule",
    "turns": [
      [
        "Thanks! Now, can you help me find a study schedule?",
        {
          "name": null,
          "duration_in_hours": 0.5,
          "frequency_per_week": null,
          "preferred_time_of_day": null,
          "study_type": "group",
          "location": null,
          "subjects_to_focus_on": null,
          "breaks_duration": null,
          "total_weeks": null,
          "difficulty_level": null
        },
        "Sure! What duration do you prefer for each study session?"
      ],
      [
        "I\u2019d like each study session to be about 3 hours.",
        {
          "name": null,
          "duration_in_hours": 3.0,
          "frequency_per_week": null,
          "preferred_time_of_day": null,
          "study_type": "group",
          "location": null,
          "subjects_to_focus_on": null,
          "breaks_duration": null,
          "total_weeks": null,
          "difficulty_level": null
        },
        "How many study sessions do you want per week?"
      ],
      [
        "I want just one study session per week.",
        {
          "name": null,
          "duration_in_hours": 3.0,
          "frequency_per_week": 1,
          "preferred_time_of_day": null,
          "study_type": "group",
          "location": null,
          "subjects_to_focus_on": null,
          "breaks_duration": null,
          "total_weeks": null,
          "difficulty_level": null
        },
        "What time of day do you prefer for your study session\u2014morning, afternoon, evening, or night?"
      ],
      [
        "I prefer the afternoon for my study session.",
        {
          "name": null,
          "duration_in_hours": 3.0,
          "frequency_per_week": 1,
          "preferred_time_of_day": "afternoon",
          "study_type": "group",
          "location": null,
          "subjects_to_focus_on": null,
          "breaks_duration": null,
          "total_weeks": null,
          "difficulty_level": null
        },
        "Do you have a specific location in mind for your study sessions, like home, library, or somewhere else?"
      ],
      [
        "I don't have a specific location in mind; anywhere works!",
        {
          "name": null,
          "duration_in_hours": 3.0,
          "frequency_per_week": 1,
          "preferred_time_of_day": "afternoon",
          "study_type": "group",
          "location": null,
          "subjects_to_focus_on": null,
          "breaks_duration": null,
          "total_weeks": null,
          "difficulty_level": null
        },
        "Are there specific subjects you'd like to focus on during your study sessions?"
      ],
      [
        "Yes, I want to focus on Physics and Chemistry.",
        {
          "name": null,
          "duration_in_hours": 3.0,
          "frequency_per_week": 1,
          "preferred_time_of_day": "afternoon",
          "study_type": "group",
          "location": null,
          "subjects_to_focus_on": [
            "Physics",
            "Chemistry"
          ],
          "breaks_duration": null,
          "total_weeks": null,
          "difficulty_level": null
        },
        "Based on your preferences, I found a suitable option: \"Weekend Intensive\" sessions for Physics and Chemistry. Would you like to go with that?"
      ],
      [
        "That sounds perfect! Let's go with the \"Weekend Intensive\" sessions.",
        {
          "name": "Weekend Intensive",
          "duration_in_hours": 3.0,
          "frequency_per_week": 1,
          "preferred_time_of_day": "afternoon",
          "study_type": "group",
          "location": null,
          "subjects_to_focus_on": [
            "Physics",
            "Chemistry"
          ],
          "breaks_duration": null,
          "total_weeks": null,
          "difficulty_level": null
        },
        "Great choice! You're all set with the \"Weekend Intensive\" sessions. Happy studying!"
      ]
    ],
    "preferences_code": "```python\npreferences = StudyScheduleCriteria(\n    name='Science Study Group',\n    duration_in_hours=3.0,\n    frequency_per_week=1,\n    preferred_time_of_day='afternoon',\n    study_type='group',\n    location='Home',\n    subjects_to_focus_on=['Physics', 'Chemistry'],\n    breaks_duration=20.0,\n    total_weeks=4,\n    difficulty_level='moderate',\n)\n```",
    "red_herrings_code": "```python\n# Global variable containing a list of example study schedules\nstudy_schedules = [\n    StudySchedule(\n        name='Exam Prep Sessions',\n        duration_in_hours=3.0,\n        frequency_per_week=1,\n        preferred_time_of_day='evening',\n        study_type='group',\n        location='Library',\n        subjects_to_focus_on=['Math', 'Physics', 'Chemistry'],\n        breaks_duration=25.0,\n        total_weeks=4,\n        difficulty_level='hard',\n    ),\n    StudySchedule(\n        name='Final Review Sessions',\n        duration_in_hours=2.5,\n        frequency_per_week=2,\n        preferred_time_of_day='evening',\n        study_type='group',\n        location='Home',\n        subjects_to_focus_on=['Math', 'Physics'],\n        breaks_duration=30.0,\n        total_weeks=4,\n        difficulty_level='hard',\n    ),\n    StudySchedule(\n        name='Science Study Group',\n        duration_in_hours=3.0,\n        frequency_per_week=1,\n        preferred_time_of_day='afternoon',\n        study_type='group',\n        location='Home',\n        subjects_to_focus_on=['Physics', 'Chemistry'],\n        breaks_duration=20.0,\n        total_weeks=4,\n        difficulty_level='moderate',\n    ),\n]\n```",
    "database_code": "```python\n# Global variable containing a list of study schedule examples\nstudy_schedules = [\n    StudySchedule(\n        name=\"Morning Study Group\",\n        duration_in_hours=2.0,\n        frequency_per_week=3,\n        preferred_time_of_day='morning',\n        study_type='group',\n        location=\"Library\",\n        subjects_to_focus_on=[\"Math\", \"Science\"],\n        breaks_duration=15.0,\n        total_weeks=4,\n        difficulty_level='moderate'\n    ),\n    StudySchedule(\n        name=\"Evening Revision\",\n        duration_in_hours=1.5,\n        frequency_per_week=5,\n        preferred_time_of_day='evening',\n        study_type='individual',\n        location=\"Home\",\n        subjects_to_focus_on=[\"History\", \"Literature\"],\n        breaks_duration=10.0,\n        total_weeks=6,\n        difficulty_level='easy'\n    ),\n    StudySchedule(\n        name=\"Weekend Intensive\",\n        duration_in_hours=4.0,\n        frequency_per_week=1,\n        preferred_time_of_day='afternoon',\n        study_type='group',\n        location=\"Cafeteria\",\n        subjects_to_focus_on=[\"Physics\", \"Chemistry\"],\n        breaks_duration=30.0,\n        total_weeks=2,\n        difficulty_level='hard'\n    ),\n    StudySchedule(\n        name=\"Daily Quick Review\",\n        duration_in_hours=0.5,\n        frequency_per_week=7,\n        preferred_time_of_day='night',\n        study_type='individual',\n        location=\"Home\",\n        subjects_to_focus_on=[\"Math\"],\n        breaks_duration=5.0,\n        total_weeks=8,\n        difficulty_level='easy'\n    ),\n    StudySchedule(\n        name=\"Group Project Sessions\",\n        duration_in_hours=3.0,\n        frequency_per_week=2,\n        preferred_time_of_day='afternoon',\n        study_type='group',\n        location=\"Study Room\",\n        subjects_to_focus_on=[\"Computer Science\"],\n        breaks_duration=20.0,\n        total_weeks=5,\n        difficulty_level='moderate'\n    ),\n    StudySchedule(\n        name=\"Focused Study Blocks\",\n        duration_in_hours=2.5,\n        frequency_per_week=4,\n        preferred_time_of_day='morning',\n        study_type='individual',\n        location=\"Library\",\n        subjects_to_focus_on=[\"Biology\"],\n        breaks_duration=15.0,\n        total_weeks=3,\n        difficulty_level='hard'\n    ),\n    StudySchedule(\n        name=\"Exam Prep Sessions\",\n        duration_in_hours=3.0,\n        frequency_per_week=1,\n        preferred_time_of_day='evening',\n        study_type='group',\n        location=\"Home\",\n        subjects_to_focus_on=[\"Math\", \"Physics\", \"Chemistry\"],\n        breaks_duration=25.0,\n        total_weeks=4,\n        difficulty_level='hard'\n    ),\n    StudySchedule(\n        name=\"Casual Study Meetups\",\n        duration_in_hours=1.0,\n        frequency_per_week=2,\n        preferred_time_of_day='afternoon',\n        study_type='group',\n        location=\"Park\",\n        subjects_to_focus_on=[\"English\"],\n        breaks_duration=10.0,\n        total_weeks=6,\n        difficulty_level='easy'\n    ),\n    StudySchedule(\n        name=\"Late Night Cramming\",\n        duration_in_hours=2.0,\n        frequency_per_week=3,\n        preferred_time_of_day='night',\n        study_type='individual',\n        location=\"Home\",\n        subjects_to_focus_on=[\"Math\", \"Science\"],\n        breaks_duration=15.0,\n        total_weeks=1,\n        difficulty_level='hard'\n    ),\n    StudySchedule(\n        name=\"Weekly Review Sessions\",\n        duration_in_hours=1.5,\n        frequency_per_week=1,\n        preferred_time_of_day='morning',\n        study_type='group',\n        location=\"Library\",\n        subjects_to_focus_on=[\"History\", \"Geography\"],\n        breaks_duration=10.0,\n        total_weeks=5,\n        difficulty_level='moderate'\n    )\n]\n```",
    "database": [
      {
        "name": "Exam Prep Sessions",
        "duration_in_hours": 3.0,
        "frequency_per_week": 1,
        "preferred_time_of_day": "evening",
        "study_type": "group",
        "location": "Library",
        "subjects_to_focus_on": [
          "Math",
          "Physics",
          "Chemistry"
        ],
        "breaks_duration": 25.0,
        "total_weeks": 4,
        "difficulty_level": "hard"
      },
      {
        "name": "Group Project Sessions",
        "duration_in_hours": 3.0,
        "frequency_per_week": 2,
        "preferred_time_of_day": "afternoon",
        "study_type": "group",
        "location": "Study Room",
        "subjects_to_focus_on": [
          "Computer Science"
        ],
        "breaks_duration": 20.0,
        "total_weeks": 5,
        "difficulty_level": "moderate"
      },
      {
        "name": "Exam Prep Sessions",
        "duration_in_hours": 3.0,
        "frequency_per_week": 1,
        "preferred_time_of_day": "evening",
        "study_type": "group",
        "location": "Home",
        "subjects_to_focus_on": [
          "Math",
          "Physics",
          "Chemistry"
        ],
        "breaks_duration": 25.0,
        "total_weeks": 4,
        "difficulty_level": "hard"
      },
      {
        "name": "Casual Study Meetups",
        "duration_in_hours": 1.0,
        "frequency_per_week": 2,
        "preferred_time_of_day": "afternoon",
        "study_type": "group",
        "location": "Park",
        "subjects_to_focus_on": [
          "English"
        ],
        "breaks_duration": 10.0,
        "total_weeks": 6,
        "difficulty_level": "easy"
      },
      {
        "name": "Final Review Sessions",
        "duration_in_hours": 2.5,
        "frequency_per_week": 2,
        "preferred_time_of_day": "evening",
        "study_type": "group",
        "location": "Home",
        "subjects_to_focus_on": [
          "Math",
          "Physics"
        ],
        "breaks_duration": 30.0,
        "total_weeks": 4,
        "difficulty_level": "hard"
      },
      {
        "name": "Focused Study Blocks",
        "duration_in_hours": 2.5,
        "frequency_per_week": 4,
        "preferred_time_of_day": "morning",
        "study_type": "individual",
        "location": "Library",
        "subjects_to_focus_on": [
          "Biology"
        ],
        "breaks_duration": 15.0,
        "total_weeks": 3,
        "difficulty_level": "hard"
      },
      {
        "name": "Weekly Review Sessions",
        "duration_in_hours": 1.5,
        "frequency_per_week": 1,
        "preferred_time_of_day": "morning",
        "study_type": "group",
        "location": "Library",
        "subjects_to_focus_on": [
          "History",
          "Geography"
        ],
        "breaks_duration": 10.0,
        "total_weeks": 5,
        "difficulty_level": "moderate"
      },
      {
        "name": "Weekend Intensive",
        "duration_in_hours": 4.0,
        "frequency_per_week": 1,
        "preferred_time_of_day": "afternoon",
        "study_type": "group",
        "location": "Cafeteria",
        "subjects_to_focus_on": [
          "Physics",
          "Chemistry"
        ],
        "breaks_duration": 30.0,
        "total_weeks": 2,
        "difficulty_level": "hard"
      },
      {
        "name": "Morning Study Group",
        "duration_in_hours": 2.0,
        "frequency_per_week": 3,
        "preferred_time_of_day": "morning",
        "study_type": "group",
        "location": "Library",
        "subjects_to_focus_on": [
          "Math",
          "Science"
        ],
        "breaks_duration": 15.0,
        "total_weeks": 4,
        "difficulty_level": "moderate"
      },
      {
        "name": "Science Study Group",
        "duration_in_hours": 3.0,
        "frequency_per_week": 1,
        "preferred_time_of_day": "afternoon",
        "study_type": "group",
        "location": "Home",
        "subjects_to_focus_on": [
          "Physics",
          "Chemistry"
        ],
        "breaks_duration": 20.0,
        "total_weeks": 4,
        "difficulty_level": "moderate"
      },
      {
        "name": "Evening Revision",
        "duration_in_hours": 1.5,
        "frequency_per_week": 5,
        "preferred_time_of_day": "evening",
        "study_type": "individual",
        "location": "Home",
        "subjects_to_focus_on": [
          "History",
          "Literature"
        ],
        "breaks_duration": 10.0,
        "total_weeks": 6,
        "difficulty_level": "easy"
      },
      {
        "name": "Late Night Cramming",
        "duration_in_hours": 2.0,
        "frequency_per_week": 3,
        "preferred_time_of_day": "night",
        "study_type": "individual",
        "location": "Home",
        "subjects_to_focus_on": [
          "Math",
          "Science"
        ],
        "breaks_duration": 15.0,
        "total_weeks": 1,
        "difficulty_level": "hard"
      },
      {
        "name": "Daily Quick Review",
        "duration_in_hours": 0.5,
        "frequency_per_week": 7,
        "preferred_time_of_day": "night",
        "study_type": "individual",
        "location": "Home",
        "subjects_to_focus_on": [
          "Math"
        ],
        "breaks_duration": 5.0,
        "total_weeks": 8,
        "difficulty_level": "easy"
      }
    ],
    "goal": {
      "name": "Science Study Group",
      "duration_in_hours": 3.0,
      "frequency_per_week": 1,
      "preferred_time_of_day": "afternoon",
      "study_type": "group",
      "location": "Home",
      "subjects_to_focus_on": [
        "Physics",
        "Chemistry"
      ],
      "breaks_duration": 20.0,
      "total_weeks": 4,
      "difficulty_level": "moderate"
    },
    "status": "complete"
  },
  {
    "domain": "resource",
    "turns": [
      [
        "Thanks! Now, could you help me find a book called \"Chemistry Basics\"?",
        {
          "name": "Chemistry Basics",
          "type": "book",
          "subject": "Chemistry",
          "difficulty_level": null,
          "language": null,
          "author": null,
          "publication_year": null,
          "format": null,
          "availability": null
        },
        "\"Chemistry Basics\" is available, but it's a paid print resource. Would you like more details about it?"
      ],
      [
        "Yes, please share more details about \"Chemistry Basics.\"",
        {
          "name": "Chemistry Basics",
          "type": "book",
          "subject": "Chemistry",
          "difficulty_level": null,
          "language": null,
          "author": null,
          "publication_year": null,
          "format": "print",
          "availability": "paid"
        },
        "\"Chemistry Basics\" is by Emily Smith, aimed at beginners, published in 2018, and in print format. Would you like to go with it?"
      ],
      [
        "Yes, I\u2019d like to go with \"Chemistry Basics\"!",
        {
          "name": "Chemistry Basics",
          "type": "book",
          "subject": "Chemistry",
          "difficulty_level": "beginner",
          "language": null,
          "author": "Emily Smith",
          "publication_year": 2018,
          "format": "print",
          "availability": "paid"
        },
        "Awesome choice! \"Chemistry Basics\" is a great resource. Happy studying!"
      ]
    ],
    "preferences_code": "```python\npreferences = ResourceCriteria(\n    name='Chemistry Basics',\n    type='book',\n    subject='Chemistry',\n    difficulty_level='beginner',\n    language='English',\n    author='Emily Smith',\n    publication_year=2018,\n    format='print',\n    availability='paid',\n)\n```",
    "red_herrings_code": "```python\n# Global variable representing a list of similar resource examples\nresources = [\n    Resource(\n        name='Chemistry Basics',\n        type='book',\n        subject='Chemistry',\n        difficulty_level='beginner',\n        language='English',\n        author='Emily Smith',\n        publication_year=2018,\n        format='print',\n        availability='paid',\n    ),\n    Resource(\n        name='Intro to Chemistry',\n        type='book',\n        subject='Chemistry',\n        difficulty_level='intermediate',\n        language='English',\n        author='Robert Brown',\n        publication_year=2019,\n        format='digital',\n        availability='free',\n    ),\n    Resource(\n        name='Chemistry for Everyone',\n        type='article',\n        subject='Chemistry',\n        difficulty_level='beginner',\n        language='English',\n        author='Jane Doe',\n        publication_year=2020,\n        format='digital',\n        availability='paid',\n    ),\n]\n```",
    "database_code": "```python\n# Global variable to hold a list of resource examples\nresources = [\n    Resource(\n        name=\"Introduction to Physics\",\n        type='book',\n        subject=\"Physics\",\n        difficulty_level='beginner',\n        language=\"English\",\n        author=\"John Doe\",\n        publication_year=2020,\n        format='print',\n        availability='paid'\n    ),\n    Resource(\n        name=\"Advanced Chemistry Concepts\",\n        type='article',\n        subject=\"Chemistry\",\n        difficulty_level='advanced',\n        language=\"English\",\n        author=\"Jane Smith\",\n        publication_year=2021,\n        format='digital',\n        availability='free'\n    ),\n    Resource(\n        name=\"Physics for Beginners\",\n        type='video',\n        subject=\"Physics\",\n        difficulty_level='beginner',\n        language=\"Spanish\",\n        author=\"Carlos Ruiz\",\n        publication_year=2019,\n        format='digital',\n        availability='free'\n    ),\n    Resource(\n        name=\"Organic Chemistry Essentials\",\n        type='book',\n        subject=\"Chemistry\",\n        difficulty_level='intermediate',\n        language=\"English\",\n        author=\"Emily Johnson\",\n        publication_year=2018,\n        format='print',\n        availability='paid'\n    ),\n    Resource(\n        name=\"Podcasts on Quantum Physics\",\n        type='podcast',\n        subject=\"Physics\",\n        difficulty_level='advanced',\n        language=\"English\",\n        author=\"Dr. Alan Turing\",\n        publication_year=2022,\n        format='digital',\n        availability='free'\n    ),\n    Resource(\n        name=\"Basic Chemistry Experiments\",\n        type='video',\n        subject=\"Chemistry\",\n        difficulty_level='beginner',\n        language=\"English\",\n        author=\"Mary Lee\",\n        publication_year=2020,\n        format='digital',\n        availability='paid'\n    ),\n    Resource(\n        name=\"Physics in Everyday Life\",\n        type='article',\n        subject=\"Physics\",\n        difficulty_level='intermediate',\n        language=\"French\",\n        author=\"Jean Dupont\",\n        publication_year=2021,\n        format='digital',\n        availability='free'\n    ),\n    Resource(\n        name=\"Chemistry 101\",\n        type='book',\n        subject=\"Chemistry\",\n        difficulty_level='beginner',\n        language=\"English\",\n        author=\"Robert Brown\",\n        publication_year=2017,\n        format='print',\n        availability='paid'\n    ),\n    Resource(\n        name=\"The Science of Matter\",\n        type='article',\n        subject=\"Chemistry\",\n        difficulty_level='intermediate',\n        language=\"English\",\n        author=\"Alice Green\",\n        publication_year=2022,\n        format='digital',\n        availability='free'\n    ),\n    Resource(\n        name=\"Physics Fundamentals\",\n        type='video',\n        subject=\"Physics\",\n        difficulty_level='advanced',\n        language=\"English\",\n        author=\"Dr. Lisa White\",\n        publication_year=2023,\n        format='digital',\n        availability='paid'\n    )\n]\n```",
    "database": [
      {
        "name": "The Science of Matter",
        "type": "article",
        "subject": "Chemistry",
        "difficulty_level": "intermediate",
        "language": "English",
        "author": "Alice Green",
        "publication_year": 2022,
        "format": "digital",
        "availability": "free"
      },
      {
        "name": "Physics for Beginners",
        "type": "video",
        "subject": "Physics",
        "difficulty_level": "beginner",
        "language": "Spanish",
        "author": "Carlos Ruiz",
        "publication_year": 2019,
        "format": "digital",
        "availability": "free"
      },
      {
        "name": "Intro to Chemistry",
        "type": "book",
        "subject": "Chemistry",
        "difficulty_level": "intermediate",
        "language": "English",
        "author": "Robert Brown",
        "publication_year": 2019,
        "format": "digital",
        "availability": "free"
      },
      {
        "name": "Chemistry for Everyone",
        "type": "article",
        "subject": "Chemistry",
        "difficulty_level": "beginner",
        "language": "English",
        "author": "Jane Doe",
        "publication_year": 2020,
        "format": "digital",
        "availability": "paid"
      },
      {
        "name": "Advanced Chemistry Concepts",
        "type": "article",
        "subject": "Chemistry",
        "difficulty_level": "advanced",
        "language": "English",
        "author": "Jane Smith",
        "publication_year": 2021,
        "format": "digital",
        "availability": "free"
      },
      {
        "name": "Physics in Everyday Life",
        "type": "article",
        "subject": "Physics",
        "difficulty_level": "intermediate",
        "language": "French",
        "author": "Jean Dupont",
        "publication_year": 2021,
        "format": "digital",
        "availability": "free"
      },
      {
        "name": "Introduction to Physics",
        "type": "book",
        "subject": "Physics",
        "difficulty_level": "beginner",
        "language": "English",
        "author": "John Doe",
        "publication_year": 2020,
        "format": "print",
        "availability": "paid"
      },
      {
        "name": "Chemistry 101",
        "type": "book",
        "subject": "Chemistry",
        "difficulty_level": "beginner",
        "language": "English",
        "author": "Robert Brown",
        "publication_year": 2017,
        "format": "print",
        "availability": "paid"
      },
      {
        "name": "Basic Chemistry Experiments",
        "type": "video",
        "subject": "Chemistry",
        "difficulty_level": "beginner",
        "language": "English",
        "author": "Mary Lee",
        "publication_year": 2020,
        "format": "digital",
        "availability": "paid"
      },
      {
        "name": "Organic Chemistry Essentials",
        "type": "book",
        "subject": "Chemistry",
        "difficulty_level": "intermediate",
        "language": "English",
        "author": "Emily Johnson",
        "publication_year": 2018,
        "format": "print",
        "availability": "paid"
      },
      {
        "name": "Podcasts on Quantum Physics",
        "type": "podcast",
        "subject": "Physics",
        "difficulty_level": "advanced",
        "language": "English",
        "author": "Dr. Alan Turing",
        "publication_year": 2022,
        "format": "digital",
        "availability": "free"
      },
      {
        "name": "Physics Fundamentals",
        "type": "video",
        "subject": "Physics",
        "difficulty_level": "advanced",
        "language": "English",
        "author": "Dr. Lisa White",
        "publication_year": 2023,
        "format": "digital",
        "availability": "paid"
      },
      {
        "name": "Chemistry Basics",
        "type": "book",
        "subject": "Chemistry",
        "difficulty_level": "beginner",
        "language": "English",
        "author": "Emily Smith",
        "publication_year": 2018,
        "format": "print",
        "availability": "paid"
      }
    ],
    "goal": {
      "name": "Chemistry Basics",
      "type": "book",
      "subject": "Chemistry",
      "difficulty_level": "beginner",
      "language": "English",
      "author": "Emily Smith",
      "publication_year": 2018,
      "format": "print",
      "availability": "paid"
    },
    "status": "complete"
  }
]