[
  {
    "searcher": "student",
    "recommender": "study group leader",
    "dialogue": "A student is getting help from a study group leader to find the right revision technique",
    "item_type": "revision technique",
    "criteria": [
      "effectiveness",
      "time required"
    ],
    "searcher_schema_code": "```python\nfrom dataclasses import dataclass\nfrom typing import Optional, Literal\n\n@dataclass\nclass RevisionTechniqueCriteria:\n    \"\"\"\n    Data class to represent the criteria and preferences a student may have\n    when searching for a revision technique.\n    \"\"\"\n\n    name: Optional[str] = None\n    \"\"\"Optional name of the specific revision technique the student is looking for.\"\"\"\n\n    effectiveness: Optional[Literal['high', 'medium', 'low']] = None\n    \"\"\"Optional criterion to specify the desired effectiveness level of the revision technique.\"\"\"\n\n    time_required: Optional[int] = None\n    \"\"\"Optional criterion to specify the maximum time the student is willing to spend (in minutes) on a revision session.\"\"\"\n\n    engagement_level: Optional[Literal['high', 'medium', 'low']] = None\n    \"\"\"Optional criterion to specify the desired level of engagement during the revision process.\"\"\"\n\n    group_or_individual: Optional[Literal['group', 'individual']] = None\n    \"\"\"Optional preference for whether the revision technique should be suitable for group or individual study.\"\"\"\n\n    resource_availability: Optional[Literal['high', 'medium', 'low']] = None\n    \"\"\"Optional criterion to specify the level of resources required, from high (many resources needed) to low (minimal resources needed).\"\"\"\n\n    learning_style: Optional[Literal['visual', 'auditory', 'kinesthetic', 'reading_writing']] = None\n    \"\"\"Optional preference to indicate the student's preferred learning style to be considered in the revision technique.\"\"\"\n```",
    "recommender_schema_code": "```python\nfrom dataclasses import dataclass\nfrom typing import Optional, Literal\n\n@dataclass\nclass RevisionTechnique:\n    \"\"\"\n    Data class to represent the study group leader's knowledge of a specific revision technique.\n    \"\"\"\n\n    name: Optional[str] = None\n    \"\"\"Name of the revision technique.\"\"\"\n\n    effectiveness: Optional[Literal['high', 'medium', 'low']] = None\n    \"\"\"Effectiveness level of the revision technique.\"\"\"\n\n    time_required: Optional[int] = None\n    \"\"\"Time required for a revision session using this technique, in minutes.\"\"\"\n\n    engagement_level: Optional[Literal['high', 'medium', 'low']] = None\n    \"\"\"Level of engagement provided by the revision technique.\"\"\"\n\n    group_or_individual: Optional[Literal['group', 'individual']] = None\n    \"\"\"Indicates if the revision technique is suitable for group or individual study.\"\"\"\n\n    resource_availability: Optional[Literal['high', 'medium', 'low']] = None\n    \"\"\"Level of resources required by the revision technique.\"\"\"\n\n    learning_style: Optional[Literal['visual', 'auditory', 'kinesthetic', 'reading_writing']] = None\n    \"\"\"Preferred learning style that the revision technique best supports.\"\"\"\n\n    def matches_criteria(self, criteria: RevisionTechniqueCriteria) -> bool:\n        \"\"\"\n        Determines if the revision technique matches the student's search criteria.\n\n        Args:\n            criteria: An instance of RevisionTechniqueCriteria containing the student's search preferences.\n\n        Returns:\n            bool: True if the revision technique matches all specified criteria, False otherwise.\n        \"\"\"\n        if criteria.name and self.name != criteria.name:\n            return False\n        if criteria.effectiveness and self.effectiveness != criteria.effectiveness:\n            return False\n        if criteria.time_required is not None and self.time_required is not None and self.time_required > criteria.time_required:\n            return False\n        if criteria.engagement_level and self.engagement_level != criteria.engagement_level:\n            return False\n        if criteria.group_or_individual and self.group_or_individual != criteria.group_or_individual:\n            return False\n        if criteria.resource_availability and self.resource_availability != criteria.resource_availability:\n            return False\n        if criteria.learning_style and self.learning_style != criteria.learning_style:\n            return False\n        return True\n```",
    "searcher_schema": {
      "name": {
        "type": "typing.Optional[str]",
        "desc": ""
      },
      "effectiveness": {
        "type": "typing.Optional[typing.Literal['low', 'medium', 'high']]",
        "desc": "Optional name of the specific revision technique the student is looking for."
      },
      "time_required": {
        "type": "typing.Optional[int]",
        "desc": "Optional criterion to specify the desired effectiveness level of the revision technique."
      },
      "engagement_level": {
        "type": "typing.Optional[typing.Literal['low', 'medium', 'high']]",
        "desc": "Optional criterion to specify the maximum time the student is willing to spend (in minutes) on a revision session."
      },
      "group_or_individual": {
        "type": "typing.Optional[typing.Literal['group', 'individual']]",
        "desc": "Optional criterion to specify the desired level of engagement during the revision process."
      },
      "resource_availability": {
        "type": "typing.Optional[typing.Literal['low', 'medium', 'high']]",
        "desc": "Optional preference for whether the revision technique should be suitable for group or individual study."
      },
      "learning_style": {
        "type": "typing.Optional[typing.Literal['visual', 'auditory', 'kinesthetic', 'reading_writing']]",
        "desc": "Optional criterion to specify the level of resources required, from high (many resources needed) to low (minimal resources needed)."
      }
    },
    "recommender_schema": {
      "name": {
        "type": "typing.Optional[str]",
        "desc": ""
      },
      "effectiveness": {
        "type": "typing.Optional[typing.Literal['low', 'medium', 'high']]",
        "desc": "Name of the revision technique."
      },
      "time_required": {
        "type": "typing.Optional[int]",
        "desc": "Effectiveness level of the revision technique."
      },
      "engagement_level": {
        "type": "typing.Optional[typing.Literal['low', 'medium', 'high']]",
        "desc": "Time required for a revision session using this technique, in minutes."
      },
      "group_or_individual": {
        "type": "typing.Optional[typing.Literal['group', 'individual']]",
        "desc": "Level of engagement provided by the revision technique."
      },
      "resource_availability": {
        "type": "typing.Optional[typing.Literal['low', 'medium', 'high']]",
        "desc": "Indicates if the revision technique is suitable for group or individual study."
      },
      "learning_style": {
        "type": "typing.Optional[typing.Literal['visual', 'auditory', 'kinesthetic', 'reading_writing']]",
        "desc": "Level of resources required by the revision technique."
      }
    }
  },
  {
    "searcher": "student",
    "recommender": "study group leader",
    "dialogue": "A student is getting help from a study group leader to find the right study schedule",
    "item_type": "study schedule",
    "criteria": [
      "duration",
      "frequency"
    ],
    "searcher_schema_code": "```python\nfrom dataclasses import dataclass\nfrom typing import Optional, Literal\n\n@dataclass\nclass StudyScheduleCriteria:\n    \"\"\"Class for representing criteria and preferences for finding a study schedule.\"\"\"\n    \n    name: Optional[str] = None\n    \"\"\"Name of the specific study schedule the student is looking for.\"\"\"\n    \n    duration_in_hours: Optional[float] = None\n    \"\"\"The total duration of the study period in hours.\"\"\"\n    \n    frequency_per_week: Optional[int] = None\n    \"\"\"Number of times per week the student wants to study.\"\"\"\n    \n    preferred_time_of_day: Optional[Literal['morning', 'afternoon', 'evening', 'night']] = None\n    \"\"\"Preferred time of day for study sessions.\"\"\"\n    \n    study_type: Optional[Literal['individual', 'group']] = None\n    \"\"\"Type of study session preferred by the student: individual or group.\"\"\"\n    \n    location: Optional[str] = None\n    \"\"\"Preferred location for the study sessions.\"\"\"\n    \n    subjects_to_focus_on: Optional[list[str]] = None\n    \"\"\"List of subjects the student wants to focus on during study sessions.\"\"\"\n    \n    breaks_duration: Optional[float] = None\n    \"\"\"Duration of breaks between study sessions in minutes.\"\"\"\n    \n    total_weeks: Optional[int] = None\n    \"\"\"Total number of weeks the study schedule should span.\"\"\"\n    \n    difficulty_level: Optional[Literal['easy', 'moderate', 'hard']] = None\n    \"\"\"Preferred difficulty level for the study materials.\"\"\"\n```\n",
    "recommender_schema_code": "```python\nfrom dataclasses import dataclass\nfrom typing import Optional, Literal\n\n@dataclass\nclass StudySchedule:\n    \"\"\"Class representing a study schedule known by the study group leader.\"\"\"\n\n    name: Optional[str] = None\n    \"\"\"Name of the study schedule.\"\"\"\n\n    duration_in_hours: Optional[float] = None\n    \"\"\"Total duration of the study schedule in hours.\"\"\"\n\n    frequency_per_week: Optional[int] = None\n    \"\"\"Number of study sessions per week.\"\"\"\n\n    preferred_time_of_day: Optional[Literal['morning', 'afternoon', 'evening', 'night']] = None\n    \"\"\"Preferred time of day for study sessions.\"\"\"\n\n    study_type: Optional[Literal['individual', 'group']] = None\n    \"\"\"Type of study session: individual or group.\"\"\"\n\n    location: Optional[str] = None\n    \"\"\"Location of the study sessions.\"\"\"\n\n    subjects_to_focus_on: Optional[list[str]] = None\n    \"\"\"Subjects included in the study schedule.\"\"\"\n\n    breaks_duration: Optional[float] = None\n    \"\"\"Duration of breaks between study sessions in minutes.\"\"\"\n\n    total_weeks: Optional[int] = None\n    \"\"\"Total number of weeks the study schedule spans.\"\"\"\n\n    difficulty_level: Optional[Literal['easy', 'moderate', 'hard']] = None\n    \"\"\"Difficulty level of the study materials.\"\"\"\n\n    def matches_criteria(self, criteria: 'StudyScheduleCriteria') -> bool:\n        \"\"\"Check if the study schedule matches the given search criteria.\"\"\"\n        if criteria.name and self.name != criteria.name:\n            return False\n        if criteria.duration_in_hours and self.duration_in_hours != criteria.duration_in_hours:\n            return False\n        if criteria.frequency_per_week and self.frequency_per_week != criteria.frequency_per_week:\n            return False\n        if criteria.preferred_time_of_day and self.preferred_time_of_day != criteria.preferred_time_of_day:\n            return False\n        if criteria.study_type and self.study_type != criteria.study_type:\n            return False\n        if criteria.location and self.location != criteria.location:\n            return False\n        if criteria.subjects_to_focus_on:\n            if not self.subjects_to_focus_on or not all(subject in self.subjects_to_focus_on for subject in criteria.subjects_to_focus_on):\n                return False\n        if criteria.breaks_duration and self.breaks_duration != criteria.breaks_duration:\n            return False\n        if criteria.total_weeks and self.total_weeks != criteria.total_weeks:\n            return False\n        if criteria.difficulty_level and self.difficulty_level != criteria.difficulty_level:\n            return False\n        return True\n```",
    "searcher_schema": {
      "name": {
        "type": "typing.Optional[str]",
        "desc": "Name of the specific study schedule the student is looking for."
      },
      "duration_in_hours": {
        "type": "typing.Optional[float]",
        "desc": "The total duration of the study period in hours."
      },
      "frequency_per_week": {
        "type": "typing.Optional[int]",
        "desc": "Number of times per week the student wants to study."
      },
      "preferred_time_of_day": {
        "type": "typing.Optional[typing.Literal['morning', 'afternoon', 'evening', 'night']]",
        "desc": "Preferred time of day for study sessions."
      },
      "study_type": {
        "type": "typing.Optional[typing.Literal['group', 'individual']]",
        "desc": "Type of study session preferred by the student: individual or group."
      },
      "location": {
        "type": "typing.Optional[str]",
        "desc": "Preferred location for the study sessions."
      },
      "subjects_to_focus_on": {
        "type": "typing.Optional[list[str]]",
        "desc": "List of subjects the student wants to focus on during study sessions."
      },
      "breaks_duration": {
        "type": "typing.Optional[float]",
        "desc": "Duration of breaks between study sessions in minutes."
      },
      "total_weeks": {
        "type": "typing.Optional[int]",
        "desc": "Total number of weeks the study schedule should span."
      },
      "difficulty_level": {
        "type": "typing.Optional[typing.Literal['easy', 'moderate', 'hard']]",
        "desc": "Preferred difficulty level for the study materials."
      }
    },
    "recommender_schema": {
      "name": {
        "type": "typing.Optional[str]",
        "desc": "Name of the study schedule."
      },
      "duration_in_hours": {
        "type": "typing.Optional[float]",
        "desc": "Total duration of the study schedule in hours."
      },
      "frequency_per_week": {
        "type": "typing.Optional[int]",
        "desc": "Number of study sessions per week."
      },
      "preferred_time_of_day": {
        "type": "typing.Optional[typing.Literal['morning', 'afternoon', 'evening', 'night']]",
        "desc": "Preferred time of day for study sessions."
      },
      "study_type": {
        "type": "typing.Optional[typing.Literal['group', 'individual']]",
        "desc": "Type of study session: individual or group."
      },
      "location": {
        "type": "typing.Optional[str]",
        "desc": "Location of the study sessions."
      },
      "subjects_to_focus_on": {
        "type": "typing.Optional[list[str]]",
        "desc": "Subjects included in the study schedule."
      },
      "breaks_duration": {
        "type": "typing.Optional[float]",
        "desc": "Duration of breaks between study sessions in minutes."
      },
      "total_weeks": {
        "type": "typing.Optional[int]",
        "desc": "Total number of weeks the study schedule spans."
      },
      "difficulty_level": {
        "type": "typing.Optional[typing.Literal['easy', 'moderate', 'hard']]",
        "desc": "Difficulty level of the study materials."
      }
    }
  },
  {
    "searcher": "student",
    "recommender": "study group leader",
    "dialogue": "A student is getting help from a study group leader to find the right resource",
    "item_type": "resource",
    "criteria": [
      "type",
      "subject"
    ],
    "searcher_schema_code": "```python\nfrom dataclasses import dataclass\nfrom typing import Optional, Literal\n\n@dataclass\nclass ResourceCriteria:\n    \"\"\"\n    Represents a student's criteria and preferences for finding a study resource.\n    \"\"\"\n\n    name: Optional[str] = None\n    \"\"\"The name of the resource, if the student is searching for a specific one.\"\"\"\n    \n    type: Optional[Literal['video', 'article', 'book', 'podcast']] = None\n    \"\"\"The type of the resource, such as video, article, book, or podcast.\"\"\"\n    \n    subject: Optional[str] = None\n    \"\"\"The subject area of the resource, such as math, science, history, etc.\"\"\"\n    \n    difficulty_level: Optional[Literal['beginner', 'intermediate', 'advanced']] = None\n    \"\"\"The difficulty level of the resource: beginner, intermediate, or advanced.\"\"\"\n    \n    language: Optional[str] = None\n    \"\"\"The language in which the resource is available, e.g., English, Spanish.\"\"\"\n    \n    author: Optional[str] = None\n    \"\"\"The author or creator of the resource, if the student wants to search by author.\"\"\"\n    \n    publication_year: Optional[int] = None\n    \"\"\"The year the resource was published, for time-specific searches.\"\"\"\n    \n    format: Optional[Literal['digital', 'print']] = None\n    \"\"\"The format of the resource: digital or print.\"\"\"\n    \n    availability: Optional[Literal['free', 'paid']] = None\n    \"\"\"The availability of the resource in terms of cost: free or paid.\"\"\"\n```",
    "recommender_schema_code": "```python\nfrom dataclasses import dataclass\nfrom typing import Optional, Literal\n\n@dataclass\nclass Resource:\n    \"\"\"\n    Represents a study resource with various attributes that can be matched with search criteria.\n    \"\"\"\n\n    name: Optional[str] = None\n    \"\"\"The name of the resource.\"\"\"\n\n    type: Optional[Literal['video', 'article', 'book', 'podcast']] = None\n    \"\"\"The type of the resource, such as video, article, book, or podcast.\"\"\"\n\n    subject: Optional[str] = None\n    \"\"\"The subject area of the resource, such as math, science, history, etc.\"\"\"\n\n    difficulty_level: Optional[Literal['beginner', 'intermediate', 'advanced']] = None\n    \"\"\"The difficulty level of the resource: beginner, intermediate, or advanced.\"\"\"\n\n    language: Optional[str] = None\n    \"\"\"The language in which the resource is available, e.g., English, Spanish.\"\"\"\n\n    author: Optional[str] = None\n    \"\"\"The author or creator of the resource.\"\"\"\n\n    publication_year: Optional[int] = None\n    \"\"\"The year the resource was published.\"\"\"\n\n    format: Optional[Literal['digital', 'print']] = None\n    \"\"\"The format of the resource: digital or print.\"\"\"\n\n    availability: Optional[Literal['free', 'paid']] = None\n    \"\"\"The availability of the resource in terms of cost: free or paid.\"\"\"\n\n    def matches_criteria(self, criteria: 'ResourceCriteria') -> bool:\n        \"\"\"\n        Determines if this resource matches the given search criteria.\n\n        :param criteria: The ResourceCriteria object containing the search preferences.\n        :return: True if this resource matches all specified criteria, False otherwise.\n        \"\"\"\n        if criteria.name and self.name != criteria.name:\n            return False\n        if criteria.type and self.type != criteria.type:\n            return False\n        if criteria.subject and self.subject != criteria.subject:\n            return False\n        if criteria.difficulty_level and self.difficulty_level != criteria.difficulty_level:\n            return False\n        if criteria.language and self.language != criteria.language:\n            return False\n        if criteria.author and self.author != criteria.author:\n            return False\n        if criteria.publication_year and self.publication_year != criteria.publication_year:\n            return False\n        if criteria.format and self.format != criteria.format:\n            return False\n        if criteria.availability and self.availability != criteria.availability:\n            return False\n        \n        return True\n```",
    "searcher_schema": {
      "name": {
        "type": "typing.Optional[str]",
        "desc": ""
      },
      "type": {
        "type": "typing.Optional[typing.Literal['video', 'article', 'book', 'podcast']]",
        "desc": "The name of the resource, if the student is searching for a specific one."
      },
      "subject": {
        "type": "typing.Optional[str]",
        "desc": "The type of the resource, such as video, article, book, or podcast."
      },
      "difficulty_level": {
        "type": "typing.Optional[typing.Literal['beginner', 'intermediate', 'advanced']]",
        "desc": "The subject area of the resource, such as math, science, history, etc."
      },
      "language": {
        "type": "typing.Optional[str]",
        "desc": "The difficulty level of the resource: beginner, intermediate, or advanced."
      },
      "author": {
        "type": "typing.Optional[str]",
        "desc": "The language in which the resource is available, e.g., English, Spanish."
      },
      "publication_year": {
        "type": "typing.Optional[int]",
        "desc": "The author or creator of the resource, if the student wants to search by author."
      },
      "format": {
        "type": "typing.Optional[typing.Literal['digital', 'print']]",
        "desc": "The year the resource was published, for time-specific searches."
      },
      "availability": {
        "type": "typing.Optional[typing.Literal['free', 'paid']]",
        "desc": "The format of the resource: digital or print."
      }
    },
    "recommender_schema": {
      "name": {
        "type": "typing.Optional[str]",
        "desc": ""
      },
      "type": {
        "type": "typing.Optional[typing.Literal['video', 'article', 'book', 'podcast']]",
        "desc": "The name of the resource."
      },
      "subject": {
        "type": "typing.Optional[str]",
        "desc": "The type of the resource, such as video, article, book, or podcast."
      },
      "difficulty_level": {
        "type": "typing.Optional[typing.Literal['beginner', 'intermediate', 'advanced']]",
        "desc": "The subject area of the resource, such as math, science, history, etc."
      },
      "language": {
        "type": "typing.Optional[str]",
        "desc": "The difficulty level of the resource: beginner, intermediate, or advanced."
      },
      "author": {
        "type": "typing.Optional[str]",
        "desc": "The language in which the resource is available, e.g., English, Spanish."
      },
      "publication_year": {
        "type": "typing.Optional[int]",
        "desc": "The author or creator of the resource."
      },
      "format": {
        "type": "typing.Optional[typing.Literal['digital', 'print']]",
        "desc": "The year the resource was published."
      },
      "availability": {
        "type": "typing.Optional[typing.Literal['free', 'paid']]",
        "desc": "The format of the resource: digital or print."
      }
    }
  }
]