[
  {
    "domain": "Performance Part",
    "turns": [
      [
        "I'm looking for a titanium exhaust from BrandG, around $900 to $1000. Any suggestions?",
        {
          "name": null,
          "type": "Exhaust",
          "brand": "BrandG",
          "material": "Titanium",
          "budget_range": "$900 to $1000",
          "compatibility": null,
          "performance_gain": null,
          "warranty": null
        },
        "I have a Titanium Exhaust System from BrandF for $899.99; would that work for you?"
      ],
      [
        "I'm specifically looking for BrandG, though. Do you have anything from them?",
        {
          "name": null,
          "type": "Exhaust",
          "brand": "BrandG",
          "material": "Titanium",
          "budget_range": "$900 to $1000",
          "compatibility": null,
          "performance_gain": null,
          "warranty": null
        },
        "I don't have a titanium exhaust from BrandG, but I do have a High-Performance Exhaust from them for $949.99. Would you be interested?"
      ],
      [
        "Yes, that sounds interesting! What kind of performance gain can I expect from it?",
        {
          "name": null,
          "type": "Exhaust",
          "brand": "BrandG",
          "material": "Titanium",
          "budget_range": "$900 to $1000",
          "compatibility": null,
          "performance_gain": null,
          "warranty": null
        },
        "You can expect maximized airflow and performance from the High-Performance Exhaust from BrandG."
      ],
      [
        "That sounds perfect! Does it come with a warranty?",
        {
          "name": "High-Performance Exhaust",
          "type": "Exhaust",
          "brand": "BrandG",
          "material": "Titanium",
          "budget_range": "$900 to $1000",
          "compatibility": null,
          "performance_gain": "maximized airflow and performance",
          "warranty": null
        },
        "No, the High-Performance Exhaust from BrandG does not come with a warranty."
      ],
      [
        "That's alright! I'll go with the High-Performance Exhaust from BrandG for $949.99.",
        {
          "name": "High-Performance Exhaust",
          "type": "Exhaust",
          "brand": "BrandG",
          "material": "Titanium",
          "budget_range": "$900 to $1000",
          "compatibility": null,
          "performance_gain": "maximized airflow and performance",
          "warranty": false
        },
        "Great choice! I'll note that down for you. Enjoy your new exhaust!"
      ]
    ],
    "preferences_code": "```python\npreferences = PerformancePartCriteria(\n    name='High-Performance Exhaust',\n    type='Exhaust',\n    brand='BrandG',\n    material='Titanium',\n    budget_range='900-1000',\n    compatibility='Fits various models',\n    performance_gain='Maximized airflow and performance',\n    warranty=False,\n)\n```",
    "red_herrings_code": "```python\n# Global variable containing a list of Performance Part examples\nperformance_parts = [\n    PerformancePart(\n        name='Sport Exhaust System Pro',\n        type='Exhaust',\n        brand='BrandF',\n        material='Steel',\n        price=799.99,\n        compatibility='Lightweight and durable',\n        performance_gain='Enhanced sound and performance',\n        warranty=True,\n    ),\n    PerformancePart(\n        name='High-Performance Exhaust',\n        type='Exhaust',\n        brand='BrandG',\n        material='Titanium',\n        price=949.99,\n        compatibility='Fits various models',\n        performance_gain='Maximized airflow and performance',\n        warranty=False,\n    ),\n    PerformancePart(\n        name='Titanium Exhaust System',\n        type='Exhaust',\n        brand='BrandF',\n        material='Titanium',\n        price=899.99,\n        compatibility='Custom fit for sports cars',\n        performance_gain='Improved throttle response',\n        warranty=True,\n    ),\n]\n```",
    "database_code": "```python\n# Global variable to represent a list of Performance Part examples known to the Mechanic.\nperformance_parts = [\n    PerformancePart(\n        name=\"High-Performance Exhaust System\",\n        type=\"Exhaust\",\n        brand=\"BrandA\",\n        material=\"Stainless Steel\",\n        price=599.99,\n        compatibility=\"Compatible with most sports cars\",\n        performance_gain=\"Increased horsepower and torque\",\n        warranty=True\n    ),\n    PerformancePart(\n        name=\"Cold Air Intake System\",\n        type=\"Intake\",\n        brand=\"BrandB\",\n        material=\"Aluminum\",\n        price=299.99,\n        compatibility=\"Compatible with various models\",\n        performance_gain=\"Improved engine efficiency\",\n        warranty=False\n    ),\n    PerformancePart(\n        name=\"Adjustable Coilover Suspension\",\n        type=\"Suspension\",\n        brand=\"BrandC\",\n        material=\"Aluminum\",\n        price=799.99,\n        compatibility=\"Fits all sedans\",\n        performance_gain=\"Enhanced handling and ride quality\",\n        warranty=True\n    ),\n    PerformancePart(\n        name=\"Turbocharger Kit\",\n        type=\"Turbo\",\n        brand=\"BrandD\",\n        material=\"Steel\",\n        price=1299.99,\n        compatibility=\"Requires professional installation\",\n        performance_gain=\"Significant boost in horsepower\",\n        warranty=True\n    ),\n    PerformancePart(\n        name=\"High-Performance Brake Pads\",\n        type=\"Brakes\",\n        brand=\"BrandE\",\n        material=\"Carbon Fiber\",\n        price=199.99,\n        compatibility=\"Compatible with most vehicles\",\n        performance_gain=\"Improved stopping power\",\n        warranty=False\n    ),\n    PerformancePart(\n        name=\"Sport Exhaust System\",\n        type=\"Exhaust\",\n        brand=\"BrandF\",\n        material=\"Titanium\",\n        price=899.99,\n        compatibility=\"Lightweight and durable\",\n        performance_gain=\"Enhanced sound and performance\",\n        warranty=True\n    ),\n    PerformancePart(\n        name=\"Performance Intake Manifold\",\n        type=\"Intake\",\n        brand=\"BrandG\",\n        material=\"Aluminum\",\n        price=499.99,\n        compatibility=\"For high-performance builds\",\n        performance_gain=\"Better airflow and power\",\n        warranty=True\n    ),\n    PerformancePart(\n        name=\"Racing Suspension Kit\",\n        type=\"Suspension\",\n        brand=\"BrandH\",\n        material=\"Steel\",\n        price=1099.99,\n        compatibility=\"Designed for track use\",\n        performance_gain=\"Superior cornering and stability\",\n        warranty=False\n    ),\n    PerformancePart(\n        name=\"Twin Turbo System\",\n        type=\"Turbo\",\n        brand=\"BrandI\",\n        material=\"Aluminum\",\n        price=2499.99,\n        compatibility=\"For advanced engine setups\",\n        performance_gain=\"Massive power increase\",\n        warranty=True\n    ),\n    PerformancePart(\n        name=\"Performance Brake Rotors\",\n        type=\"Brakes\",\n        brand=\"BrandJ\",\n        material=\"Carbon Fiber\",\n        price=349.99,\n        compatibility=\"High-performance vehicles\",\n        performance_gain=\"Reduced brake fade\",\n        warranty=False\n    )\n]\n```",
    "database": [
      {
        "name": "Titanium Exhaust System",
        "type": "Exhaust",
        "brand": "BrandF",
        "material": "Titanium",
        "price": 899.99,
        "compatibility": "Custom fit for sports cars",
        "performance_gain": "Improved throttle response",
        "warranty": true
      },
      {
        "name": "High-Performance Exhaust System",
        "type": "Exhaust",
        "brand": "BrandA",
        "material": "Stainless Steel",
        "price": 599.99,
        "compatibility": "Compatible with most sports cars",
        "performance_gain": "Increased horsepower and torque",
        "warranty": true
      },
      {
        "name": "Performance Brake Rotors",
        "type": "Brakes",
        "brand": "BrandJ",
        "material": "Carbon Fiber",
        "price": 349.99,
        "compatibility": "High-performance vehicles",
        "performance_gain": "Reduced brake fade",
        "warranty": false
      },
      {
        "name": "Racing Suspension Kit",
        "type": "Suspension",
        "brand": "BrandH",
        "material": "Steel",
        "price": 1099.99,
        "compatibility": "Designed for track use",
        "performance_gain": "Superior cornering and stability",
        "warranty": false
      },
      {
        "name": "Sport Exhaust System",
        "type": "Exhaust",
        "brand": "BrandF",
        "material": "Titanium",
        "price": 899.99,
        "compatibility": "Lightweight and durable",
        "performance_gain": "Enhanced sound and performance",
        "warranty": true
      },
      {
        "name": "Performance Intake Manifold",
        "type": "Intake",
        "brand": "BrandG",
        "material": "Aluminum",
        "price": 499.99,
        "compatibility": "For high-performance builds",
        "performance_gain": "Better airflow and power",
        "warranty": true
      },
      {
        "name": "Cold Air Intake System",
        "type": "Intake",
        "brand": "BrandB",
        "material": "Aluminum",
        "price": 299.99,
        "compatibility": "Compatible with various models",
        "performance_gain": "Improved engine efficiency",
        "warranty": false
      },
      {
        "name": "Sport Exhaust System Pro",
        "type": "Exhaust",
        "brand": "BrandF",
        "material": "Steel",
        "price": 799.99,
        "compatibility": "Lightweight and durable",
        "performance_gain": "Enhanced sound and performance",
        "warranty": true
      },
      {
        "name": "Turbocharger Kit",
        "type": "Turbo",
        "brand": "BrandD",
        "material": "Steel",
        "price": 1299.99,
        "compatibility": "Requires professional installation",
        "performance_gain": "Significant boost in horsepower",
        "warranty": true
      },
      {
        "name": "High-Performance Brake Pads",
        "type": "Brakes",
        "brand": "BrandE",
        "material": "Carbon Fiber",
        "price": 199.99,
        "compatibility": "Compatible with most vehicles",
        "performance_gain": "Improved stopping power",
        "warranty": false
      },
      {
        "name": "High-Performance Exhaust",
        "type": "Exhaust",
        "brand": "BrandG",
        "material": "Titanium",
        "price": 949.99,
        "compatibility": "Fits various models",
        "performance_gain": "Maximized airflow and performance",
        "warranty": false
      },
      {
        "name": "Twin Turbo System",
        "type": "Turbo",
        "brand": "BrandI",
        "material": "Aluminum",
        "price": 2499.99,
        "compatibility": "For advanced engine setups",
        "performance_gain": "Massive power increase",
        "warranty": true
      },
      {
        "name": "Adjustable Coilover Suspension",
        "type": "Suspension",
        "brand": "BrandC",
        "material": "Aluminum",
        "price": 799.99,
        "compatibility": "Fits all sedans",
        "performance_gain": "Enhanced handling and ride quality",
        "warranty": true
      }
    ],
    "goal": {
      "name": "High-Performance Exhaust",
      "type": "Exhaust",
      "brand": "BrandG",
      "material": "Titanium",
      "price": 949.99,
      "compatibility": "Fits various models",
      "performance_gain": "Maximized airflow and performance",
      "warranty": false
    },
    "status": "complete"
  },
  {
    "domain": "Accessories",
    "turns": [
      [
        "Thanks! Now, can you help me find a Parking Sensor?",
        {
          "name": "High-Performance Exhaust",
          "type": "Performance",
          "material": "Titanium",
          "color": null,
          "brand": "BrandG",
          "price_range": [
            949.99,
            949.99
          ],
          "compatible_models": null,
          "required_features": null
        },
        "Sure! What specific features or brand are you looking for in the Parking Sensor?"
      ],
      [
        "I'm looking for a Parking Sensor from BrandH, preferably with audible alerts.",
        {
          "name": null,
          "type": "Utility",
          "material": null,
          "color": null,
          "brand": "BrandH",
          "price_range": null,
          "compatible_models": null,
          "required_features": [
            "audible alerts"
          ]
        },
        "I have a Parking Sensor from BrandH for $149.99 with audible alerts. Would you like to go with that?"
      ]
    ],
    "preferences_code": "```python\npreferences = AccessoryCriteria(\n    name='Parking Sensor',\n    type='Utility',\n    material='Plastic',\n    color='Silver',\n    brand='BrandH',\n    price_range=(100.00, 200.00),\n    compatible_models=['ModelY', 'ModelZ'],\n    required_features=['Audible alerts', 'Easy installation'],\n)\n```",
    "red_herrings_code": "```python\n# Global variable to hold a list of example Accessories\naccessories_examples = [\n    Accessory(\n        name='Rearview Camera',\n        type='Utility',\n        material='Plastic',\n        color='Black',\n        brand='BrandH',\n        price=179.99,\n        compatible_models=['ModelX', 'ModelY'],\n        features=['Wide-angle view', 'Daytime clarity']\n    ),\n    Accessory(\n        name='Backup Camera',\n        type='Utility',\n        material='Metal',\n        color='Black',\n        brand='BrandI',\n        price=209.99,\n        compatible_models=['ModelX', 'ModelY', 'ModelZ'],\n        features=['Wide-angle view', 'Water-resistant']\n    ),\n    Accessory(\n        name='Parking Sensor',\n        type='Utility',\n        material='Plastic',\n        color='Silver',\n        brand='BrandH',\n        price=149.99,\n        compatible_models=['ModelY', 'ModelZ'],\n        features=['Audible alerts', 'Easy installation']\n    )\n]\n```",
    "database_code": "```python\n# Global variable representing a list of Accessory examples known to the Mechanic\naccessories_list = [\n    Accessory(\n        name=\"Leather Seat Covers\",\n        type=\"Interior\",\n        material=\"Leather\",\n        color=\"Black\",\n        brand=\"BrandA\",\n        price=199.99,\n        compatible_models=[\"ModelX\", \"ModelY\"],\n        features=[\"Water-resistant\", \"Easy to clean\"]\n    ),\n    Accessory(\n        name=\"Carbon Fiber Spoiler\",\n        type=\"Exterior\",\n        material=\"Carbon Fiber\",\n        color=\"Carbon\",\n        brand=\"BrandB\",\n        price=299.99,\n        compatible_models=[\"ModelZ\"],\n        features=[\"Lightweight\", \"Aerodynamic\"]\n    ),\n    Accessory(\n        name=\"High-Performance Air Filter\",\n        type=\"Performance\",\n        material=\"Synthetic\",\n        color=\"Red\",\n        brand=\"BrandC\",\n        price=89.99,\n        compatible_models=[\"ModelX\", \"ModelZ\"],\n        features=[\"Increased airflow\", \"Reusable\"]\n    ),\n    Accessory(\n        name=\"LED Headlight Kit\",\n        type=\"Exterior\",\n        material=\"Plastic\",\n        color=\"White\",\n        brand=\"BrandD\",\n        price=149.99,\n        compatible_models=[\"ModelY\", \"ModelZ\"],\n        features=[\"High brightness\", \"Energy-efficient\"]\n    ),\n    Accessory(\n        name=\"All-Weather Floor Mats\",\n        type=\"Utility\",\n        material=\"Rubber\",\n        color=\"Black\",\n        brand=\"BrandE\",\n        price=79.99,\n        compatible_models=[\"ModelX\", \"ModelY\"],\n        features=[\"Waterproof\", \"Non-slip\"]\n    ),\n    Accessory(\n        name=\"Performance Exhaust System\",\n        type=\"Performance\",\n        material=\"Stainless Steel\",\n        color=\"Silver\",\n        brand=\"BrandG\",\n        price=949.99,\n        compatible_models=[\"ModelZ\"],\n        features=[\"Improved sound\", \"Increased horsepower\"]\n    ),\n    Accessory(\n        name=\"Backup Camera\",\n        type=\"Utility\",\n        material=\"Plastic\",\n        color=\"Black\",\n        brand=\"BrandH\",\n        price=199.99,\n        compatible_models=[\"ModelX\", \"ModelY\", \"ModelZ\"],\n        features=[\"Wide-angle view\", \"Night vision\"]\n    ),\n    Accessory(\n        name=\"Sport Steering Wheel\",\n        type=\"Interior\",\n        material=\"Alcantara\",\n        color=\"Gray\",\n        brand=\"BrandI\",\n        price=299.99,\n        compatible_models=[\"ModelY\"],\n        features=[\"Enhanced grip\", \"Lightweight\"]\n    ),\n    Accessory(\n        name=\"Tinted Window Film\",\n        type=\"Exterior\",\n        material=\"Polyester\",\n        color=\"Black\",\n        brand=\"BrandJ\",\n        price=149.99,\n        compatible_models=[\"ModelX\", \"ModelZ\"],\n        features=[\"UV protection\", \"Privacy enhancement\"]\n    ),\n    Accessory(\n        name=\"Cold Air Intake System\",\n        type=\"Performance\",\n        material=\"Aluminum\",\n        color=\"Silver\",\n        brand=\"BrandK\",\n        price=249.99,\n        compatible_models=[\"ModelY\"],\n        features=[\"Increased horsepower\", \"Improved throttle response\"]\n    )\n]\n```",
    "database": [
      {
        "name": "Sport Steering Wheel",
        "type": "Interior",
        "material": "Alcantara",
        "color": "Gray",
        "brand": "BrandI",
        "price": 299.99,
        "compatible_models": [
          "ModelY"
        ],
        "features": [
          "Enhanced grip",
          "Lightweight"
        ]
      },
      {
        "name": "Tinted Window Film",
        "type": "Exterior",
        "material": "Polyester",
        "color": "Black",
        "brand": "BrandJ",
        "price": 149.99,
        "compatible_models": [
          "ModelX",
          "ModelZ"
        ],
        "features": [
          "UV protection",
          "Privacy enhancement"
        ]
      },
      {
        "name": "Rearview Camera",
        "type": "Utility",
        "material": "Plastic",
        "color": "Black",
        "brand": "BrandH",
        "price": 179.99,
        "compatible_models": [
          "ModelX",
          "ModelY"
        ],
        "features": [
          "Wide-angle view",
          "Daytime clarity"
        ]
      },
      {
        "name": "Carbon Fiber Spoiler",
        "type": "Exterior",
        "material": "Carbon Fiber",
        "color": "Carbon",
        "brand": "BrandB",
        "price": 299.99,
        "compatible_models": [
          "ModelZ"
        ],
        "features": [
          "Lightweight",
          "Aerodynamic"
        ]
      },
      {
        "name": "Cold Air Intake System",
        "type": "Performance",
        "material": "Aluminum",
        "color": "Silver",
        "brand": "BrandK",
        "price": 249.99,
        "compatible_models": [
          "ModelY"
        ],
        "features": [
          "Increased horsepower",
          "Improved throttle response"
        ]
      },
      {
        "name": "Leather Seat Covers",
        "type": "Interior",
        "material": "Leather",
        "color": "Black",
        "brand": "BrandA",
        "price": 199.99,
        "compatible_models": [
          "ModelX",
          "ModelY"
        ],
        "features": [
          "Water-resistant",
          "Easy to clean"
        ]
      },
      {
        "name": "Backup Camera",
        "type": "Utility",
        "material": "Plastic",
        "color": "Black",
        "brand": "BrandH",
        "price": 199.99,
        "compatible_models": [
          "ModelX",
          "ModelY",
          "ModelZ"
        ],
        "features": [
          "Wide-angle view",
          "Night vision"
        ]
      },
      {
        "name": "LED Headlight Kit",
        "type": "Exterior",
        "material": "Plastic",
        "color": "White",
        "brand": "BrandD",
        "price": 149.99,
        "compatible_models": [
          "ModelY",
          "ModelZ"
        ],
        "features": [
          "High brightness",
          "Energy-efficient"
        ]
      },
      {
        "name": "Performance Exhaust System",
        "type": "Performance",
        "material": "Stainless Steel",
        "color": "Silver",
        "brand": "BrandG",
        "price": 949.99,
        "compatible_models": [
          "ModelZ"
        ],
        "features": [
          "Improved sound",
          "Increased horsepower"
        ]
      },
      {
        "name": "Backup Camera",
        "type": "Utility",
        "material": "Metal",
        "color": "Black",
        "brand": "BrandI",
        "price": 209.99,
        "compatible_models": [
          "ModelX",
          "ModelY",
          "ModelZ"
        ],
        "features": [
          "Wide-angle view",
          "Water-resistant"
        ]
      },
      {
        "name": "High-Performance Air Filter",
        "type": "Performance",
        "material": "Synthetic",
        "color": "Red",
        "brand": "BrandC",
        "price": 89.99,
        "compatible_models": [
          "ModelX",
          "ModelZ"
        ],
        "features": [
          "Increased airflow",
          "Reusable"
        ]
      },
      {
        "name": "Parking Sensor",
        "type": "Utility",
        "material": "Plastic",
        "color": "Silver",
        "brand": "BrandH",
        "price": 149.99,
        "compatible_models": [
          "ModelY",
          "ModelZ"
        ],
        "features": [
          "Audible alerts",
          "Easy installation"
        ]
      },
      {
        "name": "All-Weather Floor Mats",
        "type": "Utility",
        "material": "Rubber",
        "color": "Black",
        "brand": "BrandE",
        "price": 79.99,
        "compatible_models": [
          "ModelX",
          "ModelY"
        ],
        "features": [
          "Waterproof",
          "Non-slip"
        ]
      }
    ],
    "goal": {
      "name": "Parking Sensor",
      "type": "Utility",
      "material": "Plastic",
      "color": "Silver",
      "brand": "BrandH",
      "price": 149.99,
      "compatible_models": [
        "ModelY",
        "ModelZ"
      ],
      "features": [
        "Audible alerts",
        "Easy installation"
      ]
    },
    "status": "complete"
  },
  {
    "domain": "Repairs",
    "turns": [
      [
        "That sounds good, but I also need help with brake repairs. Can you assist me with that?",
        {
          "name": "High-Performance Exhaust from BrandG",
          "service_type": "brakes",
          "urgency": null,
          "cost_limit": 949.99,
          "location_preference": null,
          "warranty_required": false,
          "insurance_accepted": null,
          "customer_rating": null
        },
        "Absolutely! What specific details do you have in mind for the brake repairs, like urgency or budget?"
      ],
      [
        "I'm looking for brake repairs with a medium urgency and a budget of $300.",
        {
          "name": null,
          "service_type": "brakes",
          "urgency": "medium",
          "cost_limit": 300,
          "location_preference": null,
          "warranty_required": null,
          "insurance_accepted": null,
          "customer_rating": null
        },
        "I have a couple of options: Brake Pros at $280 and Brake Masters at $300. Which one do you prefer?"
      ],
      [
        "Can you tell me the customer ratings for both Brake Pros and Brake Masters?",
        {
          "name": null,
          "service_type": "brakes",
          "urgency": "medium",
          "cost_limit": 300,
          "location_preference": null,
          "warranty_required": null,
          "insurance_accepted": null,
          "customer_rating": null
        },
        "Brake Pros has a rating of 4.2, and Brake Masters has a rating of 4.0. Which one do you want to choose?"
      ],
      [
        "I'll go with Brake Pros for the brake repairs!",
        {
          "name": "Brake Pros",
          "service_type": "brakes",
          "urgency": "medium",
          "cost_limit": 300,
          "location_preference": null,
          "warranty_required": null,
          "insurance_accepted": null,
          "customer_rating": 4.2
        },
        "Great choice! I'll note you down for Brake Pros."
      ]
    ],
    "preferences_code": "```python\npreferences = RepairCriteria(\n    name='Brake Experts',\n    service_type='brakes',\n    urgency='medium',\n    cost_limit=300.0,\n    location_preference='West Side',\n    warranty_required=False,\n    insurance_accepted=True,\n    customer_rating=4.0,\n)\n```",
    "red_herrings_code": "```python\n# Global variable to represent a list of similar RepairService examples\nsimilar_repair_services = [\n    RepairService(\n        name='Brake Pros',\n        service_type='brakes',\n        urgency='medium',\n        cost=280.0,\n        location='East Side',\n        warranty=False,\n        insurance=True,\n        rating=4.2,\n    ),\n    RepairService(\n        name='East Side Brakes',\n        service_type='brakes',\n        urgency='high',\n        cost=320.0,\n        location='East Side',\n        warranty=False,\n        insurance=True,\n        rating=3.8,\n    ),\n    RepairService(\n        name='Brake Experts',\n        service_type='brakes',\n        urgency='medium',\n        cost=290.0,\n        location='West Side',\n        warranty=False,\n        insurance=True,\n        rating=4.1,\n    ),\n]\n```",
    "database_code": "```python\n# Global variable representing a list of RepairService examples\nrepair_services = [\n    RepairService(name=\"Quick Fix Auto\", service_type=\"engine\", urgency=\"high\", cost=500.00, location=\"Downtown\", warranty=True, insurance=True, rating=4.5),\n    RepairService(name=\"Brake Masters\", service_type=\"brakes\", urgency=\"medium\", cost=300.00, location=\"East Side\", warranty=False, insurance=True, rating=4.0),\n    RepairService(name=\"Transmission Experts\", service_type=\"transmission\", urgency=\"high\", cost=1200.00, location=\"West End\", warranty=True, insurance=False, rating=4.8),\n    RepairService(name=\"Tire Pros\", service_type=\"tires\", urgency=\"low\", cost=150.00, location=\"North Plaza\", warranty=True, insurance=True, rating=4.2),\n    RepairService(name=\"Bodyworks Inc.\", service_type=\"bodywork\", urgency=\"medium\", cost=800.00, location=\"South Street\", warranty=True, insurance=False, rating=4.6),\n    RepairService(name=\"Engine Wizards\", service_type=\"engine\", urgency=\"high\", cost=700.00, location=\"Central Park\", warranty=False, insurance=True, rating=4.3),\n    RepairService(name=\"Brake Specialists\", service_type=\"brakes\", urgency=\"low\", cost=250.00, location=\"East Side\", warranty=True, insurance=True, rating=4.1),\n    RepairService(name=\"Auto Transmission Co.\", service_type=\"transmission\", urgency=\"medium\", cost=1100.00, location=\"West End\", warranty=True, insurance=False, rating=4.7),\n    RepairService(name=\"Tire & Wheel Shop\", service_type=\"tires\", urgency=\"high\", cost=200.00, location=\"North Plaza\", warranty=False, insurance=True, rating=4.4),\n    RepairService(name=\"Custom Body Shop\", service_type=\"bodywork\", urgency=\"medium\", cost=900.00, location=\"South Street\", warranty=True, insurance=False, rating=4.5)\n]\n```",
    "database": [
      {
        "name": "Brake Specialists",
        "service_type": "brakes",
        "urgency": "low",
        "cost": 250.0,
        "location": "East Side",
        "warranty": true,
        "insurance": true,
        "rating": 4.1
      },
      {
        "name": "Custom Body Shop",
        "service_type": "bodywork",
        "urgency": "medium",
        "cost": 900.0,
        "location": "South Street",
        "warranty": true,
        "insurance": false,
        "rating": 4.5
      },
      {
        "name": "Tire Pros",
        "service_type": "tires",
        "urgency": "low",
        "cost": 150.0,
        "location": "North Plaza",
        "warranty": true,
        "insurance": true,
        "rating": 4.2
      },
      {
        "name": "Brake Pros",
        "service_type": "brakes",
        "urgency": "medium",
        "cost": 280.0,
        "location": "East Side",
        "warranty": false,
        "insurance": true,
        "rating": 4.2
      },
      {
        "name": "Quick Fix Auto",
        "service_type": "engine",
        "urgency": "high",
        "cost": 500.0,
        "location": "Downtown",
        "warranty": true,
        "insurance": true,
        "rating": 4.5
      },
      {
        "name": "Tire & Wheel Shop",
        "service_type": "tires",
        "urgency": "high",
        "cost": 200.0,
        "location": "North Plaza",
        "warranty": false,
        "insurance": true,
        "rating": 4.4
      },
      {
        "name": "Bodyworks Inc.",
        "service_type": "bodywork",
        "urgency": "medium",
        "cost": 800.0,
        "location": "South Street",
        "warranty": true,
        "insurance": false,
        "rating": 4.6
      },
      {
        "name": "Engine Wizards",
        "service_type": "engine",
        "urgency": "high",
        "cost": 700.0,
        "location": "Central Park",
        "warranty": false,
        "insurance": true,
        "rating": 4.3
      },
      {
        "name": "East Side Brakes",
        "service_type": "brakes",
        "urgency": "high",
        "cost": 320.0,
        "location": "East Side",
        "warranty": false,
        "insurance": true,
        "rating": 3.8
      },
      {
        "name": "Transmission Experts",
        "service_type": "transmission",
        "urgency": "high",
        "cost": 1200.0,
        "location": "West End",
        "warranty": true,
        "insurance": false,
        "rating": 4.8
      },
      {
        "name": "Brake Masters",
        "service_type": "brakes",
        "urgency": "medium",
        "cost": 300.0,
        "location": "East Side",
        "warranty": false,
        "insurance": true,
        "rating": 4.0
      },
      {
        "name": "Auto Transmission Co.",
        "service_type": "transmission",
        "urgency": "medium",
        "cost": 1100.0,
        "location": "West End",
        "warranty": true,
        "insurance": false,
        "rating": 4.7
      },
      {
        "name": "Brake Experts",
        "service_type": "brakes",
        "urgency": "medium",
        "cost": 290.0,
        "location": "West Side",
        "warranty": false,
        "insurance": true,
        "rating": 4.1
      }
    ],
    "goal": {
      "name": "Brake Experts",
      "service_type": "brakes",
      "urgency": "medium",
      "cost": 290.0,
      "location": "West Side",
      "warranty": false,
      "insurance": true,
      "rating": 4.1
    },
    "status": "complete"
  }
]