[
  {
    "domain": "mixing tool",
    "turns": [
      [
        "Hey, I'm looking for an analog mixing tool, preferably from Behringer.",
        {
          "name": null,
          "type": "analog",
          "price_range": null,
          "brand": "Behringer",
          "features": null,
          "size": null,
          "connectivity": null,
          "usage_environment": null
        },
        "I have a couple of options for you; are you looking for something compact or medium-sized?"
      ],
      [
        "I prefer something compact.",
        {
          "name": null,
          "type": "analog",
          "price_range": null,
          "brand": "Behringer",
          "features": null,
          "size": "compact",
          "connectivity": null,
          "usage_environment": null
        },
        "The Behringer Xenyx Q502USB is a compact analog option; would you like to know more about it?"
      ],
      [
        "Yes, tell me more about it!",
        {
          "name": null,
          "type": "analog",
          "price_range": null,
          "brand": "Behringer",
          "features": null,
          "size": "compact",
          "connectivity": null,
          "usage_environment": null
        },
        "It\u2019s priced at $99.99, features USB connectivity, and is suitable for live use. How does that sound?"
      ],
      [
        "That sounds perfect! Does it have any other features?",
        {
          "name": "Behringer Xenyx Q502USB",
          "type": "analog",
          "price_range": "$99.99",
          "brand": "Behringer",
          "features": null,
          "size": "compact",
          "connectivity": "USB",
          "usage_environment": "live"
        },
        "It includes a built-in EQ, but it doesn't have effects. Is that okay for you?"
      ],
      [
        "Yeah, that\u2019s fine! I think I\u2019ll go with the Behringer Xenyx Q502USB.",
        {
          "name": "Behringer Xenyx Q502USB",
          "type": "analog",
          "price_range": "$99.99",
          "brand": "Behringer",
          "features": [
            "built-in EQ"
          ],
          "size": "compact",
          "connectivity": "USB",
          "usage_environment": "live"
        },
        "Great choice! The Behringer Xenyx Q502USB it is. Happy mixing!"
      ]
    ],
    "preferences_code": "```python\npreferences = MixingToolCriteria(\n    name='Behringer Xenyx Q502USB',\n    type='analog',\n    price_range='$0-$100',  # Adjusted to match the target price\n    brand='Behringer',\n    features=['USB'],  # Desired feature matches the target\n    size='compact',\n    connectivity='USB',\n    usage_environment='live'\n)\n```",
    "red_herrings_code": "```python\n# Global variable representing a list of mixing tool examples\nmixing_tool_examples = [\n    MixingTool(\n        name='Roland Go:Mixer',\n        type='hybrid',\n        price='$129.99',\n        brand='Roland',\n        features=['USB'],\n        size='compact',\n        connectivity='USB',\n        usage_environment='home',\n    ),\n    MixingTool(\n        name='Yamaha AG06',\n        type='analog',\n        price='$199.99',\n        brand='Yamaha',\n        features=['USB', 'effects'],\n        size='medium',\n        connectivity='USB',\n        usage_environment='studio',\n    ),\n    MixingTool(\n        name='Behringer Xenyx Q502USB',\n        type='analog',\n        price='$99.99',\n        brand='Behringer',\n        features=['USB'],\n        size='compact',\n        connectivity='USB',\n        usage_environment='live',\n    ),\n]\n```",
    "database_code": "```python\n# Global variable representing a list of mixing tool examples\nmixing_tools = [\n    MixingTool(\n        name=\"Mackie Mix8\",\n        type=\"analog\",\n        price=\"$99.99\",\n        brand=\"Mackie\",\n        features=[\"reverb\", \"EQ\"],\n        size=\"compact\",\n        connectivity=\"XLR\",\n        usage_environment=\"studio\"\n    ),\n    MixingTool(\n        name=\"Yamaha MG10XU\",\n        type=\"analog\",\n        price=\"$199.99\",\n        brand=\"Yamaha\",\n        features=[\"reverb\", \"USB\"],\n        size=\"medium\",\n        connectivity=\"USB\",\n        usage_environment=\"live\"\n    ),\n    MixingTool(\n        name=\"Behringer X32\",\n        type=\"digital\",\n        price=\"$2999.99\",\n        brand=\"Behringer\",\n        features=[\"EQ\", \"MIDI\", \"effects\"],\n        size=\"large\",\n        connectivity=\"MIDI\",\n        usage_environment=\"live\"\n    ),\n    MixingTool(\n        name=\"Alesis MultiMix 4 USB FX\",\n        type=\"hybrid\",\n        price=\"$159.99\",\n        brand=\"Alesis\",\n        features=[\"reverb\", \"USB\"],\n        size=\"compact\",\n        connectivity=\"USB\",\n        usage_environment=\"home\"\n    ),\n    MixingTool(\n        name=\"Soundcraft Notepad-12FX\",\n        type=\"analog\",\n        price=\"$249.99\",\n        brand=\"Soundcraft\",\n        features=[\"EQ\", \"effects\"],\n        size=\"medium\",\n        connectivity=\"XLR\",\n        usage_environment=\"studio\"\n    ),\n    MixingTool(\n        name=\"Zoom LiveTrak L-12\",\n        type=\"digital\",\n        price=\"$499.99\",\n        brand=\"Zoom\",\n        features=[\"reverb\", \"MIDI\", \"recording\"],\n        size=\"large\",\n        connectivity=\"USB\",\n        usage_environment=\"live\"\n    ),\n    MixingTool(\n        name=\"Roland Go:Mixer Pro\",\n        type=\"hybrid\",\n        price=\"$149.99\",\n        brand=\"Roland\",\n        features=[\"USB\", \"effects\"],\n        size=\"compact\",\n        connectivity=\"USB\",\n        usage_environment=\"home\"\n    ),\n    MixingTool(\n        name=\"PreSonus StudioLive AR16c\",\n        type=\"digital\",\n        price=\"$699.99\",\n        brand=\"PreSonus\",\n        features=[\"recording\", \"MIDI\", \"effects\"],\n        size=\"large\",\n        connectivity=\"USB\",\n        usage_environment=\"studio\"\n    ),\n    MixingTool(\n        name=\"Korg nanoKONTROL2\",\n        type=\"digital\",\n        price=\"$59.99\",\n        brand=\"Korg\",\n        features=[\"MIDI\"],\n        size=\"compact\",\n        connectivity=\"MIDI\",\n        usage_environment=\"home\"\n    ),\n    MixingTool(\n        name=\"Midas M32R\",\n        type=\"digital\",\n        price=\"$2999.99\",\n        brand=\"Midas\",\n        features=[\"effects\", \"MIDI\"],\n        size=\"large\",\n        connectivity=\"MIDI\",\n        usage_environment=\"live\"\n    )\n]\n```",
    "database": [
      {
        "name": "Yamaha MG10XU",
        "type": "analog",
        "price": "$199.99",
        "brand": "Yamaha",
        "features": [
          "reverb",
          "USB"
        ],
        "size": "medium",
        "connectivity": "USB",
        "usage_environment": "live"
      },
      {
        "name": "Roland Go:Mixer Pro",
        "type": "hybrid",
        "price": "$149.99",
        "brand": "Roland",
        "features": [
          "USB",
          "effects"
        ],
        "size": "compact",
        "connectivity": "USB",
        "usage_environment": "home"
      },
      {
        "name": "Behringer X32",
        "type": "digital",
        "price": "$2999.99",
        "brand": "Behringer",
        "features": [
          "EQ",
          "MIDI",
          "effects"
        ],
        "size": "large",
        "connectivity": "MIDI",
        "usage_environment": "live"
      },
      {
        "name": "PreSonus StudioLive AR16c",
        "type": "digital",
        "price": "$699.99",
        "brand": "PreSonus",
        "features": [
          "recording",
          "MIDI",
          "effects"
        ],
        "size": "large",
        "connectivity": "USB",
        "usage_environment": "studio"
      },
      {
        "name": "Zoom LiveTrak L-12",
        "type": "digital",
        "price": "$499.99",
        "brand": "Zoom",
        "features": [
          "reverb",
          "MIDI",
          "recording"
        ],
        "size": "large",
        "connectivity": "USB",
        "usage_environment": "live"
      },
      {
        "name": "Roland Go:Mixer",
        "type": "hybrid",
        "price": "$129.99",
        "brand": "Roland",
        "features": [
          "USB"
        ],
        "size": "compact",
        "connectivity": "USB",
        "usage_environment": "home"
      },
      {
        "name": "Midas M32R",
        "type": "digital",
        "price": "$2999.99",
        "brand": "Midas",
        "features": [
          "effects",
          "MIDI"
        ],
        "size": "large",
        "connectivity": "MIDI",
        "usage_environment": "live"
      },
      {
        "name": "Korg nanoKONTROL2",
        "type": "digital",
        "price": "$59.99",
        "brand": "Korg",
        "features": [
          "MIDI"
        ],
        "size": "compact",
        "connectivity": "MIDI",
        "usage_environment": "home"
      },
      {
        "name": "Yamaha AG06",
        "type": "analog",
        "price": "$199.99",
        "brand": "Yamaha",
        "features": [
          "USB",
          "effects"
        ],
        "size": "medium",
        "connectivity": "USB",
        "usage_environment": "studio"
      },
      {
        "name": "Soundcraft Notepad-12FX",
        "type": "analog",
        "price": "$249.99",
        "brand": "Soundcraft",
        "features": [
          "EQ",
          "effects"
        ],
        "size": "medium",
        "connectivity": "XLR",
        "usage_environment": "studio"
      },
      {
        "name": "Mackie Mix8",
        "type": "analog",
        "price": "$99.99",
        "brand": "Mackie",
        "features": [
          "reverb",
          "EQ"
        ],
        "size": "compact",
        "connectivity": "XLR",
        "usage_environment": "studio"
      },
      {
        "name": "Behringer Xenyx Q502USB",
        "type": "analog",
        "price": "$99.99",
        "brand": "Behringer",
        "features": [
          "USB"
        ],
        "size": "compact",
        "connectivity": "USB",
        "usage_environment": "live"
      },
      {
        "name": "Alesis MultiMix 4 USB FX",
        "type": "hybrid",
        "price": "$159.99",
        "brand": "Alesis",
        "features": [
          "reverb",
          "USB"
        ],
        "size": "compact",
        "connectivity": "USB",
        "usage_environment": "home"
      }
    ],
    "goal": {
      "name": "Behringer Xenyx Q502USB",
      "type": "analog",
      "price": "$99.99",
      "brand": "Behringer",
      "features": [
        "USB"
      ],
      "size": "compact",
      "connectivity": "USB",
      "usage_environment": "live"
    },
    "status": "complete"
  },
  {
    "domain": "samples",
    "turns": [
      [
        "Thanks! Now, can you help me find some high-quality ambient piano samples?",
        {
          "name": null,
          "genre": null,
          "quality": "high",
          "length": null,
          "tempo": null,
          "key": null,
          "mood": null,
          "instrument": "piano",
          "license_type": null
        },
        "Sure! Are you looking for a specific length or mood for those ambient piano samples?"
      ],
      [
        "I'm looking for samples around 75 seconds and with a calm mood.",
        {
          "name": null,
          "genre": null,
          "quality": "high",
          "length": 75,
          "tempo": null,
          "key": null,
          "mood": "calm",
          "instrument": "piano",
          "license_type": null
        },
        "I have two options: \"Peaceful Moments\" and \"Chill Vibes.\" Would you like to hear more about them?"
      ],
      [
        "Yes, please tell me more about \"Peaceful Moments.\"",
        {
          "name": null,
          "genre": null,
          "quality": "high",
          "length": 75,
          "tempo": null,
          "key": null,
          "mood": "calm",
          "instrument": "piano",
          "license_type": null
        },
        "\"Peaceful Moments\" is high quality, 75 seconds long, calm mood, and features a piano. Does that work for you?"
      ],
      [
        "That sounds perfect! What about the license type for \"Peaceful Moments\"?",
        {
          "name": "Peaceful Moments",
          "genre": null,
          "quality": "high",
          "length": 75,
          "tempo": null,
          "key": null,
          "mood": "calm",
          "instrument": "piano",
          "license_type": null
        },
        "\"Peaceful Moments\" is licensed, which means you can use it in your projects. Are you ready to confirm it?"
      ],
      [
        "Yes, let's go with \"Peaceful Moments\"!",
        {
          "name": "Peaceful Moments",
          "genre": null,
          "quality": "high",
          "length": 75,
          "tempo": null,
          "key": null,
          "mood": "calm",
          "instrument": "piano",
          "license_type": "licensed"
        },
        "Awesome choice! \"Peaceful Moments\" is yours. Enjoy creating!"
      ]
    ],
    "preferences_code": "```python\npreferences = SampleSearchCriteria(\n    name='Peaceful Moments',\n    genre='Ambient',\n    quality='high',\n    length=75,\n    tempo=75,\n    key='G',\n    mood='calm',\n    instrument='Piano',\n    license_type='licensed',\n)\n```",
    "red_herrings_code": "```python\n# Global variable to hold a list of similar sample examples\nsimilar_samples = [\n    SampleKnowledge(\n        name='Chill Vibes',\n        genre='Ambient',\n        quality='high',\n        length=75,\n        tempo=70,\n        key='E',\n        mood='calm',\n        instrument='Flute',\n        license_type='licensed',\n    ),\n    SampleKnowledge(\n        name='Relaxing Flute',\n        genre='Ambient',\n        quality='medium',\n        length=80,\n        tempo=65,\n        key='E',\n        mood='calm',\n        instrument='Flute',\n        license_type='royalty-free',\n    ),\n    SampleKnowledge(\n        name='Peaceful Moments',\n        genre='Ambient',\n        quality='high',\n        length=75,\n        tempo=75,\n        key='G',\n        mood='calm',\n        instrument='Piano',\n        license_type='licensed',\n    ),\n]\n```",
    "database_code": "```python\n# Global variable to store a list of sample examples\nsamples_database = [\n    SampleKnowledge(name=\"Sunny Vibes\", genre=\"Pop\", quality=\"high\", length=30, tempo=120, key=\"C\", mood=\"happy\", instrument=\"Guitar\", license_type=\"royalty-free\"),\n    SampleKnowledge(name=\"Dark Nights\", genre=\"Hip-Hop\", quality=\"medium\", length=45, tempo=90, key=\"D#\", mood=\"calm\", instrument=\"Piano\", license_type=\"licensed\"),\n    SampleKnowledge(name=\"Energetic Beats\", genre=\"Electronic\", quality=\"high\", length=60, tempo=128, key=\"A\", mood=\"energetic\", instrument=\"Synthesizer\", license_type=\"royalty-free\"),\n    SampleKnowledge(name=\"Sad Melody\", genre=\"Classical\", quality=\"low\", length=40, tempo=60, key=\"F\", mood=\"sad\", instrument=\"Violin\", license_type=\"public-domain\"),\n    SampleKnowledge(name=\"Upbeat Groove\", genre=\"Funk\", quality=\"medium\", length=50, tempo=110, key=\"G\", mood=\"happy\", instrument=\"Bass\", license_type=\"royalty-free\"),\n    SampleKnowledge(name=\"Chill Out\", genre=\"Ambient\", quality=\"high\", length=75, tempo=70, key=\"E\", mood=\"calm\", instrument=\"Flute\", license_type=\"licensed\"),\n    SampleKnowledge(name=\"Dance Party\", genre=\"House\", quality=\"medium\", length=55, tempo=125, key=\"B\", mood=\"energetic\", instrument=\"Drums\", license_type=\"royalty-free\"),\n    SampleKnowledge(name=\"Mysterious Soundscape\", genre=\"Experimental\", quality=\"high\", length=90, tempo=80, key=\"C#\", mood=\"calm\", instrument=\"Guitar\", license_type=\"public-domain\"),\n    SampleKnowledge(name=\"Retro Synth\", genre=\"Synthwave\", quality=\"medium\", length=65, tempo=100, key=\"A#\", mood=\"happy\", instrument=\"Synthesizer\", license_type=\"licensed\"),\n    SampleKnowledge(name=\"Epic Build-Up\", genre=\"Cinematic\", quality=\"high\", length=40, tempo=140, key=\"D\", mood=\"energetic\", instrument=\"Orchestra\", license_type=\"royalty-free\"),\n]\n```",
    "database": [
      {
        "name": "Epic Build-Up",
        "genre": "Cinematic",
        "quality": "high",
        "length": 40,
        "tempo": 140,
        "key": "D",
        "mood": "energetic",
        "instrument": "Orchestra",
        "license_type": "royalty-free"
      },
      {
        "name": "Dark Nights",
        "genre": "Hip-Hop",
        "quality": "medium",
        "length": 45,
        "tempo": 90,
        "key": "D#",
        "mood": "calm",
        "instrument": "Piano",
        "license_type": "licensed"
      },
      {
        "name": "Peaceful Moments",
        "genre": "Ambient",
        "quality": "high",
        "length": 75,
        "tempo": 75,
        "key": "G",
        "mood": "calm",
        "instrument": "Piano",
        "license_type": "licensed"
      },
      {
        "name": "Dance Party",
        "genre": "House",
        "quality": "medium",
        "length": 55,
        "tempo": 125,
        "key": "B",
        "mood": "energetic",
        "instrument": "Drums",
        "license_type": "royalty-free"
      },
      {
        "name": "Relaxing Flute",
        "genre": "Ambient",
        "quality": "medium",
        "length": 80,
        "tempo": 65,
        "key": "E",
        "mood": "calm",
        "instrument": "Flute",
        "license_type": "royalty-free"
      },
      {
        "name": "Mysterious Soundscape",
        "genre": "Experimental",
        "quality": "high",
        "length": 90,
        "tempo": 80,
        "key": "C#",
        "mood": "calm",
        "instrument": "Guitar",
        "license_type": "public-domain"
      },
      {
        "name": "Upbeat Groove",
        "genre": "Funk",
        "quality": "medium",
        "length": 50,
        "tempo": 110,
        "key": "G",
        "mood": "happy",
        "instrument": "Bass",
        "license_type": "royalty-free"
      },
      {
        "name": "Chill Out",
        "genre": "Ambient",
        "quality": "high",
        "length": 75,
        "tempo": 70,
        "key": "E",
        "mood": "calm",
        "instrument": "Flute",
        "license_type": "licensed"
      },
      {
        "name": "Retro Synth",
        "genre": "Synthwave",
        "quality": "medium",
        "length": 65,
        "tempo": 100,
        "key": "A#",
        "mood": "happy",
        "instrument": "Synthesizer",
        "license_type": "licensed"
      },
      {
        "name": "Energetic Beats",
        "genre": "Electronic",
        "quality": "high",
        "length": 60,
        "tempo": 128,
        "key": "A",
        "mood": "energetic",
        "instrument": "Synthesizer",
        "license_type": "royalty-free"
      },
      {
        "name": "Sunny Vibes",
        "genre": "Pop",
        "quality": "high",
        "length": 30,
        "tempo": 120,
        "key": "C",
        "mood": "happy",
        "instrument": "Guitar",
        "license_type": "royalty-free"
      },
      {
        "name": "Sad Melody",
        "genre": "Classical",
        "quality": "low",
        "length": 40,
        "tempo": 60,
        "key": "F",
        "mood": "sad",
        "instrument": "Violin",
        "license_type": "public-domain"
      },
      {
        "name": "Chill Vibes",
        "genre": "Ambient",
        "quality": "high",
        "length": 75,
        "tempo": 70,
        "key": "E",
        "mood": "calm",
        "instrument": "Flute",
        "license_type": "licensed"
      }
    ],
    "goal": {
      "name": "Peaceful Moments",
      "genre": "Ambient",
      "quality": "high",
      "length": 75,
      "tempo": 75,
      "key": "G",
      "mood": "calm",
      "instrument": "Piano",
      "license_type": "licensed"
    },
    "status": "complete"
  },
  {
    "domain": "plugins",
    "turns": [
      [
        "Thanks! Now, could you help me find a synth plugin?",
        {
          "name": null,
          "format": null,
          "platform": null,
          "price_range": null,
          "category": "synth",
          "developer": null,
          "rating_threshold": null,
          "popularity": null,
          "version": null,
          "supports_midi": null,
          "supports_64bit": null
        },
        "Absolutely! What specific features are you looking for in a synth plugin?"
      ],
      [
        "I need an AAX format synth plugin, compatible with Windows, and priced between $100 and $200.",
        {
          "name": null,
          "format": "AAX",
          "platform": "Windows",
          "price_range": "100-200",
          "category": "synth",
          "developer": null,
          "rating_threshold": null,
          "popularity": null,
          "version": null,
          "supports_midi": null,
          "supports_64bit": null
        },
        "I recommend the \"Piano Pro Synth.\" It fits all your criteria. Would you like to know more about it?"
      ],
      [
        "Yes, tell me more about the \"Piano Pro Synth\"!",
        {
          "name": "Piano Pro Synth",
          "format": "AAX",
          "platform": "Windows",
          "price_range": "100-200",
          "category": "synth",
          "developer": null,
          "rating_threshold": null,
          "popularity": null,
          "version": null,
          "supports_midi": null,
          "supports_64bit": null
        },
        "The \"Piano Pro Synth\" is rated 4.5, highly popular, supports MIDI, and is 64-bit compatible. How does that sound?"
      ],
      [
        "That sounds great! What\u2019s the version of the \"Piano Pro Synth\"?",
        {
          "name": "Piano Pro Synth",
          "format": "AAX",
          "platform": "Windows",
          "price_range": "100-200",
          "category": "synth",
          "developer": null,
          "rating_threshold": 4.5,
          "popularity": "high",
          "version": null,
          "supports_midi": true,
          "supports_64bit": true
        },
        "The version of the \"Piano Pro Synth\" is 1.5. Are you ready to go with it?"
      ],
      [
        "Yes, I'm ready to go with the \"Piano Pro Synth\"!",
        {
          "name": "Piano Pro Synth",
          "format": "AAX",
          "platform": "Windows",
          "price_range": "100-200",
          "category": "synth",
          "developer": null,
          "rating_threshold": 4.5,
          "popularity": "high",
          "version": "1.5",
          "supports_midi": true,
          "supports_64bit": true
        },
        "Fantastic choice! The \"Piano Pro Synth\" is yours. Happy producing!"
      ]
    ],
    "preferences_code": "```python\npreferences = PluginSearchCriteria(\n    name='Piano Pro Synth',\n    format='AAX',\n    platform='Windows',\n    price_range='100-200',\n    category='synth',\n    developer='Piano Pro',\n    rating_threshold=4.0,\n    popularity='high',\n    version='1.5',\n    supports_midi=True,\n    supports_64bit=True,\n)\n```",
    "red_herrings_code": "```python\n# List of example plugins similar to the target plugin\nsimilar_plugins = [\n    Plugin(\n        name='Piano Pro Synth',\n        format='AAX',\n        platform='Windows',\n        price_range='100-200',\n        category='synth',\n        developer='Piano Pro',\n        rating=4.5,\n        popularity='high',\n        version='1.5',\n        supports_midi=True,\n        supports_64bit=True,\n    ),\n    Plugin(\n        name='Piano Master',\n        format='VST',\n        platform='Windows',\n        price_range='50-100',\n        category='synth',\n        developer='Sound Creators',\n        rating=4.8,\n        popularity='medium',\n        version='3.0',\n        supports_midi=True,\n        supports_64bit=True,\n    ),\n    Plugin(\n        name='Ambient Piano',\n        format='AU',\n        platform='Mac',\n        price_range='0-50',\n        category='synth',\n        developer='Chill Sounds',\n        rating=4.6,\n        popularity='high',\n        version='1.2',\n        supports_midi=True,\n        supports_64bit=False,\n    ),\n]\n```",
    "database_code": "```python\n# Global variable to hold a list of plugin examples\nplugins = [\n    Plugin(\n        name=\"Super Synth\",\n        format='VST',\n        platform='Windows',\n        price_range='50-100',\n        category='synth',\n        developer=\"Synth Co.\",\n        rating=4.5,\n        popularity='high',\n        version=\"1.2\",\n        supports_midi=True,\n        supports_64bit=True\n    ),\n    Plugin(\n        name=\"Reverb Pro\",\n        format='AU',\n        platform='Mac',\n        price_range='0-50',\n        category='effect',\n        developer=\"Effects Inc.\",\n        rating=4.0,\n        popularity='medium',\n        version=\"2.0\",\n        supports_midi=False,\n        supports_64bit=True\n    ),\n    Plugin(\n        name=\"Bass Booster\",\n        format='VST',\n        platform='Windows',\n        price_range='free',\n        category='effect',\n        developer=\"Audio Tools\",\n        rating=3.8,\n        popularity='low',\n        version=\"1.0\",\n        supports_midi=False,\n        supports_64bit=True\n    ),\n    Plugin(\n        name=\"Utility Master\",\n        format='AAX',\n        platform='Windows',\n        price_range='50-100',\n        category='utility',\n        developer=\"Utility Devs\",\n        rating=4.2,\n        popularity='high',\n        version=\"3.1\",\n        supports_midi=True,\n        supports_64bit=True\n    ),\n    Plugin(\n        name=\"Vintage Keys\",\n        format='VST',\n        platform='Mac',\n        price_range='100-200',\n        category='synth',\n        developer=\"Classic Sounds\",\n        rating=4.8,\n        popularity='high',\n        version=\"1.5\",\n        supports_midi=True,\n        supports_64bit=True\n    ),\n    Plugin(\n        name=\"Chorus FX\",\n        format='AU',\n        platform='Mac',\n        price_range='0-50',\n        category='effect',\n        developer=\"FX Masters\",\n        rating=4.1,\n        popularity='medium',\n        version=\"2.3\",\n        supports_midi=False,\n        supports_64bit=True\n    ),\n    Plugin(\n        name=\"Drum Machine\",\n        format='VST',\n        platform='Linux',\n        price_range='50-100',\n        category='utility',\n        developer=\"Beat Makers\",\n        rating=4.3,\n        popularity='medium',\n        version=\"1.0\",\n        supports_midi=True,\n        supports_64bit=False\n    ),\n    Plugin(\n        name=\"Piano Suite\",\n        format='AAX',\n        platform='Windows',\n        price_range='100-200',\n        category='synth',\n        developer=\"Piano Pro\",\n        rating=4.7,\n        popularity='high',\n        version=\"2.0\",\n        supports_midi=True,\n        supports_64bit=True\n    ),\n    Plugin(\n        name=\"Vocal Enhancer\",\n        format='VST',\n        platform='Mac',\n        price_range='50-100',\n        category='effect',\n        developer=\"Vocal Tools\",\n        rating=4.6,\n        popularity='high',\n        version=\"1.3\",\n        supports_midi=False,\n        supports_64bit=True\n    ),\n    Plugin(\n        name=\"Echo Generator\",\n        format='AU',\n        platform='Linux',\n        price_range='free',\n        category='effect',\n        developer=\"Sound Effects\",\n        rating=3.5,\n        popularity='low',\n        version=\"1.1\",\n        supports_midi=False,\n        supports_64bit=True\n    )\n]\n```",
    "database": [
      {
        "name": "Reverb Pro",
        "format": "AU",
        "platform": "Mac",
        "price_range": "0-50",
        "category": "effect",
        "developer": "Effects Inc.",
        "rating": 4.0,
        "popularity": "medium",
        "version": "2.0",
        "supports_midi": false,
        "supports_64bit": true
      },
      {
        "name": "Utility Master",
        "format": "AAX",
        "platform": "Windows",
        "price_range": "50-100",
        "category": "utility",
        "developer": "Utility Devs",
        "rating": 4.2,
        "popularity": "high",
        "version": "3.1",
        "supports_midi": true,
        "supports_64bit": true
      },
      {
        "name": "Drum Machine",
        "format": "VST",
        "platform": "Linux",
        "price_range": "50-100",
        "category": "utility",
        "developer": "Beat Makers",
        "rating": 4.3,
        "popularity": "medium",
        "version": "1.0",
        "supports_midi": true,
        "supports_64bit": false
      },
      {
        "name": "Echo Generator",
        "format": "AU",
        "platform": "Linux",
        "price_range": "free",
        "category": "effect",
        "developer": "Sound Effects",
        "rating": 3.5,
        "popularity": "low",
        "version": "1.1",
        "supports_midi": false,
        "supports_64bit": true
      },
      {
        "name": "Piano Suite",
        "format": "AAX",
        "platform": "Windows",
        "price_range": "100-200",
        "category": "synth",
        "developer": "Piano Pro",
        "rating": 4.7,
        "popularity": "high",
        "version": "2.0",
        "supports_midi": true,
        "supports_64bit": true
      },
      {
        "name": "Ambient Piano",
        "format": "AU",
        "platform": "Mac",
        "price_range": "0-50",
        "category": "synth",
        "developer": "Chill Sounds",
        "rating": 4.6,
        "popularity": "high",
        "version": "1.2",
        "supports_midi": true,
        "supports_64bit": false
      },
      {
        "name": "Super Synth",
        "format": "VST",
        "platform": "Windows",
        "price_range": "50-100",
        "category": "synth",
        "developer": "Synth Co.",
        "rating": 4.5,
        "popularity": "high",
        "version": "1.2",
        "supports_midi": true,
        "supports_64bit": true
      },
      {
        "name": "Vocal Enhancer",
        "format": "VST",
        "platform": "Mac",
        "price_range": "50-100",
        "category": "effect",
        "developer": "Vocal Tools",
        "rating": 4.6,
        "popularity": "high",
        "version": "1.3",
        "supports_midi": false,
        "supports_64bit": true
      },
      {
        "name": "Bass Booster",
        "format": "VST",
        "platform": "Windows",
        "price_range": "free",
        "category": "effect",
        "developer": "Audio Tools",
        "rating": 3.8,
        "popularity": "low",
        "version": "1.0",
        "supports_midi": false,
        "supports_64bit": true
      },
      {
        "name": "Vintage Keys",
        "format": "VST",
        "platform": "Mac",
        "price_range": "100-200",
        "category": "synth",
        "developer": "Classic Sounds",
        "rating": 4.8,
        "popularity": "high",
        "version": "1.5",
        "supports_midi": true,
        "supports_64bit": true
      },
      {
        "name": "Chorus FX",
        "format": "AU",
        "platform": "Mac",
        "price_range": "0-50",
        "category": "effect",
        "developer": "FX Masters",
        "rating": 4.1,
        "popularity": "medium",
        "version": "2.3",
        "supports_midi": false,
        "supports_64bit": true
      },
      {
        "name": "Piano Master",
        "format": "VST",
        "platform": "Windows",
        "price_range": "50-100",
        "category": "synth",
        "developer": "Sound Creators",
        "rating": 4.8,
        "popularity": "medium",
        "version": "3.0",
        "supports_midi": true,
        "supports_64bit": true
      },
      {
        "name": "Piano Pro Synth",
        "format": "AAX",
        "platform": "Windows",
        "price_range": "100-200",
        "category": "synth",
        "developer": "Piano Pro",
        "rating": 4.5,
        "popularity": "high",
        "version": "1.5",
        "supports_midi": true,
        "supports_64bit": true
      }
    ],
    "goal": {
      "name": "Piano Pro Synth",
      "format": "AAX",
      "platform": "Windows",
      "price_range": "100-200",
      "category": "synth",
      "developer": "Piano Pro",
      "rating": 4.5,
      "popularity": "high",
      "version": "1.5",
      "supports_midi": true,
      "supports_64bit": true
    },
    "status": "complete"
  }
]