[
  {
    "domain": "SUV",
    "turns": [
      [
        "I'm looking for a red SUV with a seating capacity of 7.",
        {
          "name": null,
          "color": "red",
          "price_range": null,
          "fuel_type": null,
          "seating_capacity": 7,
          "drive_type": null,
          "brand": null,
          "year_of_manufacture": null
        },
        "I have a red Explorer with a seating capacity of 7; would you like to hear more about it?"
      ],
      [
        "Yes, tell me more about the Explorer!",
        {
          "name": "Explorer",
          "color": "red",
          "price_range": null,
          "fuel_type": null,
          "seating_capacity": 7,
          "drive_type": null,
          "brand": null,
          "year_of_manufacture": null
        },
        "It's priced at $33,999.99, has a petrol engine, and is a 4WD."
      ],
      [
        "That sounds great! Is it a 2021 model?",
        {
          "name": "Explorer",
          "color": "red",
          "price_range": [
            33999.99,
            33999.99
          ],
          "fuel_type": "petrol",
          "seating_capacity": 7,
          "drive_type": "4WD",
          "brand": null,
          "year_of_manufacture": 2021
        },
        "Yes, it's a 2021 model. Would you like to proceed with it?"
      ],
      [
        "Yes, I\u2019d like to proceed with the purchase!",
        {
          "name": "Explorer",
          "color": "red",
          "price_range": null,
          "fuel_type": "petrol",
          "seating_capacity": 7,
          "drive_type": "4WD",
          "brand": null,
          "year_of_manufacture": 2021
        },
        "Great choice! I'll get the paperwork ready for the 2021 red Explorer."
      ]
    ],
    "preferences_code": "```python\npreferences = SuvPreferences(\n    name='Explorer',\n    color='Red',\n    price_range=(30000, 35000),\n    fuel_type='petrol',\n    seating_capacity=7,\n    drive_type='4WD',\n    brand='Ford',\n    year_of_manufacture=2021,\n)\n```",
    "red_herrings_code": "```python\n# Global variable representing a list of similar SUV examples\nsimilar_suvs = [\n    SuvDetails(\n        name='Explorer',\n        color='Red',\n        price=33999.99,\n        fuel_type='petrol',\n        seating_capacity=7,\n        drive_type='4WD',\n        brand='Ford',\n        year_of_manufacture=2021,\n    ),\n    SuvDetails(\n        name='Explorer',\n        color='Blue',\n        price=35999.99,\n        fuel_type='diesel',\n        seating_capacity=7,\n        drive_type='4WD',\n        brand='Ford',\n        year_of_manufacture=2020,\n    ),\n    SuvDetails(\n        name='Explorer',\n        color='Blue',\n        price=34999.99,\n        fuel_type='petrol',\n        seating_capacity=5,\n        drive_type='AWD',\n        brand='Ford',\n        year_of_manufacture=2022,\n    )\n]\n```",
    "database_code": "```python\n# Global variable representing a list of SUV examples in the Salesperson's inventory.\nsuv_inventory = [\n    SuvDetails(name=\"Model X\", color=\"Red\", price=89999.99, fuel_type='electric', seating_capacity=5, drive_type='AWD', brand=\"Tesla\", year_of_manufacture=2022),\n    SuvDetails(name=\"Explorer\", color=\"Blue\", price=34999.99, fuel_type='petrol', seating_capacity=7, drive_type='4WD', brand=\"Ford\", year_of_manufacture=2021),\n    SuvDetails(name=\"CR-V\", color=\"White\", price=28999.99, fuel_type='hybrid', seating_capacity=5, drive_type='AWD', brand=\"Honda\", year_of_manufacture=2020),\n    SuvDetails(name=\"Highlander\", color=\"Black\", price=39999.99, fuel_type='petrol', seating_capacity=8, drive_type='4WD', brand=\"Toyota\", year_of_manufacture=2021),\n    SuvDetails(name=\"Rogue\", color=\"Silver\", price=25999.99, fuel_type='petrol', seating_capacity=5, drive_type='AWD', brand=\"Nissan\", year_of_manufacture=2022),\n    SuvDetails(name=\"Kona\", color=\"Green\", price=23999.99, fuel_type='electric', seating_capacity=5, drive_type='2WD', brand=\"Hyundai\", year_of_manufacture=2023),\n    SuvDetails(name=\"Q5\", color=\"Gray\", price=52999.99, fuel_type='petrol', seating_capacity=5, drive_type='AWD', brand=\"Audi\", year_of_manufacture=2022),\n    SuvDetails(name=\"CX-5\", color=\"Blue\", price=30999.99, fuel_type='petrol', seating_capacity=5, drive_type='AWD', brand=\"Mazda\", year_of_manufacture=2021),\n    SuvDetails(name=\"Tucson\", color=\"Red\", price=27999.99, fuel_type='hybrid', seating_capacity=5, drive_type='2WD', brand=\"Hyundai\", year_of_manufacture=2020),\n    SuvDetails(name=\"Grand Cherokee\", color=\"Black\", price=49999.99, fuel_type='diesel', seating_capacity=5, drive_type='4WD', brand=\"Jeep\", year_of_manufacture=2022),\n]\n```",
    "database": [
      {
        "name": "Grand Cherokee",
        "color": "Black",
        "price": 49999.99,
        "fuel_type": "diesel",
        "seating_capacity": 5,
        "drive_type": "4WD",
        "brand": "Jeep",
        "year_of_manufacture": 2022
      },
      {
        "name": "Tucson",
        "color": "Red",
        "price": 27999.99,
        "fuel_type": "hybrid",
        "seating_capacity": 5,
        "drive_type": "2WD",
        "brand": "Hyundai",
        "year_of_manufacture": 2020
      },
      {
        "name": "Explorer",
        "color": "Blue",
        "price": 35999.99,
        "fuel_type": "diesel",
        "seating_capacity": 7,
        "drive_type": "4WD",
        "brand": "Ford",
        "year_of_manufacture": 2020
      },
      {
        "name": "Q5",
        "color": "Gray",
        "price": 52999.99,
        "fuel_type": "petrol",
        "seating_capacity": 5,
        "drive_type": "AWD",
        "brand": "Audi",
        "year_of_manufacture": 2022
      },
      {
        "name": "Highlander",
        "color": "Black",
        "price": 39999.99,
        "fuel_type": "petrol",
        "seating_capacity": 8,
        "drive_type": "4WD",
        "brand": "Toyota",
        "year_of_manufacture": 2021
      },
      {
        "name": "Model X",
        "color": "Red",
        "price": 89999.99,
        "fuel_type": "electric",
        "seating_capacity": 5,
        "drive_type": "AWD",
        "brand": "Tesla",
        "year_of_manufacture": 2022
      },
      {
        "name": "Explorer",
        "color": "Blue",
        "price": 34999.99,
        "fuel_type": "petrol",
        "seating_capacity": 7,
        "drive_type": "4WD",
        "brand": "Ford",
        "year_of_manufacture": 2021
      },
      {
        "name": "CX-5",
        "color": "Blue",
        "price": 30999.99,
        "fuel_type": "petrol",
        "seating_capacity": 5,
        "drive_type": "AWD",
        "brand": "Mazda",
        "year_of_manufacture": 2021
      },
      {
        "name": "Explorer",
        "color": "Blue",
        "price": 34999.99,
        "fuel_type": "petrol",
        "seating_capacity": 5,
        "drive_type": "AWD",
        "brand": "Ford",
        "year_of_manufacture": 2022
      },
      {
        "name": "Rogue",
        "color": "Silver",
        "price": 25999.99,
        "fuel_type": "petrol",
        "seating_capacity": 5,
        "drive_type": "AWD",
        "brand": "Nissan",
        "year_of_manufacture": 2022
      },
      {
        "name": "Explorer",
        "color": "Red",
        "price": 33999.99,
        "fuel_type": "petrol",
        "seating_capacity": 7,
        "drive_type": "4WD",
        "brand": "Ford",
        "year_of_manufacture": 2021
      },
      {
        "name": "CR-V",
        "color": "White",
        "price": 28999.99,
        "fuel_type": "hybrid",
        "seating_capacity": 5,
        "drive_type": "AWD",
        "brand": "Honda",
        "year_of_manufacture": 2020
      },
      {
        "name": "Kona",
        "color": "Green",
        "price": 23999.99,
        "fuel_type": "electric",
        "seating_capacity": 5,
        "drive_type": "2WD",
        "brand": "Hyundai",
        "year_of_manufacture": 2023
      }
    ],
    "goal": {
      "name": "Explorer",
      "color": "Red",
      "price": 33999.99,
      "fuel_type": "petrol",
      "seating_capacity": 7,
      "drive_type": "4WD",
      "brand": "Ford",
      "year_of_manufacture": 2021
    },
    "status": "complete"
  },
  {
    "domain": "Sedan",
    "turns": [
      [
        "Thanks! By the way, can you help me find a blue Sedan, preferably a 2020 model?",
        {
          "name": null,
          "fuel_type": null,
          "year": 2020,
          "make": null,
          "model": null,
          "color": "blue",
          "max_price": null,
          "min_mileage": null,
          "transmission": null,
          "seat_capacity": null
        },
        "Sure! I have a blue Honda Accord from 2020; would you like more details?"
      ],
      [
        "Yes, please share the details about the Honda Accord!",
        {
          "name": "Accord",
          "fuel_type": null,
          "year": 2020,
          "make": "Honda",
          "model": null,
          "color": "blue",
          "max_price": null,
          "min_mileage": null,
          "transmission": null,
          "seat_capacity": null
        },
        "It's priced at $22,999.99, has a petrol engine, and has 20,000 miles on it."
      ],
      [
        "That sounds good! Is it automatic transmission?",
        {
          "name": "Accord",
          "fuel_type": "petrol",
          "year": 2020,
          "make": "Honda",
          "model": "Accord",
          "color": "blue",
          "max_price": 22999.99,
          "min_mileage": 20000,
          "transmission": "automatic",
          "seat_capacity": null
        },
        "Yes, it has an automatic transmission. Would you like to move forward with it?"
      ],
      [
        "Yes, let's go ahead with the Honda Accord!",
        {
          "name": "Accord",
          "fuel_type": "petrol",
          "year": 2020,
          "make": "Honda",
          "model": "Accord",
          "color": "blue",
          "max_price": 22999.99,
          "min_mileage": 20000,
          "transmission": "automatic",
          "seat_capacity": null
        },
        "Awesome choice! I'll prepare the paperwork for the blue Honda Accord."
      ]
    ],
    "preferences_code": "```python\npreferences = SedanPreferences(\n    name='Nissan Altima',\n    fuel_type='diesel',\n    year=2020,\n    make='Nissan',\n    model='Altima',\n    color='blue',\n    max_price=22999.99,\n    min_mileage=28000,\n    transmission='automatic',\n    seat_capacity=5,\n)\n```",
    "red_herrings_code": "```python\n# Global variable containing a list of Sedan examples\nsimilar_sedan_list = [\n    SedanInformation(\n        name='Nissan Altima',\n        fuel_type='diesel',\n        year=2020,\n        make='Nissan',\n        model='Altima',\n        color='blue',\n        price=22999.99,\n        mileage=28000,\n        transmission='automatic',\n        seat_capacity=5,\n    ),\n    SedanInformation(\n        name='Nissan Altima',\n        fuel_type='petrol',\n        year=2021,\n        make='Nissan',\n        model='Altima',\n        color='red',\n        price=24999.99,\n        mileage=15000,\n        transmission='automatic',\n        seat_capacity=5,\n    ),\n    SedanInformation(\n        name='Nissan Altima',\n        fuel_type='diesel',\n        year=2020,\n        make='Nissan',\n        model='Altima',\n        color='red',\n        price=23999.99,\n        mileage=30000,\n        transmission='manual',\n        seat_capacity=5,\n    ),\n]\n```",
    "database_code": "```python\n# Global variable representing a list of Sedan examples\nsedan_inventory = [\n    SedanInformation(name=\"Toyota Camry\", fuel_type=\"petrol\", year=2021, make=\"Toyota\", model=\"Camry\", color=\"red\", price=24999.99, mileage=15000, transmission=\"automatic\", seat_capacity=5),\n    SedanInformation(name=\"Honda Accord\", fuel_type=\"petrol\", year=2020, make=\"Honda\", model=\"Accord\", color=\"blue\", price=22999.99, mileage=20000, transmission=\"automatic\", seat_capacity=5),\n    SedanInformation(name=\"Tesla Model 3\", fuel_type=\"electric\", year=2021, make=\"Tesla\", model=\"Model 3\", color=\"white\", price=39999.99, mileage=5000, transmission=\"automatic\", seat_capacity=5),\n    SedanInformation(name=\"Hyundai Sonata\", fuel_type=\"hybrid\", year=2021, make=\"Hyundai\", model=\"Sonata\", color=\"black\", price=27999.99, mileage=12000, transmission=\"automatic\", seat_capacity=5),\n    SedanInformation(name=\"Ford Fusion\", fuel_type=\"petrol\", year=2019, make=\"Ford\", model=\"Fusion\", color=\"silver\", price=19999.99, mileage=30000, transmission=\"automatic\", seat_capacity=5),\n    SedanInformation(name=\"Nissan Altima\", fuel_type=\"diesel\", year=2020, make=\"Nissan\", model=\"Altima\", color=\"red\", price=23999.99, mileage=25000, transmission=\"automatic\", seat_capacity=5),\n    SedanInformation(name=\"Chevrolet Malibu\", fuel_type=\"petrol\", year=2021, make=\"Chevrolet\", model=\"Malibu\", color=\"gray\", price=24999.99, mileage=10000, transmission=\"automatic\", seat_capacity=5),\n    SedanInformation(name=\"Subaru Legacy\", fuel_type=\"petrol\", year=2021, make=\"Subaru\", model=\"Legacy\", color=\"blue\", price=26999.99, mileage=8000, transmission=\"automatic\", seat_capacity=5),\n    SedanInformation(name=\"Kia K5\", fuel_type=\"petrol\", year=2022, make=\"Kia\", model=\"K5\", color=\"white\", price=28999.99, mileage=5000, transmission=\"automatic\", seat_capacity=5),\n    SedanInformation(name=\"Volkswagen Jetta\", fuel_type=\"petrol\", year=2021, make=\"Volkswagen\", model=\"Jetta\", color=\"red\", price=23999.99, mileage=15000, transmission=\"automatic\", seat_capacity=5),\n]\n```",
    "database": [
      {
        "name": "Nissan Altima",
        "fuel_type": "diesel",
        "year": 2020,
        "make": "Nissan",
        "model": "Altima",
        "color": "red",
        "price": 23999.99,
        "mileage": 30000,
        "transmission": "manual",
        "seat_capacity": 5
      },
      {
        "name": "Ford Fusion",
        "fuel_type": "petrol",
        "year": 2019,
        "make": "Ford",
        "model": "Fusion",
        "color": "silver",
        "price": 19999.99,
        "mileage": 30000,
        "transmission": "automatic",
        "seat_capacity": 5
      },
      {
        "name": "Volkswagen Jetta",
        "fuel_type": "petrol",
        "year": 2021,
        "make": "Volkswagen",
        "model": "Jetta",
        "color": "red",
        "price": 23999.99,
        "mileage": 15000,
        "transmission": "automatic",
        "seat_capacity": 5
      },
      {
        "name": "Nissan Altima",
        "fuel_type": "diesel",
        "year": 2020,
        "make": "Nissan",
        "model": "Altima",
        "color": "blue",
        "price": 22999.99,
        "mileage": 28000,
        "transmission": "automatic",
        "seat_capacity": 5
      },
      {
        "name": "Nissan Altima",
        "fuel_type": "petrol",
        "year": 2021,
        "make": "Nissan",
        "model": "Altima",
        "color": "red",
        "price": 24999.99,
        "mileage": 15000,
        "transmission": "automatic",
        "seat_capacity": 5
      },
      {
        "name": "Honda Accord",
        "fuel_type": "petrol",
        "year": 2020,
        "make": "Honda",
        "model": "Accord",
        "color": "blue",
        "price": 22999.99,
        "mileage": 20000,
        "transmission": "automatic",
        "seat_capacity": 5
      },
      {
        "name": "Kia K5",
        "fuel_type": "petrol",
        "year": 2022,
        "make": "Kia",
        "model": "K5",
        "color": "white",
        "price": 28999.99,
        "mileage": 5000,
        "transmission": "automatic",
        "seat_capacity": 5
      },
      {
        "name": "Toyota Camry",
        "fuel_type": "petrol",
        "year": 2021,
        "make": "Toyota",
        "model": "Camry",
        "color": "red",
        "price": 24999.99,
        "mileage": 15000,
        "transmission": "automatic",
        "seat_capacity": 5
      },
      {
        "name": "Subaru Legacy",
        "fuel_type": "petrol",
        "year": 2021,
        "make": "Subaru",
        "model": "Legacy",
        "color": "blue",
        "price": 26999.99,
        "mileage": 8000,
        "transmission": "automatic",
        "seat_capacity": 5
      },
      {
        "name": "Chevrolet Malibu",
        "fuel_type": "petrol",
        "year": 2021,
        "make": "Chevrolet",
        "model": "Malibu",
        "color": "gray",
        "price": 24999.99,
        "mileage": 10000,
        "transmission": "automatic",
        "seat_capacity": 5
      },
      {
        "name": "Tesla Model 3",
        "fuel_type": "electric",
        "year": 2021,
        "make": "Tesla",
        "model": "Model 3",
        "color": "white",
        "price": 39999.99,
        "mileage": 5000,
        "transmission": "automatic",
        "seat_capacity": 5
      },
      {
        "name": "Hyundai Sonata",
        "fuel_type": "hybrid",
        "year": 2021,
        "make": "Hyundai",
        "model": "Sonata",
        "color": "black",
        "price": 27999.99,
        "mileage": 12000,
        "transmission": "automatic",
        "seat_capacity": 5
      },
      {
        "name": "Nissan Altima",
        "fuel_type": "diesel",
        "year": 2020,
        "make": "Nissan",
        "model": "Altima",
        "color": "red",
        "price": 23999.99,
        "mileage": 25000,
        "transmission": "automatic",
        "seat_capacity": 5
      }
    ],
    "goal": {
      "name": "Nissan Altima",
      "fuel_type": "diesel",
      "year": 2020,
      "make": "Nissan",
      "model": "Altima",
      "color": "blue",
      "price": 22999.99,
      "mileage": 28000,
      "transmission": "automatic",
      "seat_capacity": 5
    },
    "status": "complete"
  },
  {
    "domain": "Hybrid Vehicle",
    "turns": [
      [
        "Thanks! By the way, can you help me find a Hybrid SUV?",
        {
          "name": null,
          "brand": null,
          "mpg": null,
          "price_range": null,
          "seating_capacity": null,
          "cargo_space": null,
          "drivetrain": null,
          "body_type": "SUV",
          "color": null,
          "safety_rating": null,
          "warranty_period": null
        },
        "Sure! What specific features or price range are you looking for in a Hybrid SUV?"
      ],
      [
        "I'm looking for a Honda Hybrid SUV, with at least 35 mpg.",
        {
          "name": null,
          "brand": "Honda",
          "mpg": 35,
          "price_range": null,
          "seating_capacity": null,
          "cargo_space": null,
          "drivetrain": null,
          "body_type": "SUV",
          "color": null,
          "safety_rating": null,
          "warranty_period": null
        },
        "I have a Honda CR-V Hybrid that gets 38 mpg. Would you like more details?"
      ],
      [
        "Yes, please share the details about the CR-V Hybrid!",
        {
          "name": "CR-V Hybrid",
          "brand": "Honda",
          "mpg": 35,
          "price_range": null,
          "seating_capacity": null,
          "cargo_space": null,
          "drivetrain": null,
          "body_type": "SUV",
          "color": null,
          "safety_rating": null,
          "warranty_period": null
        },
        "It's priced between $30,000 and $37,000, has a seating capacity of 5, and comes with AWD."
      ],
      [
        "That sounds great! What color is the CR-V Hybrid?",
        {
          "name": "CR-V Hybrid",
          "brand": "Honda",
          "mpg": 35,
          "price_range": [
            30000,
            37000
          ],
          "seating_capacity": 5,
          "cargo_space": null,
          "drivetrain": "AWD",
          "body_type": "SUV",
          "color": null,
          "safety_rating": null,
          "warranty_period": null
        },
        "The Honda CR-V Hybrid is gray. Would you like to proceed with it?"
      ],
      [
        "Yes, let's proceed with the Honda CR-V Hybrid!",
        {
          "name": "CR-V Hybrid",
          "brand": "Honda",
          "mpg": 38,
          "price_range": [
            30000,
            37000
          ],
          "seating_capacity": 5,
          "cargo_space": null,
          "drivetrain": "AWD",
          "body_type": "SUV",
          "color": "gray",
          "safety_rating": null,
          "warranty_period": null
        },
        "Fantastic choice! I'll get the paperwork ready for the Honda CR-V Hybrid."
      ]
    ],
    "preferences_code": "```python\npreferences = HybridVehicleCriteria(\n    brand='Honda',\n    mpg=35,\n    price_range=(25000, 35000),\n    seating_capacity=5,\n    drivetrain='AWD',\n    body_type='SUV',\n    color='Gray',\n    safety_rating=4,\n    warranty_period=3,\n)\n```",
    "red_herrings_code": "```python\n# Global variable to hold a list of Hybrid Vehicle examples\nsimilar_hybrid_vehicles = [\n    HybridVehicle(\n        name='Toyota RAV4 Hybrid',\n        brand='Toyota',\n        mpg=40,\n        price_range=(29000, 36000),\n        seating_capacity=5,\n        cargo_space=37.6,\n        drivetrain='AWD',\n        body_type='SUV',\n        color='Blue',\n        safety_rating=5,\n        warranty_period=3,\n    ),\n    HybridVehicle(\n        name='Honda CR-V Hybrid',\n        brand='Honda',\n        mpg=38,\n        price_range=(30000, 37000),\n        seating_capacity=5,\n        cargo_space=33.2,\n        drivetrain='AWD',\n        body_type='SUV',\n        color='Gray',\n        safety_rating=5,\n        warranty_period=3,\n    ),\n    HybridVehicle(\n        name='Nissan Rogue Hybrid',\n        brand='Nissan',\n        mpg=35,\n        price_range=(27000, 34000),\n        seating_capacity=5,\n        cargo_space=31.6,\n        drivetrain='AWD',\n        body_type='SUV',\n        color='Black',\n        safety_rating=4,\n        warranty_period=3,\n    ),\n]\n```",
    "database_code": "```python\n# Global variable representing a list of Hybrid Vehicle examples\nhybrid_vehicles = [\n    HybridVehicle(\n        name=\"Toyota Prius\",\n        brand=\"Toyota\",\n        mpg=56,\n        price_range=(24000, 30000),\n        seating_capacity=5,\n        cargo_space=27.4,\n        drivetrain='FWD',\n        body_type='Hatchback',\n        color='Blue',\n        safety_rating=5,\n        warranty_period=3\n    ),\n    HybridVehicle(\n        name=\"Honda Accord Hybrid\",\n        brand=\"Honda\",\n        mpg=48,\n        price_range=(26000, 32000),\n        seating_capacity=5,\n        cargo_space=16.7,\n        drivetrain='FWD',\n        body_type='Sedan',\n        color='Red',\n        safety_rating=5,\n        warranty_period=3\n    ),\n    HybridVehicle(\n        name=\"Ford Escape Hybrid\",\n        brand=\"Ford\",\n        mpg=41,\n        price_range=(28000, 35000),\n        seating_capacity=5,\n        cargo_space=34.4,\n        drivetrain='AWD',\n        body_type='SUV',\n        color='White',\n        safety_rating=4,\n        warranty_period=3\n    ),\n    HybridVehicle(\n        name=\"Toyota RAV4 Hybrid\",\n        brand=\"Toyota\",\n        mpg=40,\n        price_range=(30000, 38000),\n        seating_capacity=5,\n        cargo_space=37.6,\n        drivetrain='AWD',\n        body_type='SUV',\n        color='Black',\n        safety_rating=5,\n        warranty_period=3\n    ),\n    HybridVehicle(\n        name=\"Kia Niro\",\n        brand=\"Kia\",\n        mpg=50,\n        price_range=(24000, 29000),\n        seating_capacity=5,\n        cargo_space=54.5,\n        drivetrain='FWD',\n        body_type='SUV',\n        color='Gray',\n        safety_rating=5,\n        warranty_period=5\n    ),\n    HybridVehicle(\n        name=\"Hyundai Ioniq Hybrid\",\n        brand=\"Hyundai\",\n        mpg=58,\n        price_range=(23000, 28000),\n        seating_capacity=5,\n        cargo_space=26.5,\n        drivetrain='FWD',\n        body_type='Hatchback',\n        color='Blue',\n        safety_rating=5,\n        warranty_period=5\n    ),\n    HybridVehicle(\n        name=\"Lexus RX 450h\",\n        brand=\"Lexus\",\n        mpg=30,\n        price_range=(45000, 60000),\n        seating_capacity=5,\n        cargo_space=18.4,\n        drivetrain='AWD',\n        body_type='SUV',\n        color='Silver',\n        safety_rating=5,\n        warranty_period=4\n    ),\n    HybridVehicle(\n        name=\"Chrysler Pacifica Hybrid\",\n        brand=\"Chrysler\",\n        mpg=30,\n        price_range=(35000, 45000),\n        seating_capacity=7,\n        cargo_space=140.5,\n        drivetrain='FWD',\n        body_type='Minivan',\n        color='Red',\n        safety_rating=5,\n        warranty_period=3\n    ),\n    HybridVehicle(\n        name=\"Honda Clarity Plug-In Hybrid\",\n        brand=\"Honda\",\n        mpg=110,\n        price_range=(34000, 40000),\n        seating_capacity=5,\n        cargo_space=15.5,\n        drivetrain='FWD',\n        body_type='Sedan',\n        color='White',\n        safety_rating=5,\n        warranty_period=3\n    ),\n    HybridVehicle(\n        name=\"Ford Fusion Hybrid\",\n        brand=\"Ford\",\n        mpg=43,\n        price_range=(24000, 30000),\n        seating_capacity=5,\n        cargo_space=16.0,\n        drivetrain='FWD',\n        body_type='Sedan',\n        color='Black',\n        safety_rating=5,\n        warranty_period=3\n    )\n]\n```",
    "database": [
      {
        "name": "Toyota RAV4 Hybrid",
        "brand": "Toyota",
        "mpg": 40,
        "price_range": [
          29000,
          36000
        ],
        "seating_capacity": 5,
        "cargo_space": 37.6,
        "drivetrain": "AWD",
        "body_type": "SUV",
        "color": "Blue",
        "safety_rating": 5,
        "warranty_period": 3
      },
      {
        "name": "Honda Clarity Plug-In Hybrid",
        "brand": "Honda",
        "mpg": 110,
        "price_range": [
          34000,
          40000
        ],
        "seating_capacity": 5,
        "cargo_space": 15.5,
        "drivetrain": "FWD",
        "body_type": "Sedan",
        "color": "White",
        "safety_rating": 5,
        "warranty_period": 3
      },
      {
        "name": "Honda Accord Hybrid",
        "brand": "Honda",
        "mpg": 48,
        "price_range": [
          26000,
          32000
        ],
        "seating_capacity": 5,
        "cargo_space": 16.7,
        "drivetrain": "FWD",
        "body_type": "Sedan",
        "color": "Red",
        "safety_rating": 5,
        "warranty_period": 3
      },
      {
        "name": "Chrysler Pacifica Hybrid",
        "brand": "Chrysler",
        "mpg": 30,
        "price_range": [
          35000,
          45000
        ],
        "seating_capacity": 7,
        "cargo_space": 140.5,
        "drivetrain": "FWD",
        "body_type": "Minivan",
        "color": "Red",
        "safety_rating": 5,
        "warranty_period": 3
      },
      {
        "name": "Toyota Prius",
        "brand": "Toyota",
        "mpg": 56,
        "price_range": [
          24000,
          30000
        ],
        "seating_capacity": 5,
        "cargo_space": 27.4,
        "drivetrain": "FWD",
        "body_type": "Hatchback",
        "color": "Blue",
        "safety_rating": 5,
        "warranty_period": 3
      },
      {
        "name": "Kia Niro",
        "brand": "Kia",
        "mpg": 50,
        "price_range": [
          24000,
          29000
        ],
        "seating_capacity": 5,
        "cargo_space": 54.5,
        "drivetrain": "FWD",
        "body_type": "SUV",
        "color": "Gray",
        "safety_rating": 5,
        "warranty_period": 5
      },
      {
        "name": "Nissan Rogue Hybrid",
        "brand": "Nissan",
        "mpg": 35,
        "price_range": [
          27000,
          34000
        ],
        "seating_capacity": 5,
        "cargo_space": 31.6,
        "drivetrain": "AWD",
        "body_type": "SUV",
        "color": "Black",
        "safety_rating": 4,
        "warranty_period": 3
      },
      {
        "name": "Lexus RX 450h",
        "brand": "Lexus",
        "mpg": 30,
        "price_range": [
          45000,
          60000
        ],
        "seating_capacity": 5,
        "cargo_space": 18.4,
        "drivetrain": "AWD",
        "body_type": "SUV",
        "color": "Silver",
        "safety_rating": 5,
        "warranty_period": 4
      },
      {
        "name": "Honda CR-V Hybrid",
        "brand": "Honda",
        "mpg": 38,
        "price_range": [
          30000,
          37000
        ],
        "seating_capacity": 5,
        "cargo_space": 33.2,
        "drivetrain": "AWD",
        "body_type": "SUV",
        "color": "Gray",
        "safety_rating": 5,
        "warranty_period": 3
      },
      {
        "name": "Ford Escape Hybrid",
        "brand": "Ford",
        "mpg": 41,
        "price_range": [
          28000,
          35000
        ],
        "seating_capacity": 5,
        "cargo_space": 34.4,
        "drivetrain": "AWD",
        "body_type": "SUV",
        "color": "White",
        "safety_rating": 4,
        "warranty_period": 3
      },
      {
        "name": "Toyota RAV4 Hybrid",
        "brand": "Toyota",
        "mpg": 40,
        "price_range": [
          30000,
          38000
        ],
        "seating_capacity": 5,
        "cargo_space": 37.6,
        "drivetrain": "AWD",
        "body_type": "SUV",
        "color": "Black",
        "safety_rating": 5,
        "warranty_period": 3
      },
      {
        "name": "Ford Fusion Hybrid",
        "brand": "Ford",
        "mpg": 43,
        "price_range": [
          24000,
          30000
        ],
        "seating_capacity": 5,
        "cargo_space": 16.0,
        "drivetrain": "FWD",
        "body_type": "Sedan",
        "color": "Black",
        "safety_rating": 5,
        "warranty_period": 3
      },
      {
        "name": "Hyundai Ioniq Hybrid",
        "brand": "Hyundai",
        "mpg": 58,
        "price_range": [
          23000,
          28000
        ],
        "seating_capacity": 5,
        "cargo_space": 26.5,
        "drivetrain": "FWD",
        "body_type": "Hatchback",
        "color": "Blue",
        "safety_rating": 5,
        "warranty_period": 5
      }
    ],
    "goal": {
      "name": "Honda CR-V Hybrid",
      "brand": "Honda",
      "mpg": 38,
      "price_range": [
        30000,
        37000
      ],
      "seating_capacity": 5,
      "cargo_space": 33.2,
      "drivetrain": "AWD",
      "body_type": "SUV",
      "color": "Gray",
      "safety_rating": 5,
      "warranty_period": 3
    },
    "status": "complete"
  }
]