[
  {
    "domain": "spices",
    "turns": [
      [
        "Hey, do you have any Tahitian fruit spices that are sweet?",
        {
          "name": null,
          "type": "fruit",
          "variety": null,
          "origin": "Tahitian",
          "flavor_profile": "sweet",
          "heat_level": null,
          "organic": null,
          "kosher": null,
          "gluten_free": null,
          "fair_trade": null
        },
        "Yes, I have Vanilla Bean from Tahiti, and it's sweet! Would you like to know more about it?"
      ],
      [
        "Yes, is it organic and kosher?",
        {
          "name": "Vanilla Bean",
          "type": "fruit",
          "variety": null,
          "origin": "Tahiti",
          "flavor_profile": "sweet",
          "heat_level": null,
          "organic": null,
          "kosher": null,
          "gluten_free": null,
          "fair_trade": null
        },
        "Yes, the Vanilla Bean is organic and kosher! Would you like to go ahead with it?"
      ],
      [
        "Is it also gluten-free and fair trade?",
        {
          "name": "Vanilla Bean",
          "type": "fruit",
          "variety": null,
          "origin": "Tahiti",
          "flavor_profile": "sweet",
          "heat_level": null,
          "organic": true,
          "kosher": true,
          "gluten_free": null,
          "fair_trade": null
        },
        "Yes, it's gluten-free, but it's not fair trade. Does that work for you?"
      ],
      [
        "I\u2019d prefer it to be fair trade as well. Do you have any other options?",
        {
          "name": "Vanilla Bean",
          "type": "fruit",
          "variety": null,
          "origin": "Tahiti",
          "flavor_profile": "sweet",
          "heat_level": null,
          "organic": true,
          "kosher": true,
          "gluten_free": true,
          "fair_trade": null
        },
        "How about Cardamom? It's sweet, organic, kosher, and fair trade! Interested?"
      ],
      [
        "Is the Cardamom from Tahiti?",
        {
          "name": "Cardamom",
          "type": null,
          "variety": null,
          "origin": null,
          "flavor_profile": "sweet",
          "heat_level": null,
          "organic": true,
          "kosher": true,
          "gluten_free": true,
          "fair_trade": true
        },
        "No, the Cardamom is from Guatemala. Would you like to consider it anyway?"
      ],
      [
        "I\u2019d like to stick to Tahitian spices. Any other suggestions?",
        {
          "name": null,
          "type": null,
          "variety": null,
          "origin": "Tahitian",
          "flavor_profile": "sweet",
          "heat_level": null,
          "organic": null,
          "kosher": null,
          "gluten_free": null,
          "fair_trade": null
        },
        "Unfortunately, Vanilla Bean is the only Tahitian spice I have. Would you like to explore other sweet spices from different origins?"
      ],
      [
        "Sure, what sweet spices do you have from other origins?",
        {
          "name": "Vanilla Bean",
          "type": "fruit",
          "variety": null,
          "origin": "Tahiti",
          "flavor_profile": "sweet",
          "heat_level": null,
          "organic": true,
          "kosher": true,
          "gluten_free": true,
          "fair_trade": false
        },
        "I have Cinnamon from Sri Lanka and Nutmeg from Indonesia. Would you like to know more about either?"
      ],
      [
        "Can you tell me more about the Cinnamon from Sri Lanka?",
        {
          "name": "Vanilla Bean",
          "type": "fruit",
          "variety": null,
          "origin": "Tahiti",
          "flavor_profile": "sweet",
          "heat_level": null,
          "organic": true,
          "kosher": true,
          "gluten_free": true,
          "fair_trade": false
        },
        "Sure! It's sweet, organic, kosher, gluten-free, and fair trade. Does that sound good to you?"
      ],
      [
        "That sounds perfect! I'll go with the Cinnamon from Sri Lanka.",
        {
          "name": "Cinnamon",
          "type": "bark",
          "variety": null,
          "origin": "Sri Lanka",
          "flavor_profile": "sweet",
          "heat_level": null,
          "organic": true,
          "kosher": true,
          "gluten_free": true,
          "fair_trade": true
        },
        "Great choice! I'll mark down the Cinnamon from Sri Lanka for you."
      ]
    ],
    "preferences_code": "```python\npreferences = SpiceCriteria(\n    name='Vanilla Bean',\n    type='fruit',\n    variety='Tahitian',\n    origin='Tahiti',\n    flavor_profile='sweet',\n    heat_level=0,\n    organic=True,\n    kosher=True,\n    gluten_free=True,\n    fair_trade=True,\n)\n```",
    "red_herrings_code": "```python\n# Global variable representing a list of similar Spice objects\nsimilar_spices = [\n    Spice(\n        name='Vanilla Bean',\n        type='fruit',\n        variety='Tahitian',\n        origin='Tahiti',\n        flavor_profile='sweet',\n        heat_level=0,\n        organic=True,\n        kosher=True,\n        gluten_free=True,\n        fair_trade=True,\n    ),\n    Spice(\n        name='Cinnamon',\n        type='bark',\n        variety='Ceylon',\n        origin='Sri Lanka',\n        flavor_profile='sweet',\n        heat_level=0,\n        organic=True,\n        kosher=True,\n        gluten_free=True,\n        fair_trade=True,\n    ),\n    Spice(\n        name='Nutmeg',\n        type='seed',\n        variety='Mace',\n        origin='Indonesia',\n        flavor_profile='sweet',\n        heat_level=0,\n        organic=False,\n        kosher=True,\n        gluten_free=True,\n        fair_trade=False,\n    ),\n]\n```",
    "database_code": "```python\n# Global variable representing a list of spice examples\nspice_examples = [\n    Spice(name=\"Cumin\", type=\"seed\", variety=\"whole\", origin=\"India\", flavor_profile=\"savory\", heat_level=0, organic=True, kosher=True, gluten_free=True, fair_trade=True),\n    Spice(name=\"Cinnamon\", type=\"bark\", variety=\"Ceylon\", origin=\"Sri Lanka\", flavor_profile=\"sweet\", heat_level=0, organic=False, kosher=True, gluten_free=True, fair_trade=False),\n    Spice(name=\"Ginger\", type=\"root\", variety=\"fresh\", origin=\"China\", flavor_profile=\"spicy\", heat_level=10, organic=True, kosher=True, gluten_free=True, fair_trade=True),\n    Spice(name=\"Turmeric\", type=\"root\", variety=\"ground\", origin=\"India\", flavor_profile=\"savory\", heat_level=0, organic=True, kosher=True, gluten_free=True, fair_trade=True),\n    Spice(name=\"Paprika\", type=\"fruit\", variety=\"smoked\", origin=\"Hungary\", flavor_profile=\"sweet\", heat_level=5, organic=False, kosher=True, gluten_free=True, fair_trade=False),\n    Spice(name=\"Black Pepper\", type=\"seed\", variety=\"whole\", origin=\"Vietnam\", flavor_profile=\"spicy\", heat_level=30, organic=True, kosher=True, gluten_free=False, fair_trade=True),\n    Spice(name=\"Oregano\", type=\"herb\", variety=\"Italian\", origin=\"Greece\", flavor_profile=\"savory\", heat_level=0, organic=True, kosher=True, gluten_free=True, fair_trade=False),\n    Spice(name=\"Chili Powder\", type=\"blend\", variety=\"Mexican\", origin=\"Mexico\", flavor_profile=\"spicy\", heat_level=50, organic=False, kosher=False, gluten_free=True, fair_trade=False),\n    Spice(name=\"Cardamom\", type=\"seed\", variety=\"green\", origin=\"Guatemala\", flavor_profile=\"sweet\", heat_level=0, organic=True, kosher=True, gluten_free=True, fair_trade=True),\n    Spice(name=\"Vanilla\", type=\"fruit\", variety=\"Madagascar\", origin=\"Madagascar\", flavor_profile=\"sweet\", heat_level=0, organic=True, kosher=True, gluten_free=True, fair_trade=True)\n]\n```",
    "database": [
      {
        "name": "Cinnamon",
        "type": "bark",
        "variety": "Ceylon",
        "origin": "Sri Lanka",
        "flavor_profile": "sweet",
        "heat_level": 0,
        "organic": true,
        "kosher": true,
        "gluten_free": true,
        "fair_trade": true
      },
      {
        "name": "Vanilla",
        "type": "fruit",
        "variety": "Madagascar",
        "origin": "Madagascar",
        "flavor_profile": "sweet",
        "heat_level": 0,
        "organic": true,
        "kosher": true,
        "gluten_free": true,
        "fair_trade": true
      },
      {
        "name": "Chili Powder",
        "type": "blend",
        "variety": "Mexican",
        "origin": "Mexico",
        "flavor_profile": "spicy",
        "heat_level": 50,
        "organic": false,
        "kosher": false,
        "gluten_free": true,
        "fair_trade": false
      },
      {
        "name": "Nutmeg",
        "type": "seed",
        "variety": "Mace",
        "origin": "Indonesia",
        "flavor_profile": "sweet",
        "heat_level": 0,
        "organic": false,
        "kosher": true,
        "gluten_free": true,
        "fair_trade": false
      },
      {
        "name": "Oregano",
        "type": "herb",
        "variety": "Italian",
        "origin": "Greece",
        "flavor_profile": "savory",
        "heat_level": 0,
        "organic": true,
        "kosher": true,
        "gluten_free": true,
        "fair_trade": false
      },
      {
        "name": "Cumin",
        "type": "seed",
        "variety": "whole",
        "origin": "India",
        "flavor_profile": "savory",
        "heat_level": 0,
        "organic": true,
        "kosher": true,
        "gluten_free": true,
        "fair_trade": true
      },
      {
        "name": "Vanilla Bean",
        "type": "fruit",
        "variety": "Tahitian",
        "origin": "Tahiti",
        "flavor_profile": "sweet",
        "heat_level": 0,
        "organic": true,
        "kosher": true,
        "gluten_free": true,
        "fair_trade": true
      },
      {
        "name": "Black Pepper",
        "type": "seed",
        "variety": "whole",
        "origin": "Vietnam",
        "flavor_profile": "spicy",
        "heat_level": 30,
        "organic": true,
        "kosher": true,
        "gluten_free": false,
        "fair_trade": true
      },
      {
        "name": "Cardamom",
        "type": "seed",
        "variety": "green",
        "origin": "Guatemala",
        "flavor_profile": "sweet",
        "heat_level": 0,
        "organic": true,
        "kosher": true,
        "gluten_free": true,
        "fair_trade": true
      },
      {
        "name": "Paprika",
        "type": "fruit",
        "variety": "smoked",
        "origin": "Hungary",
        "flavor_profile": "sweet",
        "heat_level": 5,
        "organic": false,
        "kosher": true,
        "gluten_free": true,
        "fair_trade": false
      },
      {
        "name": "Cinnamon",
        "type": "bark",
        "variety": "Ceylon",
        "origin": "Sri Lanka",
        "flavor_profile": "sweet",
        "heat_level": 0,
        "organic": false,
        "kosher": true,
        "gluten_free": true,
        "fair_trade": false
      },
      {
        "name": "Turmeric",
        "type": "root",
        "variety": "ground",
        "origin": "India",
        "flavor_profile": "savory",
        "heat_level": 0,
        "organic": true,
        "kosher": true,
        "gluten_free": true,
        "fair_trade": true
      },
      {
        "name": "Ginger",
        "type": "root",
        "variety": "fresh",
        "origin": "China",
        "flavor_profile": "spicy",
        "heat_level": 10,
        "organic": true,
        "kosher": true,
        "gluten_free": true,
        "fair_trade": true
      }
    ],
    "goal": {
      "name": "Vanilla Bean",
      "type": "fruit",
      "variety": "Tahitian",
      "origin": "Tahiti",
      "flavor_profile": "sweet",
      "heat_level": 0,
      "organic": true,
      "kosher": true,
      "gluten_free": true,
      "fair_trade": true
    },
    "status": "complete"
  },
  {
    "domain": "fresh herbs",
    "turns": [
      [
        "Thanks! Now, could you help me find some fresh herbs?",
        {
          "name": null,
          "type": null,
          "availability": null,
          "organic": true,
          "quantity": null,
          "price_range": null,
          "supplier_rating": null,
          "freshness": null
        },
        "Of course! What specific characteristics are you looking for in fresh herbs?"
      ],
      [
        "I need about three units, preferably with a price range of $2 to $3.",
        {
          "name": null,
          "type": null,
          "availability": null,
          "organic": null,
          "quantity": 3,
          "price_range": [
            2.0,
            3.0
          ],
          "supplier_rating": null,
          "freshness": null
        },
        "Got it! Do you have a preference for organic herbs or specific types, like leafy or woody?"
      ],
      [
        "No specific type, but I\u2019d like to know if they are organic.",
        {
          "name": null,
          "type": null,
          "availability": null,
          "organic": true,
          "quantity": 3,
          "price_range": [
            2.0,
            3.0
          ],
          "supplier_rating": null,
          "freshness": null
        },
        "Alright! I have Basil and Thyme that are organic and fit your quantity and price range. Interested in one of those?"
      ],
      [
        "I\u2019m interested in the Basil. How fresh is it?",
        {
          "name": "Basil",
          "type": null,
          "availability": null,
          "organic": true,
          "quantity": 3,
          "price_range": [
            2.0,
            3.0
          ],
          "supplier_rating": null,
          "freshness": null
        },
        "The Basil has a freshness level of 9 out of 10. Would you like to go ahead with it?"
      ],
      [
        "Yes, I\u2019ll take the Basil! Thank you!",
        {
          "name": "Basil",
          "type": null,
          "availability": null,
          "organic": true,
          "quantity": 3,
          "price_range": [
            2.0,
            3.0
          ],
          "supplier_rating": null,
          "freshness": 9
        },
        "You're welcome! I'll mark down the Basil for you. Enjoy your cooking!"
      ]
    ],
    "preferences_code": "```python\npreferences = HerbSearchCriteria(\n    name='Sage',\n    type='woody',\n    availability='all-year',\n    organic=True,\n    quantity=3,\n    price_range=(2.0, 3.0),\n    supplier_rating='low',\n    freshness=5,\n)\n```",
    "red_herrings_code": "```python\n# Global variable representing a list of fresh herbs examples\nfresh_herbs_examples = [\n    HerbInformation(\n        name='Sage',\n        type='woody',\n        availability='in-season',\n        organic=True,\n        quantity=10,\n        price=2.0,\n        supplier_rating='high',\n        freshness=7,\n    ),\n    HerbInformation(\n        name='Thyme',\n        type='woody',\n        availability='in-season',\n        organic=False,\n        quantity=20,\n        price=1.5,\n        supplier_rating='medium',\n        freshness=8,\n    ),\n    HerbInformation(\n        name='Sage',\n        type='woody',\n        availability='all-year',\n        organic=True,\n        quantity=5,\n        price=2.5,\n        supplier_rating='low',\n        freshness=5,\n    ),\n]\n```",
    "database_code": "```python\n# Global variable to store examples of fresh herbs\nfresh_herbs_examples = [\n    HerbInformation(name=\"Basil\", type=\"leafy\", availability=\"in-season\", organic=True, quantity=100, price=2.5, supplier_rating='high', freshness=9),\n    HerbInformation(name=\"Cilantro\", type=\"leafy\", availability=\"all-year\", organic=False, quantity=50, price=1.5, supplier_rating='medium', freshness=8),\n    HerbInformation(name=\"Rosemary\", type=\"woody\", availability=\"in-season\", organic=True, quantity=30, price=3.0, supplier_rating='high', freshness=7),\n    HerbInformation(name=\"Thyme\", type=\"woody\", availability=\"all-year\", organic=True, quantity=20, price=2.0, supplier_rating='medium', freshness=8),\n    HerbInformation(name=\"Oregano\", type=\"leafy\", availability=\"out-of-season\", organic=False, quantity=0, price=1.0, supplier_rating='low', freshness=5),\n    HerbInformation(name=\"Sage\", type=\"woody\", availability=\"in-season\", organic=True, quantity=15, price=2.5, supplier_rating='high', freshness=6),\n    HerbInformation(name=\"Mint\", type=\"leafy\", availability=\"all-year\", organic=True, quantity=40, price=1.8, supplier_rating='medium', freshness=9),\n    HerbInformation(name=\"Dill\", type=\"leafy\", availability=\"in-season\", organic=False, quantity=25, price=2.2, supplier_rating='medium', freshness=7),\n    HerbInformation(name=\"Parsley\", type=\"leafy\", availability=\"all-year\", organic=True, quantity=60, price=1.5, supplier_rating='high', freshness=8),\n    HerbInformation(name=\"Chives\", type=\"leafy\", availability=\"in-season\", organic=True, quantity=10, price=2.0, supplier_rating='medium', freshness=7)\n]\n```",
    "database": [
      {
        "name": "Sage",
        "type": "woody",
        "availability": "in-season",
        "organic": true,
        "quantity": 15,
        "price": 2.5,
        "supplier_rating": "high",
        "freshness": 6
      },
      {
        "name": "Parsley",
        "type": "leafy",
        "availability": "all-year",
        "organic": true,
        "quantity": 60,
        "price": 1.5,
        "supplier_rating": "high",
        "freshness": 8
      },
      {
        "name": "Sage",
        "type": "woody",
        "availability": "in-season",
        "organic": true,
        "quantity": 10,
        "price": 2.0,
        "supplier_rating": "high",
        "freshness": 7
      },
      {
        "name": "Oregano",
        "type": "leafy",
        "availability": "out-of-season",
        "organic": false,
        "quantity": 0,
        "price": 1.0,
        "supplier_rating": "low",
        "freshness": 5
      },
      {
        "name": "Thyme",
        "type": "woody",
        "availability": "all-year",
        "organic": true,
        "quantity": 20,
        "price": 2.0,
        "supplier_rating": "medium",
        "freshness": 8
      },
      {
        "name": "Chives",
        "type": "leafy",
        "availability": "in-season",
        "organic": true,
        "quantity": 10,
        "price": 2.0,
        "supplier_rating": "medium",
        "freshness": 7
      },
      {
        "name": "Basil",
        "type": "leafy",
        "availability": "in-season",
        "organic": true,
        "quantity": 100,
        "price": 2.5,
        "supplier_rating": "high",
        "freshness": 9
      },
      {
        "name": "Dill",
        "type": "leafy",
        "availability": "in-season",
        "organic": false,
        "quantity": 25,
        "price": 2.2,
        "supplier_rating": "medium",
        "freshness": 7
      },
      {
        "name": "Thyme",
        "type": "woody",
        "availability": "in-season",
        "organic": false,
        "quantity": 20,
        "price": 1.5,
        "supplier_rating": "medium",
        "freshness": 8
      },
      {
        "name": "Sage",
        "type": "woody",
        "availability": "all-year",
        "organic": true,
        "quantity": 5,
        "price": 2.5,
        "supplier_rating": "low",
        "freshness": 5
      },
      {
        "name": "Cilantro",
        "type": "leafy",
        "availability": "all-year",
        "organic": false,
        "quantity": 50,
        "price": 1.5,
        "supplier_rating": "medium",
        "freshness": 8
      },
      {
        "name": "Mint",
        "type": "leafy",
        "availability": "all-year",
        "organic": true,
        "quantity": 40,
        "price": 1.8,
        "supplier_rating": "medium",
        "freshness": 9
      },
      {
        "name": "Rosemary",
        "type": "woody",
        "availability": "in-season",
        "organic": true,
        "quantity": 30,
        "price": 3.0,
        "supplier_rating": "high",
        "freshness": 7
      }
    ],
    "goal": {
      "name": "Sage",
      "type": "woody",
      "availability": "all-year",
      "organic": true,
      "quantity": 5,
      "price": 2.5,
      "supplier_rating": "low",
      "freshness": 5
    },
    "status": "complete"
  },
  {
    "domain": "gourmet oils",
    "turns": [
      [
        "Thanks! By the way, do you have any gourmet hazelnut oils?",
        {
          "name": null,
          "oil_type": null,
          "source": null,
          "flavor_profile": null,
          "organic": null,
          "cold_pressed": null,
          "price_range": null,
          "volume": null,
          "use_case": null,
          "brand": null,
          "packaging": null
        },
        "Yes, I have Hazelnut Oil from Turkey. Would you like to know more about it?"
      ],
      [
        "Is it cold-pressed and organic?",
        {
          "name": "Cinnamon",
          "oil_type": null,
          "source": "Sri Lanka",
          "flavor_profile": null,
          "organic": true,
          "cold_pressed": null,
          "price_range": "budget",
          "volume": 3,
          "use_case": null,
          "brand": null,
          "packaging": null
        },
        "Yes, the Hazelnut Oil is cold-pressed and organic! Interested in purchasing it?"
      ],
      [
        "What's the flavor profile, and is it in a tin packaging?",
        {
          "name": "Hazelnut Oil",
          "oil_type": null,
          "source": "Turkey",
          "flavor_profile": null,
          "organic": true,
          "cold_pressed": true,
          "price_range": null,
          "volume": null,
          "use_case": null,
          "brand": null,
          "packaging": null
        },
        "The flavor profile is robust, and yes, it's packaged in a tin. Would you like to go ahead with it?"
      ],
      [
        "That sounds perfect! I\u2019ll take the Hazelnut Oil from Turkey.",
        {
          "name": "Hazelnut Oil",
          "oil_type": null,
          "source": "Turkey",
          "flavor_profile": "robust",
          "organic": true,
          "cold_pressed": true,
          "price_range": null,
          "volume": null,
          "use_case": null,
          "brand": null,
          "packaging": "tin"
        },
        "Great choice! I'll mark down the Hazelnut Oil from Turkey for you."
      ]
    ],
    "preferences_code": "```python\npreferences = GourmetOilCriteria(\n    name='Hazelnut Oil',\n    oil_type='hazelnut',\n    source='Turkey',\n    flavor_profile='robust',\n    organic=False,\n    cold_pressed=True,\n    price_range='premium',\n    volume=200,\n    use_case='finishing',\n    brand='Brand C',\n    packaging='tin',\n)\n```",
    "red_herrings_code": "```python\ngourmet_oils_examples = [\n    GourmetOilInfo(\n        name='Pumpkin Seed Oil',\n        oil_type='pumpkin',\n        source='Slovenia',\n        flavor_profile='robust',\n        organic=True,\n        cold_pressed=True,\n        price_range='premium',\n        volume=250,\n        use_case='finishing',\n        brand='Brand A',\n        packaging='glass',\n    ),\n    GourmetOilInfo(\n        name='Sunflower Oil',\n        oil_type='sunflower',\n        source='Austria',\n        flavor_profile='medium',\n        organic=True,\n        cold_pressed=True,\n        price_range='midrange',\n        volume=200,\n        use_case='cooking',\n        brand='Brand B',\n        packaging='glass',\n    ),\n    GourmetOilInfo(\n        name='Hazelnut Oil',\n        oil_type='hazelnut',\n        source='Turkey',\n        flavor_profile='robust',\n        organic=False,\n        cold_pressed=True,\n        price_range='premium',\n        volume=200,\n        use_case='finishing',\n        brand='Brand C',\n        packaging='tin',\n    ),\n]\n```",
    "database_code": "```python\ngourmet_oils_list = [\n    GourmetOilInfo(\n        name=\"Extra Virgin Olive Oil\",\n        oil_type=\"olive\",\n        source=\"Italy\",\n        flavor_profile=\"robust\",\n        organic=True,\n        cold_pressed=True,\n        price_range=\"premium\",\n        volume=500,\n        use_case=\"cooking\",\n        brand=\"Brand A\",\n        packaging=\"glass\"\n    ),\n    GourmetOilInfo(\n        name=\"Coconut Oil\",\n        oil_type=\"coconut\",\n        source=\"Philippines\",\n        flavor_profile=\"mild\",\n        organic=True,\n        cold_pressed=True,\n        price_range=\"midrange\",\n        volume=400,\n        use_case=\"cooking\",\n        brand=\"Brand B\",\n        packaging=\"plastic\"\n    ),\n    GourmetOilInfo(\n        name=\"Avocado Oil\",\n        oil_type=\"avocado\",\n        source=\"Mexico\",\n        flavor_profile=\"medium\",\n        organic=False,\n        cold_pressed=True,\n        price_range=\"premium\",\n        volume=250,\n        use_case=\"dressing\",\n        brand=\"Brand C\",\n        packaging=\"glass\"\n    ),\n    GourmetOilInfo(\n        name=\"Sesame Oil\",\n        oil_type=\"sesame\",\n        source=\"China\",\n        flavor_profile=\"robust\",\n        organic=True,\n        cold_pressed=False,\n        price_range=\"budget\",\n        volume=500,\n        use_case=\"finishing\",\n        brand=\"Brand D\",\n        packaging=\"tin\"\n    ),\n    GourmetOilInfo(\n        name=\"Truffle Oil\",\n        oil_type=\"truffle\",\n        source=\"France\",\n        flavor_profile=\"robust\",\n        organic=False,\n        cold_pressed=False,\n        price_range=\"premium\",\n        volume=100,\n        use_case=\"finishing\",\n        brand=\"Brand E\",\n        packaging=\"glass\"\n    ),\n    GourmetOilInfo(\n        name=\"Walnut Oil\",\n        oil_type=\"walnut\",\n        source=\"California\",\n        flavor_profile=\"medium\",\n        organic=True,\n        cold_pressed=True,\n        price_range=\"midrange\",\n        volume=250,\n        use_case=\"dressing\",\n        brand=\"Brand F\",\n        packaging=\"glass\"\n    ),\n    GourmetOilInfo(\n        name=\"Light Olive Oil\",\n        oil_type=\"olive\",\n        source=\"Spain\",\n        flavor_profile=\"mild\",\n        organic=False,\n        cold_pressed=False,\n        price_range=\"budget\",\n        volume=1000,\n        use_case=\"cooking\",\n        brand=\"Brand G\",\n        packaging=\"plastic\"\n    ),\n    GourmetOilInfo(\n        name=\"Pumpkin Seed Oil\",\n        oil_type=\"pumpkin\",\n        source=\"Austria\",\n        flavor_profile=\"robust\",\n        organic=True,\n        cold_pressed=True,\n        price_range=\"premium\",\n        volume=200,\n        use_case=\"finishing\",\n        brand=\"Brand H\",\n        packaging=\"glass\"\n    ),\n    GourmetOilInfo(\n        name=\"Peanut Oil\",\n        oil_type=\"peanut\",\n        source=\"Nigeria\",\n        flavor_profile=\"medium\",\n        organic=False,\n        cold_pressed=False,\n        price_range=\"budget\",\n        volume=750,\n        use_case=\"cooking\",\n        brand=\"Brand I\",\n        packaging=\"tin\"\n    ),\n    GourmetOilInfo(\n        name=\"Hazelnut Oil\",\n        oil_type=\"hazelnut\",\n        source=\"Turkey\",\n        flavor_profile=\"robust\",\n        organic=True,\n        cold_pressed=True,\n        price_range=\"midrange\",\n        volume=150,\n        use_case=\"dressing\",\n        brand=\"Brand J\",\n        packaging=\"glass\"\n    ),\n]\n```",
    "database": [
      {
        "name": "Light Olive Oil",
        "oil_type": "olive",
        "source": "Spain",
        "flavor_profile": "mild",
        "organic": false,
        "cold_pressed": false,
        "price_range": "budget",
        "volume": 1000,
        "use_case": "cooking",
        "brand": "Brand G",
        "packaging": "plastic"
      },
      {
        "name": "Avocado Oil",
        "oil_type": "avocado",
        "source": "Mexico",
        "flavor_profile": "medium",
        "organic": false,
        "cold_pressed": true,
        "price_range": "premium",
        "volume": 250,
        "use_case": "dressing",
        "brand": "Brand C",
        "packaging": "glass"
      },
      {
        "name": "Sesame Oil",
        "oil_type": "sesame",
        "source": "China",
        "flavor_profile": "robust",
        "organic": true,
        "cold_pressed": false,
        "price_range": "budget",
        "volume": 500,
        "use_case": "finishing",
        "brand": "Brand D",
        "packaging": "tin"
      },
      {
        "name": "Pumpkin Seed Oil",
        "oil_type": "pumpkin",
        "source": "Slovenia",
        "flavor_profile": "robust",
        "organic": true,
        "cold_pressed": true,
        "price_range": "premium",
        "volume": 250,
        "use_case": "finishing",
        "brand": "Brand A",
        "packaging": "glass"
      },
      {
        "name": "Walnut Oil",
        "oil_type": "walnut",
        "source": "California",
        "flavor_profile": "medium",
        "organic": true,
        "cold_pressed": true,
        "price_range": "midrange",
        "volume": 250,
        "use_case": "dressing",
        "brand": "Brand F",
        "packaging": "glass"
      },
      {
        "name": "Extra Virgin Olive Oil",
        "oil_type": "olive",
        "source": "Italy",
        "flavor_profile": "robust",
        "organic": true,
        "cold_pressed": true,
        "price_range": "premium",
        "volume": 500,
        "use_case": "cooking",
        "brand": "Brand A",
        "packaging": "glass"
      },
      {
        "name": "Peanut Oil",
        "oil_type": "peanut",
        "source": "Nigeria",
        "flavor_profile": "medium",
        "organic": false,
        "cold_pressed": false,
        "price_range": "budget",
        "volume": 750,
        "use_case": "cooking",
        "brand": "Brand I",
        "packaging": "tin"
      },
      {
        "name": "Truffle Oil",
        "oil_type": "truffle",
        "source": "France",
        "flavor_profile": "robust",
        "organic": false,
        "cold_pressed": false,
        "price_range": "premium",
        "volume": 100,
        "use_case": "finishing",
        "brand": "Brand E",
        "packaging": "glass"
      },
      {
        "name": "Pumpkin Seed Oil",
        "oil_type": "pumpkin",
        "source": "Austria",
        "flavor_profile": "robust",
        "organic": true,
        "cold_pressed": true,
        "price_range": "premium",
        "volume": 200,
        "use_case": "finishing",
        "brand": "Brand H",
        "packaging": "glass"
      },
      {
        "name": "Hazelnut Oil",
        "oil_type": "hazelnut",
        "source": "Turkey",
        "flavor_profile": "robust",
        "organic": false,
        "cold_pressed": true,
        "price_range": "premium",
        "volume": 200,
        "use_case": "finishing",
        "brand": "Brand C",
        "packaging": "tin"
      },
      {
        "name": "Sunflower Oil",
        "oil_type": "sunflower",
        "source": "Austria",
        "flavor_profile": "medium",
        "organic": true,
        "cold_pressed": true,
        "price_range": "midrange",
        "volume": 200,
        "use_case": "cooking",
        "brand": "Brand B",
        "packaging": "glass"
      },
      {
        "name": "Hazelnut Oil",
        "oil_type": "hazelnut",
        "source": "Turkey",
        "flavor_profile": "robust",
        "organic": true,
        "cold_pressed": true,
        "price_range": "midrange",
        "volume": 150,
        "use_case": "dressing",
        "brand": "Brand J",
        "packaging": "glass"
      },
      {
        "name": "Coconut Oil",
        "oil_type": "coconut",
        "source": "Philippines",
        "flavor_profile": "mild",
        "organic": true,
        "cold_pressed": true,
        "price_range": "midrange",
        "volume": 400,
        "use_case": "cooking",
        "brand": "Brand B",
        "packaging": "plastic"
      }
    ],
    "goal": {
      "name": "Hazelnut Oil",
      "oil_type": "hazelnut",
      "source": "Turkey",
      "flavor_profile": "robust",
      "organic": false,
      "cold_pressed": true,
      "price_range": "premium",
      "volume": 200,
      "use_case": "finishing",
      "brand": "Brand C",
      "packaging": "tin"
    },
    "status": "complete"
  }
]