[
  {
    "domain": "Wellness Program",
    "turns": [
      [
        "What specific focus area are you interested in for the Wellness Program?",
        {
          "name": null,
          "duration": null,
          "format": null,
          "intensity": null,
          "focus_area": "nutrition",
          "budget": null,
          "location": null,
          "availability": null,
          "language": null,
          "certification": null
        },
        "I'm looking for something related to Family Health."
      ],
      [
        "Got it! How long are you looking for the program to last?",
        {
          "name": null,
          "duration": null,
          "format": null,
          "intensity": null,
          "focus_area": "Family Health",
          "budget": null,
          "location": null,
          "availability": null,
          "language": null,
          "certification": null
        },
        "A duration of around one day would be ideal."
      ],
      [
        "Great! Do you prefer the program to be in-person, online, or hybrid?",
        {
          "name": null,
          "duration": "1 day",
          "format": null,
          "intensity": null,
          "focus_area": "Family Health",
          "budget": null,
          "location": null,
          "availability": null,
          "language": null,
          "certification": null
        },
        "I would prefer an in-person program."
      ],
      [
        "Perfect! What's your budget for the program?",
        {
          "name": null,
          "duration": "1 day",
          "format": "in-person",
          "intensity": null,
          "focus_area": "Family Health",
          "budget": null,
          "location": null,
          "availability": null,
          "language": null,
          "certification": null
        },
        "I'm looking to spend around $150."
      ],
      [
        "Thanks for sharing! Do you have a specific location in mind for the in-person event?",
        {
          "name": null,
          "duration": "1 day",
          "format": "in-person",
          "intensity": null,
          "focus_area": "Family Health",
          "budget": 150.0,
          "location": null,
          "availability": null,
          "language": null,
          "certification": null
        },
        "City Park would be a convenient location for me."
      ],
      [
        "Awesome! When are you looking to attend the program?",
        {
          "name": null,
          "duration": "1 day",
          "format": "in-person",
          "intensity": null,
          "focus_area": "Family Health",
          "budget": 150.0,
          "location": "City Park",
          "availability": null,
          "language": null,
          "certification": null
        },
        "I'm available for the next event in May."
      ],
      [
        "May works! What language would you like the program to be conducted in?",
        {
          "name": null,
          "duration": "1 day",
          "format": "in-person",
          "intensity": null,
          "focus_area": "Family Health",
          "budget": 150.0,
          "location": "City Park",
          "availability": "May",
          "language": null,
          "certification": null
        },
        "English would be great for the program."
      ],
      [
        "Got it! Would you like a certification upon completion of the program?",
        {
          "name": null,
          "duration": "1 day",
          "format": "in-person",
          "intensity": null,
          "focus_area": "Family Health",
          "budget": 150.0,
          "location": "City Park",
          "availability": "May",
          "language": "English",
          "certification": null
        },
        "No, I don't need a certification for this program."
      ],
      [
        "Thanks for the info! Based on your preferences, I\u2019ll look for an in-person Family Health program lasting one day in City Park, available in May, for under $150, in English, with medium intensity and no certification. Let me find the best options for you!",
        {
          "name": null,
          "duration": "1 day",
          "format": "in-person",
          "intensity": null,
          "focus_area": "Family Health",
          "budget": 150.0,
          "location": "City Park",
          "availability": "May",
          "language": "English",
          "certification": false
        },
        "The best option for you is the \"Family Wellness Day,\" which meets all your criteria!"
      ],
      [
        "That sounds perfect! Would you like to go ahead and register for the \"Family Wellness Day\"?",
        {
          "name": "Family Wellness Day",
          "duration": "1 day",
          "format": "in-person",
          "intensity": null,
          "focus_area": "Family Health",
          "budget": 150.0,
          "location": "City Park",
          "availability": "May",
          "language": "English",
          "certification": false
        },
        "Yes, let's go ahead and register for the \"Family Wellness Day\"!"
      ]
    ],
    "preferences_code": "```python\npreferences = WellnessProgramCriteria(\n    name='Family Fitness Day',\n    duration='1 day',\n    format='in-person',\n    intensity='medium',\n    focus_area='Family Health',\n    budget=100.0,\n    location='City Park',\n    availability='Next event in April',\n    language='English',\n    certification=False,\n)\n```",
    "red_herrings_code": "```python\n# Global variable representing a list of Wellness Program examples\nwellness_programs = [\n    WellnessProgram(\n        name='Family Health Retreat',\n        duration='2 days',\n        format='in-person',\n        intensity='low',\n        focus_area='Family Health',\n        budget=200.0,\n        location='Lakeview Park',\n        availability='Next event in June',\n        language='English',\n        certification=False,\n    ),\n    WellnessProgram(\n        name='Family Fitness Day',\n        duration='1 day',\n        format='in-person',\n        intensity='medium',\n        focus_area='Family Health',\n        budget=100.0,\n        location='City Park',\n        availability='Next event in April',\n        language='English',\n        certification=False,\n    ),\n    WellnessProgram(\n        name='Healthy Families Workshop',\n        duration='1 day',\n        format='online',\n        intensity='low',\n        focus_area='Family Health',\n        budget=120.0,\n        location=None,\n        availability='Next event in May',\n        language='English',\n        certification=True,\n    ),\n]\n```",
    "database_code": "```python\n# Global variable that holds a list of example Wellness Program instances.\nwellness_programs = [\n    WellnessProgram(\n        name=\"Mindfulness Retreat\",\n        duration=\"1 week\",\n        format='in-person',\n        intensity='low',\n        focus_area=\"Mental Health\",\n        budget=1500.00,\n        location=\"Mountain Resort\",\n        availability=\"Available in July\",\n        language=\"English\",\n        certification=True\n    ),\n    WellnessProgram(\n        name=\"Yoga for Beginners\",\n        duration=\"6 weeks\",\n        format='online',\n        intensity='medium',\n        focus_area=\"Physical Health\",\n        budget=200.00,\n        location=None,\n        availability=\"Starts in March\",\n        language=\"English\",\n        certification=False\n    ),\n    WellnessProgram(\n        name=\"Nutrition Bootcamp\",\n        duration=\"3 months\",\n        format='hybrid',\n        intensity='high',\n        focus_area=\"Nutrition\",\n        budget=800.00,\n        location=\"Community Center\",\n        availability=\"Ongoing\",\n        language=\"English\",\n        certification=True\n    ),\n    WellnessProgram(\n        name=\"Stress Management Workshop\",\n        duration=\"2 days\",\n        format='in-person',\n        intensity='low',\n        focus_area=\"Mental Health\",\n        budget=300.00,\n        location=\"Local Library\",\n        availability=\"Next session in April\",\n        language=\"English\",\n        certification=False\n    ),\n    WellnessProgram(\n        name=\"Advanced Pilates\",\n        duration=\"8 weeks\",\n        format='online',\n        intensity='medium',\n        focus_area=\"Physical Health\",\n        budget=250.00,\n        location=None,\n        availability=\"Starts in February\",\n        language=\"English\",\n        certification=True\n    ),\n    WellnessProgram(\n        name=\"Cardio Kickboxing\",\n        duration=\"1 month\",\n        format='in-person',\n        intensity='high',\n        focus_area=\"Physical Fitness\",\n        budget=120.00,\n        location=\"Fitness Studio\",\n        availability=\"Ongoing\",\n        language=\"English\",\n        certification=False\n    ),\n    WellnessProgram(\n        name=\"Holistic Health Coaching\",\n        duration=\"6 months\",\n        format='hybrid',\n        intensity='medium',\n        focus_area=\"Overall Wellness\",\n        budget=1000.00,\n        location=\"Virtual\",\n        availability=\"Available year-round\",\n        language=\"English\",\n        certification=True\n    ),\n    WellnessProgram(\n        name=\"Family Wellness Day\",\n        duration=\"1 day\",\n        format='in-person',\n        intensity='low',\n        focus_area=\"Family Health\",\n        budget=150.00,\n        location=\"City Park\",\n        availability=\"Next event in May\",\n        language=\"English\",\n        certification=False\n    ),\n    WellnessProgram(\n        name=\"Corporate Wellness Program\",\n        duration=\"3 months\",\n        format='hybrid',\n        intensity='medium',\n        focus_area=\"Workplace Wellness\",\n        budget=5000.00,\n        location=\"Company Premises\",\n        availability=\"Available upon request\",\n        language=\"English\",\n        certification=True\n    ),\n    WellnessProgram(\n        name=\"Mindful Eating Workshop\",\n        duration=\"4 weeks\",\n        format='online',\n        intensity='low',\n        focus_area=\"Nutrition\",\n        budget=180.00,\n        location=None,\n        availability=\"Starts in March\",\n        language=\"English\",\n        certification=False\n    )\n]\n```",
    "database": [
      {
        "name": "Family Health Retreat",
        "duration": "2 days",
        "format": "in-person",
        "intensity": "low",
        "focus_area": "Family Health",
        "budget": 200.0,
        "location": "Lakeview Park",
        "availability": "Next event in June",
        "language": "English",
        "certification": false
      },
      {
        "name": "Healthy Families Workshop",
        "duration": "1 day",
        "format": "online",
        "intensity": "low",
        "focus_area": "Family Health",
        "budget": 120.0,
        "location": null,
        "availability": "Next event in May",
        "language": "English",
        "certification": true
      },
      {
        "name": "Corporate Wellness Program",
        "duration": "3 months",
        "format": "hybrid",
        "intensity": "medium",
        "focus_area": "Workplace Wellness",
        "budget": 5000.0,
        "location": "Company Premises",
        "availability": "Available upon request",
        "language": "English",
        "certification": true
      },
      {
        "name": "Mindfulness Retreat",
        "duration": "1 week",
        "format": "in-person",
        "intensity": "low",
        "focus_area": "Mental Health",
        "budget": 1500.0,
        "location": "Mountain Resort",
        "availability": "Available in July",
        "language": "English",
        "certification": true
      },
      {
        "name": "Advanced Pilates",
        "duration": "8 weeks",
        "format": "online",
        "intensity": "medium",
        "focus_area": "Physical Health",
        "budget": 250.0,
        "location": null,
        "availability": "Starts in February",
        "language": "English",
        "certification": true
      },
      {
        "name": "Cardio Kickboxing",
        "duration": "1 month",
        "format": "in-person",
        "intensity": "high",
        "focus_area": "Physical Fitness",
        "budget": 120.0,
        "location": "Fitness Studio",
        "availability": "Ongoing",
        "language": "English",
        "certification": false
      },
      {
        "name": "Yoga for Beginners",
        "duration": "6 weeks",
        "format": "online",
        "intensity": "medium",
        "focus_area": "Physical Health",
        "budget": 200.0,
        "location": null,
        "availability": "Starts in March",
        "language": "English",
        "certification": false
      },
      {
        "name": "Family Fitness Day",
        "duration": "1 day",
        "format": "in-person",
        "intensity": "medium",
        "focus_area": "Family Health",
        "budget": 100.0,
        "location": "City Park",
        "availability": "Next event in April",
        "language": "English",
        "certification": false
      },
      {
        "name": "Stress Management Workshop",
        "duration": "2 days",
        "format": "in-person",
        "intensity": "low",
        "focus_area": "Mental Health",
        "budget": 300.0,
        "location": "Local Library",
        "availability": "Next session in April",
        "language": "English",
        "certification": false
      },
      {
        "name": "Mindful Eating Workshop",
        "duration": "4 weeks",
        "format": "online",
        "intensity": "low",
        "focus_area": "Nutrition",
        "budget": 180.0,
        "location": null,
        "availability": "Starts in March",
        "language": "English",
        "certification": false
      },
      {
        "name": "Family Wellness Day",
        "duration": "1 day",
        "format": "in-person",
        "intensity": "low",
        "focus_area": "Family Health",
        "budget": 150.0,
        "location": "City Park",
        "availability": "Next event in May",
        "language": "English",
        "certification": false
      },
      {
        "name": "Nutrition Bootcamp",
        "duration": "3 months",
        "format": "hybrid",
        "intensity": "high",
        "focus_area": "Nutrition",
        "budget": 800.0,
        "location": "Community Center",
        "availability": "Ongoing",
        "language": "English",
        "certification": true
      },
      {
        "name": "Holistic Health Coaching",
        "duration": "6 months",
        "format": "hybrid",
        "intensity": "medium",
        "focus_area": "Overall Wellness",
        "budget": 1000.0,
        "location": "Virtual",
        "availability": "Available year-round",
        "language": "English",
        "certification": true
      }
    ],
    "goal": {
      "name": "Family Fitness Day",
      "duration": "1 day",
      "format": "in-person",
      "intensity": "medium",
      "focus_area": "Family Health",
      "budget": 100.0,
      "location": "City Park",
      "availability": "Next event in April",
      "language": "English",
      "certification": false
    },
    "status": "complete"
  },
  {
    "domain": "Tracking App",
    "turns": [
      [
        "Great! Now, I need your help finding a good Tracking App. Are you familiar with any health tracking apps?",
        {
          "name": null,
          "platform": null,
          "features": null,
          "budget": null,
          "compatibility": null,
          "user_reviews": null,
          "data_privacy": null,
          "user_interface": null,
          "customization_options": null,
          "integration_with_health_services": null,
          "offline_availability": null,
          "customer_support": null
        },
        "Yes, I know a few health tracking apps. What features are you looking for?"
      ],
      [
        "I'm looking for an app that offers calorie counting and exercise logging. Any suggestions?",
        {
          "name": null,
          "platform": null,
          "features": [
            "calorie counting",
            "exercise logging"
          ],
          "budget": null,
          "compatibility": null,
          "user_reviews": null,
          "data_privacy": null,
          "user_interface": null,
          "customization_options": null,
          "integration_with_health_services": null,
          "offline_availability": null,
          "customer_support": null
        },
        "Sure! Would you prefer a free, paid, or subscription-based app?"
      ],
      [
        "I'm looking for a subscription-based app. Do you have any recommendations?",
        {
          "name": null,
          "platform": null,
          "features": [
            "calorie counting",
            "exercise logging"
          ],
          "budget": "Subscription",
          "compatibility": null,
          "user_reviews": null,
          "data_privacy": null,
          "user_interface": null,
          "customization_options": null,
          "integration_with_health_services": null,
          "offline_availability": null,
          "customer_support": null
        },
        "Yes, \"Fitness Tracker\" and \"Calorie Tracker\" are both subscription-based apps that offer calorie counting and exercise logging."
      ],
      [
        "Thanks! Are those apps compatible with MyFitnessPal?",
        {
          "name": null,
          "platform": null,
          "features": [
            "calorie counting",
            "exercise logging"
          ],
          "budget": "Subscription",
          "compatibility": [
            "MyFitnessPal"
          ],
          "user_reviews": null,
          "data_privacy": null,
          "user_interface": null,
          "customization_options": null,
          "integration_with_health_services": null,
          "offline_availability": null,
          "customer_support": null
        },
        "Yes, both \"Fitness Tracker\" and \"Calorie Tracker\" are compatible with MyFitnessPal."
      ],
      [
        "Perfect! Do you know if they have advanced user interfaces?",
        {
          "name": null,
          "platform": null,
          "features": [
            "calorie counting",
            "exercise logging"
          ],
          "budget": "Subscription",
          "compatibility": [
            "MyFitnessPal"
          ],
          "user_reviews": null,
          "data_privacy": null,
          "user_interface": "Advanced",
          "customization_options": null,
          "integration_with_health_services": null,
          "offline_availability": null,
          "customer_support": null
        },
        "\"Fitness Tracker\" has an advanced user interface, while \"Calorie Tracker\" has a simple user interface."
      ],
      [
        "I\u2019ll go with \"Fitness Tracker\" then! Does it offer standard data privacy?",
        {
          "name": "Fitness Tracker",
          "platform": null,
          "features": [
            "calorie counting",
            "exercise logging"
          ],
          "budget": "Subscription",
          "compatibility": [
            "MyFitnessPal"
          ],
          "user_reviews": null,
          "data_privacy": "Standard",
          "user_interface": "Advanced",
          "customization_options": null,
          "integration_with_health_services": null,
          "offline_availability": null,
          "customer_support": null
        },
        "No, \"Fitness Tracker\" offers standard data privacy."
      ]
    ],
    "preferences_code": "```python\npreferences = TrackingAppCriteria(\n    name='Fitness Tracker',\n    platform='iOS',\n    features=['calorie counting', 'exercise logging'],\n    budget='Subscription',\n    compatibility=['MyFitnessPal'],\n    user_reviews='Any',\n    data_privacy='Standard',\n    user_interface='Advanced',\n    customization_options=False,\n    integration_with_health_services=False,\n    offline_availability=False,\n    customer_support='Basic',\n)\n```",
    "red_herrings_code": "```python\ntracking_app_examples = [\n    TrackingAppInfo(\n        name='Calorie Tracker',\n        platform='Web',\n        features=['calorie counting', 'meal planning'],\n        budget='Subscription',\n        compatibility=['MyFitnessPal'],\n        user_reviews='High rating only',\n        data_privacy='Standard',\n        user_interface='Simple',\n        customization_options=True,\n        integration_with_health_services=False,\n        offline_availability=False,\n        customer_support='Basic',\n    ),\n    TrackingAppInfo(\n        name='Nutrition Planner',\n        platform='Android',\n        features=['calorie counting', 'recipe suggestions'],\n        budget='Paid',\n        compatibility=['MyFitnessPal'],\n        user_reviews='High rating only',\n        data_privacy='Enhanced',\n        user_interface='Simple',\n        customization_options=True,\n        integration_with_health_services=True,\n        offline_availability=False,\n        customer_support='Premium',\n    ),\n    TrackingAppInfo(\n        name='Fitness Tracker',\n        platform='iOS',\n        features=['calorie counting', 'exercise logging'],\n        budget='Subscription',\n        compatibility=['MyFitnessPal'],\n        user_reviews='Any',\n        data_privacy='Standard',\n        user_interface='Advanced',\n        customization_options=False,\n        integration_with_health_services=False,\n        offline_availability=False,\n        customer_support='Basic',\n    )\n]\n```",
    "database_code": "```python\ntracking_apps: List[TrackingAppInfo] = [\n    TrackingAppInfo(\n        name=\"HealthTrack Pro\",\n        platform=\"iOS\",\n        features=[\"step tracking\", \"calorie counting\", \"sleep monitoring\"],\n        budget=\"Paid\",\n        compatibility=[\"Apple Watch\", \"Fitbit\"],\n        user_reviews=\"High rating only\",\n        data_privacy=\"Enhanced\",\n        user_interface=\"Advanced\",\n        customization_options=True,\n        integration_with_health_services=True,\n        offline_availability=False,\n        customer_support=\"Premium\"\n    ),\n    TrackingAppInfo(\n        name=\"FitLife\",\n        platform=\"Android\",\n        features=[\"step tracking\", \"water intake tracking\"],\n        budget=\"Free\",\n        compatibility=[\"Samsung Health\"],\n        user_reviews=\"Any\",\n        data_privacy=\"Standard\",\n        user_interface=\"Simple\",\n        customization_options=False,\n        integration_with_health_services=False,\n        offline_availability=True,\n        customer_support=\"Basic\"\n    ),\n    TrackingAppInfo(\n        name=\"Calorie Counter\",\n        platform=\"Web\",\n        features=[\"calorie counting\", \"recipe suggestions\"],\n        budget=\"Subscription\",\n        compatibility=[\"MyFitnessPal\"],\n        user_reviews=\"High rating only\",\n        data_privacy=\"Standard\",\n        user_interface=\"Simple\",\n        customization_options=True,\n        integration_with_health_services=False,\n        offline_availability=False,\n        customer_support=\"Basic\"\n    ),\n    TrackingAppInfo(\n        name=\"StepSync\",\n        platform=\"iOS\",\n        features=[\"step tracking\", \"social sharing\"],\n        budget=\"Free\",\n        compatibility=[\"Apple Health\"],\n        user_reviews=\"Any\",\n        data_privacy=\"Enhanced\",\n        user_interface=\"Simple\",\n        customization_options=False,\n        integration_with_health_services=True,\n        offline_availability=True,\n        customer_support=\"Basic\"\n    ),\n    TrackingAppInfo(\n        name=\"Wellness Tracker\",\n        platform=\"Android\",\n        features=[\"step tracking\", \"exercise logging\"],\n        budget=\"Paid\",\n        compatibility=[\"Garmin\"],\n        user_reviews=\"High rating only\",\n        data_privacy=\"Enhanced\",\n        user_interface=\"Advanced\",\n        customization_options=True,\n        integration_with_health_services=True,\n        offline_availability=False,\n        customer_support=\"Premium\"\n    ),\n    TrackingAppInfo(\n        name=\"Nutrition App\",\n        platform=\"Web\",\n        features=[\"meal planning\", \"calorie counting\"],\n        budget=\"Subscription\",\n        compatibility=[\"Fitbit\"],\n        user_reviews=\"Any\",\n        data_privacy=\"Standard\",\n        user_interface=\"Advanced\",\n        customization_options=False,\n        integration_with_health_services=True,\n        offline_availability=False,\n        customer_support=\"Basic\"\n    ),\n    TrackingAppInfo(\n        name=\"Run Tracker\",\n        platform=\"iOS\",\n        features=[\"run tracking\", \"route mapping\"],\n        budget=\"Free\",\n        compatibility=[\"Apple Watch\"],\n        user_reviews=\"High rating only\",\n        data_privacy=\"Enhanced\",\n        user_interface=\"Simple\",\n        customization_options=True,\n        integration_with_health_services=False,\n        offline_availability=True,\n        customer_support=\"Basic\"\n    ),\n    TrackingAppInfo(\n        name=\"Yoga Coach\",\n        platform=\"Android\",\n        features=[\"yoga tracking\", \"meditation guidance\"],\n        budget=\"Paid\",\n        compatibility=[\"Google Fit\"],\n        user_reviews=\"Any\",\n        data_privacy=\"Standard\",\n        user_interface=\"Simple\",\n        customization_options=False,\n        integration_with_health_services=True,\n        offline_availability=False,\n        customer_support=\"Premium\"\n    ),\n    TrackingAppInfo(\n        name=\"Sleep Tracker\",\n        platform=\"Web\",\n        features=[\"sleep analysis\", \"sleep tips\"],\n        budget=\"Free\",\n        compatibility=[\"Apple Health\"],\n        user_reviews=\"High rating only\",\n        data_privacy=\"Enhanced\",\n        user_interface=\"Advanced\",\n        customization_options=True,\n        integration_with_health_services=False,\n        offline_availability=False,\n        customer_support=\"Basic\"\n    ),\n    TrackingAppInfo(\n        name=\"Fitness Buddy\",\n        platform=\"iOS\",\n        features=[\"step tracking\", \"workout logging\"],\n        budget=\"Subscription\",\n        compatibility=[\"Fitbit\", \"Garmin\"],\n        user_reviews=\"Any\",\n        data_privacy=\"Standard\",\n        user_interface=\"Advanced\",\n        customization_options=True,\n        integration_with_health_services=True,\n        offline_availability=True,\n        customer_support=\"Premium\"\n    )\n]\n```",
    "database": [
      {
        "name": "Nutrition Planner",
        "platform": "Android",
        "features": [
          "calorie counting",
          "recipe suggestions"
        ],
        "budget": "Paid",
        "compatibility": [
          "MyFitnessPal"
        ],
        "user_reviews": "High rating only",
        "data_privacy": "Enhanced",
        "user_interface": "Simple",
        "customization_options": true,
        "integration_with_health_services": true,
        "offline_availability": false,
        "customer_support": "Premium"
      },
      {
        "name": "FitLife",
        "platform": "Android",
        "features": [
          "step tracking",
          "water intake tracking"
        ],
        "budget": "Free",
        "compatibility": [
          "Samsung Health"
        ],
        "user_reviews": "Any",
        "data_privacy": "Standard",
        "user_interface": "Simple",
        "customization_options": false,
        "integration_with_health_services": false,
        "offline_availability": true,
        "customer_support": "Basic"
      },
      {
        "name": "HealthTrack Pro",
        "platform": "iOS",
        "features": [
          "step tracking",
          "calorie counting",
          "sleep monitoring"
        ],
        "budget": "Paid",
        "compatibility": [
          "Apple Watch",
          "Fitbit"
        ],
        "user_reviews": "High rating only",
        "data_privacy": "Enhanced",
        "user_interface": "Advanced",
        "customization_options": true,
        "integration_with_health_services": true,
        "offline_availability": false,
        "customer_support": "Premium"
      },
      {
        "name": "Nutrition App",
        "platform": "Web",
        "features": [
          "meal planning",
          "calorie counting"
        ],
        "budget": "Subscription",
        "compatibility": [
          "Fitbit"
        ],
        "user_reviews": "Any",
        "data_privacy": "Standard",
        "user_interface": "Advanced",
        "customization_options": false,
        "integration_with_health_services": true,
        "offline_availability": false,
        "customer_support": "Basic"
      },
      {
        "name": "Sleep Tracker",
        "platform": "Web",
        "features": [
          "sleep analysis",
          "sleep tips"
        ],
        "budget": "Free",
        "compatibility": [
          "Apple Health"
        ],
        "user_reviews": "High rating only",
        "data_privacy": "Enhanced",
        "user_interface": "Advanced",
        "customization_options": true,
        "integration_with_health_services": false,
        "offline_availability": false,
        "customer_support": "Basic"
      },
      {
        "name": "Calorie Counter",
        "platform": "Web",
        "features": [
          "calorie counting",
          "recipe suggestions"
        ],
        "budget": "Subscription",
        "compatibility": [
          "MyFitnessPal"
        ],
        "user_reviews": "High rating only",
        "data_privacy": "Standard",
        "user_interface": "Simple",
        "customization_options": true,
        "integration_with_health_services": false,
        "offline_availability": false,
        "customer_support": "Basic"
      },
      {
        "name": "Run Tracker",
        "platform": "iOS",
        "features": [
          "run tracking",
          "route mapping"
        ],
        "budget": "Free",
        "compatibility": [
          "Apple Watch"
        ],
        "user_reviews": "High rating only",
        "data_privacy": "Enhanced",
        "user_interface": "Simple",
        "customization_options": true,
        "integration_with_health_services": false,
        "offline_availability": true,
        "customer_support": "Basic"
      },
      {
        "name": "Fitness Tracker",
        "platform": "iOS",
        "features": [
          "calorie counting",
          "exercise logging"
        ],
        "budget": "Subscription",
        "compatibility": [
          "MyFitnessPal"
        ],
        "user_reviews": "Any",
        "data_privacy": "Standard",
        "user_interface": "Advanced",
        "customization_options": false,
        "integration_with_health_services": false,
        "offline_availability": false,
        "customer_support": "Basic"
      },
      {
        "name": "Fitness Buddy",
        "platform": "iOS",
        "features": [
          "step tracking",
          "workout logging"
        ],
        "budget": "Subscription",
        "compatibility": [
          "Fitbit",
          "Garmin"
        ],
        "user_reviews": "Any",
        "data_privacy": "Standard",
        "user_interface": "Advanced",
        "customization_options": true,
        "integration_with_health_services": true,
        "offline_availability": true,
        "customer_support": "Premium"
      },
      {
        "name": "StepSync",
        "platform": "iOS",
        "features": [
          "step tracking",
          "social sharing"
        ],
        "budget": "Free",
        "compatibility": [
          "Apple Health"
        ],
        "user_reviews": "Any",
        "data_privacy": "Enhanced",
        "user_interface": "Simple",
        "customization_options": false,
        "integration_with_health_services": true,
        "offline_availability": true,
        "customer_support": "Basic"
      },
      {
        "name": "Wellness Tracker",
        "platform": "Android",
        "features": [
          "step tracking",
          "exercise logging"
        ],
        "budget": "Paid",
        "compatibility": [
          "Garmin"
        ],
        "user_reviews": "High rating only",
        "data_privacy": "Enhanced",
        "user_interface": "Advanced",
        "customization_options": true,
        "integration_with_health_services": true,
        "offline_availability": false,
        "customer_support": "Premium"
      },
      {
        "name": "Calorie Tracker",
        "platform": "Web",
        "features": [
          "calorie counting",
          "meal planning"
        ],
        "budget": "Subscription",
        "compatibility": [
          "MyFitnessPal"
        ],
        "user_reviews": "High rating only",
        "data_privacy": "Standard",
        "user_interface": "Simple",
        "customization_options": true,
        "integration_with_health_services": false,
        "offline_availability": false,
        "customer_support": "Basic"
      },
      {
        "name": "Yoga Coach",
        "platform": "Android",
        "features": [
          "yoga tracking",
          "meditation guidance"
        ],
        "budget": "Paid",
        "compatibility": [
          "Google Fit"
        ],
        "user_reviews": "Any",
        "data_privacy": "Standard",
        "user_interface": "Simple",
        "customization_options": false,
        "integration_with_health_services": true,
        "offline_availability": false,
        "customer_support": "Premium"
      }
    ],
    "goal": {
      "name": "Fitness Tracker",
      "platform": "iOS",
      "features": [
        "calorie counting",
        "exercise logging"
      ],
      "budget": "Subscription",
      "compatibility": [
        "MyFitnessPal"
      ],
      "user_reviews": "Any",
      "data_privacy": "Standard",
      "user_interface": "Advanced",
      "customization_options": false,
      "integration_with_health_services": false,
      "offline_availability": false,
      "customer_support": "Basic"
    },
    "status": "complete"
  },
  {
    "domain": "Meal-Prepping Techniques",
    "turns": [
      [
        "Thanks for that! Now, shifting gears, what do you think about meal-prepping techniques? Any favorites?",
        {
          "name": null,
          "cuisine": null,
          "time_required": null,
          "difficulty_level": null,
          "dietary_restrictions": null,
          "batch_size": null,
          "cost_level": null,
          "seasonal": null
        },
        "I really like batch cooking for its efficiency! What about you?"
      ],
      [
        "I love batch cooking too! It\u2019s perfect for meal prepping. How do you feel about Asian cuisine for your next batch cooking session?",
        {
          "name": null,
          "cuisine": "Asian",
          "time_required": null,
          "difficulty_level": null,
          "dietary_restrictions": null,
          "batch_size": null,
          "cost_level": null,
          "seasonal": null
        },
        "Asian cuisine sounds great! Do you have any specific techniques in mind?"
      ],
      [
        "I\u2019m thinking about stir-frying and steaming; they\u2019re quick and easy! What do you think?",
        {
          "name": null,
          "cuisine": "Asian",
          "time_required": null,
          "difficulty_level": null,
          "dietary_restrictions": null,
          "batch_size": null,
          "cost_level": null,
          "seasonal": null
        },
        "Those are excellent choices! Stir-frying is super quick, and steaming keeps the nutrients intact."
      ]
    ],
    "preferences_code": "```python\npreferences = MealPreppingCriteria(\n    name=None,\n    cuisine='Asian',\n    time_required=30,\n    difficulty_level='easy',\n    dietary_restrictions='none',\n    batch_size=4,\n    cost_level='medium',\n    seasonal=True,\n)\n```",
    "red_herrings_code": "```python\n# Global variable to represent a list of Meal-Prepping Techniques examples\nmeal_prepping_techniques = [\n    MealPreppingTechnique(\n        name='Stir-Fry Prep',\n        cuisine='Asian',\n        time_required=30,\n        difficulty_level='easy',\n        dietary_restrictions='none',\n        batch_size=4,\n        cost_level='medium',\n        seasonal=True,\n    ),\n    MealPreppingTechnique(\n        name='Vegetable Stir-Fry',\n        cuisine='Asian',\n        time_required=45,\n        difficulty_level='moderate',\n        dietary_restrictions='vegan',\n        batch_size=4,\n        cost_level='medium',\n        seasonal=False,\n    ),\n    MealPreppingTechnique(\n        name='Quick Stir-Fry',\n        cuisine='Asian',\n        time_required=20,\n        difficulty_level='easy',\n        dietary_restrictions='none',\n        batch_size=2,\n        cost_level='low',\n        seasonal=True,\n    )\n]\n```",
    "database_code": "```python\n# Global variable to hold a list of MealPreppingTechnique examples\nmeal_prepping_techniques = [\n    MealPreppingTechnique(\n        name=\"Batch Cooking\",\n        cuisine=\"Mediterranean\",\n        time_required=120,\n        difficulty_level='moderate',\n        dietary_restrictions='none',\n        batch_size=10,\n        cost_level='medium',\n        seasonal=True\n    ),\n    MealPreppingTechnique(\n        name=\"Freezer Meals\",\n        cuisine=\"American\",\n        time_required=90,\n        difficulty_level='easy',\n        dietary_restrictions='none',\n        batch_size=8,\n        cost_level='low',\n        seasonal=False\n    ),\n    MealPreppingTechnique(\n        name=\"One-Pot Meals\",\n        cuisine=\"Italian\",\n        time_required=60,\n        difficulty_level='easy',\n        dietary_restrictions='vegetarian',\n        batch_size=6,\n        cost_level='medium',\n        seasonal=True\n    ),\n    MealPreppingTechnique(\n        name=\"Slow Cooker Meals\",\n        cuisine=\"Mexican\",\n        time_required=300,\n        difficulty_level='easy',\n        dietary_restrictions='gluten-free',\n        batch_size=4,\n        cost_level='medium',\n        seasonal=False\n    ),\n    MealPreppingTechnique(\n        name=\"Grill and Chill\",\n        cuisine=\"Barbecue\",\n        time_required=180,\n        difficulty_level='advanced',\n        dietary_restrictions='none',\n        batch_size=12,\n        cost_level='high',\n        seasonal=True\n    ),\n    MealPreppingTechnique(\n        name=\"Salad Jars\",\n        cuisine=\"Healthy\",\n        time_required=30,\n        difficulty_level='easy',\n        dietary_restrictions='vegan',\n        batch_size=5,\n        cost_level='low',\n        seasonal=False\n    ),\n    MealPreppingTechnique(\n        name=\"Stir-Fry Prep\",\n        cuisine=\"Asian\",\n        time_required=45,\n        difficulty_level='moderate',\n        dietary_restrictions='none',\n        batch_size=4,\n        cost_level='medium',\n        seasonal=True\n    ),\n    MealPreppingTechnique(\n        name=\"Overnight Oats\",\n        cuisine=\"Breakfast\",\n        time_required=15,\n        difficulty_level='easy',\n        dietary_restrictions='vegan',\n        batch_size=7,\n        cost_level='low',\n        seasonal=False\n    ),\n    MealPreppingTechnique(\n        name=\"Casserole Dishes\",\n        cuisine=\"Comfort Food\",\n        time_required=90,\n        difficulty_level='moderate',\n        dietary_restrictions='none',\n        batch_size=6,\n        cost_level='medium',\n        seasonal=False\n    ),\n    MealPreppingTechnique(\n        name=\"Smoothie Packs\",\n        cuisine=\"Healthy\",\n        time_required=20,\n        difficulty_level='easy',\n        dietary_restrictions='vegan',\n        batch_size=5,\n        cost_level='low',\n        seasonal=False\n    )\n]\n```",
    "database": [
      {
        "name": "Batch Cooking",
        "cuisine": "Mediterranean",
        "time_required": 120,
        "difficulty_level": "moderate",
        "dietary_restrictions": "none",
        "batch_size": 10,
        "cost_level": "medium",
        "seasonal": true
      },
      {
        "name": "One-Pot Meals",
        "cuisine": "Italian",
        "time_required": 60,
        "difficulty_level": "easy",
        "dietary_restrictions": "vegetarian",
        "batch_size": 6,
        "cost_level": "medium",
        "seasonal": true
      },
      {
        "name": "Vegetable Stir-Fry",
        "cuisine": "Asian",
        "time_required": 45,
        "difficulty_level": "moderate",
        "dietary_restrictions": "vegan",
        "batch_size": 4,
        "cost_level": "medium",
        "seasonal": false
      },
      {
        "name": "Overnight Oats",
        "cuisine": "Breakfast",
        "time_required": 15,
        "difficulty_level": "easy",
        "dietary_restrictions": "vegan",
        "batch_size": 7,
        "cost_level": "low",
        "seasonal": false
      },
      {
        "name": "Grill and Chill",
        "cuisine": "Barbecue",
        "time_required": 180,
        "difficulty_level": "advanced",
        "dietary_restrictions": "none",
        "batch_size": 12,
        "cost_level": "high",
        "seasonal": true
      },
      {
        "name": "Freezer Meals",
        "cuisine": "American",
        "time_required": 90,
        "difficulty_level": "easy",
        "dietary_restrictions": "none",
        "batch_size": 8,
        "cost_level": "low",
        "seasonal": false
      },
      {
        "name": "Stir-Fry Prep",
        "cuisine": "Asian",
        "time_required": 30,
        "difficulty_level": "easy",
        "dietary_restrictions": "none",
        "batch_size": 4,
        "cost_level": "medium",
        "seasonal": true
      },
      {
        "name": "Smoothie Packs",
        "cuisine": "Healthy",
        "time_required": 20,
        "difficulty_level": "easy",
        "dietary_restrictions": "vegan",
        "batch_size": 5,
        "cost_level": "low",
        "seasonal": false
      },
      {
        "name": "Slow Cooker Meals",
        "cuisine": "Mexican",
        "time_required": 300,
        "difficulty_level": "easy",
        "dietary_restrictions": "gluten-free",
        "batch_size": 4,
        "cost_level": "medium",
        "seasonal": false
      },
      {
        "name": "Casserole Dishes",
        "cuisine": "Comfort Food",
        "time_required": 90,
        "difficulty_level": "moderate",
        "dietary_restrictions": "none",
        "batch_size": 6,
        "cost_level": "medium",
        "seasonal": false
      },
      {
        "name": "Stir-Fry Prep",
        "cuisine": "Asian",
        "time_required": 45,
        "difficulty_level": "moderate",
        "dietary_restrictions": "none",
        "batch_size": 4,
        "cost_level": "medium",
        "seasonal": true
      },
      {
        "name": "Quick Stir-Fry",
        "cuisine": "Asian",
        "time_required": 20,
        "difficulty_level": "easy",
        "dietary_restrictions": "none",
        "batch_size": 2,
        "cost_level": "low",
        "seasonal": true
      },
      {
        "name": "Salad Jars",
        "cuisine": "Healthy",
        "time_required": 30,
        "difficulty_level": "easy",
        "dietary_restrictions": "vegan",
        "batch_size": 5,
        "cost_level": "low",
        "seasonal": false
      }
    ],
    "goal": {
      "name": "Stir-Fry Prep",
      "cuisine": "Asian",
      "time_required": 30,
      "difficulty_level": "easy",
      "dietary_restrictions": "none",
      "batch_size": 4,
      "cost_level": "medium",
      "seasonal": true
    },
    "status": "complete"
  }
]