[
  {
    "searcher": "Movie Producer",
    "recommender": "Writer",
    "dialogue": "A Movie Producer is getting help from a Writer to find the right Screenplay",
    "item_type": "Screenplay",
    "criteria": [
      "Genre",
      "Length"
    ],
    "searcher_schema_code": "```python\nfrom dataclasses import dataclass\nfrom typing import Optional, Literal\n\n@dataclass\nclass ScreenplayCriteria:\n    \"\"\"\n    Dataclass to represent the criteria and preferences for selecting a Screenplay.\n    \"\"\"\n    \n    name: Optional[str] = None\n    \"\"\"Optional[str]: The specific name of the Screenplay if the Movie Producer is looking for a particular one.\"\"\"\n    \n    genre: Optional[Literal['Drama', 'Comedy', 'Action', 'Thriller', 'Horror', 'Romance', 'Sci-Fi', 'Fantasy']] = None\n    \"\"\"Optional[Literal]: The genre of the Screenplay. Can be one of the predetermined set of genres.\"\"\"\n    \n    length: Optional[int] = None\n    \"\"\"Optional[int]: The length of the Screenplay in terms of number of pages or minutes, depending on the context.\"\"\"\n    \n    mood: Optional[Literal['Uplifting', 'Dark', 'Suspenseful', 'Romantic', 'Emotional']] = None\n    \"\"\"Optional[Literal]: The overall mood or tone that the Movie Producer is aiming for in the Screenplay.\"\"\"\n    \n    budget: Optional[str] = None\n    \"\"\"Optional[str]: An indication of the budget constraints or range for producing the Screenplay.\"\"\"\n    \n    target_audience: Optional[Literal['Children', 'Teens', 'Adults', 'Family']] = None\n    \"\"\"Optional[Literal]: The intended target audience for the Screenplay.\"\"\"\n    \n    setting: Optional[str] = None\n    \"\"\"Optional[str]: The setting or location where the Screenplay is intended to take place.\"\"\"\n    \n    time_period: Optional[str] = None\n    \"\"\"Optional[str]: The historical or futuristic period in which the Screenplay is set.\"\"\"\n    \n    themes: Optional[str] = None\n    \"\"\"Optional[str]: Key themes or messages that the Movie Producer is interested in exploring in the Screenplay.\"\"\"\n```\n",
    "recommender_schema_code": "```python\nfrom dataclasses import dataclass\nfrom typing import Optional, Literal\n\n@dataclass\nclass Screenplay:\n    \"\"\"\n    Dataclass to represent the Writer's knowledge of a Screenplay.\n    \"\"\"\n\n    name: Optional[str] = None\n    \"\"\"Optional[str]: The specific name of the Screenplay.\"\"\"\n\n    genre: Optional[Literal['Drama', 'Comedy', 'Action', 'Thriller', 'Horror', 'Romance', 'Sci-Fi', 'Fantasy']] = None\n    \"\"\"Optional[Literal]: The genre of the Screenplay.\"\"\"\n\n    length: Optional[int] = None\n    \"\"\"Optional[int]: The length of the Screenplay in terms of number of pages or minutes, depending on the context.\"\"\"\n\n    mood: Optional[Literal['Uplifting', 'Dark', 'Suspenseful', 'Romantic', 'Emotional']] = None\n    \"\"\"Optional[Literal]: The overall mood or tone of the Screenplay.\"\"\"\n\n    budget: Optional[str] = None\n    \"\"\"Optional[str]: The budget constraints or range for producing the Screenplay.\"\"\"\n\n    target_audience: Optional[Literal['Children', 'Teens', 'Adults', 'Family']] = None\n    \"\"\"Optional[Literal]: The intended target audience for the Screenplay.\"\"\"\n\n    setting: Optional[str] = None\n    \"\"\"Optional[str]: The setting or location where the Screenplay takes place.\"\"\"\n\n    time_period: Optional[str] = None\n    \"\"\"Optional[str]: The historical or futuristic period in which the Screenplay is set.\"\"\"\n\n    themes: Optional[str] = None\n    \"\"\"Optional[str]: Key themes or messages explored in the Screenplay.\"\"\"\n\n    def matches_criteria(self, criteria: ScreenplayCriteria) -> bool:\n        \"\"\"\n        Determines if this Screenplay matches the given search criteria.\n\n        Args:\n            criteria (ScreenplayCriteria): The criteria object containing search parameters.\n\n        Returns:\n            bool: True if the Screenplay matches the criteria; False otherwise.\n        \"\"\"\n        if criteria.name and self.name != criteria.name:\n            return False\n        if criteria.genre and self.genre != criteria.genre:\n            return False\n        if criteria.length and self.length != criteria.length:\n            return False\n        if criteria.mood and self.mood != criteria.mood:\n            return False\n        if criteria.budget and self.budget != criteria.budget:\n            return False\n        if criteria.target_audience and self.target_audience != criteria.target_audience:\n            return False\n        if criteria.setting and self.setting != criteria.setting:\n            return False\n        if criteria.time_period and self.time_period != criteria.time_period:\n            return False\n        if criteria.themes and self.themes != criteria.themes:\n            return False\n        \n        return True\n```",
    "searcher_schema": {
      "name": {
        "type": "typing.Optional[str]",
        "desc": ""
      },
      "genre": {
        "type": "typing.Optional[typing.Literal['Drama', 'Comedy', 'Action', 'Thriller', 'Horror', 'Romance', 'Sci-Fi', 'Fantasy']]",
        "desc": "Optional[str]: The specific name of the Screenplay if the Movie Producer is looking for a particular one."
      },
      "length": {
        "type": "typing.Optional[int]",
        "desc": "Optional[Literal]: The genre of the Screenplay. Can be one of the predetermined set of genres."
      },
      "mood": {
        "type": "typing.Optional[typing.Literal['Uplifting', 'Dark', 'Suspenseful', 'Romantic', 'Emotional']]",
        "desc": "Optional[int]: The length of the Screenplay in terms of number of pages or minutes, depending on the context."
      },
      "budget": {
        "type": "typing.Optional[str]",
        "desc": "Optional[Literal]: The overall mood or tone that the Movie Producer is aiming for in the Screenplay."
      },
      "target_audience": {
        "type": "typing.Optional[typing.Literal['Children', 'Teens', 'Adults', 'Family']]",
        "desc": "Optional[str]: An indication of the budget constraints or range for producing the Screenplay."
      },
      "setting": {
        "type": "typing.Optional[str]",
        "desc": "Optional[Literal]: The intended target audience for the Screenplay."
      },
      "time_period": {
        "type": "typing.Optional[str]",
        "desc": "Optional[str]: The setting or location where the Screenplay is intended to take place."
      },
      "themes": {
        "type": "typing.Optional[str]",
        "desc": "Optional[str]: The historical or futuristic period in which the Screenplay is set."
      }
    },
    "recommender_schema": {
      "name": {
        "type": "typing.Optional[str]",
        "desc": ""
      },
      "genre": {
        "type": "typing.Optional[typing.Literal['Drama', 'Comedy', 'Action', 'Thriller', 'Horror', 'Romance', 'Sci-Fi', 'Fantasy']]",
        "desc": "Optional[str]: The specific name of the Screenplay."
      },
      "length": {
        "type": "typing.Optional[int]",
        "desc": "Optional[Literal]: The genre of the Screenplay."
      },
      "mood": {
        "type": "typing.Optional[typing.Literal['Uplifting', 'Dark', 'Suspenseful', 'Romantic', 'Emotional']]",
        "desc": "Optional[int]: The length of the Screenplay in terms of number of pages or minutes, depending on the context."
      },
      "budget": {
        "type": "typing.Optional[str]",
        "desc": "Optional[Literal]: The overall mood or tone of the Screenplay."
      },
      "target_audience": {
        "type": "typing.Optional[typing.Literal['Children', 'Teens', 'Adults', 'Family']]",
        "desc": "Optional[str]: The budget constraints or range for producing the Screenplay."
      },
      "setting": {
        "type": "typing.Optional[str]",
        "desc": "Optional[Literal]: The intended target audience for the Screenplay."
      },
      "time_period": {
        "type": "typing.Optional[str]",
        "desc": "Optional[str]: The setting or location where the Screenplay takes place."
      },
      "themes": {
        "type": "typing.Optional[str]",
        "desc": "Optional[str]: The historical or futuristic period in which the Screenplay is set."
      }
    }
  },
  {
    "searcher": "Movie Producer",
    "recommender": "Writer",
    "dialogue": "A Movie Producer is getting help from a Writer to find the right Actors",
    "item_type": "Actors",
    "criteria": [
      "Age",
      "Experience"
    ],
    "searcher_schema_code": "```python\nfrom dataclasses import dataclass\nfrom typing import Optional, Literal\n\n@dataclass\nclass ActorSearchCriteria:\n    \"\"\"Dataclass representing the criteria and preferences for finding actors.\"\"\"\n\n    name: Optional[str] = None\n    \"\"\"The name of the actor, if searching for a specific individual.\"\"\"\n\n    min_age: Optional[int] = None\n    \"\"\"The minimum age of the actor.\"\"\"\n\n    max_age: Optional[int] = None\n    \"\"\"The maximum age of the actor.\"\"\"\n\n    min_experience: Optional[int] = None\n    \"\"\"The minimum number of years of experience the actor should have.\"\"\"\n\n    gender: Optional[Literal['male', 'female', 'non-binary', 'any']] = None\n    \"\"\"The gender preference for the actor. Can be 'male', 'female', 'non-binary', or 'any'.\"\"\"\n\n    language: Optional[str] = None\n    \"\"\"The preferred language the actor should be fluent in.\"\"\"\n\n    has_awards: Optional[bool] = None\n    \"\"\"Indicates whether the actor should have received awards. True for requiring awards, False for no requirement.\"\"\"\n\n    union_member: Optional[bool] = None\n    \"\"\"Indicates whether the actor should be a member of any actor's union. True for required membership, False for no preference.\"\"\"\n\n    willing_to_travel: Optional[bool] = None\n    \"\"\"Indicates if the actor should be willing to travel for the role. True for requirement, False for no preference.\"\"\"\n```",
    "recommender_schema_code": "```python\nfrom dataclasses import dataclass\nfrom typing import Optional, Literal\n\n@dataclass\nclass Actor:\n    \"\"\"Dataclass representing an actor's attributes and knowledge of the writer.\"\"\"\n\n    name: Optional[str] = None\n    \"\"\"The name of the actor.\"\"\"\n\n    age: Optional[int] = None\n    \"\"\"The age of the actor.\"\"\"\n\n    experience: Optional[int] = None\n    \"\"\"The number of years of experience the actor has.\"\"\"\n\n    gender: Optional[Literal['male', 'female', 'non-binary']] = None\n    \"\"\"The gender of the actor.\"\"\"\n\n    language: Optional[str] = None\n    \"\"\"The language the actor is fluent in.\"\"\"\n\n    has_awards: Optional[bool] = None\n    \"\"\"Indicates whether the actor has received any awards.\"\"\"\n\n    union_member: Optional[bool] = None\n    \"\"\"Indicates whether the actor is a member of any actor's union.\"\"\"\n\n    willing_to_travel: Optional[bool] = None\n    \"\"\"Indicates if the actor is willing to travel for roles.\"\"\"\n\n    def matches_criteria(self, criteria: ActorSearchCriteria) -> bool:\n        \"\"\"Determines if the actor matches the given search criteria.\"\"\"\n        \n        if criteria.name and self.name != criteria.name:\n            return False\n        if criteria.min_age is not None and (self.age is None or self.age < criteria.min_age):\n            return False\n        if criteria.max_age is not None and (self.age is None or self.age > criteria.max_age):\n            return False\n        if criteria.min_experience is not None and (self.experience is None or self.experience < criteria.min_experience):\n            return False\n        if criteria.gender and criteria.gender != 'any' and self.gender != criteria.gender:\n            return False\n        if criteria.language and self.language != criteria.language:\n            return False\n        if criteria.has_awards is not None and self.has_awards != criteria.has_awards:\n            return False\n        if criteria.union_member is not None and self.union_member != criteria.union_member:\n            return False\n        if criteria.willing_to_travel is not None and self.willing_to_travel != criteria.willing_to_travel:\n            return False\n\n        return True\n```",
    "searcher_schema": {
      "name": {
        "type": "typing.Optional[str]",
        "desc": "The name of the actor, if searching for a specific individual."
      },
      "min_age": {
        "type": "typing.Optional[int]",
        "desc": "The minimum age of the actor."
      },
      "max_age": {
        "type": "typing.Optional[int]",
        "desc": "The maximum age of the actor."
      },
      "min_experience": {
        "type": "typing.Optional[int]",
        "desc": "The minimum number of years of experience the actor should have."
      },
      "gender": {
        "type": "typing.Optional[typing.Literal['male', 'female', 'non-binary', 'any']]",
        "desc": "The gender preference for the actor. Can be 'male', 'female', 'non-binary', or 'any'."
      },
      "language": {
        "type": "typing.Optional[str]",
        "desc": "The preferred language the actor should be fluent in."
      },
      "has_awards": {
        "type": "typing.Optional[bool]",
        "desc": "Indicates whether the actor should have received awards. True for requiring awards, False for no requirement."
      },
      "union_member": {
        "type": "typing.Optional[bool]",
        "desc": "Indicates whether the actor should be a member of any actor's union. True for required membership, False for no preference."
      },
      "willing_to_travel": {
        "type": "typing.Optional[bool]",
        "desc": "Indicates if the actor should be willing to travel for the role. True for requirement, False for no preference."
      }
    },
    "recommender_schema": {
      "name": {
        "type": "typing.Optional[str]",
        "desc": "The name of the actor."
      },
      "age": {
        "type": "typing.Optional[int]",
        "desc": "The age of the actor."
      },
      "experience": {
        "type": "typing.Optional[int]",
        "desc": "The number of years of experience the actor has."
      },
      "gender": {
        "type": "typing.Optional[typing.Literal['male', 'female', 'non-binary']]",
        "desc": "The gender of the actor."
      },
      "language": {
        "type": "typing.Optional[str]",
        "desc": "The language the actor is fluent in."
      },
      "has_awards": {
        "type": "typing.Optional[bool]",
        "desc": "Indicates whether the actor has received any awards."
      },
      "union_member": {
        "type": "typing.Optional[bool]",
        "desc": "Indicates whether the actor is a member of any actor's union."
      },
      "willing_to_travel": {
        "type": "typing.Optional[bool]",
        "desc": "Indicates if the actor is willing to travel for roles."
      }
    }
  },
  {
    "searcher": "Movie Producer",
    "recommender": "Writer",
    "dialogue": "A Movie Producer is getting help from a Writer to find the right Locations",
    "item_type": "Locations",
    "criteria": [
      "Type",
      "Budget"
    ],
    "searcher_schema_code": "```python\nfrom dataclasses import dataclass\nfrom typing import Optional, Literal\n\n@dataclass\nclass LocationCriteria:\n    \"\"\"\n    A data class representing the criteria and preferences for finding a movie location.\n    \"\"\"\n    \n    name: Optional[str] = None\n    \"\"\"The specific name of the location if the Movie Producer is targeting a known venue.\"\"\"\n    \n    location_type: Optional[Literal['urban', 'rural', 'suburban', 'industrial', 'natural']] = None\n    \"\"\"The type of location desired, such as urban, rural, suburban, industrial, or natural.\"\"\"\n    \n    budget: Optional[float] = None\n    \"\"\"Budget allocated for the location, expressed in monetary units.\"\"\"\n    \n    accessibility: Optional[Literal['easy', 'moderate', 'difficult']] = None\n    \"\"\"The desired level of accessibility for the location, categorized as easy, moderate, or difficult.\"\"\"\n    \n    climate: Optional[Literal['tropical', 'dry', 'temperate', 'continental', 'polar']] = None\n    \"\"\"The preferred climate of the location, with options such as tropical, dry, temperate, continental, or polar.\"\"\"\n    \n    size: Optional[str] = None\n    \"\"\"A textual description or specific requirement for the size of the location.\"\"\"\n    \n    amenities: Optional[str] = None\n    \"\"\"A description of any specific amenities required at the location.\"\"\"\n    \n    permits_required: Optional[bool] = None\n    \"\"\"A flag indicating whether special permits are needed to film at the location.\"\"\"\n    \n    proximity_to_accommodations: Optional[int] = None\n    \"\"\"The desired maximum distance, in kilometers, from the location to accommodations for the crew and cast.\"\"\"\n    \n    scenic_view: Optional[bool] = None\n    \"\"\"A flag indicating whether a scenic view is a necessary feature of the location.\"\"\"\n    \n    security_level: Optional[Literal['low', 'medium', 'high']] = None\n    \"\"\"The required security level at the location, defined as low, medium, or high.\"\"\"\n```\n",
    "recommender_schema_code": "```python\nfrom dataclasses import dataclass\nfrom typing import Optional, Literal\n\n@dataclass\nclass LocationKnowledge:\n    \"\"\"\n    A data class representing the Writer's knowledge of a potential filming location.\n    \"\"\"\n\n    name: Optional[str] = None\n    \"\"\"The known name of the location.\"\"\"\n\n    location_type: Optional[Literal['urban', 'rural', 'suburban', 'industrial', 'natural']] = None\n    \"\"\"The type of the location, such as urban, rural, suburban, industrial, or natural.\"\"\"\n\n    budget: Optional[float] = None\n    \"\"\"Estimated budget required for using the location, expressed in monetary units.\"\"\"\n\n    accessibility: Optional[Literal['easy', 'moderate', 'difficult']] = None\n    \"\"\"The actual level of accessibility of the location.\"\"\"\n\n    climate: Optional[Literal['tropical', 'dry', 'temperate', 'continental', 'polar']] = None\n    \"\"\"The climate of the location.\"\"\"\n\n    size: Optional[str] = None\n    \"\"\"A description or characteristic of the size of the location.\"\"\"\n\n    amenities: Optional[str] = None\n    \"\"\"Descriptions of amenities available at the location.\"\"\"\n\n    permits_required: Optional[bool] = None\n    \"\"\"Indicates if special permits are needed to film at the location.\"\"\"\n\n    proximity_to_accommodations: Optional[int] = None\n    \"\"\"The distance, in kilometers, from the location to nearby accommodations.\"\"\"\n\n    scenic_view: Optional[bool] = None\n    \"\"\"Indicates if the location provides a scenic view.\"\"\"\n\n    security_level: Optional[Literal['low', 'medium', 'high']] = None\n    \"\"\"The security level present at the location.\"\"\"\n\n    def matches_criteria(self, criteria: LocationCriteria) -> bool:\n        \"\"\"\n        Determines if the location matches the provided search criteria.\n\n        Args:\n            criteria (LocationCriteria): The search criteria to match against.\n\n        Returns:\n            bool: True if the location matches the criteria, False otherwise.\n        \"\"\"\n        if criteria.name is not None and self.name != criteria.name:\n            return False\n        if criteria.location_type is not None and self.location_type != criteria.location_type:\n            return False\n        if criteria.budget is not None and (self.budget is None or self.budget > criteria.budget):\n            return False\n        if criteria.accessibility is not None and self.accessibility != criteria.accessibility:\n            return False\n        if criteria.climate is not None and self.climate != criteria.climate:\n            return False\n        if criteria.size is not None and self.size != criteria.size:\n            return False\n        if criteria.amenities is not None and self.amenities != criteria.amenities:\n            return False\n        if criteria.permits_required is not None and self.permits_required != criteria.permits_required:\n            return False\n        if criteria.proximity_to_accommodations is not None and (self.proximity_to_accommodations is None or self.proximity_to_accommodations > criteria.proximity_to_accommodations):\n            return False\n        if criteria.scenic_view is not None and self.scenic_view != criteria.scenic_view:\n            return False\n        if criteria.security_level is not None and self.security_level != criteria.security_level:\n            return False\n        return True\n```",
    "searcher_schema": {
      "name": {
        "type": "typing.Optional[str]",
        "desc": ""
      },
      "location_type": {
        "type": "typing.Optional[typing.Literal['urban', 'rural', 'suburban', 'industrial', 'natural']]",
        "desc": "The specific name of the location if the Movie Producer is targeting a known venue."
      },
      "budget": {
        "type": "typing.Optional[float]",
        "desc": "The type of location desired, such as urban, rural, suburban, industrial, or natural."
      },
      "accessibility": {
        "type": "typing.Optional[typing.Literal['easy', 'moderate', 'difficult']]",
        "desc": "Budget allocated for the location, expressed in monetary units."
      },
      "climate": {
        "type": "typing.Optional[typing.Literal['tropical', 'dry', 'temperate', 'continental', 'polar']]",
        "desc": "The desired level of accessibility for the location, categorized as easy, moderate, or difficult."
      },
      "size": {
        "type": "typing.Optional[str]",
        "desc": "The preferred climate of the location, with options such as tropical, dry, temperate, continental, or polar."
      },
      "amenities": {
        "type": "typing.Optional[str]",
        "desc": "A textual description or specific requirement for the size of the location."
      },
      "permits_required": {
        "type": "typing.Optional[bool]",
        "desc": "A description of any specific amenities required at the location."
      },
      "proximity_to_accommodations": {
        "type": "typing.Optional[int]",
        "desc": "A flag indicating whether special permits are needed to film at the location."
      },
      "scenic_view": {
        "type": "typing.Optional[bool]",
        "desc": "The desired maximum distance, in kilometers, from the location to accommodations for the crew and cast."
      },
      "security_level": {
        "type": "typing.Optional[typing.Literal['low', 'medium', 'high']]",
        "desc": "A flag indicating whether a scenic view is a necessary feature of the location."
      }
    },
    "recommender_schema": {
      "name": {
        "type": "typing.Optional[str]",
        "desc": ""
      },
      "location_type": {
        "type": "typing.Optional[typing.Literal['urban', 'rural', 'suburban', 'industrial', 'natural']]",
        "desc": "The known name of the location."
      },
      "budget": {
        "type": "typing.Optional[float]",
        "desc": "The type of the location, such as urban, rural, suburban, industrial, or natural."
      },
      "accessibility": {
        "type": "typing.Optional[typing.Literal['easy', 'moderate', 'difficult']]",
        "desc": "Estimated budget required for using the location, expressed in monetary units."
      },
      "climate": {
        "type": "typing.Optional[typing.Literal['tropical', 'dry', 'temperate', 'continental', 'polar']]",
        "desc": "The actual level of accessibility of the location."
      },
      "size": {
        "type": "typing.Optional[str]",
        "desc": "The climate of the location."
      },
      "amenities": {
        "type": "typing.Optional[str]",
        "desc": "A description or characteristic of the size of the location."
      },
      "permits_required": {
        "type": "typing.Optional[bool]",
        "desc": "Descriptions of amenities available at the location."
      },
      "proximity_to_accommodations": {
        "type": "typing.Optional[int]",
        "desc": "Indicates if special permits are needed to film at the location."
      },
      "scenic_view": {
        "type": "typing.Optional[bool]",
        "desc": "The distance, in kilometers, from the location to nearby accommodations."
      },
      "security_level": {
        "type": "typing.Optional[typing.Literal['low', 'medium', 'high']]",
        "desc": "Indicates if the location provides a scenic view."
      }
    }
  }
]