[
  {
    "domain": "flowers",
    "turns": [
      [
        "I'm looking for pink flowers that bloom in summer.",
        {
          "name": null,
          "color": "pink",
          "height": null,
          "sunlight_requirement": null,
          "blooming_season": "summer",
          "perennial": null,
          "soil_type": null,
          "fragrance": null
        },
        "I have a couple of options for pink flowers that bloom in summer: Cosmos and Marigold. Do you have a height preference?"
      ],
      [
        "Yes, I prefer flowers around 120 centimeters tall.",
        {
          "name": null,
          "color": "pink",
          "height": 120,
          "sunlight_requirement": null,
          "blooming_season": "summer",
          "perennial": null,
          "soil_type": null,
          "fragrance": null
        },
        "The Cosmos is 120 centimeters tall and fits your criteria. Would you like to go with that?"
      ],
      [
        "Does the Cosmos have a nice fragrance?",
        {
          "name": "Cosmos",
          "color": "pink",
          "height": 120,
          "sunlight_requirement": null,
          "blooming_season": "summer",
          "perennial": null,
          "soil_type": null,
          "fragrance": null
        },
        "Yes, the Cosmos does have a nice fragrance! Would you like to choose it?"
      ],
      [
        "Yes, let's go with the Cosmos!",
        {
          "name": "Cosmos",
          "color": "pink",
          "height": 120,
          "sunlight_requirement": null,
          "blooming_season": "summer",
          "perennial": null,
          "soil_type": null,
          "fragrance": true
        },
        "Great choice! The Cosmos it is!"
      ]
    ],
    "preferences_code": "```python\npreferences = FlowerCriteria(\n    name='Cosmos',\n    color='pink',\n    height=120,\n    sunlight_requirement='full sun',\n    blooming_season='summer',\n    perennial=False,\n    soil_type='silt',\n    fragrance=True,\n)\n```",
    "red_herrings_code": "```python\n# Global variable representing a list of similar flower examples\nsimilar_flowers = [\n    Flower(\n        name='Daisy',\n        color='yellow',\n        height=50,\n        sunlight_requirement='full sun',\n        blooming_season='summer',\n        perennial=True,\n        soil_type='loamy',\n        fragrance=True,\n    ),\n    Flower(\n        name='Marigold',\n        color='orange',\n        height=30,\n        sunlight_requirement='full sun',\n        blooming_season='summer',\n        perennial=True,\n        soil_type='sandy',\n        fragrance=False,\n    ),\n    Flower(\n        name='Cosmos',\n        color='pink',\n        height=120,\n        sunlight_requirement='full sun',\n        blooming_season='summer',\n        perennial=False,\n        soil_type='silt',\n        fragrance=True,\n    )\n]\n```",
    "database_code": "```python\n# Global variable to store a list of flower examples\nflowers_list = [\n    Flower(name=\"Rose\", color=\"red\", height=50, sunlight_requirement=\"full sun\", blooming_season=\"summer\", perennial=True, soil_type=\"loamy\", fragrance=True),\n    Flower(name=\"Sunflower\", color=\"yellow\", height=150, sunlight_requirement=\"full sun\", blooming_season=\"summer\", perennial=False, soil_type=\"sandy\", fragrance=False),\n    Flower(name=\"Bluebell\", color=\"blue\", height=30, sunlight_requirement=\"partial sun\", blooming_season=\"spring\", perennial=True, soil_type=\"silt\", fragrance=True),\n    Flower(name=\"Tulip\", color=\"pink\", height=40, sunlight_requirement=\"full sun\", blooming_season=\"spring\", perennial=False, soil_type=\"loamy\", fragrance=False),\n    Flower(name=\"Daisy\", color=\"white\", height=25, sunlight_requirement=\"full sun\", blooming_season=\"summer\", perennial=True, soil_type=\"sandy\", fragrance=True),\n    Flower(name=\"Marigold\", color=\"orange\", height=30, sunlight_requirement=\"full sun\", blooming_season=\"summer\", perennial=False, soil_type=\"loamy\", fragrance=True),\n    Flower(name=\"Lavender\", color=\"purple\", height=60, sunlight_requirement=\"full sun\", blooming_season=\"summer\", perennial=True, soil_type=\"sandy\", fragrance=True),\n    Flower(name=\"Chrysanthemum\", color=\"yellow\", height=50, sunlight_requirement=\"partial sun\", blooming_season=\"autumn\", perennial=True, soil_type=\"loamy\", fragrance=True),\n    Flower(name=\"Orchid\", color=\"pink\", height=25, sunlight_requirement=\"shade\", blooming_season=\"winter\", perennial=True, soil_type=\"silt\", fragrance=True),\n    Flower(name=\"Peony\", color=\"red\", height=80, sunlight_requirement=\"full sun\", blooming_season=\"spring\", perennial=True, soil_type=\"loamy\", fragrance=True),\n]\n```",
    "database": [
      {
        "name": "Cosmos",
        "color": "pink",
        "height": 120,
        "sunlight_requirement": "full sun",
        "blooming_season": "summer",
        "perennial": false,
        "soil_type": "silt",
        "fragrance": true
      },
      {
        "name": "Daisy",
        "color": "white",
        "height": 25,
        "sunlight_requirement": "full sun",
        "blooming_season": "summer",
        "perennial": true,
        "soil_type": "sandy",
        "fragrance": true
      },
      {
        "name": "Daisy",
        "color": "yellow",
        "height": 50,
        "sunlight_requirement": "full sun",
        "blooming_season": "summer",
        "perennial": true,
        "soil_type": "loamy",
        "fragrance": true
      },
      {
        "name": "Tulip",
        "color": "pink",
        "height": 40,
        "sunlight_requirement": "full sun",
        "blooming_season": "spring",
        "perennial": false,
        "soil_type": "loamy",
        "fragrance": false
      },
      {
        "name": "Marigold",
        "color": "orange",
        "height": 30,
        "sunlight_requirement": "full sun",
        "blooming_season": "summer",
        "perennial": false,
        "soil_type": "loamy",
        "fragrance": true
      },
      {
        "name": "Bluebell",
        "color": "blue",
        "height": 30,
        "sunlight_requirement": "partial sun",
        "blooming_season": "spring",
        "perennial": true,
        "soil_type": "silt",
        "fragrance": true
      },
      {
        "name": "Rose",
        "color": "red",
        "height": 50,
        "sunlight_requirement": "full sun",
        "blooming_season": "summer",
        "perennial": true,
        "soil_type": "loamy",
        "fragrance": true
      },
      {
        "name": "Lavender",
        "color": "purple",
        "height": 60,
        "sunlight_requirement": "full sun",
        "blooming_season": "summer",
        "perennial": true,
        "soil_type": "sandy",
        "fragrance": true
      },
      {
        "name": "Peony",
        "color": "red",
        "height": 80,
        "sunlight_requirement": "full sun",
        "blooming_season": "spring",
        "perennial": true,
        "soil_type": "loamy",
        "fragrance": true
      },
      {
        "name": "Sunflower",
        "color": "yellow",
        "height": 150,
        "sunlight_requirement": "full sun",
        "blooming_season": "summer",
        "perennial": false,
        "soil_type": "sandy",
        "fragrance": false
      },
      {
        "name": "Orchid",
        "color": "pink",
        "height": 25,
        "sunlight_requirement": "shade",
        "blooming_season": "winter",
        "perennial": true,
        "soil_type": "silt",
        "fragrance": true
      },
      {
        "name": "Chrysanthemum",
        "color": "yellow",
        "height": 50,
        "sunlight_requirement": "partial sun",
        "blooming_season": "autumn",
        "perennial": true,
        "soil_type": "loamy",
        "fragrance": true
      },
      {
        "name": "Marigold",
        "color": "orange",
        "height": 30,
        "sunlight_requirement": "full sun",
        "blooming_season": "summer",
        "perennial": true,
        "soil_type": "sandy",
        "fragrance": false
      }
    ],
    "goal": {
      "name": "Cosmos",
      "color": "pink",
      "height": 120,
      "sunlight_requirement": "full sun",
      "blooming_season": "summer",
      "perennial": false,
      "soil_type": "silt",
      "fragrance": true
    },
    "status": "complete"
  },
  {
    "domain": "shrubs",
    "turns": [
      [
        "Thanks! Now, can we find some shrubs next? I'm looking for ones that thrive in partial shade.",
        {
          "name": null,
          "size": null,
          "leaf_type": null,
          "sunlight": "partial shade",
          "water_requirement": null,
          "growth_rate": null
        },
        "Sure! Do you have a size preference for the shrubs?"
      ],
      [
        "No, I don't have a size preference for the shrubs.",
        {
          "name": null,
          "size": null,
          "leaf_type": null,
          "sunlight": "partial shade",
          "water_requirement": null,
          "growth_rate": null
        },
        "Alright! I have a few shrubs that thrive in partial shade: Rhododendron and Holly. Would you like to know more about either?"
      ],
      [
        "Can you tell me more about the Rhododendron?",
        {
          "name": null,
          "size": null,
          "leaf_type": null,
          "sunlight": "partial shade",
          "water_requirement": null,
          "growth_rate": null
        },
        "The Rhododendron is a small shrub with broadleaf leaves, requires medium water, and has a moderate growth rate. Would you like to choose it?"
      ],
      [
        "Does the Rhododendron have colorful flowers?",
        {
          "name": "Rhododendron",
          "size": "small",
          "leaf_type": "broadleaf",
          "sunlight": "partial shade",
          "water_requirement": "medium",
          "growth_rate": "moderate"
        },
        "Yes, the Rhododendron has beautiful, colorful flowers! Would you like to go with that?"
      ],
      [
        "Yes, let's choose the Rhododendron!",
        {
          "name": "Rhododendron",
          "size": "small",
          "leaf_type": "broadleaf",
          "sunlight": "partial shade",
          "water_requirement": "medium",
          "growth_rate": "moderate"
        },
        "Excellent choice! The Rhododendron it is!"
      ]
    ],
    "preferences_code": "```python\npreferences = ShrubCriteria(\n    name='Rhododendron',\n    size='small',\n    leaf_type='broadleaf',\n    sunlight='partial shade',\n    water_requirement='medium',\n    growth_rate='moderate'\n)\n```",
    "red_herrings_code": "```python\n# Global variable representing a list of similar shrubs\nsimilar_shrubs = [\n    Shrub(\n        name='Rhododendron',\n        size='small',\n        leaf_type='broadleaf',\n        sunlight='partial shade',\n        water_requirement='medium',\n        growth_rate='moderate',\n    ),\n    Shrub(\n        name='Camellia',\n        size='small',\n        leaf_type='broadleaf',\n        sunlight='full shade',\n        water_requirement='high',\n        growth_rate='slow',\n    ),\n    Shrub(\n        name='Hibiscus',\n        size='medium',\n        leaf_type='broadleaf',\n        sunlight='full sun',\n        water_requirement='high',\n        growth_rate='fast',\n    ),\n]\n```",
    "database_code": "```python\n# Global variable containing a list of shrub examples\nshrubs_list = [\n    Shrub(name=\"Boxwood\", size='medium', leaf_type='broadleaf', sunlight='full sun', water_requirement='low', growth_rate='slow'),\n    Shrub(name=\"Juniper\", size='large', leaf_type='needle', sunlight='full sun', water_requirement='medium', growth_rate='moderate'),\n    Shrub(name=\"Holly\", size='medium', leaf_type='broadleaf', sunlight='partial shade', water_requirement='medium', growth_rate='slow'),\n    Shrub(name=\"Azalea\", size='small', leaf_type='broadleaf', sunlight='partial shade', water_requirement='high', growth_rate='moderate'),\n    Shrub(name=\"Lavender\", size='small', leaf_type='broadleaf', sunlight='full sun', water_requirement='low', growth_rate='moderate'),\n    Shrub(name=\"Rosemary\", size='medium', leaf_type='needle', sunlight='full sun', water_requirement='low', growth_rate='moderate'),\n    Shrub(name=\"Spiraea\", size='medium', leaf_type='broadleaf', sunlight='full sun', water_requirement='medium', growth_rate='fast'),\n    Shrub(name=\"Barberry\", size='small', leaf_type='broadleaf', sunlight='full sun', water_requirement='low', growth_rate='slow'),\n    Shrub(name=\"Butterfly Bush\", size='large', leaf_type='broadleaf', sunlight='full sun', water_requirement='medium', growth_rate='fast'),\n    Shrub(name=\"Forsythia\", size='large', leaf_type='broadleaf', sunlight='full sun', water_requirement='medium', growth_rate='fast'),\n]\n```",
    "database": [
      {
        "name": "Spiraea",
        "size": "medium",
        "leaf_type": "broadleaf",
        "sunlight": "full sun",
        "water_requirement": "medium",
        "growth_rate": "fast"
      },
      {
        "name": "Rosemary",
        "size": "medium",
        "leaf_type": "needle",
        "sunlight": "full sun",
        "water_requirement": "low",
        "growth_rate": "moderate"
      },
      {
        "name": "Rhododendron",
        "size": "small",
        "leaf_type": "broadleaf",
        "sunlight": "partial shade",
        "water_requirement": "medium",
        "growth_rate": "moderate"
      },
      {
        "name": "Azalea",
        "size": "small",
        "leaf_type": "broadleaf",
        "sunlight": "partial shade",
        "water_requirement": "high",
        "growth_rate": "moderate"
      },
      {
        "name": "Butterfly Bush",
        "size": "large",
        "leaf_type": "broadleaf",
        "sunlight": "full sun",
        "water_requirement": "medium",
        "growth_rate": "fast"
      },
      {
        "name": "Barberry",
        "size": "small",
        "leaf_type": "broadleaf",
        "sunlight": "full sun",
        "water_requirement": "low",
        "growth_rate": "slow"
      },
      {
        "name": "Juniper",
        "size": "large",
        "leaf_type": "needle",
        "sunlight": "full sun",
        "water_requirement": "medium",
        "growth_rate": "moderate"
      },
      {
        "name": "Camellia",
        "size": "small",
        "leaf_type": "broadleaf",
        "sunlight": "full shade",
        "water_requirement": "high",
        "growth_rate": "slow"
      },
      {
        "name": "Forsythia",
        "size": "large",
        "leaf_type": "broadleaf",
        "sunlight": "full sun",
        "water_requirement": "medium",
        "growth_rate": "fast"
      },
      {
        "name": "Hibiscus",
        "size": "medium",
        "leaf_type": "broadleaf",
        "sunlight": "full sun",
        "water_requirement": "high",
        "growth_rate": "fast"
      },
      {
        "name": "Holly",
        "size": "medium",
        "leaf_type": "broadleaf",
        "sunlight": "partial shade",
        "water_requirement": "medium",
        "growth_rate": "slow"
      },
      {
        "name": "Boxwood",
        "size": "medium",
        "leaf_type": "broadleaf",
        "sunlight": "full sun",
        "water_requirement": "low",
        "growth_rate": "slow"
      },
      {
        "name": "Lavender",
        "size": "small",
        "leaf_type": "broadleaf",
        "sunlight": "full sun",
        "water_requirement": "low",
        "growth_rate": "moderate"
      }
    ],
    "goal": {
      "name": "Rhododendron",
      "size": "small",
      "leaf_type": "broadleaf",
      "sunlight": "partial shade",
      "water_requirement": "medium",
      "growth_rate": "moderate"
    },
    "status": "complete"
  },
  {
    "domain": "trees",
    "turns": [
      [
        "Thanks! Now, could you help me find a tree? I'm looking for something specific.",
        {
          "name": null,
          "min_height": null,
          "max_height": null,
          "type": null,
          "sunlight_requirement": "partial sun",
          "soil_type": null,
          "drought_tolerant": null,
          "native": null
        },
        "Of course! What specific characteristics are you looking for in a tree?"
      ],
      [
        "I'm interested in the Sequoia tree.",
        {
          "name": "Sequoia",
          "min_height": null,
          "max_height": null,
          "type": null,
          "sunlight_requirement": null,
          "soil_type": null,
          "drought_tolerant": null,
          "native": null
        },
        "The Sequoia is a fantastic choice! It grows tall and thrives in full sun. Would you like to go with that?"
      ],
      [
        "What height range does the Sequoia typically grow?",
        {
          "name": "Sequoia",
          "min_height": null,
          "max_height": null,
          "type": null,
          "sunlight_requirement": "full sun",
          "soil_type": null,
          "drought_tolerant": null,
          "native": null
        },
        "The Sequoia typically grows to about 30 meters tall. Does that work for you?"
      ],
      [
        "Yes, that height works for me! Let's go with the Sequoia!",
        {
          "name": "Sequoia",
          "min_height": null,
          "max_height": null,
          "type": null,
          "sunlight_requirement": "full sun",
          "soil_type": null,
          "drought_tolerant": null,
          "native": null
        },
        "Awesome choice! The Sequoia it is!"
      ]
    ],
    "preferences_code": "```python\npreferences = TreeSearchCriteria(\n    name='Sequoia',\n    min_height=25.0,\n    max_height=35.0,\n    type='evergreen',\n    sunlight_requirement='full sun',\n    soil_type='sandy',\n    drought_tolerant=True,\n    native=True,\n)\n```",
    "red_herrings_code": "```python\n# Global variable representing a list of tree examples similar to the target tree\nsimilar_trees = [\n    TreeKnowledge(\n        name='Sequoia',\n        height=30.0,\n        type='evergreen',\n        sunlight_requirement='full sun',\n        soil_type='sandy',\n        drought_tolerant=True,\n        native=True,\n    ),\n    TreeKnowledge(\n        name='Cypress',\n        height=25.0,\n        type='evergreen',\n        sunlight_requirement='full sun',\n        soil_type='clay',\n        drought_tolerant=False,\n        native=False,\n    ),\n    TreeKnowledge(\n        name='Pine',\n        height=20.0,\n        type='evergreen',\n        sunlight_requirement='partial sun',\n        soil_type='sandy',\n        drought_tolerant=True,\n        native=False,\n    ),\n]\n```",
    "database_code": "```python\n# Global variable representing a list of tree examples using the TreeKnowledge dataclass\ntree_examples = [\n    TreeKnowledge(name=\"Maple\", height=15.0, type='deciduous', sunlight_requirement='full sun', soil_type='loam', drought_tolerant=True, native=True),\n    TreeKnowledge(name=\"Pine\", height=20.0, type='coniferous', sunlight_requirement='full sun', soil_type='sandy', drought_tolerant=True, native=False),\n    TreeKnowledge(name=\"Oak\", height=18.0, type='deciduous', sunlight_requirement='partial sun', soil_type='clay', drought_tolerant=False, native=True),\n    TreeKnowledge(name=\"Cypress\", height=12.0, type='evergreen', sunlight_requirement='full sun', soil_type='silt', drought_tolerant=True, native=False),\n    TreeKnowledge(name=\"Birch\", height=10.0, type='deciduous', sunlight_requirement='partial sun', soil_type='loam', drought_tolerant=False, native=True),\n    TreeKnowledge(name=\"Spruce\", height=25.0, type='coniferous', sunlight_requirement='full sun', soil_type='sandy', drought_tolerant=True, native=False),\n    TreeKnowledge(name=\"Willow\", height=8.0, type='deciduous', sunlight_requirement='shade', soil_type='peat', drought_tolerant=False, native=True),\n    TreeKnowledge(name=\"Fir\", height=15.0, type='evergreen', sunlight_requirement='full sun', soil_type='clay', drought_tolerant=True, native=False),\n    TreeKnowledge(name=\"Holly\", height=4.0, type='evergreen', sunlight_requirement='partial sun', soil_type='loam', drought_tolerant=False, native=True),\n    TreeKnowledge(name=\"Redwood\", height=30.0, type='evergreen', sunlight_requirement='full sun', soil_type='sandy', drought_tolerant=True, native=True),\n]\n```",
    "database": [
      {
        "name": "Pine",
        "height": 20.0,
        "type": "evergreen",
        "sunlight_requirement": "partial sun",
        "soil_type": "sandy",
        "drought_tolerant": true,
        "native": false
      },
      {
        "name": "Cypress",
        "height": 25.0,
        "type": "evergreen",
        "sunlight_requirement": "full sun",
        "soil_type": "clay",
        "drought_tolerant": false,
        "native": false
      },
      {
        "name": "Fir",
        "height": 15.0,
        "type": "evergreen",
        "sunlight_requirement": "full sun",
        "soil_type": "clay",
        "drought_tolerant": true,
        "native": false
      },
      {
        "name": "Holly",
        "height": 4.0,
        "type": "evergreen",
        "sunlight_requirement": "partial sun",
        "soil_type": "loam",
        "drought_tolerant": false,
        "native": true
      },
      {
        "name": "Pine",
        "height": 20.0,
        "type": "coniferous",
        "sunlight_requirement": "full sun",
        "soil_type": "sandy",
        "drought_tolerant": true,
        "native": false
      },
      {
        "name": "Sequoia",
        "height": 30.0,
        "type": "evergreen",
        "sunlight_requirement": "full sun",
        "soil_type": "sandy",
        "drought_tolerant": true,
        "native": true
      },
      {
        "name": "Spruce",
        "height": 25.0,
        "type": "coniferous",
        "sunlight_requirement": "full sun",
        "soil_type": "sandy",
        "drought_tolerant": true,
        "native": false
      },
      {
        "name": "Cypress",
        "height": 12.0,
        "type": "evergreen",
        "sunlight_requirement": "full sun",
        "soil_type": "silt",
        "drought_tolerant": true,
        "native": false
      },
      {
        "name": "Willow",
        "height": 8.0,
        "type": "deciduous",
        "sunlight_requirement": "shade",
        "soil_type": "peat",
        "drought_tolerant": false,
        "native": true
      },
      {
        "name": "Birch",
        "height": 10.0,
        "type": "deciduous",
        "sunlight_requirement": "partial sun",
        "soil_type": "loam",
        "drought_tolerant": false,
        "native": true
      },
      {
        "name": "Maple",
        "height": 15.0,
        "type": "deciduous",
        "sunlight_requirement": "full sun",
        "soil_type": "loam",
        "drought_tolerant": true,
        "native": true
      },
      {
        "name": "Oak",
        "height": 18.0,
        "type": "deciduous",
        "sunlight_requirement": "partial sun",
        "soil_type": "clay",
        "drought_tolerant": false,
        "native": true
      },
      {
        "name": "Redwood",
        "height": 30.0,
        "type": "evergreen",
        "sunlight_requirement": "full sun",
        "soil_type": "sandy",
        "drought_tolerant": true,
        "native": true
      }
    ],
    "goal": {
      "name": "Sequoia",
      "height": 30.0,
      "type": "evergreen",
      "sunlight_requirement": "full sun",
      "soil_type": "sandy",
      "drought_tolerant": true,
      "native": true
    },
    "status": "complete"
  }
]