[
  {
    "searcher": "homeowner",
    "recommender": "landscaper",
    "dialogue": "A homeowner is getting help from a landscaper to find the right flowers",
    "item_type": "flowers",
    "criteria": [
      "color",
      "height"
    ],
    "searcher_schema_code": "```python\nfrom dataclasses import dataclass\nfrom typing import Optional, Literal\n\n@dataclass\nclass FlowerCriteria:\n    \"\"\"Dataclass to represent the criteria and preferences for finding flowers.\"\"\"\n\n    name: Optional[str] = None\n    \"\"\"Optional[str]: The specific name of the flower, if looking for a particular one.\"\"\"\n\n    color: Optional[Literal['red', 'yellow', 'blue', 'pink', 'white', 'orange', 'purple']] = None\n    \"\"\"Optional[Literal]: Preferred color of the flower, with specific choices available.\"\"\"\n\n    height: Optional[int] = None\n    \"\"\"Optional[int]: Preferred height of the flower in centimeters.\"\"\"\n\n    sunlight_requirement: Optional[Literal['full sun', 'partial sun', 'shade']] = None\n    \"\"\"Optional[Literal]: The sunlight conditions the flower can thrive in.\"\"\"\n\n    blooming_season: Optional[Literal['spring', 'summer', 'autumn', 'winter']] = None\n    \"\"\"Optional[Literal]: The season during which the flower blooms.\"\"\"\n\n    perennial: Optional[bool] = None\n    \"\"\"Optional[bool]: Indicates whether the flower is a perennial (returns each year).\"\"\"\n\n    soil_type: Optional[Literal['sandy', 'loamy', 'clay', 'silt']] = None\n    \"\"\"Optional[Literal]: The type of soil the flower prefers to grow in.\"\"\"\n\n    fragrance: Optional[bool] = None\n    \"\"\"Optional[bool]: Indicates whether a fragrant flower is preferred.\"\"\"\n```\n",
    "recommender_schema_code": "```python\nfrom dataclasses import dataclass\nfrom typing import Optional, Literal\n\n@dataclass\nclass Flower:\n    \"\"\"Dataclass to represent a flower with various characteristics known to the landscaper.\"\"\"\n\n    name: Optional[str] = None\n    \"\"\"Optional[str]: The name of the flower.\"\"\"\n\n    color: Optional[Literal['red', 'yellow', 'blue', 'pink', 'white', 'orange', 'purple']] = None\n    \"\"\"Optional[Literal]: The color of the flower.\"\"\"\n\n    height: Optional[int] = None\n    \"\"\"Optional[int]: The height of the flower in centimeters.\"\"\"\n\n    sunlight_requirement: Optional[Literal['full sun', 'partial sun', 'shade']] = None\n    \"\"\"Optional[Literal]: The sunlight requirements for the flower.\"\"\"\n\n    blooming_season: Optional[Literal['spring', 'summer', 'autumn', 'winter']] = None\n    \"\"\"Optional[Literal]: The season during which the flower blooms.\"\"\"\n\n    perennial: Optional[bool] = None\n    \"\"\"Optional[bool]: Indicates if the flower is a perennial.\"\"\"\n\n    soil_type: Optional[Literal['sandy', 'loamy', 'clay', 'silt']] = None\n    \"\"\"Optional[Literal]: The preferred soil type for the flower.\"\"\"\n\n    fragrance: Optional[bool] = None\n    \"\"\"Optional[bool]: Indicates if the flower has a fragrance.\"\"\"\n\n    def matches_criteria(self, criteria: FlowerCriteria) -> bool:\n        \"\"\"Checks if the flower matches the given search criteria.\n\n        Args:\n            criteria (FlowerCriteria): The search criteria for finding flowers.\n\n        Returns:\n            bool: True if the flower matches the criteria, False otherwise.\n        \"\"\"\n        if criteria.name and self.name != criteria.name:\n            return False\n        if criteria.color and self.color != criteria.color:\n            return False\n        if criteria.height and self.height != criteria.height:\n            return False\n        if criteria.sunlight_requirement and self.sunlight_requirement != criteria.sunlight_requirement:\n            return False\n        if criteria.blooming_season and self.blooming_season != criteria.blooming_season:\n            return False\n        if criteria.perennial is not None and self.perennial != criteria.perennial:\n            return False\n        if criteria.soil_type and self.soil_type != criteria.soil_type:\n            return False\n        if criteria.fragrance is not None and self.fragrance != criteria.fragrance:\n            return False\n        return True\n```",
    "searcher_schema": {
      "name": {
        "type": "typing.Optional[str]",
        "desc": "Optional[str]: The specific name of the flower, if looking for a particular one."
      },
      "color": {
        "type": "typing.Optional[typing.Literal['red', 'yellow', 'blue', 'pink', 'white', 'orange', 'purple']]",
        "desc": "Optional[Literal]: Preferred color of the flower, with specific choices available."
      },
      "height": {
        "type": "typing.Optional[int]",
        "desc": "Optional[int]: Preferred height of the flower in centimeters."
      },
      "sunlight_requirement": {
        "type": "typing.Optional[typing.Literal['full sun', 'partial sun', 'shade']]",
        "desc": "Optional[Literal]: The sunlight conditions the flower can thrive in."
      },
      "blooming_season": {
        "type": "typing.Optional[typing.Literal['spring', 'summer', 'autumn', 'winter']]",
        "desc": "Optional[Literal]: The season during which the flower blooms."
      },
      "perennial": {
        "type": "typing.Optional[bool]",
        "desc": "Optional[bool]: Indicates whether the flower is a perennial (returns each year)."
      },
      "soil_type": {
        "type": "typing.Optional[typing.Literal['sandy', 'loamy', 'clay', 'silt']]",
        "desc": "Optional[Literal]: The type of soil the flower prefers to grow in."
      },
      "fragrance": {
        "type": "typing.Optional[bool]",
        "desc": "Optional[bool]: Indicates whether a fragrant flower is preferred."
      }
    },
    "recommender_schema": {
      "name": {
        "type": "typing.Optional[str]",
        "desc": "Optional[str]: The name of the flower."
      },
      "color": {
        "type": "typing.Optional[typing.Literal['red', 'yellow', 'blue', 'pink', 'white', 'orange', 'purple']]",
        "desc": "Optional[Literal]: The color of the flower."
      },
      "height": {
        "type": "typing.Optional[int]",
        "desc": "Optional[int]: The height of the flower in centimeters."
      },
      "sunlight_requirement": {
        "type": "typing.Optional[typing.Literal['full sun', 'partial sun', 'shade']]",
        "desc": "Optional[Literal]: The sunlight requirements for the flower."
      },
      "blooming_season": {
        "type": "typing.Optional[typing.Literal['spring', 'summer', 'autumn', 'winter']]",
        "desc": "Optional[Literal]: The season during which the flower blooms."
      },
      "perennial": {
        "type": "typing.Optional[bool]",
        "desc": "Optional[bool]: Indicates if the flower is a perennial."
      },
      "soil_type": {
        "type": "typing.Optional[typing.Literal['sandy', 'loamy', 'clay', 'silt']]",
        "desc": "Optional[Literal]: The preferred soil type for the flower."
      },
      "fragrance": {
        "type": "typing.Optional[bool]",
        "desc": "Optional[bool]: Indicates if the flower has a fragrance."
      }
    }
  },
  {
    "searcher": "homeowner",
    "recommender": "landscaper",
    "dialogue": "A homeowner is getting help from a landscaper to find the right shrubs",
    "item_type": "shrubs",
    "criteria": [
      "size",
      "leaf_type"
    ],
    "searcher_schema_code": "```python\nfrom dataclasses import dataclass\nfrom typing import Optional, Literal\n\n@dataclass\nclass ShrubCriteria:\n    \"\"\"\n    A data class representing the criteria and preferences for finding shrubs.\n    \"\"\"\n    \n    name: Optional[str] = None\n    \"\"\"The specific name of the shrub, if the homeowner is looking for one.\"\"\"\n    \n    size: Optional[Literal['small', 'medium', 'large']] = None\n    \"\"\"The preferred size of the shrub. Options are 'small', 'medium', or 'large'.\"\"\"\n    \n    leaf_type: Optional[Literal['broadleaf', 'needle']] = None\n    \"\"\"The preferred type of leaves the shrub should have. Options are 'broadleaf' or 'needle'.\"\"\"\n    \n    sunlight: Optional[Literal['full sun', 'partial shade', 'full shade']] = None\n    \"\"\"The amount of sunlight the shrub should be able to tolerate. Options are 'full sun', 'partial shade', or 'full shade'.\"\"\"\n    \n    water_requirement: Optional[Literal['low', 'medium', 'high']] = None\n    \"\"\"The water requirement of the shrub. Options are 'low', 'medium', or 'high'.\"\"\"\n    \n    growth_rate: Optional[Literal['slow', 'moderate', 'fast']] = None\n    \"\"\"The growth rate of the shrub. Options are 'slow', 'moderate', or 'fast'.\"\"\"\n```\n",
    "recommender_schema_code": "```python\nfrom dataclasses import dataclass\nfrom typing import Optional, Literal\n\n@dataclass\nclass Shrub:\n    \"\"\"\n    A data class representing the characteristics and information about a specific shrub.\n    \"\"\"\n\n    name: Optional[str] = None\n    \"\"\"The specific name of the shrub.\"\"\"\n\n    size: Optional[Literal['small', 'medium', 'large']] = None\n    \"\"\"The size of the shrub. Options are 'small', 'medium', or 'large'.\"\"\"\n\n    leaf_type: Optional[Literal['broadleaf', 'needle']] = None\n    \"\"\"The type of leaves the shrub has. Options are 'broadleaf' or 'needle'.\"\"\"\n\n    sunlight: Optional[Literal['full sun', 'partial shade', 'full shade']] = None\n    \"\"\"The amount of sunlight the shrub can tolerate. Options are 'full sun', 'partial shade', or 'full shade'.\"\"\"\n\n    water_requirement: Optional[Literal['low', 'medium', 'high']] = None\n    \"\"\"The water requirement of the shrub. Options are 'low', 'medium', or 'high'.\"\"\"\n\n    growth_rate: Optional[Literal['slow', 'moderate', 'fast']] = None\n    \"\"\"The growth rate of the shrub. Options are 'slow', 'moderate', or 'fast'.\"\"\"\n\n    def matches_criteria(self, criteria: ShrubCriteria) -> bool:\n        \"\"\"\n        Determines if the shrub matches the given search criteria.\n        \n        :param criteria: An instance of ShrubCriteria containing search preferences.\n        :return: True if the shrub matches all specified criteria, False otherwise.\n        \"\"\"\n        if criteria.name and self.name != criteria.name:\n            return False\n        if criteria.size and self.size != criteria.size:\n            return False\n        if criteria.leaf_type and self.leaf_type != criteria.leaf_type:\n            return False\n        if criteria.sunlight and self.sunlight != criteria.sunlight:\n            return False\n        if criteria.water_requirement and self.water_requirement != criteria.water_requirement:\n            return False\n        if criteria.growth_rate and self.growth_rate != criteria.growth_rate:\n            return False\n        return True\n```",
    "searcher_schema": {
      "name": {
        "type": "typing.Optional[str]",
        "desc": ""
      },
      "size": {
        "type": "typing.Optional[typing.Literal['small', 'medium', 'large']]",
        "desc": "The specific name of the shrub, if the homeowner is looking for one."
      },
      "leaf_type": {
        "type": "typing.Optional[typing.Literal['broadleaf', 'needle']]",
        "desc": "The preferred size of the shrub. Options are 'small', 'medium', or 'large'."
      },
      "sunlight": {
        "type": "typing.Optional[typing.Literal['full sun', 'partial shade', 'full shade']]",
        "desc": "The preferred type of leaves the shrub should have. Options are 'broadleaf' or 'needle'."
      },
      "water_requirement": {
        "type": "typing.Optional[typing.Literal['low', 'medium', 'high']]",
        "desc": "The amount of sunlight the shrub should be able to tolerate. Options are 'full sun', 'partial shade', or 'full shade'."
      },
      "growth_rate": {
        "type": "typing.Optional[typing.Literal['slow', 'moderate', 'fast']]",
        "desc": "The water requirement of the shrub. Options are 'low', 'medium', or 'high'."
      }
    },
    "recommender_schema": {
      "name": {
        "type": "typing.Optional[str]",
        "desc": ""
      },
      "size": {
        "type": "typing.Optional[typing.Literal['small', 'medium', 'large']]",
        "desc": "The specific name of the shrub."
      },
      "leaf_type": {
        "type": "typing.Optional[typing.Literal['broadleaf', 'needle']]",
        "desc": "The size of the shrub. Options are 'small', 'medium', or 'large'."
      },
      "sunlight": {
        "type": "typing.Optional[typing.Literal['full sun', 'partial shade', 'full shade']]",
        "desc": "The type of leaves the shrub has. Options are 'broadleaf' or 'needle'."
      },
      "water_requirement": {
        "type": "typing.Optional[typing.Literal['low', 'medium', 'high']]",
        "desc": "The amount of sunlight the shrub can tolerate. Options are 'full sun', 'partial shade', or 'full shade'."
      },
      "growth_rate": {
        "type": "typing.Optional[typing.Literal['slow', 'moderate', 'fast']]",
        "desc": "The water requirement of the shrub. Options are 'low', 'medium', or 'high'."
      }
    }
  },
  {
    "searcher": "homeowner",
    "recommender": "landscaper",
    "dialogue": "A homeowner is getting help from a landscaper to find the right trees",
    "item_type": "trees",
    "criteria": [
      "height",
      "type"
    ],
    "searcher_schema_code": "```python\nfrom dataclasses import dataclass\nfrom typing import Optional, Literal\n\n@dataclass\nclass TreeSearchCriteria:\n    \"\"\"\n    A dataclass to represent the criteria and preferences for finding trees.\n    Each attribute is optional and represents a specific search criterion.\n    \"\"\"\n    \n    name: Optional[str] = None\n    \"\"\"The name of the tree, if the homeowner is looking for a specific tree.\"\"\"\n    \n    min_height: Optional[float] = None\n    \"\"\"The minimum height of the tree in meters.\"\"\"\n    \n    max_height: Optional[float] = None\n    \"\"\"The maximum height of the tree in meters.\"\"\"\n    \n    type: Optional[Literal['deciduous', 'coniferous', 'evergreen']] = None\n    \"\"\"The type of the tree, which can be 'deciduous', 'coniferous', or 'evergreen'.\"\"\"\n    \n    sunlight_requirement: Optional[Literal['full sun', 'partial sun', 'shade']] = None\n    \"\"\"The sunlight requirement for the tree, which can be 'full sun', 'partial sun', or 'shade'.\"\"\"\n    \n    soil_type: Optional[Literal['sandy', 'clay', 'loam', 'peat', 'silt', 'chalk']] = None\n    \"\"\"The preferred soil type for the tree, such as 'sandy', 'clay', 'loam', etc.\"\"\"\n    \n    drought_tolerant: Optional[bool] = None\n    \"\"\"A flag indicating whether the tree is drought tolerant.\"\"\"\n    \n    native: Optional[bool] = None\n    \"\"\"A flag indicating whether the tree is native to the region.\"\"\"\n```\n",
    "recommender_schema_code": "```python\nfrom dataclasses import dataclass\nfrom typing import Optional, Literal\n\n@dataclass\nclass TreeKnowledge:\n    \"\"\"\n    A dataclass to represent the landscaper's knowledge of each tree's characteristics.\n    Each attribute is optional and provides specific information about the tree.\n    \"\"\"\n\n    name: Optional[str] = None\n    \"\"\"The name of the tree.\"\"\"\n\n    height: Optional[float] = None\n    \"\"\"The height of the tree in meters.\"\"\"\n\n    type: Optional[Literal['deciduous', 'coniferous', 'evergreen']] = None\n    \"\"\"The type of the tree, which can be 'deciduous', 'coniferous', or 'evergreen'.\"\"\"\n\n    sunlight_requirement: Optional[Literal['full sun', 'partial sun', 'shade']] = None\n    \"\"\"The sunlight requirement for the tree, which can be 'full sun', 'partial sun', or 'shade'.\"\"\"\n\n    soil_type: Optional[Literal['sandy', 'clay', 'loam', 'peat', 'silt', 'chalk']] = None\n    \"\"\"The preferred soil type for the tree, such as 'sandy', 'clay', 'loam', etc.\"\"\"\n\n    drought_tolerant: Optional[bool] = None\n    \"\"\"A flag indicating whether the tree is drought tolerant.\"\"\"\n\n    native: Optional[bool] = None\n    \"\"\"A flag indicating whether the tree is native to the region.\"\"\"\n\n    def matches_criteria(self, criteria: TreeSearchCriteria) -> bool:\n        \"\"\"\n        Determine if the tree matches the given search criteria.\n\n        Args:\n            criteria (TreeSearchCriteria): The search criteria to match against.\n\n        Returns:\n            bool: True if the tree matches all specified criteria, False otherwise.\n        \"\"\"\n        if criteria.name is not None and self.name != criteria.name:\n            return False\n        if criteria.min_height is not None and (self.height is None or self.height < criteria.min_height):\n            return False\n        if criteria.max_height is not None and (self.height is None or self.height > criteria.max_height):\n            return False\n        if criteria.type is not None and self.type != criteria.type:\n            return False\n        if criteria.sunlight_requirement is not None and self.sunlight_requirement != criteria.sunlight_requirement:\n            return False\n        if criteria.soil_type is not None and self.soil_type != criteria.soil_type:\n            return False\n        if criteria.drought_tolerant is not None and self.drought_tolerant != criteria.drought_tolerant:\n            return False\n        if criteria.native is not None and self.native != criteria.native:\n            return False\n\n        return True\n```",
    "searcher_schema": {
      "name": {
        "type": "typing.Optional[str]",
        "desc": ""
      },
      "min_height": {
        "type": "typing.Optional[float]",
        "desc": "The name of the tree, if the homeowner is looking for a specific tree."
      },
      "max_height": {
        "type": "typing.Optional[float]",
        "desc": "The minimum height of the tree in meters."
      },
      "type": {
        "type": "typing.Optional[typing.Literal['deciduous', 'coniferous', 'evergreen']]",
        "desc": "The maximum height of the tree in meters."
      },
      "sunlight_requirement": {
        "type": "typing.Optional[typing.Literal['full sun', 'partial sun', 'shade']]",
        "desc": "The type of the tree, which can be 'deciduous', 'coniferous', or 'evergreen'."
      },
      "soil_type": {
        "type": "typing.Optional[typing.Literal['sandy', 'clay', 'loam', 'peat', 'silt', 'chalk']]",
        "desc": "The sunlight requirement for the tree, which can be 'full sun', 'partial sun', or 'shade'."
      },
      "drought_tolerant": {
        "type": "typing.Optional[bool]",
        "desc": "The preferred soil type for the tree, such as 'sandy', 'clay', 'loam', etc."
      },
      "native": {
        "type": "typing.Optional[bool]",
        "desc": "A flag indicating whether the tree is drought tolerant."
      }
    },
    "recommender_schema": {
      "name": {
        "type": "typing.Optional[str]",
        "desc": ""
      },
      "height": {
        "type": "typing.Optional[float]",
        "desc": "The name of the tree."
      },
      "type": {
        "type": "typing.Optional[typing.Literal['deciduous', 'coniferous', 'evergreen']]",
        "desc": "The height of the tree in meters."
      },
      "sunlight_requirement": {
        "type": "typing.Optional[typing.Literal['full sun', 'partial sun', 'shade']]",
        "desc": "The type of the tree, which can be 'deciduous', 'coniferous', or 'evergreen'."
      },
      "soil_type": {
        "type": "typing.Optional[typing.Literal['sandy', 'clay', 'loam', 'peat', 'silt', 'chalk']]",
        "desc": "The sunlight requirement for the tree, which can be 'full sun', 'partial sun', or 'shade'."
      },
      "drought_tolerant": {
        "type": "typing.Optional[bool]",
        "desc": "The preferred soil type for the tree, such as 'sandy', 'clay', 'loam', etc."
      },
      "native": {
        "type": "typing.Optional[bool]",
        "desc": "A flag indicating whether the tree is drought tolerant."
      }
    }
  }
]