[
  {
    "searcher": "Teacher",
    "recommender": "Principal",
    "dialogue": "A Teacher is getting help from a Principal to find the right Educational Resources",
    "item_type": "Educational Resources",
    "criteria": [
      "type",
      "format"
    ],
    "searcher_schema_code": "```python\nfrom dataclasses import dataclass\nfrom typing import Optional, Literal\n\n@dataclass\nclass EducationalResourceCriteria:\n    \"\"\"\n    Dataclass to represent the criteria and preferences for finding educational resources.\n    Each field is optional, allowing the Teacher to specify as many or as few criteria as needed.\n    \"\"\"\n\n    name: Optional[str] = None\n    \"\"\"Optional[str]: The specific name of the educational resource if the Teacher is looking for a particular one.\"\"\"\n\n    type: Optional[Literal['book', 'video', 'article', 'webinar', 'podcast']] = None\n    \"\"\"Optional[Literal]: The type of educational resource preferred, such as 'book', 'video', etc.\"\"\"\n\n    format: Optional[Literal['digital', 'physical']] = None\n    \"\"\"Optional[Literal]: The format of the educational resource, either 'digital' or 'physical'.\"\"\"\n\n    subject: Optional[str] = None\n    \"\"\"Optional[str]: The subject area or topic the educational resource should cover.\"\"\"\n\n    grade_level: Optional[Literal['primary', 'secondary', 'tertiary']] = None\n    \"\"\"Optional[Literal]: The educational level targeted by the resource, e.g., 'primary', 'secondary', or 'tertiary'.\"\"\"\n\n    language: Optional[str] = None\n    \"\"\"Optional[str]: The language in which the educational resource should be available.\"\"\"\n\n    cost: Optional[Literal['free', 'paid']] = None\n    \"\"\"Optional[Literal]: The cost preference for the educational resource, either 'free' or 'paid'.\"\"\"\n\n    duration: Optional[str] = None\n    \"\"\"Optional[str]: The preferred duration for the usage of the educational resource, if applicable.\"\"\"\n```",
    "recommender_schema_code": "```python\nfrom dataclasses import dataclass\nfrom typing import Optional, Literal\n\n@dataclass\nclass EducationalResource:\n    \"\"\"\n    Dataclass to represent an educational resource with various attributes.\n    Each field is optional, allowing for incomplete information about the resource.\n    \"\"\"\n\n    name: Optional[str] = None\n    \"\"\"Optional[str]: The specific name of the educational resource.\"\"\"\n\n    type: Optional[Literal['book', 'video', 'article', 'webinar', 'podcast']] = None\n    \"\"\"Optional[Literal]: The type of educational resource, such as 'book', 'video', etc.\"\"\"\n\n    format: Optional[Literal['digital', 'physical']] = None\n    \"\"\"Optional[Literal]: The format of the educational resource, either 'digital' or 'physical'.\"\"\"\n\n    subject: Optional[str] = None\n    \"\"\"Optional[str]: The subject area or topic the educational resource covers.\"\"\"\n\n    grade_level: Optional[Literal['primary', 'secondary', 'tertiary']] = None\n    \"\"\"Optional[Literal]: The educational level targeted by the resource, e.g., 'primary', 'secondary', or 'tertiary'.\"\"\"\n\n    language: Optional[str] = None\n    \"\"\"Optional[str]: The language in which the educational resource is available.\"\"\"\n\n    cost: Optional[Literal['free', 'paid']] = None\n    \"\"\"Optional[Literal]: The cost of the educational resource, either 'free' or 'paid'.\"\"\"\n\n    duration: Optional[str] = None\n    \"\"\"Optional[str]: The duration for the usage of the educational resource, if applicable.\"\"\"\n\n    def matches_criteria(self, criteria: EducationalResourceCriteria) -> bool:\n        \"\"\"\n        Determine if this educational resource matches the given search criteria.\n        \n        Args:\n            criteria (EducationalResourceCriteria): The search criteria to match against.\n\n        Returns:\n            bool: True if the educational resource matches all specified criteria, False otherwise.\n        \"\"\"\n        if criteria.name is not None and self.name != criteria.name:\n            return False\n        if criteria.type is not None and self.type != criteria.type:\n            return False\n        if criteria.format is not None and self.format != criteria.format:\n            return False\n        if criteria.subject is not None and self.subject != criteria.subject:\n            return False\n        if criteria.grade_level is not None and self.grade_level != criteria.grade_level:\n            return False\n        if criteria.language is not None and self.language != criteria.language:\n            return False\n        if criteria.cost is not None and self.cost != criteria.cost:\n            return False\n        if criteria.duration is not None and self.duration != criteria.duration:\n            return False\n        return True\n```",
    "searcher_schema": {
      "name": {
        "type": "typing.Optional[str]",
        "desc": ""
      },
      "type": {
        "type": "typing.Optional[typing.Literal['book', 'video', 'article', 'webinar', 'podcast']]",
        "desc": "Optional[str]: The specific name of the educational resource if the Teacher is looking for a particular one."
      },
      "format": {
        "type": "typing.Optional[typing.Literal['digital', 'physical']]",
        "desc": "Optional[Literal]: The type of educational resource preferred, such as 'book', 'video', etc."
      },
      "subject": {
        "type": "typing.Optional[str]",
        "desc": "Optional[Literal]: The format of the educational resource, either 'digital' or 'physical'."
      },
      "grade_level": {
        "type": "typing.Optional[typing.Literal['primary', 'secondary', 'tertiary']]",
        "desc": "Optional[str]: The subject area or topic the educational resource should cover."
      },
      "language": {
        "type": "typing.Optional[str]",
        "desc": "Optional[Literal]: The educational level targeted by the resource, e.g., 'primary', 'secondary', or 'tertiary'."
      },
      "cost": {
        "type": "typing.Optional[typing.Literal['free', 'paid']]",
        "desc": "Optional[str]: The language in which the educational resource should be available."
      },
      "duration": {
        "type": "typing.Optional[str]",
        "desc": "Optional[Literal]: The cost preference for the educational resource, either 'free' or 'paid'."
      }
    },
    "recommender_schema": {
      "name": {
        "type": "typing.Optional[str]",
        "desc": ""
      },
      "type": {
        "type": "typing.Optional[typing.Literal['book', 'video', 'article', 'webinar', 'podcast']]",
        "desc": "Optional[str]: The specific name of the educational resource."
      },
      "format": {
        "type": "typing.Optional[typing.Literal['digital', 'physical']]",
        "desc": "Optional[Literal]: The type of educational resource, such as 'book', 'video', etc."
      },
      "subject": {
        "type": "typing.Optional[str]",
        "desc": "Optional[Literal]: The format of the educational resource, either 'digital' or 'physical'."
      },
      "grade_level": {
        "type": "typing.Optional[typing.Literal['primary', 'secondary', 'tertiary']]",
        "desc": "Optional[str]: The subject area or topic the educational resource covers."
      },
      "language": {
        "type": "typing.Optional[str]",
        "desc": "Optional[Literal]: The educational level targeted by the resource, e.g., 'primary', 'secondary', or 'tertiary'."
      },
      "cost": {
        "type": "typing.Optional[typing.Literal['free', 'paid']]",
        "desc": "Optional[str]: The language in which the educational resource is available."
      },
      "duration": {
        "type": "typing.Optional[str]",
        "desc": "Optional[Literal]: The cost of the educational resource, either 'free' or 'paid'."
      }
    }
  },
  {
    "searcher": "Teacher",
    "recommender": "Principal",
    "dialogue": "A Teacher is getting help from a Principal to find the right Student Assessments",
    "item_type": "Student Assessments",
    "criteria": [
      "type",
      "format"
    ],
    "searcher_schema_code": "```python\nfrom dataclasses import dataclass\nfrom typing import Optional, Literal\n\n@dataclass\nclass AssessmentCriteria:\n    \"\"\"Dataclass to represent the criteria and preferences for finding a Student Assessment.\"\"\"\n\n    name: Optional[str] = None\n    \"\"\"The name of the Student Assessment, if looking for a specific one.\"\"\"\n\n    type: Optional[Literal['quiz', 'test', 'assignment', 'project', 'exam']] = None\n    \"\"\"The type of Student Assessment, such as quiz, test, assignment, project, or exam.\"\"\"\n\n    format: Optional[Literal['multiple choice', 'essay', 'short answer', 'oral', 'practical']] = None\n    \"\"\"The format of the Student Assessment, such as multiple choice, essay, short answer, oral, or practical.\"\"\"\n\n    difficulty: Optional[Literal['easy', 'medium', 'hard']] = None\n    \"\"\"The difficulty level of the Student Assessment, such as easy, medium, or hard.\"\"\"\n\n    subject: Optional[str] = None\n    \"\"\"The subject or discipline the Student Assessment is related to, such as mathematics or history.\"\"\"\n\n    duration: Optional[int] = None\n    \"\"\"The intended duration for completing the Student Assessment, in minutes.\"\"\"\n\n    grade_level: Optional[str] = None\n    \"\"\"The grade level for which the Student Assessment is appropriate, such as 5th grade or 10th grade.\"\"\"\n\n    is_standardized: Optional[bool] = None\n    \"\"\"Indicates whether the Student Assessment is a standardized assessment or not.\"\"\"\n```",
    "recommender_schema_code": "```python\nfrom dataclasses import dataclass\nfrom typing import Optional, Literal\n\n@dataclass\nclass StudentAssessment:\n    \"\"\"Dataclass to represent the knowledge of a specific Student Assessment.\"\"\"\n\n    name: Optional[str] = None\n    \"\"\"The name of the Student Assessment.\"\"\"\n    \n    type: Optional[Literal['quiz', 'test', 'assignment', 'project', 'exam']] = None\n    \"\"\"The type of Student Assessment, such as quiz, test, assignment, project, or exam.\"\"\"\n\n    format: Optional[Literal['multiple choice', 'essay', 'short answer', 'oral', 'practical']] = None\n    \"\"\"The format of the Student Assessment, such as multiple choice, essay, short answer, oral, or practical.\"\"\"\n\n    difficulty: Optional[Literal['easy', 'medium', 'hard']] = None\n    \"\"\"The difficulty level of the Student Assessment, such as easy, medium, or hard.\"\"\"\n\n    subject: Optional[str] = None\n    \"\"\"The subject or discipline the Student Assessment is related to, such as mathematics or history.\"\"\"\n\n    duration: Optional[int] = None\n    \"\"\"The intended duration for completing the Student Assessment, in minutes.\"\"\"\n\n    grade_level: Optional[str] = None\n    \"\"\"The grade level for which the Student Assessment is appropriate, such as 5th grade or 10th grade.\"\"\"\n\n    is_standardized: Optional[bool] = None\n    \"\"\"Indicates whether the Student Assessment is a standardized assessment or not.\"\"\"\n\n    def matches_criteria(self, criteria: AssessmentCriteria) -> bool:\n        \"\"\"Determine if the StudentAssessment matches the given AssessmentCriteria.\n\n        Args:\n            criteria (AssessmentCriteria): The search criteria for the Student Assessment.\n\n        Returns:\n            bool: True if the assessment matches all of the specified criteria, False otherwise.\n        \"\"\"\n        if criteria.name and self.name != criteria.name:\n            return False\n        if criteria.type and self.type != criteria.type:\n            return False\n        if criteria.format and self.format != criteria.format:\n            return False\n        if criteria.difficulty and self.difficulty != criteria.difficulty:\n            return False\n        if criteria.subject and self.subject != criteria.subject:\n            return False\n        if criteria.duration and self.duration != criteria.duration:\n            return False\n        if criteria.grade_level and self.grade_level != criteria.grade_level:\n            return False\n        if criteria.is_standardized is not None and self.is_standardized != criteria.is_standardized:\n            return False\n        return True\n```\n",
    "searcher_schema": {
      "name": {
        "type": "typing.Optional[str]",
        "desc": "The name of the Student Assessment, if looking for a specific one."
      },
      "type": {
        "type": "typing.Optional[typing.Literal['quiz', 'test', 'assignment', 'project', 'exam']]",
        "desc": "The type of Student Assessment, such as quiz, test, assignment, project, or exam."
      },
      "format": {
        "type": "typing.Optional[typing.Literal['multiple choice', 'essay', 'short answer', 'oral', 'practical']]",
        "desc": "The format of the Student Assessment, such as multiple choice, essay, short answer, oral, or practical."
      },
      "difficulty": {
        "type": "typing.Optional[typing.Literal['easy', 'medium', 'hard']]",
        "desc": "The difficulty level of the Student Assessment, such as easy, medium, or hard."
      },
      "subject": {
        "type": "typing.Optional[str]",
        "desc": "The subject or discipline the Student Assessment is related to, such as mathematics or history."
      },
      "duration": {
        "type": "typing.Optional[int]",
        "desc": "The intended duration for completing the Student Assessment, in minutes."
      },
      "grade_level": {
        "type": "typing.Optional[str]",
        "desc": "The grade level for which the Student Assessment is appropriate, such as 5th grade or 10th grade."
      },
      "is_standardized": {
        "type": "typing.Optional[bool]",
        "desc": "Indicates whether the Student Assessment is a standardized assessment or not."
      }
    },
    "recommender_schema": {
      "name": {
        "type": "typing.Optional[str]",
        "desc": "The name of the Student Assessment."
      },
      "type": {
        "type": "typing.Optional[typing.Literal['quiz', 'test', 'assignment', 'project', 'exam']]",
        "desc": "The type of Student Assessment, such as quiz, test, assignment, project, or exam."
      },
      "format": {
        "type": "typing.Optional[typing.Literal['multiple choice', 'essay', 'short answer', 'oral', 'practical']]",
        "desc": "The format of the Student Assessment, such as multiple choice, essay, short answer, oral, or practical."
      },
      "difficulty": {
        "type": "typing.Optional[typing.Literal['easy', 'medium', 'hard']]",
        "desc": "The difficulty level of the Student Assessment, such as easy, medium, or hard."
      },
      "subject": {
        "type": "typing.Optional[str]",
        "desc": "The subject or discipline the Student Assessment is related to, such as mathematics or history."
      },
      "duration": {
        "type": "typing.Optional[int]",
        "desc": "The intended duration for completing the Student Assessment, in minutes."
      },
      "grade_level": {
        "type": "typing.Optional[str]",
        "desc": "The grade level for which the Student Assessment is appropriate, such as 5th grade or 10th grade."
      },
      "is_standardized": {
        "type": "typing.Optional[bool]",
        "desc": "Indicates whether the Student Assessment is a standardized assessment or not."
      }
    }
  },
  {
    "searcher": "Teacher",
    "recommender": "Principal",
    "dialogue": "A Teacher is getting help from a Principal to find the right Curriculum Plan",
    "item_type": "Curriculum Plan",
    "criteria": [
      "type",
      "subject"
    ],
    "searcher_schema_code": "```python\nfrom dataclasses import dataclass\nfrom typing import Optional, Literal\n\n@dataclass\nclass CurriculumPlanCriteria:\n    \"\"\"Data class representing criteria and preferences for finding a Curriculum Plan.\"\"\"\n\n    name: Optional[str] = None\n    \"\"\"Optional specific name of the Curriculum Plan being searched for.\"\"\"\n    \n    type: Optional[Literal['Core', 'Elective', 'Extracurricular']] = None\n    \"\"\"Optional type of the Curriculum Plan, which can be 'Core', 'Elective', or 'Extracurricular'.\"\"\"\n    \n    subject: Optional[str] = None\n    \"\"\"Optional subject area of the Curriculum Plan, such as Mathematics, Science, etc.\"\"\"\n    \n    grade_level: Optional[Literal['Kindergarten', 'Elementary', 'Middle School', 'High School']] = None\n    \"\"\"Optional grade level for which the Curriculum Plan is intended, such as 'Kindergarten', 'Elementary', etc.\"\"\"\n    \n    duration_weeks: Optional[int] = None\n    \"\"\"Optional duration in weeks for which the Curriculum Plan runs.\"\"\"\n    \n    delivery_method: Optional[Literal['In-Person', 'Online', 'Hybrid']] = None\n    \"\"\"Optional delivery method of the Curriculum Plan, which can be 'In-Person', 'Online', or 'Hybrid'.\"\"\"\n    \n    language: Optional[str] = None\n    \"\"\"Optional preferred language of instruction for the Curriculum Plan.\"\"\"\n    \n    difficulty_level: Optional[Literal['Beginner', 'Intermediate', 'Advanced']] = None\n    \"\"\"Optional difficulty level of the Curriculum Plan, which can be 'Beginner', 'Intermediate', or 'Advanced'.\"\"\"\n```\n",
    "recommender_schema_code": "```python\nfrom dataclasses import dataclass\nfrom typing import Optional, Literal\n\n@dataclass\nclass CurriculumPlan:\n    \"\"\"Data class representing a Curriculum Plan with specific attributes.\"\"\"\n\n    name: Optional[str] = None\n    \"\"\"The name of the Curriculum Plan.\"\"\"\n\n    type: Optional[Literal['Core', 'Elective', 'Extracurricular']] = None\n    \"\"\"The type of the Curriculum Plan, which can be 'Core', 'Elective', or 'Extracurricular'.\"\"\"\n\n    subject: Optional[str] = None\n    \"\"\"The subject area of the Curriculum Plan, such as Mathematics, Science, etc.\"\"\"\n\n    grade_level: Optional[Literal['Kindergarten', 'Elementary', 'Middle School', 'High School']] = None\n    \"\"\"The grade level for which the Curriculum Plan is intended.\"\"\"\n\n    duration_weeks: Optional[int] = None\n    \"\"\"The duration in weeks for which the Curriculum Plan runs.\"\"\"\n\n    delivery_method: Optional[Literal['In-Person', 'Online', 'Hybrid']] = None\n    \"\"\"The delivery method of the Curriculum Plan, which can be 'In-Person', 'Online', or 'Hybrid'.\"\"\"\n\n    language: Optional[str] = None\n    \"\"\"The preferred language of instruction for the Curriculum Plan.\"\"\"\n\n    difficulty_level: Optional[Literal['Beginner', 'Intermediate', 'Advanced']] = None\n    \"\"\"The difficulty level of the Curriculum Plan.\"\"\"\n\n    def matches_criteria(self, criteria: 'CurriculumPlanCriteria') -> bool:\n        \"\"\"Determine if the Curriculum Plan matches the given search criteria.\n\n        Args:\n            criteria (CurriculumPlanCriteria): The search criteria for matching.\n\n        Returns:\n            bool: True if all specified criteria match the Curriculum Plan; False otherwise.\n        \"\"\"\n        if criteria.name is not None and self.name != criteria.name:\n            return False\n        if criteria.type is not None and self.type != criteria.type:\n            return False\n        if criteria.subject is not None and self.subject != criteria.subject:\n            return False\n        if criteria.grade_level is not None and self.grade_level != criteria.grade_level:\n            return False\n        if criteria.duration_weeks is not None and self.duration_weeks != criteria.duration_weeks:\n            return False\n        if criteria.delivery_method is not None and self.delivery_method != criteria.delivery_method:\n            return False\n        if criteria.language is not None and self.language != criteria.language:\n            return False\n        if criteria.difficulty_level is not None and self.difficulty_level != criteria.difficulty_level:\n            return False\n        \n        return True\n```",
    "searcher_schema": {
      "name": {
        "type": "typing.Optional[str]",
        "desc": "Optional specific name of the Curriculum Plan being searched for."
      },
      "type": {
        "type": "typing.Optional[typing.Literal['Core', 'Elective', 'Extracurricular']]",
        "desc": "Optional type of the Curriculum Plan, which can be 'Core', 'Elective', or 'Extracurricular'."
      },
      "subject": {
        "type": "typing.Optional[str]",
        "desc": "Optional subject area of the Curriculum Plan, such as Mathematics, Science, etc."
      },
      "grade_level": {
        "type": "typing.Optional[typing.Literal['Kindergarten', 'Elementary', 'Middle School', 'High School']]",
        "desc": "Optional grade level for which the Curriculum Plan is intended, such as 'Kindergarten', 'Elementary', etc."
      },
      "duration_weeks": {
        "type": "typing.Optional[int]",
        "desc": "Optional duration in weeks for which the Curriculum Plan runs."
      },
      "delivery_method": {
        "type": "typing.Optional[typing.Literal['In-Person', 'Online', 'Hybrid']]",
        "desc": "Optional delivery method of the Curriculum Plan, which can be 'In-Person', 'Online', or 'Hybrid'."
      },
      "language": {
        "type": "typing.Optional[str]",
        "desc": "Optional preferred language of instruction for the Curriculum Plan."
      },
      "difficulty_level": {
        "type": "typing.Optional[typing.Literal['Beginner', 'Intermediate', 'Advanced']]",
        "desc": "Optional difficulty level of the Curriculum Plan, which can be 'Beginner', 'Intermediate', or 'Advanced'."
      }
    },
    "recommender_schema": {
      "name": {
        "type": "typing.Optional[str]",
        "desc": "The name of the Curriculum Plan."
      },
      "type": {
        "type": "typing.Optional[typing.Literal['Core', 'Elective', 'Extracurricular']]",
        "desc": "The type of the Curriculum Plan, which can be 'Core', 'Elective', or 'Extracurricular'."
      },
      "subject": {
        "type": "typing.Optional[str]",
        "desc": "The subject area of the Curriculum Plan, such as Mathematics, Science, etc."
      },
      "grade_level": {
        "type": "typing.Optional[typing.Literal['Kindergarten', 'Elementary', 'Middle School', 'High School']]",
        "desc": "The grade level for which the Curriculum Plan is intended."
      },
      "duration_weeks": {
        "type": "typing.Optional[int]",
        "desc": "The duration in weeks for which the Curriculum Plan runs."
      },
      "delivery_method": {
        "type": "typing.Optional[typing.Literal['In-Person', 'Online', 'Hybrid']]",
        "desc": "The delivery method of the Curriculum Plan, which can be 'In-Person', 'Online', or 'Hybrid'."
      },
      "language": {
        "type": "typing.Optional[str]",
        "desc": "The preferred language of instruction for the Curriculum Plan."
      },
      "difficulty_level": {
        "type": "typing.Optional[typing.Literal['Beginner', 'Intermediate', 'Advanced']]",
        "desc": "The difficulty level of the Curriculum Plan."
      }
    }
  }
]