[
  {
    "domain": "thriller",
    "turns": [
      [
        "Hey, I'm looking for a thriller directed by Denis Villeneuve, any ideas?",
        {
          "name": null,
          "director": "Denis Villeneuve",
          "release_year": null,
          "actors": null,
          "language": null,
          "minimum_rating": null,
          "genre": null,
          "award_winning": null,
          "streaming_service": null,
          "country_of_origin": null,
          "duration_limit": null
        },
        "How about \"Prisoners\"? It's a crime thriller directed by him."
      ],
      [
        "Oh, nice! Is it from 2013?",
        {
          "name": "Prisoners",
          "director": "Denis Villeneuve",
          "release_year": 2013,
          "actors": null,
          "language": null,
          "minimum_rating": null,
          "genre": "crime",
          "award_winning": null,
          "streaming_service": null,
          "country_of_origin": null,
          "duration_limit": null
        },
        "Yes, that's right! \"Prisoners\" was released in 2013."
      ],
      [
        "Great! Does it have Hugh Jackman and Jake Gyllenhaal in it?",
        {
          "name": "Prisoners",
          "director": "Denis Villeneuve",
          "release_year": 2013,
          "actors": [
            "Hugh Jackman",
            "Jake Gyllenhaal"
          ],
          "language": null,
          "minimum_rating": null,
          "genre": "crime",
          "award_winning": null,
          "streaming_service": null,
          "country_of_origin": null,
          "duration_limit": null
        },
        "Yes, it stars both Hugh Jackman and Jake Gyllenhaal!"
      ],
      [
        "Awesome! What's the IMDb rating for \"Prisoners\"?",
        {
          "name": "Prisoners",
          "director": "Denis Villeneuve",
          "release_year": 2013,
          "actors": [
            "Hugh Jackman",
            "Jake Gyllenhaal"
          ],
          "language": null,
          "minimum_rating": null,
          "genre": "crime",
          "award_winning": null,
          "streaming_service": null,
          "country_of_origin": null,
          "duration_limit": null
        },
        "It has an IMDb rating of 8.1."
      ],
      [
        "Perfect! Is it available on Netflix?",
        {
          "name": "Prisoners",
          "director": "Denis Villeneuve",
          "release_year": 2013,
          "actors": [
            "Hugh Jackman",
            "Jake Gyllenhaal"
          ],
          "language": null,
          "minimum_rating": 8.1,
          "genre": "crime",
          "award_winning": null,
          "streaming_service": "Netflix",
          "country_of_origin": null,
          "duration_limit": null
        },
        "Yes, \"Prisoners\" is available on Netflix!"
      ],
      [
        "Awesome, sounds like I've found my thriller! Thanks for the help!",
        {
          "name": "Prisoners",
          "director": "Denis Villeneuve",
          "release_year": 2013,
          "actors": [
            "Hugh Jackman",
            "Jake Gyllenhaal"
          ],
          "language": null,
          "minimum_rating": 8.1,
          "genre": "crime",
          "award_winning": null,
          "streaming_service": "Netflix",
          "country_of_origin": null,
          "duration_limit": null
        },
        "You're welcome! Enjoy the movie!"
      ]
    ],
    "preferences_code": "```python\npreferences = ThrillerSearchCriteria(\n    name='Prisoners',\n    director='Denis Villeneuve',\n    release_year=2013,\n    actors=['Hugh Jackman', 'Jake Gyllenhaal'],\n    language='English',\n    minimum_rating=8.0,\n    genre='crime',\n    award_winning=None,\n    streaming_service='Netflix',\n    country_of_origin='USA',\n    duration_limit=160,\n)\n```",
    "red_herrings_code": "```python\n# Global variable representing a list of similar thriller movie examples\nsimilar_thriller_movies = [\n    ThrillerMovieKnowledge(\n        name='Se7en',\n        director='David Fincher',\n        release_year=1995,\n        actors=['Morgan Freeman', 'Brad Pitt', 'Kevin Spacey'],\n        language='English',\n        rating=8.6,\n        genre='psychological',\n        award_winning=True,\n        streaming_service='HBO Max',\n        country_of_origin='USA',\n        duration=127,\n    ),\n    ThrillerMovieKnowledge(\n        name='Prisoners',\n        director='Denis Villeneuve',\n        release_year=2013,\n        actors=['Hugh Jackman', 'Jake Gyllenhaal', 'Viola Davis'],\n        language='English',\n        rating=8.1,\n        genre='crime',\n        award_winning=False,\n        streaming_service='Netflix',\n        country_of_origin='USA',\n        duration=153,\n    ),\n    ThrillerMovieKnowledge(\n        name='Gone Girl',\n        director='David Fincher',\n        release_year=2014,\n        actors=['Ben Affleck', 'Rosamund Pike', 'Neil Patrick Harris'],\n        language='English',\n        rating=7.8,\n        genre='mystery',\n        award_winning=True,\n        streaming_service='Amazon Prime',\n        country_of_origin='USA',\n        duration=149,\n    ),\n]\n```",
    "database_code": "```python\nthriller_movies: List[ThrillerMovieKnowledge] = [\n    ThrillerMovieKnowledge(\n        name=\"Gone Girl\",\n        director=\"David Fincher\",\n        release_year=2014,\n        actors=[\"Ben Affleck\", \"Rosamund Pike\", \"Neil Patrick Harris\"],\n        language=\"English\",\n        rating=7.8,\n        genre='mystery',\n        award_winning=True,\n        streaming_service='Netflix',\n        country_of_origin=\"USA\",\n        duration=149\n    ),\n    ThrillerMovieKnowledge(\n        name=\"Se7en\",\n        director=\"David Fincher\",\n        release_year=1995,\n        actors=[\"Morgan Freeman\", \"Brad Pitt\", \"Kevin Spacey\"],\n        language=\"English\",\n        rating=8.6,\n        genre='crime',\n        award_winning=True,\n        streaming_service='HBO Max',\n        country_of_origin=\"USA\",\n        duration=127\n    ),\n    ThrillerMovieKnowledge(\n        name=\"The Silence of the Lambs\",\n        director=\"Jonathan Demme\",\n        release_year=1991,\n        actors=[\"Jodie Foster\", \"Anthony Hopkins\", \"Scott Glenn\"],\n        language=\"English\",\n        rating=8.6,\n        genre='psychological',\n        award_winning=True,\n        streaming_service='Amazon Prime',\n        country_of_origin=\"USA\",\n        duration=118\n    ),\n    ThrillerMovieKnowledge(\n        name=\"Prisoners\",\n        director=\"Denis Villeneuve\",\n        release_year=2013,\n        actors=[\"Hugh Jackman\", \"Jake Gyllenhaal\", \"Viola Davis\"],\n        language=\"English\",\n        rating=8.1,\n        genre='crime',\n        award_winning=False,\n        streaming_service='Hulu',\n        country_of_origin=\"USA\",\n        duration=153\n    ),\n    ThrillerMovieKnowledge(\n        name=\"Zodiac\",\n        director=\"David Fincher\",\n        release_year=2007,\n        actors=[\"Jake Gyllenhaal\", \"Robert Downey Jr.\", \"Mark Ruffalo\"],\n        language=\"English\",\n        rating=7.7,\n        genre='mystery',\n        award_winning=False,\n        streaming_service='Netflix',\n        country_of_origin=\"USA\",\n        duration=157\n    ),\n    ThrillerMovieKnowledge(\n        name=\"Shutter Island\",\n        director=\"Martin Scorsese\",\n        release_year=2010,\n        actors=[\"Leonardo DiCaprio\", \"Mark Ruffalo\", \"Ben Kingsley\"],\n        language=\"English\",\n        rating=8.2,\n        genre='psychological',\n        award_winning=False,\n        streaming_service='Amazon Prime',\n        country_of_origin=\"USA\",\n        duration=138\n    ),\n    ThrillerMovieKnowledge(\n        name=\"The Girl with the Dragon Tattoo\",\n        director=\"David Fincher\",\n        release_year=2011,\n        actors=[\"Daniel Craig\", \"Rooney Mara\", \"Christopher Plummer\"],\n        language=\"English\",\n        rating=7.8,\n        genre='mystery',\n        award_winning=False,\n        streaming_service='HBO Max',\n        country_of_origin=\"USA\",\n        duration=158\n    ),\n    ThrillerMovieKnowledge(\n        name=\"Nightcrawler\",\n        director=\"Dan Gilroy\",\n        release_year=2014,\n        actors=[\"Jake Gyllenhaal\", \"Rene Russo\", \"Bill Paxton\"],\n        language=\"English\",\n        rating=7.8,\n        genre='crime',\n        award_winning=False,\n        streaming_service='Netflix',\n        country_of_origin=\"USA\",\n        duration=117\n    ),\n    ThrillerMovieKnowledge(\n        name=\"The Sixth Sense\",\n        director=\"M. Night Shyamalan\",\n        release_year=1999,\n        actors=[\"Bruce Willis\", \"Haley Joel Osment\", \"Toni Collette\"],\n        language=\"English\",\n        rating=8.1,\n        genre='psychological',\n        award_winning=True,\n        streaming_service='Amazon Prime',\n        country_of_origin=\"USA\",\n        duration=107\n    ),\n    ThrillerMovieKnowledge(\n        name=\"Gone Baby Gone\",\n        director=\"Ben Affleck\",\n        release_year=2007,\n        actors=[\"Casey Affleck\", \"Michelle Monaghan\", \"Morgan Freeman\"],\n        language=\"English\",\n        rating=7.7,\n        genre='crime',\n        award_winning=False,\n        streaming_service='Hulu',\n        country_of_origin=\"USA\",\n        duration=113\n    )\n]\n```",
    "database": [
      {
        "name": "Shutter Island",
        "director": "Martin Scorsese",
        "release_year": 2010,
        "actors": [
          "Leonardo DiCaprio",
          "Mark Ruffalo",
          "Ben Kingsley"
        ],
        "language": "English",
        "rating": 8.2,
        "genre": "psychological",
        "award_winning": false,
        "streaming_service": "Amazon Prime",
        "country_of_origin": "USA",
        "duration": 138
      },
      {
        "name": "The Sixth Sense",
        "director": "M. Night Shyamalan",
        "release_year": 1999,
        "actors": [
          "Bruce Willis",
          "Haley Joel Osment",
          "Toni Collette"
        ],
        "language": "English",
        "rating": 8.1,
        "genre": "psychological",
        "award_winning": true,
        "streaming_service": "Amazon Prime",
        "country_of_origin": "USA",
        "duration": 107
      },
      {
        "name": "The Silence of the Lambs",
        "director": "Jonathan Demme",
        "release_year": 1991,
        "actors": [
          "Jodie Foster",
          "Anthony Hopkins",
          "Scott Glenn"
        ],
        "language": "English",
        "rating": 8.6,
        "genre": "psychological",
        "award_winning": true,
        "streaming_service": "Amazon Prime",
        "country_of_origin": "USA",
        "duration": 118
      },
      {
        "name": "Prisoners",
        "director": "Denis Villeneuve",
        "release_year": 2013,
        "actors": [
          "Hugh Jackman",
          "Jake Gyllenhaal",
          "Viola Davis"
        ],
        "language": "English",
        "rating": 8.1,
        "genre": "crime",
        "award_winning": false,
        "streaming_service": "Netflix",
        "country_of_origin": "USA",
        "duration": 153
      },
      {
        "name": "Prisoners",
        "director": "Denis Villeneuve",
        "release_year": 2013,
        "actors": [
          "Hugh Jackman",
          "Jake Gyllenhaal",
          "Viola Davis"
        ],
        "language": "English",
        "rating": 8.1,
        "genre": "crime",
        "award_winning": false,
        "streaming_service": "Hulu",
        "country_of_origin": "USA",
        "duration": 153
      },
      {
        "name": "Gone Baby Gone",
        "director": "Ben Affleck",
        "release_year": 2007,
        "actors": [
          "Casey Affleck",
          "Michelle Monaghan",
          "Morgan Freeman"
        ],
        "language": "English",
        "rating": 7.7,
        "genre": "crime",
        "award_winning": false,
        "streaming_service": "Hulu",
        "country_of_origin": "USA",
        "duration": 113
      },
      {
        "name": "Se7en",
        "director": "David Fincher",
        "release_year": 1995,
        "actors": [
          "Morgan Freeman",
          "Brad Pitt",
          "Kevin Spacey"
        ],
        "language": "English",
        "rating": 8.6,
        "genre": "psychological",
        "award_winning": true,
        "streaming_service": "HBO Max",
        "country_of_origin": "USA",
        "duration": 127
      },
      {
        "name": "Nightcrawler",
        "director": "Dan Gilroy",
        "release_year": 2014,
        "actors": [
          "Jake Gyllenhaal",
          "Rene Russo",
          "Bill Paxton"
        ],
        "language": "English",
        "rating": 7.8,
        "genre": "crime",
        "award_winning": false,
        "streaming_service": "Netflix",
        "country_of_origin": "USA",
        "duration": 117
      },
      {
        "name": "The Girl with the Dragon Tattoo",
        "director": "David Fincher",
        "release_year": 2011,
        "actors": [
          "Daniel Craig",
          "Rooney Mara",
          "Christopher Plummer"
        ],
        "language": "English",
        "rating": 7.8,
        "genre": "mystery",
        "award_winning": false,
        "streaming_service": "HBO Max",
        "country_of_origin": "USA",
        "duration": 158
      },
      {
        "name": "Se7en",
        "director": "David Fincher",
        "release_year": 1995,
        "actors": [
          "Morgan Freeman",
          "Brad Pitt",
          "Kevin Spacey"
        ],
        "language": "English",
        "rating": 8.6,
        "genre": "crime",
        "award_winning": true,
        "streaming_service": "HBO Max",
        "country_of_origin": "USA",
        "duration": 127
      },
      {
        "name": "Gone Girl",
        "director": "David Fincher",
        "release_year": 2014,
        "actors": [
          "Ben Affleck",
          "Rosamund Pike",
          "Neil Patrick Harris"
        ],
        "language": "English",
        "rating": 7.8,
        "genre": "mystery",
        "award_winning": true,
        "streaming_service": "Amazon Prime",
        "country_of_origin": "USA",
        "duration": 149
      },
      {
        "name": "Gone Girl",
        "director": "David Fincher",
        "release_year": 2014,
        "actors": [
          "Ben Affleck",
          "Rosamund Pike",
          "Neil Patrick Harris"
        ],
        "language": "English",
        "rating": 7.8,
        "genre": "mystery",
        "award_winning": true,
        "streaming_service": "Netflix",
        "country_of_origin": "USA",
        "duration": 149
      },
      {
        "name": "Zodiac",
        "director": "David Fincher",
        "release_year": 2007,
        "actors": [
          "Jake Gyllenhaal",
          "Robert Downey Jr.",
          "Mark Ruffalo"
        ],
        "language": "English",
        "rating": 7.7,
        "genre": "mystery",
        "award_winning": false,
        "streaming_service": "Netflix",
        "country_of_origin": "USA",
        "duration": 157
      }
    ],
    "goal": {
      "name": "Prisoners",
      "director": "Denis Villeneuve",
      "release_year": 2013,
      "actors": [
        "Hugh Jackman",
        "Jake Gyllenhaal",
        "Viola Davis"
      ],
      "language": "English",
      "rating": 8.1,
      "genre": "crime",
      "award_winning": false,
      "streaming_service": "Netflix",
      "country_of_origin": "USA",
      "duration": 153
    },
    "status": "complete"
  },
  {
    "domain": "rom-com",
    "turns": [
      [
        "Thanks! By the way, do you know any good rom-coms with Ryan Gosling?",
        {
          "name": null,
          "actor": "Ryan Gosling",
          "theme": null,
          "decade": null,
          "language": null,
          "rating": null,
          "director": null,
          "subgenre": null
        },
        "Yes! \"Crazy, Stupid, Love.\" is a great rom-com with Ryan Gosling."
      ],
      [
        "Nice! Is it set in a workplace theme?",
        {
          "name": "Crazy, Stupid, Love.",
          "actor": "Ryan Gosling",
          "theme": "workplace",
          "decade": null,
          "language": null,
          "rating": null,
          "director": null,
          "subgenre": null
        },
        "Yes, \"Crazy, Stupid, Love.\" has a workplace theme!"
      ],
      [
        "Cool! What decade was it released in?",
        {
          "name": "Crazy, Stupid, Love.",
          "actor": "Ryan Gosling",
          "theme": "workplace",
          "decade": "2010s",
          "language": null,
          "rating": null,
          "director": null,
          "subgenre": null
        },
        "It was released in the 2010s."
      ],
      [
        "Perfect! Is it in English and rated PG-13?",
        {
          "name": "Crazy, Stupid, Love.",
          "actor": "Ryan Gosling",
          "theme": "workplace",
          "decade": "2010s",
          "language": "English",
          "rating": "PG-13",
          "director": null,
          "subgenre": null
        },
        "Yes, it's in English and rated PG-13!"
      ]
    ],
    "preferences_code": "```python\npreferences = RomComPreferences(\n    name=None,\n    actor='Ryan Gosling',\n    theme='workplace',\n    decade='2010s',\n    language='English',\n    rating='PG-13',\n    director=None,\n    subgenre='comedy'\n)\n```",
    "red_herrings_code": "```python\n# Global variable to store a list of similar rom-com examples\nsimilar_romcoms = [\n    RomComKnowledge(\n        name='She\u2019s All That',\n        actor='Freddie Prinze Jr.',\n        theme='high school',\n        decade='1990s',\n        language='English',\n        rating='PG-13',\n        director='Robert Iscove',\n        subgenre='comedy',\n    ),\n    RomComKnowledge(\n        name='10 Things I Hate About Life',\n        actor='Evan Rachel Wood',\n        theme='high school',\n        decade='2010s',\n        language='English',\n        rating='R',\n        director='Gil Junger',\n        subgenre='comedy',\n    ),\n    RomComKnowledge(\n        name='Crazy, Stupid, Love.',\n        actor='Ryan Gosling',\n        theme='workplace',\n        decade='2010s',\n        language='English',\n        rating='PG-13',\n        director='Glenn Ficarra',\n        subgenre='comedy',\n    ),\n]\n```",
    "database_code": "```python\n# Global variable representing a list of rom-com examples\nrom_com_examples = [\n    RomComKnowledge(\n        name=\"When Harry Met Sally\",\n        actor=\"Billy Crystal\",\n        theme=\"high school\",\n        decade=\"1980s\",\n        language=\"English\",\n        rating=\"R\",\n        director=\"Rob Reiner\",\n        subgenre=\"comedy\"\n    ),\n    RomComKnowledge(\n        name=\"10 Things I Hate About You\",\n        actor=\"Heath Ledger\",\n        theme=\"high school\",\n        decade=\"1990s\",\n        language=\"English\",\n        rating=\"PG-13\",\n        director=\"Gil Junger\",\n        subgenre=\"comedy\"\n    ),\n    RomComKnowledge(\n        name=\"Crazy, Stupid, Love.\",\n        actor=\"Ryan Gosling\",\n        theme=\"workplace\",\n        decade=\"2010s\",\n        language=\"English\",\n        rating=\"PG-13\",\n        director=\"Glenn Ficarra\",\n        subgenre=\"comedy\"\n    ),\n    RomComKnowledge(\n        name=\"The Proposal\",\n        actor=\"Sandra Bullock\",\n        theme=\"workplace\",\n        decade=\"2000s\",\n        language=\"English\",\n        rating=\"PG-13\",\n        director=\"Anne Fletcher\",\n        subgenre=\"comedy\"\n    ),\n    RomComKnowledge(\n        name=\"Notting Hill\",\n        actor=\"Julia Roberts\",\n        theme=\"holiday\",\n        decade=\"1990s\",\n        language=\"English\",\n        rating=\"PG-13\",\n        director=\"Roger Michell\",\n        subgenre=\"comedy\"\n    ),\n    RomComKnowledge(\n        name=\"The Princess Diaries\",\n        actor=\"Anne Hathaway\",\n        theme=\"fantasy\",\n        decade=\"2000s\",\n        language=\"English\",\n        rating=\"G\",\n        director=\"Garry Marshall\",\n        subgenre=\"comedy\"\n    ),\n    RomComKnowledge(\n        name=\"La La Land\",\n        actor=\"Ryan Gosling\",\n        theme=\"workplace\",\n        decade=\"2010s\",\n        language=\"English\",\n        rating=\"PG-13\",\n        director=\"Damien Chazelle\",\n        subgenre=\"musical\"\n    ),\n    RomComKnowledge(\n        name=\"Bridget Jones's Diary\",\n        actor=\"Ren\u00e9e Zellweger\",\n        theme=\"workplace\",\n        decade=\"2000s\",\n        language=\"English\",\n        rating=\"R\",\n        director=\"Sharon Maguire\",\n        subgenre=\"comedy\"\n    ),\n    RomComKnowledge(\n        name=\"Love Actually\",\n        actor=\"Hugh Grant\",\n        theme=\"holiday\",\n        decade=\"2000s\",\n        language=\"English\",\n        rating=\"R\",\n        director=\"Richard Curtis\",\n        subgenre=\"comedy\"\n    ),\n    RomComKnowledge(\n        name=\"500 Days of Summer\",\n        actor=\"Joseph Gordon-Levitt\",\n        theme=\"workplace\",\n        decade=\"2000s\",\n        language=\"English\",\n        rating=\"PG-13\",\n        director=\"Marc Webb\",\n        subgenre=\"drama\"\n    )\n]\n```",
    "database": [
      {
        "name": "10 Things I Hate About You",
        "actor": "Heath Ledger",
        "theme": "high school",
        "decade": "1990s",
        "language": "English",
        "rating": "PG-13",
        "director": "Gil Junger",
        "subgenre": "comedy"
      },
      {
        "name": "Crazy, Stupid, Love.",
        "actor": "Ryan Gosling",
        "theme": "workplace",
        "decade": "2010s",
        "language": "English",
        "rating": "PG-13",
        "director": "Glenn Ficarra",
        "subgenre": "comedy"
      },
      {
        "name": "Love Actually",
        "actor": "Hugh Grant",
        "theme": "holiday",
        "decade": "2000s",
        "language": "English",
        "rating": "R",
        "director": "Richard Curtis",
        "subgenre": "comedy"
      },
      {
        "name": "The Princess Diaries",
        "actor": "Anne Hathaway",
        "theme": "fantasy",
        "decade": "2000s",
        "language": "English",
        "rating": "G",
        "director": "Garry Marshall",
        "subgenre": "comedy"
      },
      {
        "name": "10 Things I Hate About Life",
        "actor": "Evan Rachel Wood",
        "theme": "high school",
        "decade": "2010s",
        "language": "English",
        "rating": "R",
        "director": "Gil Junger",
        "subgenre": "comedy"
      },
      {
        "name": "La La Land",
        "actor": "Ryan Gosling",
        "theme": "workplace",
        "decade": "2010s",
        "language": "English",
        "rating": "PG-13",
        "director": "Damien Chazelle",
        "subgenre": "musical"
      },
      {
        "name": "When Harry Met Sally",
        "actor": "Billy Crystal",
        "theme": "high school",
        "decade": "1980s",
        "language": "English",
        "rating": "R",
        "director": "Rob Reiner",
        "subgenre": "comedy"
      },
      {
        "name": "Crazy, Stupid, Love.",
        "actor": "Ryan Gosling",
        "theme": "workplace",
        "decade": "2010s",
        "language": "English",
        "rating": "PG-13",
        "director": "Glenn Ficarra",
        "subgenre": "comedy"
      },
      {
        "name": "500 Days of Summer",
        "actor": "Joseph Gordon-Levitt",
        "theme": "workplace",
        "decade": "2000s",
        "language": "English",
        "rating": "PG-13",
        "director": "Marc Webb",
        "subgenre": "drama"
      },
      {
        "name": "Notting Hill",
        "actor": "Julia Roberts",
        "theme": "holiday",
        "decade": "1990s",
        "language": "English",
        "rating": "PG-13",
        "director": "Roger Michell",
        "subgenre": "comedy"
      },
      {
        "name": "Bridget Jones's Diary",
        "actor": "Ren\u00e9e Zellweger",
        "theme": "workplace",
        "decade": "2000s",
        "language": "English",
        "rating": "R",
        "director": "Sharon Maguire",
        "subgenre": "comedy"
      },
      {
        "name": "She\u2019s All That",
        "actor": "Freddie Prinze Jr.",
        "theme": "high school",
        "decade": "1990s",
        "language": "English",
        "rating": "PG-13",
        "director": "Robert Iscove",
        "subgenre": "comedy"
      },
      {
        "name": "The Proposal",
        "actor": "Sandra Bullock",
        "theme": "workplace",
        "decade": "2000s",
        "language": "English",
        "rating": "PG-13",
        "director": "Anne Fletcher",
        "subgenre": "comedy"
      }
    ],
    "goal": {
      "name": "Crazy, Stupid, Love.",
      "actor": "Ryan Gosling",
      "theme": "workplace",
      "decade": "2010s",
      "language": "English",
      "rating": "PG-13",
      "director": "Glenn Ficarra",
      "subgenre": "comedy"
    },
    "status": "complete"
  },
  {
    "domain": "documentary",
    "turns": [
      [
        "Awesome! Now, do you know any good documentaries about technology?",
        {
          "name": null,
          "topic": "technology",
          "length": null,
          "release_year": null,
          "language": null,
          "age_rating": null,
          "platform": null,
          "director": null,
          "awards": null,
          "subtitles": null,
          "hd_available": null
        },
        "Yes, \"The Social Dilemma\" is a great documentary about technology."
      ],
      [
        "Nice! Who directed \"The Social Dilemma\"?",
        {
          "name": "The Social Dilemma",
          "topic": "technology",
          "length": null,
          "release_year": null,
          "language": "English",
          "age_rating": "PG-13",
          "platform": "Netflix",
          "director": null,
          "awards": null,
          "subtitles": null,
          "hd_available": null
        },
        "It was directed by Jeff Orlowski."
      ],
      [
        "Perfect! Did it win any awards?",
        {
          "name": "The Social Dilemma",
          "topic": "technology",
          "length": null,
          "release_year": null,
          "language": "English",
          "age_rating": "PG-13",
          "platform": "Netflix",
          "director": "Jeff Orlowski",
          "awards": null,
          "subtitles": null,
          "hd_available": null
        },
        "Yes, \"The Social Dilemma\" has won awards!"
      ],
      [
        "Awesome! Is it available on Netflix?",
        {
          "name": "The Social Dilemma",
          "topic": "technology",
          "length": null,
          "release_year": null,
          "language": "English",
          "age_rating": "PG-13",
          "platform": "Netflix",
          "director": "Jeff Orlowski",
          "awards": true,
          "subtitles": null,
          "hd_available": null
        },
        "Yes, it's available on Netflix!"
      ]
    ],
    "preferences_code": "```python\npreferences = DocumentaryCriteria(\n    name='The Social Dilemma',\n    topic='Technology',\n    length=94,\n    release_year=2020,\n    language='English',\n    age_rating='PG-13',\n    platform='Netflix',\n    director='Jeff Orlowski',\n    awards=True,\n    subtitles=True,\n    hd_available=True,\n)\n```",
    "red_herrings_code": "```python\n# Global variable containing a list of documentary examples\nsimilar_documentaries = [\n    DocumentaryInfo(\n        name='My Octopus Teacher',\n        topic='Nature',\n        length=85,\n        release_year=2020,\n        language='English',\n        age_rating='PG',\n        platform='Netflix',\n        director='Pippa Ehrlich, James Reed',\n        awards=True,\n        subtitles=True,\n        hd_available=True,\n    ),\n    DocumentaryInfo(\n        name='The Social Dilemma',\n        topic='Technology',\n        length=94,\n        release_year=2020,\n        language='English',\n        age_rating='PG-13',\n        platform='Netflix',\n        director='Jeff Orlowski',\n        awards=True,\n        subtitles=True,\n        hd_available=True,\n    ),\n    DocumentaryInfo(\n        name='Our Planet',\n        topic='Nature',\n        length=50,\n        release_year=2019,\n        language='English',\n        age_rating='G',\n        platform='Netflix',\n        director='Alastair Fothergill, Keith Scholey',\n        awards=True,\n        subtitles=True,\n        hd_available=True,\n    ),\n]\n```",
    "database_code": "```python\n# Global variable to hold a list of documentary examples\ndocumentaries: list[DocumentaryInfo] = [\n    DocumentaryInfo(\n        name=\"The Social Dilemma\",\n        topic=\"Social Media\",\n        length=94,\n        release_year=2020,\n        language=\"English\",\n        age_rating='PG-13',\n        platform=\"Netflix\",\n        director=\"Jeff Orlowski\",\n        awards=True,\n        subtitles=True,\n        hd_available=True\n    ),\n    DocumentaryInfo(\n        name=\"My Octopus Teacher\",\n        topic=\"Nature\",\n        length=85,\n        release_year=2020,\n        language=\"English\",\n        age_rating='PG',\n        platform=\"Netflix\",\n        director=\"Pippa Ehrlich, James Reed\",\n        awards=True,\n        subtitles=True,\n        hd_available=True\n    ),\n    DocumentaryInfo(\n        name=\"13th\",\n        topic=\"Race and Justice\",\n        length=100,\n        release_year=2016,\n        language=\"English\",\n        age_rating='PG-13',\n        platform=\"Netflix\",\n        director=\"Ava DuVernay\",\n        awards=True,\n        subtitles=True,\n        hd_available=True\n    ),\n    DocumentaryInfo(\n        name=\"Planet Earth II\",\n        topic=\"Nature\",\n        length=360,\n        release_year=2016,\n        language=\"English\",\n        age_rating='G',\n        platform=\"BBC\",\n        director=\"David Attenborough\",\n        awards=True,\n        subtitles=False,\n        hd_available=True\n    ),\n    DocumentaryInfo(\n        name=\"Won't You Be My Neighbor?\",\n        topic=\"Biography\",\n        length=94,\n        release_year=2018,\n        language=\"English\",\n        age_rating='PG-13',\n        platform=\"HBO\",\n        director=\"Morgan Neville\",\n        awards=True,\n        subtitles=True,\n        hd_available=True\n    ),\n    DocumentaryInfo(\n        name=\"Jiro Dreams of Sushi\",\n        topic=\"Food\",\n        length=81,\n        release_year=2011,\n        language=\"Japanese\",\n        age_rating='PG',\n        platform=\"Amazon Prime\",\n        director=\"David Gelb\",\n        awards=False,\n        subtitles=True,\n        hd_available=True\n    ),\n    DocumentaryInfo(\n        name=\"The Act of Killing\",\n        topic=\"History\",\n        length=159,\n        release_year=2012,\n        language=\"Indonesian\",\n        age_rating='NR',\n        platform=\"Amazon Prime\",\n        director=\"Joshua Oppenheimer\",\n        awards=True,\n        subtitles=True,\n        hd_available=False\n    ),\n    DocumentaryInfo(\n        name=\"Inside Bill's Brain: Decoding Bill Gates\",\n        topic=\"Biography\",\n        length=210,\n        release_year=2019,\n        language=\"English\",\n        age_rating='TV-PG',\n        platform=\"Netflix\",\n        director=\"Davis Guggenheim\",\n        awards=False,\n        subtitles=True,\n        hd_available=True\n    ),\n    DocumentaryInfo(\n        name=\"American Factory\",\n        topic=\"Labor\",\n        length=115,\n        release_year=2019,\n        language=\"English, Mandarin\",\n        age_rating='PG-13',\n        platform=\"Netflix\",\n        director=\"Julia Reichert, Steven Bognar\",\n        awards=True,\n        subtitles=True,\n        hd_available=True\n    ),\n    DocumentaryInfo(\n        name=\"The Ivory Game\",\n        topic=\"Wildlife Conservation\",\n        length=112,\n        release_year=2016,\n        language=\"English\",\n        age_rating='PG-13',\n        platform=\"Netflix\",\n        director=\"Kief Davidson, Richard Ladkani\",\n        awards=False,\n        subtitles=True,\n        hd_available=True\n    )\n]\n```",
    "database": [
      {
        "name": "My Octopus Teacher",
        "topic": "Nature",
        "length": 85,
        "release_year": 2020,
        "language": "English",
        "age_rating": "PG",
        "platform": "Netflix",
        "director": "Pippa Ehrlich, James Reed",
        "awards": true,
        "subtitles": true,
        "hd_available": true
      },
      {
        "name": "Won't You Be My Neighbor?",
        "topic": "Biography",
        "length": 94,
        "release_year": 2018,
        "language": "English",
        "age_rating": "PG-13",
        "platform": "HBO",
        "director": "Morgan Neville",
        "awards": true,
        "subtitles": true,
        "hd_available": true
      },
      {
        "name": "The Act of Killing",
        "topic": "History",
        "length": 159,
        "release_year": 2012,
        "language": "Indonesian",
        "age_rating": "NR",
        "platform": "Amazon Prime",
        "director": "Joshua Oppenheimer",
        "awards": true,
        "subtitles": true,
        "hd_available": false
      },
      {
        "name": "Inside Bill's Brain: Decoding Bill Gates",
        "topic": "Biography",
        "length": 210,
        "release_year": 2019,
        "language": "English",
        "age_rating": "TV-PG",
        "platform": "Netflix",
        "director": "Davis Guggenheim",
        "awards": false,
        "subtitles": true,
        "hd_available": true
      },
      {
        "name": "American Factory",
        "topic": "Labor",
        "length": 115,
        "release_year": 2019,
        "language": "English, Mandarin",
        "age_rating": "PG-13",
        "platform": "Netflix",
        "director": "Julia Reichert, Steven Bognar",
        "awards": true,
        "subtitles": true,
        "hd_available": true
      },
      {
        "name": "Jiro Dreams of Sushi",
        "topic": "Food",
        "length": 81,
        "release_year": 2011,
        "language": "Japanese",
        "age_rating": "PG",
        "platform": "Amazon Prime",
        "director": "David Gelb",
        "awards": false,
        "subtitles": true,
        "hd_available": true
      },
      {
        "name": "Our Planet",
        "topic": "Nature",
        "length": 50,
        "release_year": 2019,
        "language": "English",
        "age_rating": "G",
        "platform": "Netflix",
        "director": "Alastair Fothergill, Keith Scholey",
        "awards": true,
        "subtitles": true,
        "hd_available": true
      },
      {
        "name": "My Octopus Teacher",
        "topic": "Nature",
        "length": 85,
        "release_year": 2020,
        "language": "English",
        "age_rating": "PG",
        "platform": "Netflix",
        "director": "Pippa Ehrlich, James Reed",
        "awards": true,
        "subtitles": true,
        "hd_available": true
      },
      {
        "name": "The Ivory Game",
        "topic": "Wildlife Conservation",
        "length": 112,
        "release_year": 2016,
        "language": "English",
        "age_rating": "PG-13",
        "platform": "Netflix",
        "director": "Kief Davidson, Richard Ladkani",
        "awards": false,
        "subtitles": true,
        "hd_available": true
      },
      {
        "name": "13th",
        "topic": "Race and Justice",
        "length": 100,
        "release_year": 2016,
        "language": "English",
        "age_rating": "PG-13",
        "platform": "Netflix",
        "director": "Ava DuVernay",
        "awards": true,
        "subtitles": true,
        "hd_available": true
      },
      {
        "name": "Planet Earth II",
        "topic": "Nature",
        "length": 360,
        "release_year": 2016,
        "language": "English",
        "age_rating": "G",
        "platform": "BBC",
        "director": "David Attenborough",
        "awards": true,
        "subtitles": false,
        "hd_available": true
      },
      {
        "name": "The Social Dilemma",
        "topic": "Technology",
        "length": 94,
        "release_year": 2020,
        "language": "English",
        "age_rating": "PG-13",
        "platform": "Netflix",
        "director": "Jeff Orlowski",
        "awards": true,
        "subtitles": true,
        "hd_available": true
      },
      {
        "name": "The Social Dilemma",
        "topic": "Social Media",
        "length": 94,
        "release_year": 2020,
        "language": "English",
        "age_rating": "PG-13",
        "platform": "Netflix",
        "director": "Jeff Orlowski",
        "awards": true,
        "subtitles": true,
        "hd_available": true
      }
    ],
    "goal": {
      "name": "The Social Dilemma",
      "topic": "Technology",
      "length": 94,
      "release_year": 2020,
      "language": "English",
      "age_rating": "PG-13",
      "platform": "Netflix",
      "director": "Jeff Orlowski",
      "awards": true,
      "subtitles": true,
      "hd_available": true
    },
    "status": "complete"
  }
]