[
  {
    "searcher": "homeowner",
    "recommender": "architect",
    "dialogue": "A homeowner is getting help from a architect to find the right house design",
    "item_type": "house design",
    "criteria": [
      "style",
      "size",
      "budget"
    ],
    "searcher_schema_code": "```python\nfrom dataclasses import dataclass\nfrom typing import Optional, Literal\n\n@dataclass\nclass HouseDesignCriteria:\n    \"\"\"\n    Dataclass to represent the preferences and criteria for finding a house design.\n    \"\"\"\n    \n    name: Optional[str] = None\n    \"\"\"The specific name of a house design if the homeowner has one in mind.\"\"\"\n    \n    style: Optional[Literal['Modern', 'Contemporary', 'Colonial', 'Victorian', 'Ranch']] = None\n    \"\"\"The style of the house, represented by a fixed set of possible values.\"\"\"\n    \n    size: Optional[int] = None\n    \"\"\"The size of the house in square feet.\"\"\"\n    \n    bedrooms: Optional[int] = None\n    \"\"\"The number of bedrooms desired in the house.\"\"\"\n    \n    bathrooms: Optional[int] = None\n    \"\"\"The number of bathrooms desired in the house.\"\"\"\n    \n    budget: Optional[float] = None\n    \"\"\"The maximum budget for the house design in USD.\"\"\"\n    \n    garage: Optional[Literal['Attached', 'Detached', 'None']] = None\n    \"\"\"The preference for garage type, with fixed possible values.\"\"\"\n    \n    floors: Optional[int] = None\n    \"\"\"The number of floors in the house.\"\"\"\n    \n    eco_friendly: Optional[bool] = None\n    \"\"\"Indicates if the homeowner prefers an eco-friendly house design.\"\"\"\n    \n    region: Optional[str] = None\n    \"\"\"The geographic region or climate where the house is to be built.\"\"\"\n    \n    material: Optional[Literal['Brick', 'Wood', 'Concrete', 'Steel']] = None\n    \"\"\"Preferred primary material to be used in the construction of the house.\"\"\"\n```\n",
    "recommender_schema_code": "```python\nfrom dataclasses import dataclass\nfrom typing import Optional, Literal\n\n@dataclass\nclass HouseDesign:\n    \"\"\"\n    Dataclass to represent the architect's knowledge of each house design.\n    \"\"\"\n\n    name: Optional[str] = None\n    \"\"\"The name of the house design.\"\"\"\n\n    style: Optional[Literal['Modern', 'Contemporary', 'Colonial', 'Victorian', 'Ranch']] = None\n    \"\"\"The style of the house.\"\"\"\n\n    size: Optional[int] = None\n    \"\"\"The size of the house in square feet.\"\"\"\n\n    bedrooms: Optional[int] = None\n    \"\"\"The number of bedrooms in the house.\"\"\"\n\n    bathrooms: Optional[int] = None\n    \"\"\"The number of bathrooms in the house.\"\"\"\n\n    budget: Optional[float] = None\n    \"\"\"The estimated cost of the house design in USD.\"\"\"\n\n    garage: Optional[Literal['Attached', 'Detached', 'None']] = None\n    \"\"\"The type of garage in the house design.\"\"\"\n\n    floors: Optional[int] = None\n    \"\"\"The number of floors in the house.\"\"\"\n\n    eco_friendly: Optional[bool] = None\n    \"\"\"Indicates if the house design is eco-friendly.\"\"\"\n\n    region: Optional[str] = None\n    \"\"\"The geographic region or climate suitable for the house design.\"\"\"\n\n    material: Optional[Literal['Brick', 'Wood', 'Concrete', 'Steel']] = None\n    \"\"\"Primary material used in the construction of the house.\"\"\"\n\n    def matches_criteria(self, criteria: HouseDesignCriteria) -> bool:\n        \"\"\"\n        Determines if the house design matches the given search criteria.\n\n        Args:\n            criteria (HouseDesignCriteria): The search criteria to match against.\n\n        Returns:\n            bool: True if the house design matches the search criteria, False otherwise.\n        \"\"\"\n        if criteria.name and self.name != criteria.name:\n            return False\n        if criteria.style and self.style != criteria.style:\n            return False\n        if criteria.size and self.size != criteria.size:\n            return False\n        if criteria.bedrooms and self.bedrooms != criteria.bedrooms:\n            return False\n        if criteria.bathrooms and self.bathrooms != criteria.bathrooms:\n            return False\n        if criteria.budget and (self.budget is None or self.budget > criteria.budget):\n            return False\n        if criteria.garage and self.garage != criteria.garage:\n            return False\n        if criteria.floors and self.floors != criteria.floors:\n            return False\n        if criteria.eco_friendly is not None and self.eco_friendly != criteria.eco_friendly:\n            return False\n        if criteria.region and self.region != criteria.region:\n            return False\n        if criteria.material and self.material != criteria.material:\n            return False\n        return True\n```",
    "searcher_schema": {
      "name": {
        "type": "typing.Optional[str]",
        "desc": ""
      },
      "style": {
        "type": "typing.Optional[typing.Literal['Modern', 'Contemporary', 'Colonial', 'Victorian', 'Ranch']]",
        "desc": "The specific name of a house design if the homeowner has one in mind."
      },
      "size": {
        "type": "typing.Optional[int]",
        "desc": "The style of the house, represented by a fixed set of possible values."
      },
      "bedrooms": {
        "type": "typing.Optional[int]",
        "desc": "The size of the house in square feet."
      },
      "bathrooms": {
        "type": "typing.Optional[int]",
        "desc": "The number of bedrooms desired in the house."
      },
      "budget": {
        "type": "typing.Optional[float]",
        "desc": "The number of bathrooms desired in the house."
      },
      "garage": {
        "type": "typing.Optional[typing.Literal['Attached', 'Detached', 'None']]",
        "desc": "The maximum budget for the house design in USD."
      },
      "floors": {
        "type": "typing.Optional[int]",
        "desc": "The preference for garage type, with fixed possible values."
      },
      "eco_friendly": {
        "type": "typing.Optional[bool]",
        "desc": "The number of floors in the house."
      },
      "region": {
        "type": "typing.Optional[str]",
        "desc": "Indicates if the homeowner prefers an eco-friendly house design."
      },
      "material": {
        "type": "typing.Optional[typing.Literal['Brick', 'Wood', 'Concrete', 'Steel']]",
        "desc": "The geographic region or climate where the house is to be built."
      }
    },
    "recommender_schema": {
      "name": {
        "type": "typing.Optional[str]",
        "desc": ""
      },
      "style": {
        "type": "typing.Optional[typing.Literal['Modern', 'Contemporary', 'Colonial', 'Victorian', 'Ranch']]",
        "desc": "The name of the house design."
      },
      "size": {
        "type": "typing.Optional[int]",
        "desc": "The style of the house."
      },
      "bedrooms": {
        "type": "typing.Optional[int]",
        "desc": "The size of the house in square feet."
      },
      "bathrooms": {
        "type": "typing.Optional[int]",
        "desc": "The number of bedrooms in the house."
      },
      "budget": {
        "type": "typing.Optional[float]",
        "desc": "The number of bathrooms in the house."
      },
      "garage": {
        "type": "typing.Optional[typing.Literal['Attached', 'Detached', 'None']]",
        "desc": "The estimated cost of the house design in USD."
      },
      "floors": {
        "type": "typing.Optional[int]",
        "desc": "The type of garage in the house design."
      },
      "eco_friendly": {
        "type": "typing.Optional[bool]",
        "desc": "The number of floors in the house."
      },
      "region": {
        "type": "typing.Optional[str]",
        "desc": "Indicates if the house design is eco-friendly."
      },
      "material": {
        "type": "typing.Optional[typing.Literal['Brick', 'Wood', 'Concrete', 'Steel']]",
        "desc": "The geographic region or climate suitable for the house design."
      }
    }
  },
  {
    "searcher": "homeowner",
    "recommender": "architect",
    "dialogue": "A homeowner is getting help from a architect to find the right materials",
    "item_type": "materials",
    "criteria": [
      "type",
      "color",
      "texture"
    ],
    "searcher_schema_code": "```python\nfrom dataclasses import dataclass\nfrom typing import Optional, Literal\n\n@dataclass\nclass MaterialCriteria:\n    \"\"\"Dataclass to represent the criteria and preferences for selecting materials.\"\"\"\n    \n    name: Optional[str] = None\n    \"\"\"The specific name of the material, if looking for one.\"\"\"\n    \n    type: Optional[Literal['wood', 'metal', 'plastic', 'glass', 'stone']] = None\n    \"\"\"The type of material, chosen from a fixed set of possible material types.\"\"\"\n    \n    color: Optional[str] = None\n    \"\"\"The color preference for the material.\"\"\"\n    \n    texture: Optional[Literal['smooth', 'rough', 'matte', 'glossy']] = None\n    \"\"\"The texture preference for the material, specifying a fixed set of textures.\"\"\"\n    \n    durability: Optional[int] = None\n    \"\"\"Durability level of the material, represented as an integer (e.g., scale from 1 to 10).\"\"\"\n    \n    cost: Optional[Literal['low', 'medium', 'high']] = None\n    \"\"\"The cost preference for the material, defined in terms of price range categories.\"\"\"\n    \n    eco_friendly: Optional[bool] = None\n    \"\"\"Indicates whether the material should be eco-friendly.\"\"\"\n    \n    supplier: Optional[str] = None\n    \"\"\"Preferred supplier or manufacturer of the material, if any.\"\"\"\n```",
    "recommender_schema_code": "```python\nfrom dataclasses import dataclass\nfrom typing import Optional, Literal\n\n@dataclass\nclass MaterialKnowledge:\n    \"\"\"Dataclass to represent the architect's knowledge about different materials.\"\"\"\n\n    name: Optional[str] = None\n    \"\"\"The name of the material.\"\"\"\n\n    type: Optional[Literal['wood', 'metal', 'plastic', 'glass', 'stone']] = None\n    \"\"\"The type of material, chosen from a fixed set of possible material types.\"\"\"\n\n    color: Optional[str] = None\n    \"\"\"The color of the material.\"\"\"\n\n    texture: Optional[Literal['smooth', 'rough', 'matte', 'glossy']] = None\n    \"\"\"The texture of the material.\"\"\"\n\n    durability: Optional[int] = None\n    \"\"\"Durability level of the material, represented as an integer (e.g., scale from 1 to 10).\"\"\"\n\n    cost: Optional[Literal['low', 'medium', 'high']] = None\n    \"\"\"The cost category of the material.\"\"\"\n\n    eco_friendly: Optional[bool] = None\n    \"\"\"Indicates if the material is eco-friendly.\"\"\"\n\n    supplier: Optional[str] = None\n    \"\"\"The supplier or manufacturer of the material.\"\"\"\n\n    def matches_criteria(self, criteria: MaterialCriteria) -> bool:\n        \"\"\"Determines if the material matches the given search criteria.\n\n        Args:\n            criteria (MaterialCriteria): The criteria to check against.\n\n        Returns:\n            bool: True if the material matches all specified criteria, False otherwise.\n        \"\"\"\n        if criteria.name is not None and self.name != criteria.name:\n            return False\n        if criteria.type is not None and self.type != criteria.type:\n            return False\n        if criteria.color is not None and self.color != criteria.color:\n            return False\n        if criteria.texture is not None and self.texture != criteria.texture:\n            return False\n        if criteria.durability is not None and self.durability != criteria.durability:\n            return False\n        if criteria.cost is not None and self.cost != criteria.cost:\n            return False\n        if criteria.eco_friendly is not None and self.eco_friendly != criteria.eco_friendly:\n            return False\n        if criteria.supplier is not None and self.supplier != criteria.supplier:\n            return False\n        return True\n```",
    "searcher_schema": {
      "name": {
        "type": "typing.Optional[str]",
        "desc": "The specific name of the material, if looking for one."
      },
      "type": {
        "type": "typing.Optional[typing.Literal['wood', 'metal', 'plastic', 'glass', 'stone']]",
        "desc": "The type of material, chosen from a fixed set of possible material types."
      },
      "color": {
        "type": "typing.Optional[str]",
        "desc": "The color preference for the material."
      },
      "texture": {
        "type": "typing.Optional[typing.Literal['smooth', 'rough', 'matte', 'glossy']]",
        "desc": "The texture preference for the material, specifying a fixed set of textures."
      },
      "durability": {
        "type": "typing.Optional[int]",
        "desc": "Durability level of the material, represented as an integer (e.g., scale from 1 to 10)."
      },
      "cost": {
        "type": "typing.Optional[typing.Literal['low', 'medium', 'high']]",
        "desc": "The cost preference for the material, defined in terms of price range categories."
      },
      "eco_friendly": {
        "type": "typing.Optional[bool]",
        "desc": "Indicates whether the material should be eco-friendly."
      },
      "supplier": {
        "type": "typing.Optional[str]",
        "desc": "Preferred supplier or manufacturer of the material, if any."
      }
    },
    "recommender_schema": {
      "name": {
        "type": "typing.Optional[str]",
        "desc": "The name of the material."
      },
      "type": {
        "type": "typing.Optional[typing.Literal['wood', 'metal', 'plastic', 'glass', 'stone']]",
        "desc": "The type of material, chosen from a fixed set of possible material types."
      },
      "color": {
        "type": "typing.Optional[str]",
        "desc": "The color of the material."
      },
      "texture": {
        "type": "typing.Optional[typing.Literal['smooth', 'rough', 'matte', 'glossy']]",
        "desc": "The texture of the material."
      },
      "durability": {
        "type": "typing.Optional[int]",
        "desc": "Durability level of the material, represented as an integer (e.g., scale from 1 to 10)."
      },
      "cost": {
        "type": "typing.Optional[typing.Literal['low', 'medium', 'high']]",
        "desc": "The cost category of the material."
      },
      "eco_friendly": {
        "type": "typing.Optional[bool]",
        "desc": "Indicates if the material is eco-friendly."
      },
      "supplier": {
        "type": "typing.Optional[str]",
        "desc": "The supplier or manufacturer of the material."
      }
    }
  },
  {
    "searcher": "homeowner",
    "recommender": "architect",
    "dialogue": "A homeowner is getting help from a architect to find the right furnishing ideas",
    "item_type": "furnishing ideas",
    "criteria": [
      "room",
      "theme",
      "color scheme"
    ],
    "searcher_schema_code": "```python\nfrom dataclasses import dataclass\nfrom typing import Optional, List, Literal\n\n@dataclass\nclass FurnishingPreferences:\n    \"\"\"\n    A dataclass representing the homeowner's criteria and preferences\n    for finding furnishing ideas.\n    \"\"\"\n    \n    name: Optional[str] = None\n    \"\"\"The specific name of the furnishing idea, if the homeowner is looking for something specific.\"\"\"\n    \n    room: Optional[Literal['living room', 'bedroom', 'kitchen', 'bathroom', 'office', 'dining room']] = None\n    \"\"\"The room where the furnishing idea is intended to be used.\"\"\"\n    \n    theme: Optional[Literal['modern', 'traditional', 'rustic', 'minimalist', 'bohemian', 'industrial']] = None\n    \"\"\"The theme preference for the furnishing idea.\"\"\"\n    \n    color_scheme: Optional[List[str]] = None\n    \"\"\"A list of preferred colors to match or complement the furnishing idea.\"\"\"\n    \n    material: Optional[Literal['wood', 'metal', 'glass', 'fabric', 'leather', 'plastic']] = None\n    \"\"\"The preferred material for the furnishing item.\"\"\"\n    \n    budget_range: Optional[Literal['low', 'medium', 'high']] = None\n    \"\"\"The budget range preference for the furnishing idea.\"\"\"\n    \n    size_constraints: Optional[Literal['small', 'medium', 'large', 'custom']] = None\n    \"\"\"The size constraints or preferences for the furnishing item.\"\"\"\n    \n    eco_friendly: Optional[bool] = None\n    \"\"\"Whether the homeowner prefers eco-friendly furnishing options.\"\"\"\n    \n    multifunctional: Optional[bool] = None\n    \"\"\"Whether the homeowner is interested in multifunctional furnishing items.\"\"\"\n```\n",
    "recommender_schema_code": "```python\nfrom dataclasses import dataclass\nfrom typing import Optional, List, Literal\n\n@dataclass\nclass FurnishingIdea:\n    \"\"\"\n    A dataclass representing the architect's knowledge of a specific furnishing idea.\n    Each field is initialized to None by default to represent missing information.\n    \"\"\"\n\n    name: Optional[str] = None\n    \"\"\"The name of the furnishing idea.\"\"\"\n\n    room: Optional[Literal['living room', 'bedroom', 'kitchen', 'bathroom', 'office', 'dining room']] = None\n    \"\"\"The room where this furnishing idea can be used.\"\"\"\n\n    theme: Optional[Literal['modern', 'traditional', 'rustic', 'minimalist', 'bohemian', 'industrial']] = None\n    \"\"\"The theme of the furnishing idea.\"\"\"\n\n    color_scheme: Optional[List[str]] = None\n    \"\"\"The list of colors the furnishing idea encompasses.\"\"\"\n\n    material: Optional[Literal['wood', 'metal', 'glass', 'fabric', 'leather', 'plastic']] = None\n    \"\"\"The material used in the furnishing idea.\"\"\"\n\n    budget_range: Optional[Literal['low', 'medium', 'high']] = None\n    \"\"\"The budget category for this furnishing idea.\"\"\"\n\n    size_constraints: Optional[Literal['small', 'medium', 'large', 'custom']] = None\n    \"\"\"The size category for the furnishing idea.\"\"\"\n\n    eco_friendly: Optional[bool] = None\n    \"\"\"Indication of whether the furnishing idea is eco-friendly.\"\"\"\n\n    multifunctional: Optional[bool] = None\n    \"\"\"Indication of whether the furnishing idea is multifunctional.\"\"\"\n\n    def matches_criteria(self, criteria: FurnishingPreferences) -> bool:\n        \"\"\"\n        Determine if this furnishing idea matches the given search criteria.\n\n        :param criteria: FurnishingPreferences object containing the homeowner's search criteria.\n        :return: True if the furnishing idea matches all non-None criteria, else False.\n        \"\"\"\n        if criteria.name and self.name != criteria.name:\n            return False\n        if criteria.room and self.room != criteria.room:\n            return False\n        if criteria.theme and self.theme != criteria.theme:\n            return False\n        if criteria.color_scheme:\n            if not self.color_scheme or not any(color in self.color_scheme for color in criteria.color_scheme):\n                return False\n        if criteria.material and self.material != criteria.material:\n            return False\n        if criteria.budget_range and self.budget_range != criteria.budget_range:\n            return False\n        if criteria.size_constraints and self.size_constraints != criteria.size_constraints:\n            return False\n        if criteria.eco_friendly is not None and self.eco_friendly != criteria.eco_friendly:\n            return False\n        if criteria.multifunctional is not None and self.multifunctional != criteria.multifunctional:\n            return False\n        \n        return True\n```",
    "searcher_schema": {
      "name": {
        "type": "typing.Optional[str]",
        "desc": ""
      },
      "room": {
        "type": "typing.Optional[typing.Literal['living room', 'bedroom', 'kitchen', 'bathroom', 'office', 'dining room']]",
        "desc": "The specific name of the furnishing idea, if the homeowner is looking for something specific."
      },
      "theme": {
        "type": "typing.Optional[typing.Literal['modern', 'traditional', 'rustic', 'minimalist', 'bohemian', 'industrial']]",
        "desc": "The room where the furnishing idea is intended to be used."
      },
      "color_scheme": {
        "type": "typing.Optional[typing.List[str]]",
        "desc": "The theme preference for the furnishing idea."
      },
      "material": {
        "type": "typing.Optional[typing.Literal['wood', 'metal', 'glass', 'fabric', 'leather', 'plastic']]",
        "desc": "A list of preferred colors to match or complement the furnishing idea."
      },
      "budget_range": {
        "type": "typing.Optional[typing.Literal['low', 'medium', 'high']]",
        "desc": "The preferred material for the furnishing item."
      },
      "size_constraints": {
        "type": "typing.Optional[typing.Literal['small', 'medium', 'large', 'custom']]",
        "desc": "The budget range preference for the furnishing idea."
      },
      "eco_friendly": {
        "type": "typing.Optional[bool]",
        "desc": "The size constraints or preferences for the furnishing item."
      },
      "multifunctional": {
        "type": "typing.Optional[bool]",
        "desc": "Whether the homeowner prefers eco-friendly furnishing options."
      }
    },
    "recommender_schema": {
      "name": {
        "type": "typing.Optional[str]",
        "desc": ""
      },
      "room": {
        "type": "typing.Optional[typing.Literal['living room', 'bedroom', 'kitchen', 'bathroom', 'office', 'dining room']]",
        "desc": "The name of the furnishing idea."
      },
      "theme": {
        "type": "typing.Optional[typing.Literal['modern', 'traditional', 'rustic', 'minimalist', 'bohemian', 'industrial']]",
        "desc": "The room where this furnishing idea can be used."
      },
      "color_scheme": {
        "type": "typing.Optional[typing.List[str]]",
        "desc": "The theme of the furnishing idea."
      },
      "material": {
        "type": "typing.Optional[typing.Literal['wood', 'metal', 'glass', 'fabric', 'leather', 'plastic']]",
        "desc": "The list of colors the furnishing idea encompasses."
      },
      "budget_range": {
        "type": "typing.Optional[typing.Literal['low', 'medium', 'high']]",
        "desc": "The material used in the furnishing idea."
      },
      "size_constraints": {
        "type": "typing.Optional[typing.Literal['small', 'medium', 'large', 'custom']]",
        "desc": "The budget category for this furnishing idea."
      },
      "eco_friendly": {
        "type": "typing.Optional[bool]",
        "desc": "The size category for the furnishing idea."
      },
      "multifunctional": {
        "type": "typing.Optional[bool]",
        "desc": "Indication of whether the furnishing idea is eco-friendly."
      }
    }
  }
]