[
  {
    "domain": "timeline exhibit",
    "turns": [
      [
        "I'm looking for a timeline exhibit in Italy focused on the Renaissance period.",
        {
          "name": null,
          "location": "Italy",
          "time_period": "Renaissance",
          "interactivity": null,
          "multimedia_support": null,
          "language": null,
          "accessibility": null,
          "ticket_price_range": null,
          "family_friendly": null,
          "special_features": null
        },
        "I have two options for you: \"Renaissance Art\" and \"Renaissance Italy.\" Which one interests you more?"
      ],
      [
        "\"Renaissance Art\" sounds intriguing!",
        {
          "name": "Renaissance Art",
          "location": "Italy",
          "time_period": "Renaissance",
          "interactivity": null,
          "multimedia_support": null,
          "language": null,
          "accessibility": null,
          "ticket_price_range": null,
          "family_friendly": null,
          "special_features": null
        },
        "Great choice! \"Renaissance Art\" features virtual reality tours of famous artworks. Would you like to know more about its accessibility or ticket price?"
      ],
      [
        "I'd like to know about the ticket price, please.",
        {
          "name": "Renaissance Art",
          "location": "Italy",
          "time_period": "Renaissance",
          "interactivity": null,
          "multimedia_support": true,
          "language": null,
          "accessibility": null,
          "ticket_price_range": null,
          "family_friendly": null,
          "special_features": "virtual reality tours of famous artworks"
        },
        "The ticket price for \"Renaissance Art\" is categorized as high. Does that work for you?"
      ],
      [
        "Actually, I prefer a medium ticket price. Do you have anything else?",
        {
          "name": "Renaissance Art",
          "location": "Italy",
          "time_period": "Renaissance",
          "interactivity": null,
          "multimedia_support": true,
          "language": null,
          "accessibility": null,
          "ticket_price_range": "medium",
          "family_friendly": null,
          "special_features": null
        },
        "You might like \"Ancient Rome,\" which has a medium ticket price and is also family-friendly. Would that interest you?"
      ],
      [
        "I'm specifically looking for something focused on the Renaissance, though. Any other options?",
        {
          "name": "Renaissance Art",
          "location": "Italy",
          "time_period": "Renaissance",
          "interactivity": null,
          "multimedia_support": null,
          "language": null,
          "accessibility": null,
          "ticket_price_range": "medium",
          "family_friendly": null,
          "special_features": null
        },
        "Unfortunately, \"Renaissance Art\" and \"Renaissance Italy\" are the only Renaissance-focused exhibits. Would you be open to exploring other time periods?"
      ],
      [
        "I guess I could consider other time periods if they have similar features. What do you suggest?",
        {
          "name": "Renaissance Art",
          "location": "Italy",
          "time_period": "Renaissance",
          "interactivity": null,
          "multimedia_support": true,
          "language": null,
          "accessibility": null,
          "ticket_price_range": "medium",
          "family_friendly": null,
          "special_features": null
        },
        "How about \"Medieval Europe\"? It has high interactivity, multimedia support, and is family-friendly, along with live reenactments. Would that interest you?"
      ],
      [
        "It sounds engaging, but I prefer low interactivity and no multimedia support. Any other options?",
        {
          "name": "Renaissance Art",
          "location": "Italy",
          "time_period": "Renaissance",
          "interactivity": "low",
          "multimedia_support": null,
          "language": null,
          "accessibility": null,
          "ticket_price_range": "medium",
          "family_friendly": null,
          "special_features": null
        },
        "You could consider \"The Age of Enlightenment,\" which has low interactivity and no multimedia support. Would you like to go with that?"
      ],
      [
        "Yes, \"The Age of Enlightenment\" sounds like a good fit!",
        {
          "name": "The Age of Enlightenment",
          "location": null,
          "time_period": "Enlightenment",
          "interactivity": "low",
          "multimedia_support": false,
          "language": null,
          "accessibility": null,
          "ticket_price_range": "medium",
          "family_friendly": null,
          "special_features": null
        },
        "Fantastic choice! It features philosophical debate sessions as a special highlight. Would you like to know about the ticket price?"
      ],
      [
        "Yes, please tell me about the ticket price.",
        {
          "name": "The Age of Enlightenment",
          "location": null,
          "time_period": "Enlightenment",
          "interactivity": "low",
          "multimedia_support": false,
          "language": null,
          "accessibility": null,
          "ticket_price_range": "medium",
          "family_friendly": true,
          "special_features": "philosophical debate sessions"
        },
        "The ticket price for \"The Age of Enlightenment\" is medium. Does that work for you?"
      ]
    ],
    "preferences_code": "```python\npreferences = TimelineExhibitCriteria(\n    name='Renaissance Italy',\n    location='Italy',\n    time_period='1300 AD - 1600 AD',\n    interactivity='low',\n    multimedia_support=False,\n    language='Italian',\n    accessibility='none',\n    ticket_price_range='medium',\n    family_friendly=False,\n    special_features='Exhibition of Renaissance art.'\n)\n```",
    "red_herrings_code": "```python\n# Global variable representing a list of similar timeline exhibit examples\nsimilar_timeline_exhibits = [\n    TimelineExhibit(\n        name='Ancient Greece',\n        location='Greece',\n        time_period='800 BC - 146 BC',\n        interactivity='medium',\n        multimedia_support=True,\n        language='Greek',\n        accessibility='none',\n        ticket_price_range='medium',\n        family_friendly=True,\n        special_features='Interactive pottery making.'\n    ),\n    TimelineExhibit(\n        name='Medieval Europe',\n        location='France',\n        time_period='500 AD - 1500 AD',\n        interactivity='high',\n        multimedia_support=True,\n        language='French',\n        accessibility='wheelchair accessible',\n        ticket_price_range='high',\n        family_friendly=True,\n        special_features='Live reenactments of medieval festivals.'\n    ),\n    TimelineExhibit(\n        name='Renaissance Italy',\n        location='Italy',\n        time_period='1300 AD - 1600 AD',\n        interactivity='low',\n        multimedia_support=False,\n        language='Italian',\n        accessibility='none',\n        ticket_price_range='medium',\n        family_friendly=False,\n        special_features='Exhibition of Renaissance art.'\n    )\n]\n```",
    "database_code": "```python\n# Global variable containing a list of example timeline exhibits\ntimeline_exhibits = [\n    TimelineExhibit(\n        name=\"Ancient Civilizations\",\n        location=\"Egypt\",\n        time_period=\"3000 BC - 500 AD\",\n        interactivity='medium',\n        multimedia_support=True,\n        language=\"English\",\n        accessibility='wheelchair accessible',\n        ticket_price_range='medium',\n        family_friendly=True,\n        special_features=\"Interactive displays of ancient artifacts.\"\n    ),\n    TimelineExhibit(\n        name=\"Renaissance Art\",\n        location=\"Italy\",\n        time_period=\"1300 - 1600\",\n        interactivity='high',\n        multimedia_support=True,\n        language=\"Italian\",\n        accessibility='none',\n        ticket_price_range='high',\n        family_friendly=False,\n        special_features=\"Virtual reality tours of famous artworks.\"\n    ),\n    TimelineExhibit(\n        name=\"World War II\",\n        location=\"USA\",\n        time_period=\"1939 - 1945\",\n        interactivity='low',\n        multimedia_support=False,\n        language=\"English\",\n        accessibility='audio guide',\n        ticket_price_range='low',\n        family_friendly=True,\n        special_features=\"Documentary screenings.\"\n    ),\n    TimelineExhibit(\n        name=\"Industrial Revolution\",\n        location=\"England\",\n        time_period=\"1760 - 1840\",\n        interactivity='medium',\n        multimedia_support=True,\n        language=\"English\",\n        accessibility='braille',\n        ticket_price_range='medium',\n        family_friendly=True,\n        special_features=\"Hands-on machinery exhibits.\"\n    ),\n    TimelineExhibit(\n        name=\"The Space Race\",\n        location=\"USA\",\n        time_period=\"1957 - 1975\",\n        interactivity='high',\n        multimedia_support=True,\n        language=\"English\",\n        accessibility='wheelchair accessible',\n        ticket_price_range='high',\n        family_friendly=True,\n        special_features=\"Astronaut meet-and-greet events.\"\n    ),\n    TimelineExhibit(\n        name=\"Ancient Rome\",\n        location=\"Italy\",\n        time_period=\"753 BC - 476 AD\",\n        interactivity='medium',\n        multimedia_support=False,\n        language=\"Latin\",\n        accessibility='none',\n        ticket_price_range='medium',\n        family_friendly=True,\n        special_features=\"Replica gladiator battles.\"\n    ),\n    TimelineExhibit(\n        name=\"The Civil Rights Movement\",\n        location=\"USA\",\n        time_period=\"1950 - 1968\",\n        interactivity='low',\n        multimedia_support=True,\n        language=\"English\",\n        accessibility='audio guide',\n        ticket_price_range='low',\n        family_friendly=True,\n        special_features=\"Interactive timeline of key events.\"\n    ),\n    TimelineExhibit(\n        name=\"Viking Exploration\",\n        location=\"Scandinavia\",\n        time_period=\"800 - 1100\",\n        interactivity='medium',\n        multimedia_support=True,\n        language=\"Norse\",\n        accessibility='wheelchair accessible',\n        ticket_price_range='medium',\n        family_friendly=True,\n        special_features=\"Live reenactments of Viking life.\"\n    ),\n    TimelineExhibit(\n        name=\"The Cold War\",\n        location=\"Global\",\n        time_period=\"1947 - 1991\",\n        interactivity='high',\n        multimedia_support=True,\n        language=\"English\",\n        accessibility='braille',\n        ticket_price_range='high',\n        family_friendly=False,\n        special_features=\"Escape room themed around Cold War espionage.\"\n    ),\n    TimelineExhibit(\n        name=\"The Age of Enlightenment\",\n        location=\"Europe\",\n        time_period=\"1685 - 1815\",\n        interactivity='low',\n        multimedia_support=False,\n        language=\"French\",\n        accessibility='none',\n        ticket_price_range='medium',\n        family_friendly=True,\n        special_features=\"Philosophical debate sessions.\"\n    )\n]\n```",
    "database": [
      {
        "name": "The Cold War",
        "location": "Global",
        "time_period": "1947 - 1991",
        "interactivity": "high",
        "multimedia_support": true,
        "language": "English",
        "accessibility": "braille",
        "ticket_price_range": "high",
        "family_friendly": false,
        "special_features": "Escape room themed around Cold War espionage."
      },
      {
        "name": "Ancient Greece",
        "location": "Greece",
        "time_period": "800 BC - 146 BC",
        "interactivity": "medium",
        "multimedia_support": true,
        "language": "Greek",
        "accessibility": "none",
        "ticket_price_range": "medium",
        "family_friendly": true,
        "special_features": "Interactive pottery making."
      },
      {
        "name": "The Space Race",
        "location": "USA",
        "time_period": "1957 - 1975",
        "interactivity": "high",
        "multimedia_support": true,
        "language": "English",
        "accessibility": "wheelchair accessible",
        "ticket_price_range": "high",
        "family_friendly": true,
        "special_features": "Astronaut meet-and-greet events."
      },
      {
        "name": "Renaissance Art",
        "location": "Italy",
        "time_period": "1300 - 1600",
        "interactivity": "high",
        "multimedia_support": true,
        "language": "Italian",
        "accessibility": "none",
        "ticket_price_range": "high",
        "family_friendly": false,
        "special_features": "Virtual reality tours of famous artworks."
      },
      {
        "name": "Ancient Rome",
        "location": "Italy",
        "time_period": "753 BC - 476 AD",
        "interactivity": "medium",
        "multimedia_support": false,
        "language": "Latin",
        "accessibility": "none",
        "ticket_price_range": "medium",
        "family_friendly": true,
        "special_features": "Replica gladiator battles."
      },
      {
        "name": "Medieval Europe",
        "location": "France",
        "time_period": "500 AD - 1500 AD",
        "interactivity": "high",
        "multimedia_support": true,
        "language": "French",
        "accessibility": "wheelchair accessible",
        "ticket_price_range": "high",
        "family_friendly": true,
        "special_features": "Live reenactments of medieval festivals."
      },
      {
        "name": "Renaissance Italy",
        "location": "Italy",
        "time_period": "1300 AD - 1600 AD",
        "interactivity": "low",
        "multimedia_support": false,
        "language": "Italian",
        "accessibility": "none",
        "ticket_price_range": "medium",
        "family_friendly": false,
        "special_features": "Exhibition of Renaissance art."
      },
      {
        "name": "Industrial Revolution",
        "location": "England",
        "time_period": "1760 - 1840",
        "interactivity": "medium",
        "multimedia_support": true,
        "language": "English",
        "accessibility": "braille",
        "ticket_price_range": "medium",
        "family_friendly": true,
        "special_features": "Hands-on machinery exhibits."
      },
      {
        "name": "Viking Exploration",
        "location": "Scandinavia",
        "time_period": "800 - 1100",
        "interactivity": "medium",
        "multimedia_support": true,
        "language": "Norse",
        "accessibility": "wheelchair accessible",
        "ticket_price_range": "medium",
        "family_friendly": true,
        "special_features": "Live reenactments of Viking life."
      },
      {
        "name": "The Civil Rights Movement",
        "location": "USA",
        "time_period": "1950 - 1968",
        "interactivity": "low",
        "multimedia_support": true,
        "language": "English",
        "accessibility": "audio guide",
        "ticket_price_range": "low",
        "family_friendly": true,
        "special_features": "Interactive timeline of key events."
      },
      {
        "name": "World War II",
        "location": "USA",
        "time_period": "1939 - 1945",
        "interactivity": "low",
        "multimedia_support": false,
        "language": "English",
        "accessibility": "audio guide",
        "ticket_price_range": "low",
        "family_friendly": true,
        "special_features": "Documentary screenings."
      },
      {
        "name": "Ancient Civilizations",
        "location": "Egypt",
        "time_period": "3000 BC - 500 AD",
        "interactivity": "medium",
        "multimedia_support": true,
        "language": "English",
        "accessibility": "wheelchair accessible",
        "ticket_price_range": "medium",
        "family_friendly": true,
        "special_features": "Interactive displays of ancient artifacts."
      },
      {
        "name": "The Age of Enlightenment",
        "location": "Europe",
        "time_period": "1685 - 1815",
        "interactivity": "low",
        "multimedia_support": false,
        "language": "French",
        "accessibility": "none",
        "ticket_price_range": "medium",
        "family_friendly": true,
        "special_features": "Philosophical debate sessions."
      }
    ],
    "goal": {
      "name": "Renaissance Italy",
      "location": "Italy",
      "time_period": "1300 AD - 1600 AD",
      "interactivity": "low",
      "multimedia_support": false,
      "language": "Italian",
      "accessibility": "none",
      "ticket_price_range": "medium",
      "family_friendly": false,
      "special_features": "Exhibition of Renaissance art."
    },
    "status": "complete"
  },
  {
    "domain": "guided tour",
    "turns": [
      [
        "I appreciate it, but I'm looking for something within a specific price range.",
        {
          "name": "The Age of Enlightenment",
          "duration": null,
          "focus": null,
          "group_size": null,
          "language": null,
          "accessibility": null,
          "price_range": null,
          "time_of_day": null
        },
        "What price range are you looking for? I can help narrow it down!"
      ],
      [
        "I'm looking for a price range between $10 and $20.",
        {
          "name": "The Age of Enlightenment",
          "duration": null,
          "focus": null,
          "group_size": null,
          "language": null,
          "accessibility": null,
          "price_range": [
            10,
            20
          ],
          "time_of_day": null
        },
        "In that price range, I recommend \"The Roman Empire,\" which is focused on history and costs $15. Would you like to go with that?"
      ],
      [
        "Yes, \"The Roman Empire\" sounds perfect!",
        {
          "name": "The Roman Empire",
          "duration": null,
          "focus": "history",
          "group_size": null,
          "language": null,
          "accessibility": null,
          "price_range": [
            10,
            20
          ],
          "time_of_day": null
        },
        "Awesome! \"The Roman Empire\" tour is set. Enjoy your experience!"
      ]
    ],
    "preferences_code": "```python\npreferences = GuidedTourPreferences(\n    name='The Roman Empire',\n    duration=60,\n    focus='history',\n    group_size=12,\n    language='English',\n    accessibility=False,\n    price_range=(10.0, 20.0),\n    time_of_day='morning'\n)\n```",
    "red_herrings_code": "```python\n# Global variable containing a list of guided tour examples\nguided_tour_examples = [\n    GuidedTour(\n        name='History of Ancient Greece',\n        duration=60,\n        focus='history',\n        group_size=10,\n        language='Italian',\n        accessibility=False,\n        price=25.0,\n        time_of_day='morning',\n    ),\n    GuidedTour(\n        name='Roman Art and Architecture',\n        duration=90,\n        focus='art',\n        group_size=8,\n        language='Italian',\n        accessibility=True,\n        price=20.0,\n        time_of_day='afternoon',\n    ),\n    GuidedTour(\n        name='The Roman Empire',\n        duration=60,\n        focus='history',\n        group_size=12,\n        language='English',\n        accessibility=False,\n        price=15.0,\n        time_of_day='morning',\n    ),\n]\n```",
    "database_code": "```python\n# Global variable to hold a list of guided tour examples\nguided_tours = [\n    GuidedTour(\n        name=\"Renaissance Art Exploration\",\n        duration=90,\n        focus=\"art\",\n        group_size=15,\n        language=\"English\",\n        accessibility=True,\n        price=25.0,\n        time_of_day=\"afternoon\"\n    ),\n    GuidedTour(\n        name=\"History of Ancient Rome\",\n        duration=60,\n        focus=\"history\",\n        group_size=10,\n        language=\"Italian\",\n        accessibility=False,\n        price=20.0,\n        time_of_day=\"morning\"\n    ),\n    GuidedTour(\n        name=\"Scientific Discoveries of the Enlightenment\",\n        duration=120,\n        focus=\"science\",\n        group_size=20,\n        language=\"English\",\n        accessibility=True,\n        price=30.0,\n        time_of_day=\"afternoon\"\n    ),\n    GuidedTour(\n        name=\"Cultural Heritage of the Middle Ages\",\n        duration=75,\n        focus=\"culture\",\n        group_size=12,\n        language=\"French\",\n        accessibility=False,\n        price=18.0,\n        time_of_day=\"evening\"\n    ),\n    GuidedTour(\n        name=\"Renaissance Architecture Tour\",\n        duration=90,\n        focus=\"art\",\n        group_size=8,\n        language=\"English\",\n        accessibility=True,\n        price=40.0,\n        time_of_day=\"morning\"\n    ),\n    GuidedTour(\n        name=\"The Age of Enlightenment: Philosophers and Ideas\",\n        duration=60,\n        focus=\"history\",\n        group_size=25,\n        language=\"German\",\n        accessibility=False,\n        price=22.0,\n        time_of_day=\"afternoon\"\n    ),\n    GuidedTour(\n        name=\"Exploring Medieval Art\",\n        duration=80,\n        focus=\"art\",\n        group_size=15,\n        language=\"Italian\",\n        accessibility=True,\n        price=28.0,\n        time_of_day=\"evening\"\n    ),\n    GuidedTour(\n        name=\"Science in the Renaissance\",\n        duration=100,\n        focus=\"science\",\n        group_size=10,\n        language=\"English\",\n        accessibility=True,\n        price=35.0,\n        time_of_day=\"morning\"\n    ),\n    GuidedTour(\n        name=\"Cultural Influences of the Enlightenment\",\n        duration=90,\n        focus=\"culture\",\n        group_size=20,\n        language=\"Spanish\",\n        accessibility=False,\n        price=27.0,\n        time_of_day=\"afternoon\"\n    ),\n    GuidedTour(\n        name=\"The Renaissance: A Historical Overview\",\n        duration=120,\n        focus=\"history\",\n        group_size=30,\n        language=\"English\",\n        accessibility=True,\n        price=50.0,\n        time_of_day=\"evening\"\n    )\n]\n```",
    "database": [
      {
        "name": "History of Ancient Rome",
        "duration": 60,
        "focus": "history",
        "group_size": 10,
        "language": "Italian",
        "accessibility": false,
        "price": 20.0,
        "time_of_day": "morning"
      },
      {
        "name": "Scientific Discoveries of the Enlightenment",
        "duration": 120,
        "focus": "science",
        "group_size": 20,
        "language": "English",
        "accessibility": true,
        "price": 30.0,
        "time_of_day": "afternoon"
      },
      {
        "name": "The Roman Empire",
        "duration": 60,
        "focus": "history",
        "group_size": 12,
        "language": "English",
        "accessibility": false,
        "price": 15.0,
        "time_of_day": "morning"
      },
      {
        "name": "Cultural Heritage of the Middle Ages",
        "duration": 75,
        "focus": "culture",
        "group_size": 12,
        "language": "French",
        "accessibility": false,
        "price": 18.0,
        "time_of_day": "evening"
      },
      {
        "name": "Renaissance Architecture Tour",
        "duration": 90,
        "focus": "art",
        "group_size": 8,
        "language": "English",
        "accessibility": true,
        "price": 40.0,
        "time_of_day": "morning"
      },
      {
        "name": "Renaissance Art Exploration",
        "duration": 90,
        "focus": "art",
        "group_size": 15,
        "language": "English",
        "accessibility": true,
        "price": 25.0,
        "time_of_day": "afternoon"
      },
      {
        "name": "Cultural Influences of the Enlightenment",
        "duration": 90,
        "focus": "culture",
        "group_size": 20,
        "language": "Spanish",
        "accessibility": false,
        "price": 27.0,
        "time_of_day": "afternoon"
      },
      {
        "name": "The Renaissance: A Historical Overview",
        "duration": 120,
        "focus": "history",
        "group_size": 30,
        "language": "English",
        "accessibility": true,
        "price": 50.0,
        "time_of_day": "evening"
      },
      {
        "name": "The Age of Enlightenment: Philosophers and Ideas",
        "duration": 60,
        "focus": "history",
        "group_size": 25,
        "language": "German",
        "accessibility": false,
        "price": 22.0,
        "time_of_day": "afternoon"
      },
      {
        "name": "Science in the Renaissance",
        "duration": 100,
        "focus": "science",
        "group_size": 10,
        "language": "English",
        "accessibility": true,
        "price": 35.0,
        "time_of_day": "morning"
      },
      {
        "name": "Roman Art and Architecture",
        "duration": 90,
        "focus": "art",
        "group_size": 8,
        "language": "Italian",
        "accessibility": true,
        "price": 20.0,
        "time_of_day": "afternoon"
      },
      {
        "name": "Exploring Medieval Art",
        "duration": 80,
        "focus": "art",
        "group_size": 15,
        "language": "Italian",
        "accessibility": true,
        "price": 28.0,
        "time_of_day": "evening"
      },
      {
        "name": "History of Ancient Greece",
        "duration": 60,
        "focus": "history",
        "group_size": 10,
        "language": "Italian",
        "accessibility": false,
        "price": 25.0,
        "time_of_day": "morning"
      }
    ],
    "goal": {
      "name": "The Roman Empire",
      "duration": 60,
      "focus": "history",
      "group_size": 12,
      "language": "English",
      "accessibility": false,
      "price": 15.0,
      "time_of_day": "morning"
    },
    "status": "complete"
  },
  {
    "domain": "workshop",
    "turns": [
      [
        "Thanks! By the way, I'm looking for an art workshop. Can you help me find one?",
        {
          "name": null,
          "topic": "art",
          "age_group": null,
          "skill_level": null,
          "location": null,
          "date": null,
          "duration": null,
          "language": null,
          "cost": "medium",
          "instructor": null,
          "materials_included": null,
          "online_available": null
        },
        "Sure! What age group and skill level are you looking for in the art workshop?"
      ],
      [
        "I'm looking for an adult workshop at an intermediate skill level.",
        {
          "name": null,
          "topic": "art",
          "age_group": "adult",
          "skill_level": "intermediate",
          "location": null,
          "date": null,
          "duration": null,
          "language": null,
          "cost": null,
          "instructor": null,
          "materials_included": null,
          "online_available": null
        },
        "I have a couple of options: \"Renaissance Painting Techniques\" and \"Exploring Renaissance Art.\" Which one interests you?"
      ],
      [
        "\"Renaissance Painting Techniques\" sounds intriguing!",
        {
          "name": "Renaissance Painting Techniques",
          "topic": "art",
          "age_group": "adult",
          "skill_level": "intermediate",
          "location": null,
          "date": null,
          "duration": null,
          "language": null,
          "cost": null,
          "instructor": null,
          "materials_included": null,
          "online_available": null
        },
        "Great choice! It lasts for 3 hours and costs $20. Would you like more details about the instructor or location?"
      ],
      [
        "I'd like to know about the instructor, please.",
        {
          "name": "Renaissance Painting Techniques",
          "topic": "art",
          "age_group": "adult",
          "skill_level": "intermediate",
          "location": null,
          "date": null,
          "duration": 3,
          "language": null,
          "cost": "$20",
          "instructor": null,
          "materials_included": null,
          "online_available": null
        },
        "The instructor for \"Renaissance Painting Techniques\" is Jean Dupont. Would you like to confirm your registration for this workshop?"
      ],
      [
        "Yes, please confirm my registration for \"Renaissance Painting Techniques\"!",
        {
          "name": "Renaissance Painting Techniques",
          "topic": "art",
          "age_group": "adult",
          "skill_level": "intermediate",
          "location": null,
          "date": null,
          "duration": 3,
          "language": null,
          "cost": "$20",
          "instructor": "Jean Dupont",
          "materials_included": null,
          "online_available": null
        },
        "You're all set for \"Renaissance Painting Techniques\"! Enjoy the workshop!"
      ]
    ],
    "preferences_code": "```python\npreferences = WorkshopCriteria(\n    name='Exploring Renaissance Art',\n    topic='art',\n    age_group='adult',\n    skill_level='intermediate',\n    location='Art Institute',\n    date='2023-12-05',\n    duration=2,\n    language='French',\n    cost='$18',\n    instructor='Sophie Martin',\n    materials_included=True,\n    online_available=True,\n)\n```",
    "red_herrings_code": "```python\nworkshop_examples = [\n    Workshop(\n        name='Renaissance Painting Techniques',\n        topic='art',\n        age_group='adult',\n        skill_level='advanced',\n        location='Art Institute',\n        date='2023-12-06',\n        duration=3,\n        language='French',\n        cost='$20',\n        instructor='Jean Dupont',\n        materials_included=True,\n        online_available=False,\n    ),\n    Workshop(\n        name='Exploring Renaissance Art',\n        topic='art',\n        age_group='adult',\n        skill_level='intermediate',\n        location='Art Institute',\n        date='2023-12-05',\n        duration=2,\n        language='French',\n        cost='$18',\n        instructor='Sophie Martin',\n        materials_included=True,\n        online_available=True,\n    ),\n    Workshop(\n        name='Renaissance Sculpture Workshop',\n        topic='art',\n        age_group='adult',\n        skill_level='advanced',\n        location='City Museum',\n        date='2023-12-05',\n        duration=3,\n        language='English',\n        cost='$25',\n        instructor='Emily Johnson',\n        materials_included=True,\n        online_available=True,\n    ),\n]\n```",
    "database_code": "```python\n# Global variable representing a list of workshop examples\nworkshops = [\n    Workshop(\n        name=\"Renaissance Art Workshop\",\n        topic='art',\n        age_group='adult',\n        skill_level='beginner',\n        location=\"Art Gallery\",\n        date=\"2023-11-01\",\n        duration=3,\n        language='English',\n        cost=\"$20\",\n        instructor=\"John Doe\",\n        materials_included=True,\n        online_available=False\n    ),\n    Workshop(\n        name=\"Medieval History Seminar\",\n        topic='history',\n        age_group='adult',\n        skill_level='intermediate',\n        location=\"History Museum\",\n        date=\"2023-11-10\",\n        duration=2,\n        language='English',\n        cost=\"$15\",\n        instructor=\"Jane Smith\",\n        materials_included=False,\n        online_available=True\n    ),\n    Workshop(\n        name=\"Digital Archaeology Basics\",\n        topic='archaeology',\n        age_group='teen',\n        skill_level='beginner',\n        location=\"Online\",\n        date=\"2023-11-15\",\n        duration=4,\n        language='English',\n        cost=\"$25\",\n        instructor=\"Alice Johnson\",\n        materials_included=True,\n        online_available=True\n    ),\n    Workshop(\n        name=\"Cultural Heritage and Preservation\",\n        topic='culture',\n        age_group='adult',\n        skill_level='advanced',\n        location=\"Cultural Center\",\n        date=\"2023-11-20\",\n        duration=3,\n        language='Spanish',\n        cost=\"$30\",\n        instructor=\"Carlos Garcia\",\n        materials_included=True,\n        online_available=False\n    ),\n    Workshop(\n        name=\"History of Technology\",\n        topic='technology',\n        age_group='adult',\n        skill_level='intermediate',\n        location=\"Tech Museum\",\n        date=\"2023-11-25\",\n        duration=2,\n        language='English',\n        cost=\"$18\",\n        instructor=\"Dr. Emily White\",\n        materials_included=False,\n        online_available=True\n    ),\n    Workshop(\n        name=\"Ancient Civilizations Overview\",\n        topic='history',\n        age_group='children',\n        skill_level='beginner',\n        location=\"Kids Museum\",\n        date=\"2023-12-01\",\n        duration=1,\n        language='English',\n        cost=\"$10\",\n        instructor=\"Mark Brown\",\n        materials_included=True,\n        online_available=False\n    ),\n    Workshop(\n        name=\"Art of the Renaissance\",\n        topic='art',\n        age_group='adult',\n        skill_level='advanced',\n        location=\"Art Institute\",\n        date=\"2023-12-05\",\n        duration=3,\n        language='French',\n        cost=\"$22\",\n        instructor=\"Sophie Martin\",\n        materials_included=True,\n        online_available=True\n    ),\n    Workshop(\n        name=\"Exploring Roman History\",\n        topic='history',\n        age_group='teen',\n        skill_level='intermediate',\n        location=\"Local Library\",\n        date=\"2023-12-10\",\n        duration=2,\n        language='English',\n        cost=\"$12\",\n        instructor=\"Paul Green\",\n        materials_included=False,\n        online_available=False\n    ),\n    Workshop(\n        name=\"Introduction to Archaeology\",\n        topic='archaeology',\n        age_group='adult',\n        skill_level='beginner',\n        location=\"Community Center\",\n        date=\"2023-12-15\",\n        duration=4,\n        language='German',\n        cost=\"$20\",\n        instructor=\"Laura Black\",\n        materials_included=True,\n        online_available=True\n    ),\n    Workshop(\n        name=\"History Through Film\",\n        topic='history',\n        age_group='adult',\n        skill_level='beginner',\n        location=\"Cinema Hall\",\n        date=\"2023-12-20\",\n        duration=3,\n        language='English',\n        cost=\"$15\",\n        instructor=\"Michael Blue\",\n        materials_included=False,\n        online_available=False\n    )\n]\n```",
    "database": [
      {
        "name": "History Through Film",
        "topic": "history",
        "age_group": "adult",
        "skill_level": "beginner",
        "location": "Cinema Hall",
        "date": "2023-12-20",
        "duration": 3,
        "language": "English",
        "cost": "$15",
        "instructor": "Michael Blue",
        "materials_included": false,
        "online_available": false
      },
      {
        "name": "Ancient Civilizations Overview",
        "topic": "history",
        "age_group": "children",
        "skill_level": "beginner",
        "location": "Kids Museum",
        "date": "2023-12-01",
        "duration": 1,
        "language": "English",
        "cost": "$10",
        "instructor": "Mark Brown",
        "materials_included": true,
        "online_available": false
      },
      {
        "name": "Cultural Heritage and Preservation",
        "topic": "culture",
        "age_group": "adult",
        "skill_level": "advanced",
        "location": "Cultural Center",
        "date": "2023-11-20",
        "duration": 3,
        "language": "Spanish",
        "cost": "$30",
        "instructor": "Carlos Garcia",
        "materials_included": true,
        "online_available": false
      },
      {
        "name": "Renaissance Painting Techniques",
        "topic": "art",
        "age_group": "adult",
        "skill_level": "advanced",
        "location": "Art Institute",
        "date": "2023-12-06",
        "duration": 3,
        "language": "French",
        "cost": "$20",
        "instructor": "Jean Dupont",
        "materials_included": true,
        "online_available": false
      },
      {
        "name": "History of Technology",
        "topic": "technology",
        "age_group": "adult",
        "skill_level": "intermediate",
        "location": "Tech Museum",
        "date": "2023-11-25",
        "duration": 2,
        "language": "English",
        "cost": "$18",
        "instructor": "Dr. Emily White",
        "materials_included": false,
        "online_available": true
      },
      {
        "name": "Exploring Renaissance Art",
        "topic": "art",
        "age_group": "adult",
        "skill_level": "intermediate",
        "location": "Art Institute",
        "date": "2023-12-05",
        "duration": 2,
        "language": "French",
        "cost": "$18",
        "instructor": "Sophie Martin",
        "materials_included": true,
        "online_available": true
      },
      {
        "name": "Renaissance Art Workshop",
        "topic": "art",
        "age_group": "adult",
        "skill_level": "beginner",
        "location": "Art Gallery",
        "date": "2023-11-01",
        "duration": 3,
        "language": "English",
        "cost": "$20",
        "instructor": "John Doe",
        "materials_included": true,
        "online_available": false
      },
      {
        "name": "Digital Archaeology Basics",
        "topic": "archaeology",
        "age_group": "teen",
        "skill_level": "beginner",
        "location": "Online",
        "date": "2023-11-15",
        "duration": 4,
        "language": "English",
        "cost": "$25",
        "instructor": "Alice Johnson",
        "materials_included": true,
        "online_available": true
      },
      {
        "name": "Introduction to Archaeology",
        "topic": "archaeology",
        "age_group": "adult",
        "skill_level": "beginner",
        "location": "Community Center",
        "date": "2023-12-15",
        "duration": 4,
        "language": "German",
        "cost": "$20",
        "instructor": "Laura Black",
        "materials_included": true,
        "online_available": true
      },
      {
        "name": "Renaissance Sculpture Workshop",
        "topic": "art",
        "age_group": "adult",
        "skill_level": "advanced",
        "location": "City Museum",
        "date": "2023-12-05",
        "duration": 3,
        "language": "English",
        "cost": "$25",
        "instructor": "Emily Johnson",
        "materials_included": true,
        "online_available": true
      },
      {
        "name": "Exploring Roman History",
        "topic": "history",
        "age_group": "teen",
        "skill_level": "intermediate",
        "location": "Local Library",
        "date": "2023-12-10",
        "duration": 2,
        "language": "English",
        "cost": "$12",
        "instructor": "Paul Green",
        "materials_included": false,
        "online_available": false
      },
      {
        "name": "Art of the Renaissance",
        "topic": "art",
        "age_group": "adult",
        "skill_level": "advanced",
        "location": "Art Institute",
        "date": "2023-12-05",
        "duration": 3,
        "language": "French",
        "cost": "$22",
        "instructor": "Sophie Martin",
        "materials_included": true,
        "online_available": true
      },
      {
        "name": "Medieval History Seminar",
        "topic": "history",
        "age_group": "adult",
        "skill_level": "intermediate",
        "location": "History Museum",
        "date": "2023-11-10",
        "duration": 2,
        "language": "English",
        "cost": "$15",
        "instructor": "Jane Smith",
        "materials_included": false,
        "online_available": true
      }
    ],
    "goal": {
      "name": "Exploring Renaissance Art",
      "topic": "art",
      "age_group": "adult",
      "skill_level": "intermediate",
      "location": "Art Institute",
      "date": "2023-12-05",
      "duration": 2,
      "language": "French",
      "cost": "$18",
      "instructor": "Sophie Martin",
      "materials_included": true,
      "online_available": true
    },
    "status": "complete"
  }
]