[
  {
    "domain": "local produce",
    "turns": [
      [
        "Hey, I'm looking for some fresh organic fruit from Oregon for the fall. Any suggestions?",
        {
          "name": null,
          "region": "Oregon",
          "freshness": "fresh",
          "type": "fruit",
          "organic": true,
          "season": "fall",
          "price_range": null,
          "supplier_rating": null
        },
        "You might like the Organic Fuji Apples from Oregon; they're fresh and organic!"
      ],
      [
        "That sounds great! What's the price range for those Fuji Apples?",
        {
          "name": "Fuji Apples",
          "region": "Oregon",
          "freshness": "fresh",
          "type": "fruit",
          "organic": true,
          "season": "fall",
          "price_range": null,
          "supplier_rating": null
        },
        "The Organic Fuji Apples are priced at $2.90."
      ],
      [
        "Perfect! How's the supplier rating for those apples?",
        {
          "name": "Fuji Apples",
          "region": "Oregon",
          "freshness": "fresh",
          "type": "fruit",
          "organic": true,
          "season": "fall",
          "price_range": [
            2.9,
            2.9
          ],
          "supplier_rating": null
        },
        "The supplier rating for the Organic Fuji Apples is 4.7."
      ],
      [
        "Awesome, I\u2019ll go with the Organic Fuji Apples! Thanks for your help!",
        {
          "name": "Fuji Apples",
          "region": "Oregon",
          "freshness": "fresh",
          "type": "fruit",
          "organic": true,
          "season": "fall",
          "price_range": [
            2.9,
            2.9
          ],
          "supplier_rating": 4.7
        },
        "You're welcome! Enjoy your cooking with the Organic Fuji Apples!"
      ]
    ],
    "preferences_code": "```python\npreferences = ProduceSearchCriteria(\n    name='Organic Fuji Apples',\n    region='Oregon',\n    freshness='fresh',\n    type='fruit',\n    organic=True,\n    season='fall',\n    price_range=(2.0, 3.5),\n    supplier_rating=4.5,\n)\n```",
    "red_herrings_code": "```python\ntarget_localproduce = LocalProduce(\n    name='Organic Apples',\n    region='Washington',\n    freshness='fresh',\n    type='fruit',\n    organic=True,\n    season='fall',\n    price=2.5,\n    supplier_rating=4.8,\n)\n\nsimilar_local_produce = [\n    LocalProduce(\n        name='Organic Gala Apples',\n        region='Washington',\n        freshness='fresh',\n        type='fruit',\n        organic=True,\n        season='fall',\n        price=2.7,\n        supplier_rating=4.6,\n    ),\n    LocalProduce(\n        name='Conventional Apples',\n        region='Washington',\n        freshness='fresh',\n        type='fruit',\n        organic=False,\n        season='fall',\n        price=1.8,\n        supplier_rating=4.5,\n    ),\n    LocalProduce(\n        name='Organic Fuji Apples',\n        region='Oregon',\n        freshness='fresh',\n        type='fruit',\n        organic=True,\n        season='fall',\n        price=2.9,\n        supplier_rating=4.7,\n    ),\n]\n```",
    "database_code": "```python\n# Global variable representing a list of local produce examples\nlocal_produce_list = [\n    LocalProduce(name=\"Organic Apples\", region=\"Washington\", freshness=\"fresh\", type=\"fruit\", organic=True, season=\"fall\", price=2.5, supplier_rating=4.8),\n    LocalProduce(name=\"Frozen Spinach\", region=\"California\", freshness=\"frozen\", type=\"vegetable\", organic=False, season=\"year-round\", price=1.5, supplier_rating=4.5),\n    LocalProduce(name=\"Dried Basil\", region=\"Italy\", freshness=\"dried\", type=\"herb\", organic=True, season=\"summer\", price=3.0, supplier_rating=4.7),\n    LocalProduce(name=\"Fresh Strawberries\", region=\"Florida\", freshness=\"fresh\", type=\"fruit\", organic=True, season=\"spring\", price=3.5, supplier_rating=4.9),\n    LocalProduce(name=\"Organic Carrots\", region=\"Michigan\", freshness=\"fresh\", type=\"vegetable\", organic=True, season=\"summer\", price=2.0, supplier_rating=4.6),\n    LocalProduce(name=\"Frozen Peas\", region=\"Oregon\", freshness=\"frozen\", type=\"vegetable\", organic=False, season=\"year-round\", price=1.0, supplier_rating=4.4),\n    LocalProduce(name=\"Fresh Mint\", region=\"California\", freshness=\"fresh\", type=\"herb\", organic=True, season=\"spring\", price=2.5, supplier_rating=4.5),\n    LocalProduce(name=\"Dried Oregano\", region=\"Greece\", freshness=\"dried\", type=\"herb\", organic=False, season=\"year-round\", price=2.0, supplier_rating=4.3),\n    LocalProduce(name=\"Fresh Broccoli\", region=\"New York\", freshness=\"fresh\", type=\"vegetable\", organic=True, season=\"fall\", price=2.8, supplier_rating=4.8),\n    LocalProduce(name=\"Organic Bananas\", region=\"Ecuador\", freshness=\"fresh\", type=\"fruit\", organic=True, season=\"year-round\", price=1.2, supplier_rating=4.9)\n]\n```",
    "database": [
      {
        "name": "Organic Carrots",
        "region": "Michigan",
        "freshness": "fresh",
        "type": "vegetable",
        "organic": true,
        "season": "summer",
        "price": 2.0,
        "supplier_rating": 4.6
      },
      {
        "name": "Organic Fuji Apples",
        "region": "Oregon",
        "freshness": "fresh",
        "type": "fruit",
        "organic": true,
        "season": "fall",
        "price": 2.9,
        "supplier_rating": 4.7
      },
      {
        "name": "Fresh Mint",
        "region": "California",
        "freshness": "fresh",
        "type": "herb",
        "organic": true,
        "season": "spring",
        "price": 2.5,
        "supplier_rating": 4.5
      },
      {
        "name": "Organic Gala Apples",
        "region": "Washington",
        "freshness": "fresh",
        "type": "fruit",
        "organic": true,
        "season": "fall",
        "price": 2.7,
        "supplier_rating": 4.6
      },
      {
        "name": "Organic Bananas",
        "region": "Ecuador",
        "freshness": "fresh",
        "type": "fruit",
        "organic": true,
        "season": "year-round",
        "price": 1.2,
        "supplier_rating": 4.9
      },
      {
        "name": "Frozen Peas",
        "region": "Oregon",
        "freshness": "frozen",
        "type": "vegetable",
        "organic": false,
        "season": "year-round",
        "price": 1.0,
        "supplier_rating": 4.4
      },
      {
        "name": "Conventional Apples",
        "region": "Washington",
        "freshness": "fresh",
        "type": "fruit",
        "organic": false,
        "season": "fall",
        "price": 1.8,
        "supplier_rating": 4.5
      },
      {
        "name": "Frozen Spinach",
        "region": "California",
        "freshness": "frozen",
        "type": "vegetable",
        "organic": false,
        "season": "year-round",
        "price": 1.5,
        "supplier_rating": 4.5
      },
      {
        "name": "Dried Oregano",
        "region": "Greece",
        "freshness": "dried",
        "type": "herb",
        "organic": false,
        "season": "year-round",
        "price": 2.0,
        "supplier_rating": 4.3
      },
      {
        "name": "Fresh Broccoli",
        "region": "New York",
        "freshness": "fresh",
        "type": "vegetable",
        "organic": true,
        "season": "fall",
        "price": 2.8,
        "supplier_rating": 4.8
      },
      {
        "name": "Dried Basil",
        "region": "Italy",
        "freshness": "dried",
        "type": "herb",
        "organic": true,
        "season": "summer",
        "price": 3.0,
        "supplier_rating": 4.7
      },
      {
        "name": "Fresh Strawberries",
        "region": "Florida",
        "freshness": "fresh",
        "type": "fruit",
        "organic": true,
        "season": "spring",
        "price": 3.5,
        "supplier_rating": 4.9
      },
      {
        "name": "Organic Apples",
        "region": "Washington",
        "freshness": "fresh",
        "type": "fruit",
        "organic": true,
        "season": "fall",
        "price": 2.5,
        "supplier_rating": 4.8
      }
    ],
    "goal": {
      "name": "Organic Fuji Apples",
      "region": "Oregon",
      "freshness": "fresh",
      "type": "fruit",
      "organic": true,
      "season": "fall",
      "price": 2.9,
      "supplier_rating": 4.7
    },
    "status": "complete"
  },
  {
    "domain": "organic ingredients",
    "turns": [
      [
        "Thanks! Now, do you have any fresh organic vegetables from Oregon available?",
        {
          "name": "Organic Fuji Apples",
          "certification": null,
          "type": "fruit",
          "availability": "year-round",
          "origin": "Oregon",
          "price_range": [
            2.9,
            2.9
          ],
          "supplier": null,
          "freshness": "fresh",
          "packaging": null
        },
        "Yes, we have Organic Swiss Chard from Oregon, and it's fresh!"
      ]
    ],
    "preferences_code": "```python\npreferences = OrganicIngredientCriteria(\n    name='Organic Swiss Chard',\n    certification='USDA Organic',\n    type='vegetable',\n    availability='year-round',\n    origin='Oregon',\n    price_range=(3.0, 4.0),\n    supplier='Healthy Harvest',\n    freshness='fresh',\n    packaging='individual',\n)\n```",
    "red_herrings_code": "```python\n# Global variable containing a list of organic ingredient examples\norganic_ingredients_examples = [\n    OrganicIngredient(\n        name='Organic Spinach',\n        certification='EU Organic',\n        type='vegetable',\n        availability='year-round',\n        origin='California',\n        price=3.0,\n        supplier='Green Valley Farms',\n        freshness='fresh',\n        packaging='bulk',\n    ),\n    OrganicIngredient(\n        name='Organic Swiss Chard',\n        certification='USDA Organic',\n        type='vegetable',\n        availability='year-round',\n        origin='Oregon',\n        price=3.2,\n        supplier='Healthy Harvest',\n        freshness='fresh',\n        packaging='individual',\n    ),\n    OrganicIngredient(\n        name='Organic Broccoli',\n        certification='EU Organic',\n        type='vegetable',\n        availability='in-season',\n        origin='California',\n        price=2.8,\n        supplier='Green Valley Farms',\n        freshness='fresh',\n        packaging='bulk',\n    ),\n]\n```",
    "database_code": "```python\n# Global variable containing a list of organic ingredient examples\norganic_ingredients = [\n    OrganicIngredient(\n        name=\"Organic Fuji Apples\",\n        certification=\"USDA Organic\",\n        type='fruit',\n        availability='in-season',\n        origin=\"Oregon\",\n        price=2.90,\n        supplier=\"Oregon Fruit Company\",\n        freshness='fresh',\n        packaging='individual'\n    ),\n    OrganicIngredient(\n        name=\"Organic Kale\",\n        certification=\"EU Organic\",\n        type='vegetable',\n        availability='year-round',\n        origin=\"California\",\n        price=3.50,\n        supplier=\"Green Valley Farms\",\n        freshness='fresh',\n        packaging='bulk'\n    ),\n    OrganicIngredient(\n        name=\"Organic Quinoa\",\n        certification=\"USDA Organic\",\n        type='grain',\n        availability='year-round',\n        origin=\"Peru\",\n        price=4.00,\n        supplier=\"Nature's Best\",\n        freshness='dried',\n        packaging='bulk'\n    ),\n    OrganicIngredient(\n        name=\"Organic Chicken Breast\",\n        certification=\"USDA Organic\",\n        type='protein',\n        availability='limited',\n        origin=\"Georgia\",\n        price=9.99,\n        supplier=\"Farm Fresh Poultry\",\n        freshness='fresh',\n        packaging='individual'\n    ),\n    OrganicIngredient(\n        name=\"Organic Almonds\",\n        certification=\"USDA Organic\",\n        type='protein',\n        availability='year-round',\n        origin=\"California\",\n        price=8.50,\n        supplier=\"Nutty Delights\",\n        freshness='dried',\n        packaging='bulk'\n    ),\n    OrganicIngredient(\n        name=\"Organic Spinach\",\n        certification=\"USDA Organic\",\n        type='vegetable',\n        availability='in-season',\n        origin=\"California\",\n        price=2.00,\n        supplier=\"Green Valley Farms\",\n        freshness='fresh',\n        packaging='individual'\n    ),\n    OrganicIngredient(\n        name=\"Organic Coconut Milk\",\n        certification=\"USDA Organic\",\n        type='dairy',\n        availability='year-round',\n        origin=\"Thailand\",\n        price=2.50,\n        supplier=\"Tropical Delights\",\n        freshness='canned',\n        packaging='individual'\n    ),\n    OrganicIngredient(\n        name=\"Organic Basil\",\n        certification=\"USDA Organic\",\n        type='herb',\n        availability='in-season',\n        origin=\"California\",\n        price=1.50,\n        supplier=\"Herb Garden\",\n        freshness='fresh',\n        packaging='individual'\n    ),\n    OrganicIngredient(\n        name=\"Organic Brown Rice\",\n        certification=\"USDA Organic\",\n        type='grain',\n        availability='year-round',\n        origin=\"California\",\n        price=3.00,\n        supplier=\"Grain Masters\",\n        freshness='dried',\n        packaging='bulk'\n    ),\n    OrganicIngredient(\n        name=\"Organic Cinnamon\",\n        certification=\"USDA Organic\",\n        type='spice',\n        availability='year-round',\n        origin=\"Sri Lanka\",\n        price=5.00,\n        supplier=\"Spice World\",\n        freshness='dried',\n        packaging='individual'\n    )\n]\n```",
    "database": [
      {
        "name": "Organic Spinach",
        "certification": "EU Organic",
        "type": "vegetable",
        "availability": "year-round",
        "origin": "California",
        "price": 3.0,
        "supplier": "Green Valley Farms",
        "freshness": "fresh",
        "packaging": "bulk"
      },
      {
        "name": "Organic Brown Rice",
        "certification": "USDA Organic",
        "type": "grain",
        "availability": "year-round",
        "origin": "California",
        "price": 3.0,
        "supplier": "Grain Masters",
        "freshness": "dried",
        "packaging": "bulk"
      },
      {
        "name": "Organic Coconut Milk",
        "certification": "USDA Organic",
        "type": "dairy",
        "availability": "year-round",
        "origin": "Thailand",
        "price": 2.5,
        "supplier": "Tropical Delights",
        "freshness": "canned",
        "packaging": "individual"
      },
      {
        "name": "Organic Broccoli",
        "certification": "EU Organic",
        "type": "vegetable",
        "availability": "in-season",
        "origin": "California",
        "price": 2.8,
        "supplier": "Green Valley Farms",
        "freshness": "fresh",
        "packaging": "bulk"
      },
      {
        "name": "Organic Cinnamon",
        "certification": "USDA Organic",
        "type": "spice",
        "availability": "year-round",
        "origin": "Sri Lanka",
        "price": 5.0,
        "supplier": "Spice World",
        "freshness": "dried",
        "packaging": "individual"
      },
      {
        "name": "Organic Spinach",
        "certification": "USDA Organic",
        "type": "vegetable",
        "availability": "in-season",
        "origin": "California",
        "price": 2.0,
        "supplier": "Green Valley Farms",
        "freshness": "fresh",
        "packaging": "individual"
      },
      {
        "name": "Organic Chicken Breast",
        "certification": "USDA Organic",
        "type": "protein",
        "availability": "limited",
        "origin": "Georgia",
        "price": 9.99,
        "supplier": "Farm Fresh Poultry",
        "freshness": "fresh",
        "packaging": "individual"
      },
      {
        "name": "Organic Quinoa",
        "certification": "USDA Organic",
        "type": "grain",
        "availability": "year-round",
        "origin": "Peru",
        "price": 4.0,
        "supplier": "Nature's Best",
        "freshness": "dried",
        "packaging": "bulk"
      },
      {
        "name": "Organic Fuji Apples",
        "certification": "USDA Organic",
        "type": "fruit",
        "availability": "in-season",
        "origin": "Oregon",
        "price": 2.9,
        "supplier": "Oregon Fruit Company",
        "freshness": "fresh",
        "packaging": "individual"
      },
      {
        "name": "Organic Basil",
        "certification": "USDA Organic",
        "type": "herb",
        "availability": "in-season",
        "origin": "California",
        "price": 1.5,
        "supplier": "Herb Garden",
        "freshness": "fresh",
        "packaging": "individual"
      },
      {
        "name": "Organic Swiss Chard",
        "certification": "USDA Organic",
        "type": "vegetable",
        "availability": "year-round",
        "origin": "Oregon",
        "price": 3.2,
        "supplier": "Healthy Harvest",
        "freshness": "fresh",
        "packaging": "individual"
      },
      {
        "name": "Organic Almonds",
        "certification": "USDA Organic",
        "type": "protein",
        "availability": "year-round",
        "origin": "California",
        "price": 8.5,
        "supplier": "Nutty Delights",
        "freshness": "dried",
        "packaging": "bulk"
      },
      {
        "name": "Organic Kale",
        "certification": "EU Organic",
        "type": "vegetable",
        "availability": "year-round",
        "origin": "California",
        "price": 3.5,
        "supplier": "Green Valley Farms",
        "freshness": "fresh",
        "packaging": "bulk"
      }
    ],
    "goal": {
      "name": "Organic Swiss Chard",
      "certification": "USDA Organic",
      "type": "vegetable",
      "availability": "year-round",
      "origin": "Oregon",
      "price": 3.2,
      "supplier": "Healthy Harvest",
      "freshness": "fresh",
      "packaging": "individual"
    },
    "status": "complete"
  },
  {
    "domain": "seasonal items",
    "turns": [
      [
        "That sounds good! But I'm actually looking for some organic fruit for summer. Any options?",
        {
          "name": "Organic Fuji Apples",
          "season": "Autumn",
          "type": "Fruit",
          "local": true,
          "organic": true,
          "quantity": null,
          "price_range": [
            2.9,
            2.9
          ]
        },
        "For summer, we have Organic Blackberries and Organic Strawberries available!"
      ],
      [
        "Great! Are both of them locally sourced?",
        {
          "name": "Organic Fuji Apples",
          "season": "Autumn",
          "type": "Fruit",
          "local": true,
          "organic": true,
          "quantity": null,
          "price_range": [
            2.9,
            2.9
          ]
        },
        "The Organic Blackberries are locally sourced, but the Organic Strawberries are not."
      ],
      [
        "I\u2019ll take the Organic Blackberries then! What\u2019s the price for those?",
        {
          "name": "Organic Blackberries",
          "season": "Summer",
          "type": "Fruit",
          "local": true,
          "organic": true,
          "quantity": null,
          "price_range": null
        },
        "The Organic Blackberries are priced at $7.00."
      ],
      [
        "Sounds good! Can you confirm the quantity available for the Organic Blackberries?",
        {
          "name": "Organic Blackberries",
          "season": "Summer",
          "type": "Fruit",
          "local": true,
          "organic": true,
          "quantity": null,
          "price_range": [
            7.0,
            7.0
          ]
        },
        "There are 200 units available of the Organic Blackberries."
      ],
      [
        "Perfect, I\u2019ll go with 10 units of the Organic Blackberries! Thanks!",
        {
          "name": "Organic Blackberries",
          "season": "Summer",
          "type": "Fruit",
          "local": true,
          "organic": true,
          "quantity": 10,
          "price_range": [
            7.0,
            7.0
          ]
        },
        "You're all set with 10 units of Organic Blackberries! Thank you!"
      ]
    ],
    "preferences_code": "```python\npreferences = SeasonalItemCriteria(\n    name='Organic Blackberries',\n    season='Summer',\n    type='Fruit',\n    local=True,\n    organic=True,\n    quantity=10,\n    price_range=(5.0, 10.0)\n)\n```",
    "red_herrings_code": "```python\n# Global variable representing a list of seasonal items examples\nseasonal_items_examples = [\n    SeasonalItem(\n        name='Organic Raspberries',\n        season='Summer',\n        type='Fruit',\n        local=False,\n        organic=True,\n        available_quantity=100,\n        price=5.5,\n    ),\n    SeasonalItem(\n        name='Organic Blackberries',\n        season='Summer',\n        type='Fruit',\n        local=True,\n        organic=True,\n        available_quantity=200,\n        price=7.0,\n    ),\n    SeasonalItem(\n        name='Organic Strawberries',\n        season='Spring',\n        type='Fruit',\n        local=True,\n        organic=True,\n        available_quantity=80,\n        price=4.5,\n    ),\n]\n```",
    "database_code": "```python\n# Global variable to hold a list of seasonal item examples\nseasonal_items = [\n    SeasonalItem(name=\"Organic Fuji Apples\", season=\"Autumn\", type=\"Fruit\", local=True, organic=True, available_quantity=100, price=2.90),\n    SeasonalItem(name=\"Organic Swiss Chard\", season=\"Autumn\", type=\"Vegetable\", local=True, organic=True, available_quantity=50, price=3.50),\n    SeasonalItem(name=\"Organic Kale\", season=\"Winter\", type=\"Vegetable\", local=True, organic=True, available_quantity=30, price=4.00),\n    SeasonalItem(name=\"Organic Strawberries\", season=\"Summer\", type=\"Fruit\", local=False, organic=True, available_quantity=200, price=5.50),\n    SeasonalItem(name=\"Organic Carrots\", season=\"Autumn\", type=\"Vegetable\", local=True, organic=True, available_quantity=75, price=2.00),\n    SeasonalItem(name=\"Organic Blueberries\", season=\"Summer\", type=\"Fruit\", local=False, organic=True, available_quantity=150, price=6.00),\n    SeasonalItem(name=\"Organic Basil\", season=\"Summer\", type=\"Herb\", local=True, organic=True, available_quantity=40, price=3.00),\n    SeasonalItem(name=\"Organic Pumpkins\", season=\"Autumn\", type=\"Vegetable\", local=True, organic=True, available_quantity=60, price=4.50),\n    SeasonalItem(name=\"Organic Peppers\", season=\"Summer\", type=\"Vegetable\", local=True, organic=True, available_quantity=80, price=2.75),\n    SeasonalItem(name=\"Organic Thyme\", season=\"Spring\", type=\"Herb\", local=True, organic=True, available_quantity=20, price=2.25),\n]\n```",
    "database": [
      {
        "name": "Organic Fuji Apples",
        "season": "Autumn",
        "type": "Fruit",
        "local": true,
        "organic": true,
        "available_quantity": 100,
        "price": 2.9
      },
      {
        "name": "Organic Basil",
        "season": "Summer",
        "type": "Herb",
        "local": true,
        "organic": true,
        "available_quantity": 40,
        "price": 3.0
      },
      {
        "name": "Organic Pumpkins",
        "season": "Autumn",
        "type": "Vegetable",
        "local": true,
        "organic": true,
        "available_quantity": 60,
        "price": 4.5
      },
      {
        "name": "Organic Strawberries",
        "season": "Spring",
        "type": "Fruit",
        "local": true,
        "organic": true,
        "available_quantity": 80,
        "price": 4.5
      },
      {
        "name": "Organic Blackberries",
        "season": "Summer",
        "type": "Fruit",
        "local": true,
        "organic": true,
        "available_quantity": 200,
        "price": 7.0
      },
      {
        "name": "Organic Kale",
        "season": "Winter",
        "type": "Vegetable",
        "local": true,
        "organic": true,
        "available_quantity": 30,
        "price": 4.0
      },
      {
        "name": "Organic Strawberries",
        "season": "Summer",
        "type": "Fruit",
        "local": false,
        "organic": true,
        "available_quantity": 200,
        "price": 5.5
      },
      {
        "name": "Organic Peppers",
        "season": "Summer",
        "type": "Vegetable",
        "local": true,
        "organic": true,
        "available_quantity": 80,
        "price": 2.75
      },
      {
        "name": "Organic Thyme",
        "season": "Spring",
        "type": "Herb",
        "local": true,
        "organic": true,
        "available_quantity": 20,
        "price": 2.25
      },
      {
        "name": "Organic Raspberries",
        "season": "Summer",
        "type": "Fruit",
        "local": false,
        "organic": true,
        "available_quantity": 100,
        "price": 5.5
      },
      {
        "name": "Organic Carrots",
        "season": "Autumn",
        "type": "Vegetable",
        "local": true,
        "organic": true,
        "available_quantity": 75,
        "price": 2.0
      },
      {
        "name": "Organic Blueberries",
        "season": "Summer",
        "type": "Fruit",
        "local": false,
        "organic": true,
        "available_quantity": 150,
        "price": 6.0
      },
      {
        "name": "Organic Swiss Chard",
        "season": "Autumn",
        "type": "Vegetable",
        "local": true,
        "organic": true,
        "available_quantity": 50,
        "price": 3.5
      }
    ],
    "goal": {
      "name": "Organic Blackberries",
      "season": "Summer",
      "type": "Fruit",
      "local": true,
      "organic": true,
      "available_quantity": 200,
      "price": 7.0
    },
    "status": "complete"
  }
]