[
  {
    "domain": "local produce",
    "turns": [
      [
        "Hey, can you help me find some fresh organic vegetables from California?",
        {
          "name": null,
          "region": "California",
          "freshness": "fresh",
          "type": "vegetable",
          "organic": true,
          "season": null,
          "price_range": null,
          "supplier_rating": null
        },
        "Sure! Are you looking for anything specific, like a certain type of vegetable?"
      ],
      [
        "Not really, I'm open to suggestions! What do you have available?",
        {
          "name": null,
          "region": "California",
          "freshness": "fresh",
          "type": "vegetable",
          "organic": true,
          "season": null,
          "price_range": null,
          "supplier_rating": null
        },
        "I have fresh spinach and fresh broccoli from California. Would you like to know more about one of them?"
      ],
      [
        "Yes, tell me more about the fresh spinach, please!",
        {
          "name": null,
          "region": "California",
          "freshness": "fresh",
          "type": "vegetable",
          "organic": true,
          "season": null,
          "price_range": null,
          "supplier_rating": null
        },
        "The fresh spinach is organic, available year-round, priced at $2.00, and has a supplier rating of 4.7. Does that sound good?"
      ],
      [
        "That sounds great! I'll go with the fresh organic spinach.",
        {
          "name": "spinach",
          "region": "California",
          "freshness": "fresh",
          "type": "vegetable",
          "organic": true,
          "season": null,
          "price_range": [
            2.0,
            2.0
          ],
          "supplier_rating": 4.7
        },
        "Awesome choice! Fresh organic spinach it is!"
      ]
    ],
    "preferences_code": "```python\npreferences = ProduceSearchCriteria(\n    name='Fresh Spinach',\n    region='California',\n    freshness='fresh',\n    type='vegetable',\n    organic=True,\n    season='year-round',\n    price_range=(1.0, 3.0),\n    supplier_rating=4.5,\n)\n```",
    "red_herrings_code": "```python\n# Global variable representing a list of similar local produce examples\nsimilar_local_produce = [\n    LocalProduce(\n        name='Fresh Spinach',\n        region='California',\n        freshness='fresh',\n        type='vegetable',\n        organic=True,\n        season='year-round',\n        price=2.0,\n        supplier_rating=4.7,\n    ),\n    LocalProduce(\n        name='Frozen Kale',\n        region='California',\n        freshness='frozen',\n        type='vegetable',\n        organic=False,\n        season='winter',\n        price=1.8,\n        supplier_rating=4.6,\n    ),\n    LocalProduce(\n        name='Dried Spinach',\n        region='Oregon',\n        freshness='dried',\n        type='vegetable',\n        organic=True,\n        season='year-round',\n        price=1.2,\n        supplier_rating=4.3,\n    ),\n]\n```",
    "database_code": "```python\n# Global variable representing a list of local produce examples\nlocal_produce_list = [\n    LocalProduce(name=\"Organic Apples\", region=\"Washington\", freshness=\"fresh\", type=\"fruit\", organic=True, season=\"fall\", price=2.5, supplier_rating=4.8),\n    LocalProduce(name=\"Frozen Spinach\", region=\"California\", freshness=\"frozen\", type=\"vegetable\", organic=False, season=\"year-round\", price=1.5, supplier_rating=4.5),\n    LocalProduce(name=\"Dried Basil\", region=\"Italy\", freshness=\"dried\", type=\"herb\", organic=True, season=\"summer\", price=3.0, supplier_rating=4.7),\n    LocalProduce(name=\"Fresh Strawberries\", region=\"Florida\", freshness=\"fresh\", type=\"fruit\", organic=True, season=\"spring\", price=3.5, supplier_rating=4.9),\n    LocalProduce(name=\"Organic Carrots\", region=\"Michigan\", freshness=\"fresh\", type=\"vegetable\", organic=True, season=\"summer\", price=2.0, supplier_rating=4.6),\n    LocalProduce(name=\"Frozen Peas\", region=\"Oregon\", freshness=\"frozen\", type=\"vegetable\", organic=False, season=\"year-round\", price=1.0, supplier_rating=4.4),\n    LocalProduce(name=\"Fresh Mint\", region=\"California\", freshness=\"fresh\", type=\"herb\", organic=True, season=\"spring\", price=2.5, supplier_rating=4.5),\n    LocalProduce(name=\"Dried Oregano\", region=\"Greece\", freshness=\"dried\", type=\"herb\", organic=False, season=\"year-round\", price=2.0, supplier_rating=4.3),\n    LocalProduce(name=\"Fresh Broccoli\", region=\"New York\", freshness=\"fresh\", type=\"vegetable\", organic=True, season=\"fall\", price=2.8, supplier_rating=4.8),\n    LocalProduce(name=\"Organic Bananas\", region=\"Ecuador\", freshness=\"fresh\", type=\"fruit\", organic=True, season=\"year-round\", price=1.2, supplier_rating=4.9)\n]\n```",
    "database": [
      {
        "name": "Fresh Mint",
        "region": "California",
        "freshness": "fresh",
        "type": "herb",
        "organic": true,
        "season": "spring",
        "price": 2.5,
        "supplier_rating": 4.5
      },
      {
        "name": "Organic Apples",
        "region": "Washington",
        "freshness": "fresh",
        "type": "fruit",
        "organic": true,
        "season": "fall",
        "price": 2.5,
        "supplier_rating": 4.8
      },
      {
        "name": "Fresh Strawberries",
        "region": "Florida",
        "freshness": "fresh",
        "type": "fruit",
        "organic": true,
        "season": "spring",
        "price": 3.5,
        "supplier_rating": 4.9
      },
      {
        "name": "Organic Bananas",
        "region": "Ecuador",
        "freshness": "fresh",
        "type": "fruit",
        "organic": true,
        "season": "year-round",
        "price": 1.2,
        "supplier_rating": 4.9
      },
      {
        "name": "Dried Basil",
        "region": "Italy",
        "freshness": "dried",
        "type": "herb",
        "organic": true,
        "season": "summer",
        "price": 3.0,
        "supplier_rating": 4.7
      },
      {
        "name": "Frozen Kale",
        "region": "California",
        "freshness": "frozen",
        "type": "vegetable",
        "organic": false,
        "season": "winter",
        "price": 1.8,
        "supplier_rating": 4.6
      },
      {
        "name": "Frozen Spinach",
        "region": "California",
        "freshness": "frozen",
        "type": "vegetable",
        "organic": false,
        "season": "year-round",
        "price": 1.5,
        "supplier_rating": 4.5
      },
      {
        "name": "Dried Spinach",
        "region": "Oregon",
        "freshness": "dried",
        "type": "vegetable",
        "organic": true,
        "season": "year-round",
        "price": 1.2,
        "supplier_rating": 4.3
      },
      {
        "name": "Dried Oregano",
        "region": "Greece",
        "freshness": "dried",
        "type": "herb",
        "organic": false,
        "season": "year-round",
        "price": 2.0,
        "supplier_rating": 4.3
      },
      {
        "name": "Fresh Broccoli",
        "region": "New York",
        "freshness": "fresh",
        "type": "vegetable",
        "organic": true,
        "season": "fall",
        "price": 2.8,
        "supplier_rating": 4.8
      },
      {
        "name": "Organic Carrots",
        "region": "Michigan",
        "freshness": "fresh",
        "type": "vegetable",
        "organic": true,
        "season": "summer",
        "price": 2.0,
        "supplier_rating": 4.6
      },
      {
        "name": "Fresh Spinach",
        "region": "California",
        "freshness": "fresh",
        "type": "vegetable",
        "organic": true,
        "season": "year-round",
        "price": 2.0,
        "supplier_rating": 4.7
      },
      {
        "name": "Frozen Peas",
        "region": "Oregon",
        "freshness": "frozen",
        "type": "vegetable",
        "organic": false,
        "season": "year-round",
        "price": 1.0,
        "supplier_rating": 4.4
      }
    ],
    "goal": {
      "name": "Fresh Spinach",
      "region": "California",
      "freshness": "fresh",
      "type": "vegetable",
      "organic": true,
      "season": "year-round",
      "price": 2.0,
      "supplier_rating": 4.7
    },
    "status": "complete"
  },
  {
    "domain": "organic ingredients",
    "turns": [
      [
        "Thanks! Now, do you have any other fresh organic vegetables from California?",
        {
          "name": "spinach",
          "certification": null,
          "type": "vegetable",
          "availability": "year-round",
          "origin": "California",
          "price_range": [
            2.0,
            2.0
          ],
          "supplier": null,
          "freshness": "fresh",
          "packaging": null
        },
        "Yes, I also have fresh organic kale and fresh arugula. Want details on either?"
      ],
      [
        "Can you give me the details on the fresh organic kale?",
        {
          "name": "fresh organic spinach",
          "certification": null,
          "type": "vegetable",
          "availability": "year-round",
          "origin": "California",
          "price_range": [
            2.0,
            2.0
          ],
          "supplier": null,
          "freshness": "fresh",
          "packaging": null
        },
        "The fresh organic kale is available year-round, priced at $2.50, and sourced from California. Interested in that?"
      ],
      [
        "That sounds good too! I'll take the fresh organic kale as well.",
        {
          "name": "fresh organic kale",
          "certification": null,
          "type": "vegetable",
          "availability": "year-round",
          "origin": "California",
          "price_range": [
            2.5,
            2.5
          ],
          "supplier": null,
          "freshness": "fresh",
          "packaging": null
        },
        "Great choice! Fresh organic kale added to your order!"
      ]
    ],
    "preferences_code": "```python\npreferences = OrganicIngredientCriteria(\n    name='Organic Spinach',\n    certification='USDA Organic',\n    type='vegetable',\n    availability='year-round',\n    origin='California',\n    price_range=(1.5, 3.0),\n    supplier='Green Farms',\n    freshness='fresh',\n    packaging='minimal',\n)\n```",
    "red_herrings_code": "```python\n# Global variable that holds a list of similar organic ingredients\nsimilar_organic_ingredients = [\n    OrganicIngredient(\n        name='Organic Kale',\n        certification='USDA Organic',\n        type='vegetable',\n        availability='year-round',\n        origin='California',\n        price=2.5,\n        supplier='Green Farms',\n        freshness='fresh',\n        packaging='minimal',\n    ),\n    OrganicIngredient(\n        name='Fresh Arugula',\n        certification='USDA Organic',\n        type='vegetable',\n        availability='in-season',\n        origin='California',\n        price=3.0,\n        supplier='Green Farms',\n        freshness='fresh',\n        packaging='individual',\n    ),\n    OrganicIngredient(\n        name='Organic Swiss Chard',\n        certification='EU Organic',\n        type='vegetable',\n        availability='year-round',\n        origin='California',\n        price=2.2,\n        supplier='Fresh Greens Co.',\n        freshness='fresh',\n        packaging='bulk',\n    ),\n]\n```",
    "database_code": "```python\n# Global variable representing a list of organic ingredient examples\norganic_ingredients = [\n    OrganicIngredient(\n        name=\"Fresh Spinach\",\n        certification=\"USDA Organic\",\n        type='vegetable',\n        availability='year-round',\n        origin=\"California\",\n        price=2.00,\n        supplier=\"Green Farms\",\n        freshness='fresh',\n        packaging='minimal'\n    ),\n    OrganicIngredient(\n        name=\"Organic Broccoli\",\n        certification=\"USDA Organic\",\n        type='vegetable',\n        availability='in-season',\n        origin=\"California\",\n        price=2.50,\n        supplier=\"Green Farms\",\n        freshness='fresh',\n        packaging='bulk'\n    ),\n    OrganicIngredient(\n        name=\"Organic Strawberries\",\n        certification=\"USDA Organic\",\n        type='fruit',\n        availability='limited',\n        origin=\"California\",\n        price=3.00,\n        supplier=\"Berry Best\",\n        freshness='fresh',\n        packaging='individual'\n    ),\n    OrganicIngredient(\n        name=\"Organic Quinoa\",\n        certification=\"EU Organic\",\n        type='grain',\n        availability='year-round',\n        origin=\"Peru\",\n        price=4.00,\n        supplier=\"Grain Co.\",\n        freshness='dried',\n        packaging='bulk'\n    ),\n    OrganicIngredient(\n        name=\"Organic Chicken Breast\",\n        certification=\"USDA Organic\",\n        type='protein',\n        availability='year-round',\n        origin=\"California\",\n        price=8.00,\n        supplier=\"Farm Fresh\",\n        freshness='fresh',\n        packaging='individual'\n    ),\n    OrganicIngredient(\n        name=\"Organic Almonds\",\n        certification=\"USDA Organic\",\n        type='protein',\n        availability='year-round',\n        origin=\"California\",\n        price=6.00,\n        supplier=\"Nutty Delights\",\n        freshness='dried',\n        packaging='bulk'\n    ),\n    OrganicIngredient(\n        name=\"Organic Milk\",\n        certification=\"USDA Organic\",\n        type='dairy',\n        availability='year-round',\n        origin=\"California\",\n        price=3.50,\n        supplier=\"Dairy Pure\",\n        freshness='fresh',\n        packaging='individual'\n    ),\n    OrganicIngredient(\n        name=\"Organic Basil\",\n        certification=\"USDA Organic\",\n        type='herb',\n        availability='in-season',\n        origin=\"California\",\n        price=1.50,\n        supplier=\"Herb Garden\",\n        freshness='fresh',\n        packaging='minimal'\n    ),\n    OrganicIngredient(\n        name=\"Organic Olive Oil\",\n        certification=\"EU Organic\",\n        type='spice',\n        availability='year-round',\n        origin=\"Italy\",\n        price=10.00,\n        supplier=\"Olive Press\",\n        freshness='fresh',\n        packaging='individual'\n    ),\n    OrganicIngredient(\n        name=\"Organic Carrots\",\n        certification=\"USDA Organic\",\n        type='vegetable',\n        availability='year-round',\n        origin=\"California\",\n        price=1.20,\n        supplier=\"Rooted Farms\",\n        freshness='fresh',\n        packaging='bulk'\n    )\n]\n```",
    "database": [
      {
        "name": "Fresh Spinach",
        "certification": "USDA Organic",
        "type": "vegetable",
        "availability": "year-round",
        "origin": "California",
        "price": 2.0,
        "supplier": "Green Farms",
        "freshness": "fresh",
        "packaging": "minimal"
      },
      {
        "name": "Organic Milk",
        "certification": "USDA Organic",
        "type": "dairy",
        "availability": "year-round",
        "origin": "California",
        "price": 3.5,
        "supplier": "Dairy Pure",
        "freshness": "fresh",
        "packaging": "individual"
      },
      {
        "name": "Organic Basil",
        "certification": "USDA Organic",
        "type": "herb",
        "availability": "in-season",
        "origin": "California",
        "price": 1.5,
        "supplier": "Herb Garden",
        "freshness": "fresh",
        "packaging": "minimal"
      },
      {
        "name": "Organic Olive Oil",
        "certification": "EU Organic",
        "type": "spice",
        "availability": "year-round",
        "origin": "Italy",
        "price": 10.0,
        "supplier": "Olive Press",
        "freshness": "fresh",
        "packaging": "individual"
      },
      {
        "name": "Organic Broccoli",
        "certification": "USDA Organic",
        "type": "vegetable",
        "availability": "in-season",
        "origin": "California",
        "price": 2.5,
        "supplier": "Green Farms",
        "freshness": "fresh",
        "packaging": "bulk"
      },
      {
        "name": "Organic Kale",
        "certification": "USDA Organic",
        "type": "vegetable",
        "availability": "year-round",
        "origin": "California",
        "price": 2.5,
        "supplier": "Green Farms",
        "freshness": "fresh",
        "packaging": "minimal"
      },
      {
        "name": "Organic Strawberries",
        "certification": "USDA Organic",
        "type": "fruit",
        "availability": "limited",
        "origin": "California",
        "price": 3.0,
        "supplier": "Berry Best",
        "freshness": "fresh",
        "packaging": "individual"
      },
      {
        "name": "Organic Quinoa",
        "certification": "EU Organic",
        "type": "grain",
        "availability": "year-round",
        "origin": "Peru",
        "price": 4.0,
        "supplier": "Grain Co.",
        "freshness": "dried",
        "packaging": "bulk"
      },
      {
        "name": "Organic Chicken Breast",
        "certification": "USDA Organic",
        "type": "protein",
        "availability": "year-round",
        "origin": "California",
        "price": 8.0,
        "supplier": "Farm Fresh",
        "freshness": "fresh",
        "packaging": "individual"
      },
      {
        "name": "Organic Almonds",
        "certification": "USDA Organic",
        "type": "protein",
        "availability": "year-round",
        "origin": "California",
        "price": 6.0,
        "supplier": "Nutty Delights",
        "freshness": "dried",
        "packaging": "bulk"
      },
      {
        "name": "Fresh Arugula",
        "certification": "USDA Organic",
        "type": "vegetable",
        "availability": "in-season",
        "origin": "California",
        "price": 3.0,
        "supplier": "Green Farms",
        "freshness": "fresh",
        "packaging": "individual"
      },
      {
        "name": "Organic Swiss Chard",
        "certification": "EU Organic",
        "type": "vegetable",
        "availability": "year-round",
        "origin": "California",
        "price": 2.2,
        "supplier": "Fresh Greens Co.",
        "freshness": "fresh",
        "packaging": "bulk"
      },
      {
        "name": "Organic Carrots",
        "certification": "USDA Organic",
        "type": "vegetable",
        "availability": "year-round",
        "origin": "California",
        "price": 1.2,
        "supplier": "Rooted Farms",
        "freshness": "fresh",
        "packaging": "bulk"
      }
    ],
    "goal": {
      "name": "Organic Kale",
      "certification": "USDA Organic",
      "type": "vegetable",
      "availability": "year-round",
      "origin": "California",
      "price": 2.5,
      "supplier": "Green Farms",
      "freshness": "fresh",
      "packaging": "minimal"
    },
    "status": "complete"
  }
]