[
  {
    "domain": "venue",
    "turns": [
      [
        "I'm looking for a rustic venue in the countryside for about 160 guests.",
        {
          "name": null,
          "capacity": 160,
          "location": "countryside",
          "style": "rustic",
          "budget": null,
          "indoor_outdoor": null,
          "catering": null,
          "accommodation": null,
          "parking": null,
          "pet_friendly": null,
          "accessibility": null,
          "view": null,
          "music_restrictions": null
        },
        "I have a couple of rustic options in the countryside; do you have a budget in mind?"
      ],
      [
        "Yes, my budget is around 2900.",
        {
          "name": null,
          "capacity": 160,
          "location": "countryside",
          "style": "rustic",
          "budget": 2900,
          "indoor_outdoor": null,
          "catering": null,
          "accommodation": null,
          "parking": null,
          "pet_friendly": null,
          "accessibility": null,
          "view": null,
          "music_restrictions": null
        },
        "The Rustic Lodge fits your needs perfectly at 2900, accommodating 160 guests. Would you like to go with that?"
      ],
      [
        "Does it have both indoor and outdoor options?",
        {
          "name": "Rustic Lodge",
          "capacity": 160,
          "location": "countryside",
          "style": "rustic",
          "budget": 2900,
          "indoor_outdoor": "both",
          "catering": null,
          "accommodation": null,
          "parking": null,
          "pet_friendly": null,
          "accessibility": null,
          "view": null,
          "music_restrictions": null
        },
        "Yes, the Rustic Lodge offers both indoor and outdoor options. Would you like to book it?"
      ],
      [
        "Are there any music restrictions at the Rustic Lodge?",
        {
          "name": "Rustic Lodge",
          "capacity": 160,
          "location": "countryside",
          "style": "rustic",
          "budget": 2900,
          "indoor_outdoor": "both",
          "catering": null,
          "accommodation": null,
          "parking": null,
          "pet_friendly": null,
          "accessibility": null,
          "view": null,
          "music_restrictions": null
        },
        "No, there are no music restrictions at the Rustic Lodge. Ready to proceed with it?"
      ],
      [
        "That sounds great! Let's go ahead and book the Rustic Lodge.",
        {
          "name": "Rustic Lodge",
          "capacity": 160,
          "location": "countryside",
          "style": "rustic",
          "budget": 2900,
          "indoor_outdoor": "both",
          "catering": null,
          "accommodation": null,
          "parking": null,
          "pet_friendly": null,
          "accessibility": null,
          "view": null,
          "music_restrictions": false
        },
        "Awesome choice! I'll get started on the booking for the Rustic Lodge. Congratulations!"
      ]
    ],
    "preferences_code": "```python\npreferences = VenueCriteria(\n    name='Rustic Lodge',\n    capacity=160,\n    location='Countryside',\n    style='rustic',\n    budget=2900.0,\n    indoor_outdoor='both',\n    catering=False,\n    accommodation=False,\n    parking=True,\n    pet_friendly=False,\n    accessibility=True,\n    view='garden',\n    music_restrictions=False,\n)\n```",
    "red_herrings_code": "```python\n# A global variable representing a list of venue examples similar to the target venue.\nvenue_examples = [\n    Venue(\n        name='Charming Barn',\n        capacity=150,\n        location='Countryside',\n        style='rustic',\n        budget=2800.0,\n        indoor_outdoor='both',\n        catering=True,\n        accommodation=False,\n        parking=True,\n        pet_friendly=False,\n        accessibility=True,\n        view='garden',\n        music_restrictions=False,\n    ),\n    Venue(\n        name='Elegant Barn',\n        capacity=120,\n        location='Countryside',\n        style='rustic',\n        budget=3200.0,\n        indoor_outdoor='indoor',\n        catering=True,\n        accommodation=False,\n        parking=True,\n        pet_friendly=False,\n        accessibility=True,\n        view='garden',\n        music_restrictions=False,\n    ),\n    Venue(\n        name='Rustic Lodge',\n        capacity=160,\n        location='Countryside',\n        style='rustic',\n        budget=2900.0,\n        indoor_outdoor='both',\n        catering=False,\n        accommodation=False,\n        parking=True,\n        pet_friendly=False,\n        accessibility=True,\n        view='garden',\n        music_restrictions=False,\n    )\n]\n```",
    "database_code": "```python\n# Global variable to hold a list of venue examples\nvenues = [\n    Venue(\n        name=\"Rustic Barn\",\n        capacity=150,\n        location=\"Countryside\",\n        style=\"rustic\",\n        budget=3000.0,\n        indoor_outdoor=\"both\",\n        catering=True,\n        accommodation=False,\n        parking=True,\n        pet_friendly=False,\n        accessibility=True,\n        view=\"garden\",\n        music_restrictions=False\n    ),\n    Venue(\n        name=\"Modern Art Gallery\",\n        capacity=100,\n        location=\"Downtown\",\n        style=\"modern\",\n        budget=5000.0,\n        indoor_outdoor=\"indoor\",\n        catering=True,\n        accommodation=False,\n        parking=True,\n        pet_friendly=False,\n        accessibility=True,\n        view=\"city\",\n        music_restrictions=True\n    ),\n    Venue(\n        name=\"Traditional Church Hall\",\n        capacity=200,\n        location=\"Suburb\",\n        style=\"traditional\",\n        budget=1500.0,\n        indoor_outdoor=\"indoor\",\n        catering=False,\n        accommodation=False,\n        parking=True,\n        pet_friendly=False,\n        accessibility=True,\n        view=\"none\",\n        music_restrictions=True\n    ),\n    Venue(\n        name=\"Beachfront Resort\",\n        capacity=300,\n        location=\"Coastal\",\n        style=\"vintage\",\n        budget=8000.0,\n        indoor_outdoor=\"outdoor\",\n        catering=True,\n        accommodation=True,\n        parking=True,\n        pet_friendly=True,\n        accessibility=True,\n        view=\"sea\",\n        music_restrictions=False\n    ),\n    Venue(\n        name=\"Industrial Loft\",\n        capacity=80,\n        location=\"Urban\",\n        style=\"industrial\",\n        budget=4000.0,\n        indoor_outdoor=\"indoor\",\n        catering=False,\n        accommodation=False,\n        parking=True,\n        pet_friendly=False,\n        accessibility=False,\n        view=\"city\",\n        music_restrictions=True\n    ),\n    Venue(\n        name=\"Bohemian Garden\",\n        capacity=120,\n        location=\"City Park\",\n        style=\"bohemian\",\n        budget=2500.0,\n        indoor_outdoor=\"both\",\n        catering=True,\n        accommodation=False,\n        parking=True,\n        pet_friendly=True,\n        accessibility=True,\n        view=\"garden\",\n        music_restrictions=False\n    ),\n    Venue(\n        name=\"Luxury Hotel Ballroom\",\n        capacity=400,\n        location=\"Downtown\",\n        style=\"modern\",\n        budget=10000.0,\n        indoor_outdoor=\"indoor\",\n        catering=True,\n        accommodation=True,\n        parking=True,\n        pet_friendly=False,\n        accessibility=True,\n        view=\"city\",\n        music_restrictions=False\n    ),\n    Venue(\n        name=\"Countryside Vineyard\",\n        capacity=200,\n        location=\"Rural\",\n        style=\"rustic\",\n        budget=6000.0,\n        indoor_outdoor=\"both\",\n        catering=True,\n        accommodation=True,\n        parking=True,\n        pet_friendly=True,\n        accessibility=False,\n        view=\"mountain\",\n        music_restrictions=False\n    ),\n    Venue(\n        name=\"Charming Cottage\",\n        capacity=50,\n        location=\"Village\",\n        style=\"vintage\",\n        budget=2000.0,\n        indoor_outdoor=\"indoor\",\n        catering=False,\n        accommodation=False,\n        parking=False,\n        pet_friendly=True,\n        accessibility=True,\n        view=\"garden\",\n        music_restrictions=True\n    ),\n    Venue(\n        name=\"Grand Conference Center\",\n        capacity=500,\n        location=\"City Center\",\n        style=\"modern\",\n        budget=12000.0,\n        indoor_outdoor=\"indoor\",\n        catering=True,\n        accommodation=False,\n        parking=True,\n        pet_friendly=False,\n        accessibility=True,\n        view=\"none\",\n        music_restrictions=False\n    )\n]\n```",
    "database": [
      {
        "name": "Beachfront Resort",
        "capacity": 300,
        "location": "Coastal",
        "style": "vintage",
        "budget": 8000.0,
        "indoor_outdoor": "outdoor",
        "catering": true,
        "accommodation": true,
        "parking": true,
        "pet_friendly": true,
        "accessibility": true,
        "view": "sea",
        "music_restrictions": false
      },
      {
        "name": "Luxury Hotel Ballroom",
        "capacity": 400,
        "location": "Downtown",
        "style": "modern",
        "budget": 10000.0,
        "indoor_outdoor": "indoor",
        "catering": true,
        "accommodation": true,
        "parking": true,
        "pet_friendly": false,
        "accessibility": true,
        "view": "city",
        "music_restrictions": false
      },
      {
        "name": "Elegant Barn",
        "capacity": 120,
        "location": "Countryside",
        "style": "rustic",
        "budget": 3200.0,
        "indoor_outdoor": "indoor",
        "catering": true,
        "accommodation": false,
        "parking": true,
        "pet_friendly": false,
        "accessibility": true,
        "view": "garden",
        "music_restrictions": false
      },
      {
        "name": "Rustic Lodge",
        "capacity": 160,
        "location": "Countryside",
        "style": "rustic",
        "budget": 2900.0,
        "indoor_outdoor": "both",
        "catering": false,
        "accommodation": false,
        "parking": true,
        "pet_friendly": false,
        "accessibility": true,
        "view": "garden",
        "music_restrictions": false
      },
      {
        "name": "Modern Art Gallery",
        "capacity": 100,
        "location": "Downtown",
        "style": "modern",
        "budget": 5000.0,
        "indoor_outdoor": "indoor",
        "catering": true,
        "accommodation": false,
        "parking": true,
        "pet_friendly": false,
        "accessibility": true,
        "view": "city",
        "music_restrictions": true
      },
      {
        "name": "Charming Barn",
        "capacity": 150,
        "location": "Countryside",
        "style": "rustic",
        "budget": 2800.0,
        "indoor_outdoor": "both",
        "catering": true,
        "accommodation": false,
        "parking": true,
        "pet_friendly": false,
        "accessibility": true,
        "view": "garden",
        "music_restrictions": false
      },
      {
        "name": "Traditional Church Hall",
        "capacity": 200,
        "location": "Suburb",
        "style": "traditional",
        "budget": 1500.0,
        "indoor_outdoor": "indoor",
        "catering": false,
        "accommodation": false,
        "parking": true,
        "pet_friendly": false,
        "accessibility": true,
        "view": "none",
        "music_restrictions": true
      },
      {
        "name": "Industrial Loft",
        "capacity": 80,
        "location": "Urban",
        "style": "industrial",
        "budget": 4000.0,
        "indoor_outdoor": "indoor",
        "catering": false,
        "accommodation": false,
        "parking": true,
        "pet_friendly": false,
        "accessibility": false,
        "view": "city",
        "music_restrictions": true
      },
      {
        "name": "Bohemian Garden",
        "capacity": 120,
        "location": "City Park",
        "style": "bohemian",
        "budget": 2500.0,
        "indoor_outdoor": "both",
        "catering": true,
        "accommodation": false,
        "parking": true,
        "pet_friendly": true,
        "accessibility": true,
        "view": "garden",
        "music_restrictions": false
      },
      {
        "name": "Charming Cottage",
        "capacity": 50,
        "location": "Village",
        "style": "vintage",
        "budget": 2000.0,
        "indoor_outdoor": "indoor",
        "catering": false,
        "accommodation": false,
        "parking": false,
        "pet_friendly": true,
        "accessibility": true,
        "view": "garden",
        "music_restrictions": true
      },
      {
        "name": "Countryside Vineyard",
        "capacity": 200,
        "location": "Rural",
        "style": "rustic",
        "budget": 6000.0,
        "indoor_outdoor": "both",
        "catering": true,
        "accommodation": true,
        "parking": true,
        "pet_friendly": true,
        "accessibility": false,
        "view": "mountain",
        "music_restrictions": false
      },
      {
        "name": "Grand Conference Center",
        "capacity": 500,
        "location": "City Center",
        "style": "modern",
        "budget": 12000.0,
        "indoor_outdoor": "indoor",
        "catering": true,
        "accommodation": false,
        "parking": true,
        "pet_friendly": false,
        "accessibility": true,
        "view": "none",
        "music_restrictions": false
      },
      {
        "name": "Rustic Barn",
        "capacity": 150,
        "location": "Countryside",
        "style": "rustic",
        "budget": 3000.0,
        "indoor_outdoor": "both",
        "catering": true,
        "accommodation": false,
        "parking": true,
        "pet_friendly": false,
        "accessibility": true,
        "view": "garden",
        "music_restrictions": false
      }
    ],
    "goal": {
      "name": "Rustic Lodge",
      "capacity": 160,
      "location": "Countryside",
      "style": "rustic",
      "budget": 2900.0,
      "indoor_outdoor": "both",
      "catering": false,
      "accommodation": false,
      "parking": true,
      "pet_friendly": false,
      "accessibility": true,
      "view": "garden",
      "music_restrictions": false
    },
    "status": "complete"
  },
  {
    "domain": "florist",
    "turns": [
      [
        "Thank you! Now, can you help me find a florist?",
        {
          "name": null,
          "flower_types": null,
          "budget": 2900,
          "style": "rustic",
          "location": null,
          "delivery_service": null,
          "setup_service": null,
          "consultation": null,
          "availability": null
        },
        "Of course! What specific qualities are you looking for in a florist?"
      ],
      [
        "I prefer a florist that offers delivery and setup services.",
        {
          "name": null,
          "flower_types": null,
          "budget": null,
          "style": null,
          "location": null,
          "delivery_service": true,
          "setup_service": true,
          "consultation": null,
          "availability": null
        },
        "Got it! Do you have a budget range in mind for the florist?"
      ],
      [
        "Yes, my budget for the florist is around 1000.",
        {
          "name": null,
          "flower_types": null,
          "budget": 1000,
          "style": null,
          "location": null,
          "delivery_service": true,
          "setup_service": true,
          "consultation": null,
          "availability": null
        },
        "Great! I found a few florists within that budget. Do you have a preferred flower type or style?"
      ],
      [
        "I really love roses and lilies, and I want a rustic style.",
        {
          "name": null,
          "flower_types": [
            "roses",
            "lilies"
          ],
          "budget": 1000,
          "style": "rustic",
          "location": null,
          "delivery_service": true,
          "setup_service": true,
          "consultation": null,
          "availability": null
        },
        "I have the perfect match! \"Garden Blooms\" specializes in rustic style with roses and lilies, and offers delivery and setup services. Would you like to go with them?"
      ],
      [
        "That sounds perfect! Can we check their availability for June 30th?",
        {
          "name": "Garden Blooms",
          "flower_types": [
            "roses",
            "lilies"
          ],
          "budget": 1000,
          "style": "rustic",
          "location": null,
          "delivery_service": true,
          "setup_service": true,
          "consultation": null,
          "availability": "June 30th"
        },
        "Yes, \"Garden Blooms\" is available on June 30th! Shall I confirm the booking?"
      ],
      [
        "Yes, please confirm the booking with \"Garden Blooms\"!",
        {
          "name": "Garden Blooms",
          "flower_types": [
            "roses",
            "lilies"
          ],
          "budget": 1000,
          "style": "rustic",
          "location": null,
          "delivery_service": true,
          "setup_service": true,
          "consultation": null,
          "availability": "June 30th"
        },
        "Fantastic! I'll confirm the booking with \"Garden Blooms\" for June 30th. Congratulations on your florist choice!"
      ]
    ],
    "preferences_code": "```python\npreferences = FloristCriteria(\n    name='Garden Blooms',\n    flower_types=['roses', 'lilies'],\n    budget=1000,\n    style='rustic',\n    location='Countryside',\n    delivery_service=True,\n    setup_service=True,\n    consultation=False,\n    availability='2023-06-30'\n)\n```",
    "red_herrings_code": "```python\n# Global variable containing a list of similar florist examples\nsimilar_florists: List[FloristProfile] = [\n    FloristProfile(\n        name='Petal Paradise',\n        flower_types=['roses', 'daisies', 'tulips'],\n        budget_range=(400, 1400),\n        style='traditional',\n        location='Countryside',\n        delivery_service=True,\n        setup_service=True,\n        consultation=True,\n        availability=['2023-06-15', '2023-06-22', '2023-07-05'],\n    ),\n    FloristProfile(\n        name='Floral Elegance',\n        flower_types=['lilies', 'orchids', 'tulips'],\n        budget_range=(600, 1600),\n        style='modern',\n        location='Countryside',\n        delivery_service=True,\n        setup_service=False,\n        consultation=True,\n        availability=['2023-06-20', '2023-06-22', '2023-07-01'],\n    ),\n    FloristProfile(\n        name='Garden Blooms',\n        flower_types=['roses', 'lilies'],\n        budget_range=(500, 1200),\n        style='rustic',\n        location='Countryside',\n        delivery_service=True,\n        setup_service=True,\n        consultation=False,\n        availability=['2023-06-15', '2023-06-30', '2023-07-01'],\n    ),\n]\n```",
    "database_code": "```python\n# Global variable to hold a list of florist examples\nflorist_profiles = [\n    FloristProfile(\n        name=\"Blooming Joy\",\n        flower_types=[\"roses\", \"lilies\", \"tulips\"],\n        budget_range=(500, 1500),\n        style='traditional',\n        location=\"Countryside\",\n        delivery_service=True,\n        setup_service=True,\n        consultation=True,\n        availability=[\"2023-06-15\", \"2023-06-22\", \"2023-07-01\"]\n    ),\n    FloristProfile(\n        name=\"Rustic Blooms\",\n        flower_types=[\"wildflowers\", \"daisies\", \"sunflowers\"],\n        budget_range=(300, 800),\n        style='rustic',\n        location=\"Hillside\",\n        delivery_service=True,\n        setup_service=False,\n        consultation=True,\n        availability=[\"2023-06-10\", \"2023-06-20\", \"2023-07-05\"]\n    ),\n    FloristProfile(\n        name=\"Elegant Petals\",\n        flower_types=[\"orchids\", \"peonies\", \"roses\"],\n        budget_range=(1000, 2500),\n        style='modern',\n        location=\"City Center\",\n        delivery_service=True,\n        setup_service=True,\n        consultation=True,\n        availability=[\"2023-06-18\", \"2023-06-25\", \"2023-07-10\"]\n    ),\n    FloristProfile(\n        name=\"Boho Blooms\",\n        flower_types=[\"lavender\", \"ferns\", \"wildflowers\"],\n        budget_range=(400, 1200),\n        style='bohemian',\n        location=\"Forest Edge\",\n        delivery_service=False,\n        setup_service=True,\n        consultation=False,\n        availability=[\"2023-06-12\", \"2023-06-19\", \"2023-07-08\"]\n    ),\n    FloristProfile(\n        name=\"Romantic Roses\",\n        flower_types=[\"roses\", \"carnations\", \"lilies\"],\n        budget_range=(600, 1800),\n        style='romantic',\n        location=\"Lakeside\",\n        delivery_service=True,\n        setup_service=True,\n        consultation=True,\n        availability=[\"2023-06-15\", \"2023-06-22\", \"2023-07-12\"]\n    ),\n    FloristProfile(\n        name=\"Vintage Flora\",\n        flower_types=[\"peonies\", \"daisies\", \"roses\"],\n        budget_range=(800, 2000),\n        style='traditional',\n        location=\"Old Town\",\n        delivery_service=True,\n        setup_service=False,\n        consultation=True,\n        availability=[\"2023-06-14\", \"2023-06-21\", \"2023-07-03\"]\n    ),\n    FloristProfile(\n        name=\"Chic Flowers\",\n        flower_types=[\"tulips\", \"lilies\", \"orchids\"],\n        budget_range=(900, 2200),\n        style='modern',\n        location=\"Downtown\",\n        delivery_service=True,\n        setup_service=True,\n        consultation=True,\n        availability=[\"2023-06-16\", \"2023-06-23\", \"2023-07-07\"]\n    ),\n    FloristProfile(\n        name=\"Nature's Touch\",\n        flower_types=[\"wildflowers\", \"sunflowers\", \"ferns\"],\n        budget_range=(350, 950),\n        style='rustic',\n        location=\"Green Valley\",\n        delivery_service=False,\n        setup_service=True,\n        consultation=False,\n        availability=[\"2023-06-11\", \"2023-06-18\", \"2023-07-02\"]\n    ),\n    FloristProfile(\n        name=\"Floral Elegance\",\n        flower_types=[\"roses\", \"lilies\", \"orchids\"],\n        budget_range=(500, 1700),\n        style='romantic',\n        location=\"Seaside\",\n        delivery_service=True,\n        setup_service=True,\n        consultation=True,\n        availability=[\"2023-06-20\", \"2023-06-27\", \"2023-07-09\"]\n    ),\n    FloristProfile(\n        name=\"Whimsical Blooms\",\n        flower_types=[\"daisies\", \"lavender\", \"wildflowers\"],\n        budget_range=(300, 1100),\n        style='bohemian',\n        location=\"Meadow\",\n        delivery_service=True,\n        setup_service=False,\n        consultation=True,\n        availability=[\"2023-06-13\", \"2023-06-24\", \"2023-07-06\"]\n    )\n]\n```",
    "database": [
      {
        "name": "Floral Elegance",
        "flower_types": [
          "lilies",
          "orchids",
          "tulips"
        ],
        "budget_range": [
          600,
          1600
        ],
        "style": "modern",
        "location": "Countryside",
        "delivery_service": true,
        "setup_service": false,
        "consultation": true,
        "availability": [
          "2023-06-20",
          "2023-06-22",
          "2023-07-01"
        ]
      },
      {
        "name": "Floral Elegance",
        "flower_types": [
          "roses",
          "lilies",
          "orchids"
        ],
        "budget_range": [
          500,
          1700
        ],
        "style": "romantic",
        "location": "Seaside",
        "delivery_service": true,
        "setup_service": true,
        "consultation": true,
        "availability": [
          "2023-06-20",
          "2023-06-27",
          "2023-07-09"
        ]
      },
      {
        "name": "Vintage Flora",
        "flower_types": [
          "peonies",
          "daisies",
          "roses"
        ],
        "budget_range": [
          800,
          2000
        ],
        "style": "traditional",
        "location": "Old Town",
        "delivery_service": true,
        "setup_service": false,
        "consultation": true,
        "availability": [
          "2023-06-14",
          "2023-06-21",
          "2023-07-03"
        ]
      },
      {
        "name": "Nature's Touch",
        "flower_types": [
          "wildflowers",
          "sunflowers",
          "ferns"
        ],
        "budget_range": [
          350,
          950
        ],
        "style": "rustic",
        "location": "Green Valley",
        "delivery_service": false,
        "setup_service": true,
        "consultation": false,
        "availability": [
          "2023-06-11",
          "2023-06-18",
          "2023-07-02"
        ]
      },
      {
        "name": "Garden Blooms",
        "flower_types": [
          "roses",
          "lilies"
        ],
        "budget_range": [
          500,
          1200
        ],
        "style": "rustic",
        "location": "Countryside",
        "delivery_service": true,
        "setup_service": true,
        "consultation": false,
        "availability": [
          "2023-06-15",
          "2023-06-30",
          "2023-07-01"
        ]
      },
      {
        "name": "Rustic Blooms",
        "flower_types": [
          "wildflowers",
          "daisies",
          "sunflowers"
        ],
        "budget_range": [
          300,
          800
        ],
        "style": "rustic",
        "location": "Hillside",
        "delivery_service": true,
        "setup_service": false,
        "consultation": true,
        "availability": [
          "2023-06-10",
          "2023-06-20",
          "2023-07-05"
        ]
      },
      {
        "name": "Elegant Petals",
        "flower_types": [
          "orchids",
          "peonies",
          "roses"
        ],
        "budget_range": [
          1000,
          2500
        ],
        "style": "modern",
        "location": "City Center",
        "delivery_service": true,
        "setup_service": true,
        "consultation": true,
        "availability": [
          "2023-06-18",
          "2023-06-25",
          "2023-07-10"
        ]
      },
      {
        "name": "Whimsical Blooms",
        "flower_types": [
          "daisies",
          "lavender",
          "wildflowers"
        ],
        "budget_range": [
          300,
          1100
        ],
        "style": "bohemian",
        "location": "Meadow",
        "delivery_service": true,
        "setup_service": false,
        "consultation": true,
        "availability": [
          "2023-06-13",
          "2023-06-24",
          "2023-07-06"
        ]
      },
      {
        "name": "Romantic Roses",
        "flower_types": [
          "roses",
          "carnations",
          "lilies"
        ],
        "budget_range": [
          600,
          1800
        ],
        "style": "romantic",
        "location": "Lakeside",
        "delivery_service": true,
        "setup_service": true,
        "consultation": true,
        "availability": [
          "2023-06-15",
          "2023-06-22",
          "2023-07-12"
        ]
      },
      {
        "name": "Petal Paradise",
        "flower_types": [
          "roses",
          "daisies",
          "tulips"
        ],
        "budget_range": [
          400,
          1400
        ],
        "style": "traditional",
        "location": "Countryside",
        "delivery_service": true,
        "setup_service": true,
        "consultation": true,
        "availability": [
          "2023-06-15",
          "2023-06-22",
          "2023-07-05"
        ]
      },
      {
        "name": "Boho Blooms",
        "flower_types": [
          "lavender",
          "ferns",
          "wildflowers"
        ],
        "budget_range": [
          400,
          1200
        ],
        "style": "bohemian",
        "location": "Forest Edge",
        "delivery_service": false,
        "setup_service": true,
        "consultation": false,
        "availability": [
          "2023-06-12",
          "2023-06-19",
          "2023-07-08"
        ]
      },
      {
        "name": "Chic Flowers",
        "flower_types": [
          "tulips",
          "lilies",
          "orchids"
        ],
        "budget_range": [
          900,
          2200
        ],
        "style": "modern",
        "location": "Downtown",
        "delivery_service": true,
        "setup_service": true,
        "consultation": true,
        "availability": [
          "2023-06-16",
          "2023-06-23",
          "2023-07-07"
        ]
      },
      {
        "name": "Blooming Joy",
        "flower_types": [
          "roses",
          "lilies",
          "tulips"
        ],
        "budget_range": [
          500,
          1500
        ],
        "style": "traditional",
        "location": "Countryside",
        "delivery_service": true,
        "setup_service": true,
        "consultation": true,
        "availability": [
          "2023-06-15",
          "2023-06-22",
          "2023-07-01"
        ]
      }
    ],
    "goal": {
      "name": "Garden Blooms",
      "flower_types": [
        "roses",
        "lilies"
      ],
      "budget_range": [
        500,
        1200
      ],
      "style": "rustic",
      "location": "Countryside",
      "delivery_service": true,
      "setup_service": true,
      "consultation": false,
      "availability": [
        "2023-06-15",
        "2023-06-30",
        "2023-07-01"
      ]
    },
    "status": "complete"
  },
  {
    "domain": "caterer",
    "turns": [
      [
        "Thanks! Now, can we look for a caterer? I have some specific preferences.",
        {
          "name": null,
          "cuisine_type": null,
          "dietary_options": null,
          "budget": 2900,
          "location": null,
          "service_style": null,
          "tasting_availability": null,
          "review_score": null,
          "availability": null,
          "experience": null
        },
        "Absolutely! What are your specific preferences for the caterer?"
      ],
      [
        "I'm interested in a caterer that specializes in Mexican cuisine.",
        {
          "name": null,
          "cuisine_type": [
            "Mexican"
          ],
          "dietary_options": null,
          "budget": null,
          "location": null,
          "service_style": null,
          "tasting_availability": null,
          "review_score": null,
          "availability": null,
          "experience": null
        },
        "Great choice! Do you have a budget range in mind for the caterer?"
      ],
      [
        "Yes, my budget for the caterer is around 1000.",
        {
          "name": null,
          "cuisine_type": [
            "Mexican"
          ],
          "dietary_options": null,
          "budget": 1000,
          "location": null,
          "service_style": null,
          "tasting_availability": null,
          "review_score": null,
          "availability": null,
          "experience": null
        },
        "Perfect! I have a few Mexican caterers under 1000. Do you need any dietary options, like vegetarian or gluten-free?"
      ],
      [
        "Yes, I need the caterer to offer gluten-free options.",
        {
          "name": null,
          "cuisine_type": [
            "Mexican"
          ],
          "dietary_options": [
            "Gluten-Free"
          ],
          "budget": 1000,
          "location": null,
          "service_style": null,
          "tasting_availability": null,
          "review_score": null,
          "availability": null,
          "experience": null
        },
        "I found a couple of options! \"Savory Tacos\" and \"Fiesta Delights\" both offer gluten-free options. Would you like to know more about them?"
      ],
      [
        "Yes, can you tell me more about \"Savory Tacos\"?",
        {
          "name": null,
          "cuisine_type": [
            "Mexican"
          ],
          "dietary_options": [
            "Gluten-Free"
          ],
          "budget": 1000,
          "location": null,
          "service_style": null,
          "tasting_availability": null,
          "review_score": null,
          "availability": null,
          "experience": null
        },
        "\"Savory Tacos\" offers a family-style service, has a budget of 600, and a review score of 4.0. They also provide gluten-free options. Interested in booking them?"
      ],
      [
        "That sounds great! Are they available on June 30th?",
        {
          "name": "Savory Tacos",
          "cuisine_type": [
            "Mexican"
          ],
          "dietary_options": [
            "Gluten-Free"
          ],
          "budget": 1000,
          "location": null,
          "service_style": "Family-style",
          "tasting_availability": null,
          "review_score": 4.0,
          "availability": true,
          "experience": null
        },
        "Yes, \"Savory Tacos\" is available on June 30th! Shall I confirm the booking?"
      ],
      [
        "Yes, please confirm the booking with \"Savory Tacos\"!",
        {
          "name": "Savory Tacos",
          "cuisine_type": [
            "Mexican"
          ],
          "dietary_options": [
            "Gluten-Free"
          ],
          "budget": 1000,
          "location": null,
          "service_style": "Family-style",
          "tasting_availability": null,
          "review_score": 4.0,
          "availability": true,
          "experience": null
        },
        "Awesome! I'll confirm the booking with \"Savory Tacos\" for June 30th. Congratulations on your caterer choice!"
      ]
    ],
    "preferences_code": "```python\npreferences = CatererCriteria(\n    name='Savory Tacos',\n    cuisine_type=['Mexican'],\n    dietary_options=['Gluten-Free'],\n    budget=1000,\n    location='Countryside',\n    service_style='Family-style',\n    tasting_availability=True,\n    review_score=4.0,\n    availability=True,\n    experience=5,\n)\n```",
    "red_herrings_code": "```python\n# Global variable to hold a list of caterer examples\ncaterer_examples = [\n    Caterer(\n        name='Fiesta Delights',\n        cuisine_type=['Mexican'],\n        dietary_options=['Vegetarian'],\n        budget=450,\n        location='Countryside',\n        service_style='Buffet',\n        tasting_availability=True,\n        review_score=4.5,\n        availability=True,\n        experience=4,\n    ),\n    Caterer(\n        name='Savory Tacos',\n        cuisine_type=['Mexican'],\n        dietary_options=['Gluten-Free'],\n        budget=600,\n        location='Countryside',\n        service_style='Family-style',\n        tasting_availability=True,\n        review_score=4.0,\n        availability=True,\n        experience=5,\n    ),\n    Caterer(\n        name='Culinary Fiesta',\n        cuisine_type=['Mexican'],\n        dietary_options=['Vegetarian', 'Vegan'],\n        budget=550,\n        location='Countryside',\n        service_style='Sit-down',\n        tasting_availability=False,\n        review_score=4.3,\n        availability=True,\n        experience=2,\n    ),\n]\n```",
    "database_code": "```python\n# Global variable to hold a list of caterer examples\ncaterers = [\n    Caterer(\n        name=\"Gourmet Delights\",\n        cuisine_type=[\"Italian\", \"Mediterranean\"],\n        dietary_options=[\"Vegetarian\", \"Gluten-Free\"],\n        budget=800,\n        location=\"Countryside\",\n        service_style=\"Sit-down\",\n        tasting_availability=True,\n        review_score=4.5,\n        availability=True,\n        experience=10\n    ),\n    Caterer(\n        name=\"Spice of Life\",\n        cuisine_type=[\"Indian\", \"Vegetarian\"],\n        dietary_options=[\"Vegan\", \"Gluten-Free\"],\n        budget=600,\n        location=\"Countryside\",\n        service_style=\"Buffet\",\n        tasting_availability=True,\n        review_score=4.7,\n        availability=True,\n        experience=5\n    ),\n    Caterer(\n        name=\"Taco Fiesta\",\n        cuisine_type=[\"Mexican\"],\n        dietary_options=[\"Vegetarian\", \"Gluten-Free\"],\n        budget=500,\n        location=\"Countryside\",\n        service_style=\"Family-style\",\n        tasting_availability=False,\n        review_score=4.2,\n        availability=True,\n        experience=3\n    ),\n    Caterer(\n        name=\"Elegant French Cuisine\",\n        cuisine_type=[\"French\"],\n        dietary_options=[\"Vegetarian\"],\n        budget=1200,\n        location=\"Countryside\",\n        service_style=\"Sit-down\",\n        tasting_availability=True,\n        review_score=4.8,\n        availability=False,\n        experience=8\n    ),\n    Caterer(\n        name=\"Asian Fusion\",\n        cuisine_type=[\"Chinese\", \"Japanese\"],\n        dietary_options=[\"Vegan\"],\n        budget=900,\n        location=\"Countryside\",\n        service_style=\"Cocktail\",\n        tasting_availability=True,\n        review_score=4.6,\n        availability=True,\n        experience=7\n    ),\n    Caterer(\n        name=\"BBQ Masters\",\n        cuisine_type=[\"American\"],\n        dietary_options=[\"Gluten-Free\"],\n        budget=700,\n        location=\"Countryside\",\n        service_style=\"Buffet\",\n        tasting_availability=False,\n        review_score=4.3,\n        availability=True,\n        experience=6\n    ),\n    Caterer(\n        name=\"Healthy Bites\",\n        cuisine_type=[\"Mediterranean\"],\n        dietary_options=[\"Vegan\", \"Gluten-Free\"],\n        budget=850,\n        location=\"Countryside\",\n        service_style=\"Sit-down\",\n        tasting_availability=True,\n        review_score=4.4,\n        availability=True,\n        experience=4\n    ),\n    Caterer(\n        name=\"Taste of Thailand\",\n        cuisine_type=[\"Thai\"],\n        dietary_options=[\"Vegetarian\"],\n        budget=400,\n        location=\"Countryside\",\n        service_style=\"Buffet\",\n        tasting_availability=False,\n        review_score=4.1,\n        availability=True,\n        experience=2\n    ),\n    Caterer(\n        name=\"Classic Dishes\",\n        cuisine_type=[\"Italian\", \"American\"],\n        dietary_options=[\"Vegetarian\", \"Kosher\"],\n        budget=950,\n        location=\"Countryside\",\n        service_style=\"Family-style\",\n        tasting_availability=True,\n        review_score=4.5,\n        availability=False,\n        experience=9\n    ),\n    Caterer(\n        name=\"The Sweet Spot\",\n        cuisine_type=[\"Desserts\"],\n        dietary_options=[\"Gluten-Free\"],\n        budget=300,\n        location=\"Countryside\",\n        service_style=\"Cocktail\",\n        tasting_availability=True,\n        review_score=4.9,\n        availability=True,\n        experience=5\n    )\n]\n```",
    "database": [
      {
        "name": "Healthy Bites",
        "cuisine_type": [
          "Mediterranean"
        ],
        "dietary_options": [
          "Vegan",
          "Gluten-Free"
        ],
        "budget": 850,
        "location": "Countryside",
        "service_style": "Sit-down",
        "tasting_availability": true,
        "review_score": 4.4,
        "availability": true,
        "experience": 4
      },
      {
        "name": "Savory Tacos",
        "cuisine_type": [
          "Mexican"
        ],
        "dietary_options": [
          "Gluten-Free"
        ],
        "budget": 600,
        "location": "Countryside",
        "service_style": "Family-style",
        "tasting_availability": true,
        "review_score": 4.0,
        "availability": true,
        "experience": 5
      },
      {
        "name": "BBQ Masters",
        "cuisine_type": [
          "American"
        ],
        "dietary_options": [
          "Gluten-Free"
        ],
        "budget": 700,
        "location": "Countryside",
        "service_style": "Buffet",
        "tasting_availability": false,
        "review_score": 4.3,
        "availability": true,
        "experience": 6
      },
      {
        "name": "The Sweet Spot",
        "cuisine_type": [
          "Desserts"
        ],
        "dietary_options": [
          "Gluten-Free"
        ],
        "budget": 300,
        "location": "Countryside",
        "service_style": "Cocktail",
        "tasting_availability": true,
        "review_score": 4.9,
        "availability": true,
        "experience": 5
      },
      {
        "name": "Spice of Life",
        "cuisine_type": [
          "Indian",
          "Vegetarian"
        ],
        "dietary_options": [
          "Vegan",
          "Gluten-Free"
        ],
        "budget": 600,
        "location": "Countryside",
        "service_style": "Buffet",
        "tasting_availability": true,
        "review_score": 4.7,
        "availability": true,
        "experience": 5
      },
      {
        "name": "Taste of Thailand",
        "cuisine_type": [
          "Thai"
        ],
        "dietary_options": [
          "Vegetarian"
        ],
        "budget": 400,
        "location": "Countryside",
        "service_style": "Buffet",
        "tasting_availability": false,
        "review_score": 4.1,
        "availability": true,
        "experience": 2
      },
      {
        "name": "Taco Fiesta",
        "cuisine_type": [
          "Mexican"
        ],
        "dietary_options": [
          "Vegetarian",
          "Gluten-Free"
        ],
        "budget": 500,
        "location": "Countryside",
        "service_style": "Family-style",
        "tasting_availability": false,
        "review_score": 4.2,
        "availability": true,
        "experience": 3
      },
      {
        "name": "Classic Dishes",
        "cuisine_type": [
          "Italian",
          "American"
        ],
        "dietary_options": [
          "Vegetarian",
          "Kosher"
        ],
        "budget": 950,
        "location": "Countryside",
        "service_style": "Family-style",
        "tasting_availability": true,
        "review_score": 4.5,
        "availability": false,
        "experience": 9
      },
      {
        "name": "Fiesta Delights",
        "cuisine_type": [
          "Mexican"
        ],
        "dietary_options": [
          "Vegetarian"
        ],
        "budget": 450,
        "location": "Countryside",
        "service_style": "Buffet",
        "tasting_availability": true,
        "review_score": 4.5,
        "availability": true,
        "experience": 4
      },
      {
        "name": "Asian Fusion",
        "cuisine_type": [
          "Chinese",
          "Japanese"
        ],
        "dietary_options": [
          "Vegan"
        ],
        "budget": 900,
        "location": "Countryside",
        "service_style": "Cocktail",
        "tasting_availability": true,
        "review_score": 4.6,
        "availability": true,
        "experience": 7
      },
      {
        "name": "Elegant French Cuisine",
        "cuisine_type": [
          "French"
        ],
        "dietary_options": [
          "Vegetarian"
        ],
        "budget": 1200,
        "location": "Countryside",
        "service_style": "Sit-down",
        "tasting_availability": true,
        "review_score": 4.8,
        "availability": false,
        "experience": 8
      },
      {
        "name": "Gourmet Delights",
        "cuisine_type": [
          "Italian",
          "Mediterranean"
        ],
        "dietary_options": [
          "Vegetarian",
          "Gluten-Free"
        ],
        "budget": 800,
        "location": "Countryside",
        "service_style": "Sit-down",
        "tasting_availability": true,
        "review_score": 4.5,
        "availability": true,
        "experience": 10
      },
      {
        "name": "Culinary Fiesta",
        "cuisine_type": [
          "Mexican"
        ],
        "dietary_options": [
          "Vegetarian",
          "Vegan"
        ],
        "budget": 550,
        "location": "Countryside",
        "service_style": "Sit-down",
        "tasting_availability": false,
        "review_score": 4.3,
        "availability": true,
        "experience": 2
      }
    ],
    "goal": {
      "name": "Savory Tacos",
      "cuisine_type": [
        "Mexican"
      ],
      "dietary_options": [
        "Gluten-Free"
      ],
      "budget": 600,
      "location": "Countryside",
      "service_style": "Family-style",
      "tasting_availability": true,
      "review_score": 4.0,
      "availability": true,
      "experience": 5
    },
    "status": "complete"
  }
]