[
  {
    "domain": "Destination",
    "turns": [
      [
        "Hey! I'm looking for a cultural destination in Italy. Got any suggestions?",
        {
          "name": null,
          "location": "Italy",
          "budget": null,
          "travel_type": "cultural",
          "climate": null,
          "accommodation_type": null,
          "duration_days": null,
          "activities": null,
          "accessibility": null,
          "cuisine_preference": null
        },
        "How about Rome? It's a fantastic cultural destination!"
      ],
      [
        "Rome sounds great! What are some historical sites I shouldn't miss there?",
        {
          "name": null,
          "location": "Italy",
          "budget": null,
          "travel_type": "cultural",
          "climate": null,
          "accommodation_type": null,
          "duration_days": null,
          "activities": null,
          "accessibility": null,
          "cuisine_preference": null
        },
        "You shouldn't miss the Colosseum, the Roman Forum, and the Vatican City!"
      ],
      [
        "Awesome! How's the shopping scene in Rome?",
        {
          "name": "Rome",
          "location": "Italy",
          "budget": null,
          "travel_type": "cultural",
          "climate": null,
          "accommodation_type": null,
          "duration_days": null,
          "activities": [
            "Colosseum",
            "Roman Forum",
            "Vatican City"
          ],
          "accessibility": null,
          "cuisine_preference": null
        },
        "The shopping scene in Rome is vibrant, with everything from high-end boutiques to local markets!"
      ],
      [
        "That sounds perfect! What about accommodation options? Are there good hotels available?",
        {
          "name": "Rome",
          "location": "Italy",
          "budget": null,
          "travel_type": "cultural",
          "climate": null,
          "accommodation_type": null,
          "duration_days": null,
          "activities": [
            "Colosseum",
            "Roman Forum",
            "Vatican City"
          ],
          "accessibility": null,
          "cuisine_preference": null
        },
        "Yes, there are plenty of great hotels in Rome to choose from!"
      ],
      [
        "Perfect! Is the cuisine in Rome truly authentic Italian?",
        {
          "name": null,
          "location": "Italy",
          "budget": null,
          "travel_type": "cultural",
          "climate": null,
          "accommodation_type": "hotel",
          "duration_days": null,
          "activities": [
            "Colosseum",
            "Roman Forum",
            "Vatican City"
          ],
          "accessibility": null,
          "cuisine_preference": "authentic Italian"
        },
        "Absolutely! You'll enjoy authentic Italian cuisine in Rome!"
      ],
      [
        "Sounds amazing! How's the accessibility for getting around the city?",
        {
          "name": null,
          "location": "Italy",
          "budget": null,
          "travel_type": "cultural",
          "climate": null,
          "accommodation_type": "hotel",
          "duration_days": null,
          "activities": [
            "Colosseum",
            "Roman Forum",
            "Vatican City"
          ],
          "accessibility": null,
          "cuisine_preference": "authentic Italian"
        },
        "Rome has high accessibility, making it easy to get around the city!"
      ],
      [
        "Great! I think I'm sold on Rome for my trip!",
        {
          "name": "Rome",
          "location": "Italy",
          "budget": null,
          "travel_type": "cultural",
          "climate": null,
          "accommodation_type": "hotel",
          "duration_days": null,
          "activities": [
            "Colosseum",
            "Roman Forum",
            "Vatican City"
          ],
          "accessibility": "high",
          "cuisine_preference": "authentic Italian"
        },
        "Fantastic choice! Enjoy your trip to Rome!"
      ]
    ],
    "preferences_code": "```python\npreferences = TravelPreferences(\n    name='Rome',\n    location='Italy',\n    budget=1600,\n    travel_type='cultural',\n    climate='temperate',\n    accommodation_type='hotel',\n    duration_days=5,\n    activities=['historical sites', 'shopping', 'sightseeing'],\n    accessibility='high',\n    cuisine_preference='Italian',\n)\n```",
    "red_herrings_code": "```python\n# Global variable to represent a list of similar Destination examples\nsimilar_destinations = [\n    Destination(\n        name='Rome',\n        location='Italy',\n        cost=1600,\n        travel_type='cultural',\n        climate='temperate',\n        accommodation_type='hotel',\n        duration_days=5,\n        activities=['historical sites', 'shopping', 'sightseeing'],\n        accessibility='high',\n        cuisine='Italian',\n    ),\n    Destination(\n        name='Barcelona',\n        location='Spain',\n        cost=1400,\n        travel_type='cultural',\n        climate='temperate',\n        accommodation_type='hotel',\n        duration_days=5,\n        activities=['museums', 'beach', 'sightseeing'],\n        accessibility='medium',\n        cuisine='Spanish',\n    ),\n    Destination(\n        name='Amsterdam',\n        location='Netherlands',\n        cost=1550,\n        travel_type='cultural',\n        climate='temperate',\n        accommodation_type='hotel',\n        duration_days=5,\n        activities=['museums', 'biking', 'sightseeing'],\n        accessibility='high',\n        cuisine='Dutch',\n    ),\n]\n```",
    "database_code": "```python\n# Global variable to store a list of Destination examples\ndestinations: List[Destination] = [\n    Destination(\n        name=\"Bali\",\n        location=\"Indonesia\",\n        cost=1200,\n        travel_type='relaxation',\n        climate='tropical',\n        accommodation_type='resort',\n        duration_days=7,\n        activities=[\"beach\", \"spa\", \"yoga\"],\n        accessibility='medium',\n        cuisine=\"Indonesian\"\n    ),\n    Destination(\n        name=\"Paris\",\n        location=\"France\",\n        cost=1500,\n        travel_type='cultural',\n        climate='temperate',\n        accommodation_type='hotel',\n        duration_days=5,\n        activities=[\"museums\", \"shopping\", \"sightseeing\"],\n        accessibility='high',\n        cuisine=\"French\"\n    ),\n    Destination(\n        name=\"Cappadocia\",\n        location=\"Turkey\",\n        cost=800,\n        travel_type='adventure',\n        climate='temperate',\n        accommodation_type='airbnb',\n        duration_days=4,\n        activities=[\"hot air balloon\", \"hiking\", \"cave exploration\"],\n        accessibility='medium',\n        cuisine=\"Turkish\"\n    ),\n    Destination(\n        name=\"Reykjavik\",\n        location=\"Iceland\",\n        cost=1800,\n        travel_type='nature',\n        climate='cold',\n        accommodation_type='hotel',\n        duration_days=6,\n        activities=[\"glacier hiking\", \"hot springs\", \"whale watching\"],\n        accessibility='low',\n        cuisine=\"Icelandic\"\n    ),\n    Destination(\n        name=\"Tokyo\",\n        location=\"Japan\",\n        cost=1600,\n        travel_type='cultural',\n        climate='temperate',\n        accommodation_type='hostel',\n        duration_days=7,\n        activities=[\"temples\", \"shopping\", \"food tours\"],\n        accessibility='high',\n        cuisine=\"Japanese\"\n    ),\n    Destination(\n        name=\"Sydney\",\n        location=\"Australia\",\n        cost=1400,\n        travel_type='relaxation',\n        climate='temperate',\n        accommodation_type='hotel',\n        duration_days=5,\n        activities=[\"beach\", \"opera house\", \"harbor tour\"],\n        accessibility='high',\n        cuisine=\"Australian\"\n    ),\n    Destination(\n        name=\"Machu Picchu\",\n        location=\"Peru\",\n        cost=2000,\n        travel_type='adventure',\n        climate='tropical',\n        accommodation_type='hostel',\n        duration_days=5,\n        activities=[\"hiking\", \"cultural tours\", \"photography\"],\n        accessibility='medium',\n        cuisine=\"Peruvian\"\n    ),\n    Destination(\n        name=\"Nairobi\",\n        location=\"Kenya\",\n        cost=1200,\n        travel_type='nature',\n        climate='tropical',\n        accommodation_type='hotel',\n        duration_days=6,\n        activities=[\"safari\", \"wildlife tours\", \"cultural experiences\"],\n        accessibility='medium',\n        cuisine=\"Kenyan\"\n    ),\n    Destination(\n        name=\"Dubai\",\n        location=\"UAE\",\n        cost=1700,\n        travel_type='adventure',\n        climate='tropical',\n        accommodation_type='resort',\n        duration_days=4,\n        activities=[\"desert safari\", \"shopping\", \"skydiving\"],\n        accessibility='high',\n        cuisine=\"Middle Eastern\"\n    ),\n    Destination(\n        name=\"Santorini\",\n        location=\"Greece\",\n        cost=1500,\n        travel_type='relaxation',\n        climate='temperate',\n        accommodation_type='airbnb',\n        duration_days=5,\n        activities=[\"beach\", \"wine tasting\", \"sunset watching\"],\n        accessibility='medium',\n        cuisine=\"Greek\"\n    )\n]\n```",
    "database": [
      {
        "name": "Rome",
        "location": "Italy",
        "cost": 1600,
        "travel_type": "cultural",
        "climate": "temperate",
        "accommodation_type": "hotel",
        "duration_days": 5,
        "activities": [
          "historical sites",
          "shopping",
          "sightseeing"
        ],
        "accessibility": "high",
        "cuisine": "Italian"
      },
      {
        "name": "Nairobi",
        "location": "Kenya",
        "cost": 1200,
        "travel_type": "nature",
        "climate": "tropical",
        "accommodation_type": "hotel",
        "duration_days": 6,
        "activities": [
          "safari",
          "wildlife tours",
          "cultural experiences"
        ],
        "accessibility": "medium",
        "cuisine": "Kenyan"
      },
      {
        "name": "Reykjavik",
        "location": "Iceland",
        "cost": 1800,
        "travel_type": "nature",
        "climate": "cold",
        "accommodation_type": "hotel",
        "duration_days": 6,
        "activities": [
          "glacier hiking",
          "hot springs",
          "whale watching"
        ],
        "accessibility": "low",
        "cuisine": "Icelandic"
      },
      {
        "name": "Barcelona",
        "location": "Spain",
        "cost": 1400,
        "travel_type": "cultural",
        "climate": "temperate",
        "accommodation_type": "hotel",
        "duration_days": 5,
        "activities": [
          "museums",
          "beach",
          "sightseeing"
        ],
        "accessibility": "medium",
        "cuisine": "Spanish"
      },
      {
        "name": "Cappadocia",
        "location": "Turkey",
        "cost": 800,
        "travel_type": "adventure",
        "climate": "temperate",
        "accommodation_type": "airbnb",
        "duration_days": 4,
        "activities": [
          "hot air balloon",
          "hiking",
          "cave exploration"
        ],
        "accessibility": "medium",
        "cuisine": "Turkish"
      },
      {
        "name": "Paris",
        "location": "France",
        "cost": 1500,
        "travel_type": "cultural",
        "climate": "temperate",
        "accommodation_type": "hotel",
        "duration_days": 5,
        "activities": [
          "museums",
          "shopping",
          "sightseeing"
        ],
        "accessibility": "high",
        "cuisine": "French"
      },
      {
        "name": "Machu Picchu",
        "location": "Peru",
        "cost": 2000,
        "travel_type": "adventure",
        "climate": "tropical",
        "accommodation_type": "hostel",
        "duration_days": 5,
        "activities": [
          "hiking",
          "cultural tours",
          "photography"
        ],
        "accessibility": "medium",
        "cuisine": "Peruvian"
      },
      {
        "name": "Sydney",
        "location": "Australia",
        "cost": 1400,
        "travel_type": "relaxation",
        "climate": "temperate",
        "accommodation_type": "hotel",
        "duration_days": 5,
        "activities": [
          "beach",
          "opera house",
          "harbor tour"
        ],
        "accessibility": "high",
        "cuisine": "Australian"
      },
      {
        "name": "Dubai",
        "location": "UAE",
        "cost": 1700,
        "travel_type": "adventure",
        "climate": "tropical",
        "accommodation_type": "resort",
        "duration_days": 4,
        "activities": [
          "desert safari",
          "shopping",
          "skydiving"
        ],
        "accessibility": "high",
        "cuisine": "Middle Eastern"
      },
      {
        "name": "Bali",
        "location": "Indonesia",
        "cost": 1200,
        "travel_type": "relaxation",
        "climate": "tropical",
        "accommodation_type": "resort",
        "duration_days": 7,
        "activities": [
          "beach",
          "spa",
          "yoga"
        ],
        "accessibility": "medium",
        "cuisine": "Indonesian"
      },
      {
        "name": "Tokyo",
        "location": "Japan",
        "cost": 1600,
        "travel_type": "cultural",
        "climate": "temperate",
        "accommodation_type": "hostel",
        "duration_days": 7,
        "activities": [
          "temples",
          "shopping",
          "food tours"
        ],
        "accessibility": "high",
        "cuisine": "Japanese"
      },
      {
        "name": "Santorini",
        "location": "Greece",
        "cost": 1500,
        "travel_type": "relaxation",
        "climate": "temperate",
        "accommodation_type": "airbnb",
        "duration_days": 5,
        "activities": [
          "beach",
          "wine tasting",
          "sunset watching"
        ],
        "accessibility": "medium",
        "cuisine": "Greek"
      },
      {
        "name": "Amsterdam",
        "location": "Netherlands",
        "cost": 1550,
        "travel_type": "cultural",
        "climate": "temperate",
        "accommodation_type": "hotel",
        "duration_days": 5,
        "activities": [
          "museums",
          "biking",
          "sightseeing"
        ],
        "accessibility": "high",
        "cuisine": "Dutch"
      }
    ],
    "goal": {
      "name": "Rome",
      "location": "Italy",
      "cost": 1600,
      "travel_type": "cultural",
      "climate": "temperate",
      "accommodation_type": "hotel",
      "duration_days": 5,
      "activities": [
        "historical sites",
        "shopping",
        "sightseeing"
      ],
      "accessibility": "high",
      "cuisine": "Italian"
    },
    "status": "complete"
  },
  {
    "domain": "Accommodation",
    "turns": [
      [
        "Thanks! Now, can you help me find an apartment in Rome?",
        {
          "name": null,
          "type": "apartment",
          "min_rating": null,
          "max_price_per_night": null,
          "location": "Rome",
          "amenities": null,
          "pet_friendly": null,
          "free_cancellation": null,
          "breakfast_included": null,
          "distance_from_city_center": null
        },
        "Sure! What specific features are you looking for in an apartment?"
      ],
      [
        "I prefer an apartment near the Spanish Steps with good WiFi and a kitchen.",
        {
          "name": null,
          "type": "apartment",
          "min_rating": null,
          "max_price_per_night": null,
          "location": "near the Spanish Steps",
          "amenities": [
            "Wi-Fi",
            "kitchen"
          ],
          "pet_friendly": null,
          "free_cancellation": null,
          "breakfast_included": null,
          "distance_from_city_center": null
        },
        "I have a couple of options near the Spanish Steps. Do you have a budget in mind?"
      ],
      [
        "Yes, I\u2019d like to keep it under 200 euros per night.",
        {
          "name": null,
          "type": "apartment",
          "min_rating": null,
          "max_price_per_night": 200,
          "location": "near the Spanish Steps",
          "amenities": [
            "Wi-Fi",
            "kitchen"
          ],
          "pet_friendly": null,
          "free_cancellation": null,
          "breakfast_included": null,
          "distance_from_city_center": null
        },
        "Great! I found two options: Elegant Suites at 180 euros and Charming Apartments at 170 euros. Would you like to know more about either?"
      ],
      [
        "Can you tell me about the Elegant Suites?",
        {
          "name": null,
          "type": "apartment",
          "min_rating": null,
          "max_price_per_night": 200,
          "location": "near the Spanish Steps",
          "amenities": [
            "Wi-Fi",
            "kitchen"
          ],
          "pet_friendly": null,
          "free_cancellation": null,
          "breakfast_included": null,
          "distance_from_city_center": null
        },
        "The Elegant Suites have a rating of 4.6, include WiFi and a kitchen, and offer free cancellation for 180 euros per night!"
      ],
      [
        "That sounds good! Is breakfast included with the Elegant Suites?",
        {
          "name": "Elegant Suites",
          "type": "apartment",
          "min_rating": 4.6,
          "max_price_per_night": 200,
          "location": "near the Spanish Steps",
          "amenities": [
            "Wi-Fi",
            "kitchen"
          ],
          "pet_friendly": null,
          "free_cancellation": true,
          "breakfast_included": null,
          "distance_from_city_center": null
        },
        "No, breakfast is not included with the Elegant Suites. Would you like to consider the Charming Apartments instead?"
      ],
      [
        "Does the Charming Apartments include breakfast?",
        {
          "name": null,
          "type": "apartment",
          "min_rating": 4.6,
          "max_price_per_night": 200.0,
          "location": "near the Spanish Steps",
          "amenities": [
            "Wi-Fi",
            "kitchen"
          ],
          "pet_friendly": null,
          "free_cancellation": true,
          "breakfast_included": null,
          "distance_from_city_center": null
        },
        "Yes, the Charming Apartments include breakfast! Would you like more details on that option?"
      ],
      [
        "Yes, please! What\u2019s the rating and price for the Charming Apartments?",
        {
          "name": "Charming Apartments",
          "type": "apartment",
          "min_rating": 4.0,
          "max_price_per_night": 200.0,
          "location": "near the Spanish Steps",
          "amenities": [
            "Wi-Fi",
            "kitchen"
          ],
          "pet_friendly": null,
          "free_cancellation": null,
          "breakfast_included": true,
          "distance_from_city_center": null
        },
        "The Charming Apartments have a rating of 4.5 and are priced at 170 euros per night!"
      ],
      [
        "That sounds great! I think I\u2019ll go with the Charming Apartments!",
        {
          "name": "Charming Apartments",
          "type": "apartment",
          "min_rating": 4.5,
          "max_price_per_night": 170,
          "location": "near the Spanish Steps",
          "amenities": [
            "Wi-Fi",
            "kitchen"
          ],
          "pet_friendly": null,
          "free_cancellation": true,
          "breakfast_included": true,
          "distance_from_city_center": null
        },
        "Excellent choice! Enjoy your stay at the Charming Apartments!"
      ]
    ],
    "preferences_code": "```python\npreferences = AccommodationCriteria(\n    name='Charming Apartments',\n    type='apartment',\n    min_rating=4.0,\n    max_price_per_night=200.0,\n    location='Spanish Steps',\n    amenities=['WiFi', 'Kitchen'],\n    pet_friendly=False,\n    free_cancellation=True,\n    breakfast_included=True,\n    distance_from_city_center=2.0,\n)\n```",
    "red_herrings_code": "```python\n# Global variable to represent a list of similar Accommodation examples\nsimilar_accommodations = [\n    AccommodationKnowledge(\n        name='Charming Apartments',\n        type='apartment',\n        rating=4.5,\n        price_per_night=170.0,\n        location='Spanish Steps',\n        amenities=['WiFi', 'Kitchen'],\n        pet_friendly=False,\n        free_cancellation=True,\n        breakfast_included=True,\n        distance_from_city_center=1.2,\n    ),\n    AccommodationKnowledge(\n        name='Luxury Suites',\n        type='apartment',\n        rating=4.7,\n        price_per_night=200.0,\n        location='Piazza Navona',\n        amenities=['WiFi', 'Kitchen', 'Balcony'],\n        pet_friendly=True,\n        free_cancellation=True,\n        breakfast_included=False,\n        distance_from_city_center=0.8,\n    ),\n    AccommodationKnowledge(\n        name='Cozy Villa',\n        type='villa',\n        rating=4.4,\n        price_per_night=150.0,\n        location='Trevi Fountain',\n        amenities=['WiFi', 'Kitchen', 'Garden'],\n        pet_friendly=False,\n        free_cancellation=True,\n        breakfast_included=True,\n        distance_from_city_center=1.5,\n    ),\n]\n```",
    "database_code": "```python\n# Global variable to store a list of Accommodation examples\naccommodations: List[AccommodationKnowledge] = [\n    AccommodationKnowledge(\n        name=\"Hotel Roma\",\n        type='hotel',\n        rating=4.5,\n        price_per_night=150.0,\n        location=\"City Center\",\n        amenities=[\"WiFi\", \"Pool\", \"Gym\"],\n        pet_friendly=False,\n        free_cancellation=True,\n        breakfast_included=True,\n        distance_from_city_center=1.0\n    ),\n    AccommodationKnowledge(\n        name=\"Hostel Bella Vista\",\n        type='hostel',\n        rating=3.8,\n        price_per_night=30.0,\n        location=\"Trastevere\",\n        amenities=[\"WiFi\", \"Shared Kitchen\"],\n        pet_friendly=True,\n        free_cancellation=False,\n        breakfast_included=False,\n        distance_from_city_center=2.5\n    ),\n    AccommodationKnowledge(\n        name=\"Luxury Apartment\",\n        type='apartment',\n        rating=4.9,\n        price_per_night=200.0,\n        location=\"Vatican City\",\n        amenities=[\"WiFi\", \"Kitchen\", \"Balcony\"],\n        pet_friendly=False,\n        free_cancellation=True,\n        breakfast_included=False,\n        distance_from_city_center=1.5\n    ),\n    AccommodationKnowledge(\n        name=\"Villa Romana\",\n        type='villa',\n        rating=4.7,\n        price_per_night=300.0,\n        location=\"Outskirts\",\n        amenities=[\"Pool\", \"Garden\"],\n        pet_friendly=True,\n        free_cancellation=True,\n        breakfast_included=True,\n        distance_from_city_center=10.0\n    ),\n    AccommodationKnowledge(\n        name=\"Cozy Cottage\",\n        type='cottage',\n        rating=4.2,\n        price_per_night=120.0,\n        location=\"Suburbs\",\n        amenities=[\"WiFi\", \"Fireplace\"],\n        pet_friendly=True,\n        free_cancellation=False,\n        breakfast_included=False,\n        distance_from_city_center=8.0\n    ),\n    AccommodationKnowledge(\n        name=\"Budget Inn\",\n        type='hotel',\n        rating=3.0,\n        price_per_night=50.0,\n        location=\"City Center\",\n        amenities=[\"WiFi\"],\n        pet_friendly=False,\n        free_cancellation=True,\n        breakfast_included=False,\n        distance_from_city_center=0.5\n    ),\n    AccommodationKnowledge(\n        name=\"Elegant Suites\",\n        type='apartment',\n        rating=4.6,\n        price_per_night=180.0,\n        location=\"Spanish Steps\",\n        amenities=[\"WiFi\", \"Kitchen\"],\n        pet_friendly=False,\n        free_cancellation=True,\n        breakfast_included=True,\n        distance_from_city_center=1.0\n    ),\n    AccommodationKnowledge(\n        name=\"Charming Hostel\",\n        type='hostel',\n        rating=4.0,\n        price_per_night=25.0,\n        location=\"Testaccio\",\n        amenities=[\"WiFi\", \"Bar\"],\n        pet_friendly=False,\n        free_cancellation=True,\n        breakfast_included=False,\n        distance_from_city_center=3.0\n    ),\n    AccommodationKnowledge(\n        name=\"Family Villa\",\n        type='villa',\n        rating=4.8,\n        price_per_night=350.0,\n        location=\"Countryside\",\n        amenities=[\"Pool\", \"BBQ\"],\n        pet_friendly=True,\n        free_cancellation=False,\n        breakfast_included=True,\n        distance_from_city_center=15.0\n    ),\n    AccommodationKnowledge(\n        name=\"Modern Loft\",\n        type='apartment',\n        rating=4.3,\n        price_per_night=160.0,\n        location=\"Monti\",\n        amenities=[\"WiFi\", \"Air Conditioning\"],\n        pet_friendly=False,\n        free_cancellation=True,\n        breakfast_included=False,\n        distance_from_city_center=2.0\n    ),\n]\n```",
    "database": [
      {
        "name": "Cozy Villa",
        "type": "villa",
        "rating": 4.4,
        "price_per_night": 150.0,
        "location": "Trevi Fountain",
        "amenities": [
          "WiFi",
          "Kitchen",
          "Garden"
        ],
        "pet_friendly": false,
        "free_cancellation": true,
        "breakfast_included": true,
        "distance_from_city_center": 1.5
      },
      {
        "name": "Charming Hostel",
        "type": "hostel",
        "rating": 4.0,
        "price_per_night": 25.0,
        "location": "Testaccio",
        "amenities": [
          "WiFi",
          "Bar"
        ],
        "pet_friendly": false,
        "free_cancellation": true,
        "breakfast_included": false,
        "distance_from_city_center": 3.0
      },
      {
        "name": "Budget Inn",
        "type": "hotel",
        "rating": 3.0,
        "price_per_night": 50.0,
        "location": "City Center",
        "amenities": [
          "WiFi"
        ],
        "pet_friendly": false,
        "free_cancellation": true,
        "breakfast_included": false,
        "distance_from_city_center": 0.5
      },
      {
        "name": "Family Villa",
        "type": "villa",
        "rating": 4.8,
        "price_per_night": 350.0,
        "location": "Countryside",
        "amenities": [
          "Pool",
          "BBQ"
        ],
        "pet_friendly": true,
        "free_cancellation": false,
        "breakfast_included": true,
        "distance_from_city_center": 15.0
      },
      {
        "name": "Elegant Suites",
        "type": "apartment",
        "rating": 4.6,
        "price_per_night": 180.0,
        "location": "Spanish Steps",
        "amenities": [
          "WiFi",
          "Kitchen"
        ],
        "pet_friendly": false,
        "free_cancellation": true,
        "breakfast_included": true,
        "distance_from_city_center": 1.0
      },
      {
        "name": "Hostel Bella Vista",
        "type": "hostel",
        "rating": 3.8,
        "price_per_night": 30.0,
        "location": "Trastevere",
        "amenities": [
          "WiFi",
          "Shared Kitchen"
        ],
        "pet_friendly": true,
        "free_cancellation": false,
        "breakfast_included": false,
        "distance_from_city_center": 2.5
      },
      {
        "name": "Villa Romana",
        "type": "villa",
        "rating": 4.7,
        "price_per_night": 300.0,
        "location": "Outskirts",
        "amenities": [
          "Pool",
          "Garden"
        ],
        "pet_friendly": true,
        "free_cancellation": true,
        "breakfast_included": true,
        "distance_from_city_center": 10.0
      },
      {
        "name": "Modern Loft",
        "type": "apartment",
        "rating": 4.3,
        "price_per_night": 160.0,
        "location": "Monti",
        "amenities": [
          "WiFi",
          "Air Conditioning"
        ],
        "pet_friendly": false,
        "free_cancellation": true,
        "breakfast_included": false,
        "distance_from_city_center": 2.0
      },
      {
        "name": "Luxury Suites",
        "type": "apartment",
        "rating": 4.7,
        "price_per_night": 200.0,
        "location": "Piazza Navona",
        "amenities": [
          "WiFi",
          "Kitchen",
          "Balcony"
        ],
        "pet_friendly": true,
        "free_cancellation": true,
        "breakfast_included": false,
        "distance_from_city_center": 0.8
      },
      {
        "name": "Charming Apartments",
        "type": "apartment",
        "rating": 4.5,
        "price_per_night": 170.0,
        "location": "Spanish Steps",
        "amenities": [
          "WiFi",
          "Kitchen"
        ],
        "pet_friendly": false,
        "free_cancellation": true,
        "breakfast_included": true,
        "distance_from_city_center": 1.2
      },
      {
        "name": "Hotel Roma",
        "type": "hotel",
        "rating": 4.5,
        "price_per_night": 150.0,
        "location": "City Center",
        "amenities": [
          "WiFi",
          "Pool",
          "Gym"
        ],
        "pet_friendly": false,
        "free_cancellation": true,
        "breakfast_included": true,
        "distance_from_city_center": 1.0
      },
      {
        "name": "Cozy Cottage",
        "type": "cottage",
        "rating": 4.2,
        "price_per_night": 120.0,
        "location": "Suburbs",
        "amenities": [
          "WiFi",
          "Fireplace"
        ],
        "pet_friendly": true,
        "free_cancellation": false,
        "breakfast_included": false,
        "distance_from_city_center": 8.0
      },
      {
        "name": "Luxury Apartment",
        "type": "apartment",
        "rating": 4.9,
        "price_per_night": 200.0,
        "location": "Vatican City",
        "amenities": [
          "WiFi",
          "Kitchen",
          "Balcony"
        ],
        "pet_friendly": false,
        "free_cancellation": true,
        "breakfast_included": false,
        "distance_from_city_center": 1.5
      }
    ],
    "goal": {
      "name": "Charming Apartments",
      "type": "apartment",
      "rating": 4.5,
      "price_per_night": 170.0,
      "location": "Spanish Steps",
      "amenities": [
        "WiFi",
        "Kitchen"
      ],
      "pet_friendly": false,
      "free_cancellation": true,
      "breakfast_included": true,
      "distance_from_city_center": 1.2
    },
    "status": "complete"
  },
  {
    "domain": "Local Activities",
    "turns": [
      [
        "Thanks! Now, can you suggest any cultural activities I can do in Rome at night?",
        {
          "name": null,
          "type": "cultural",
          "duration": null,
          "budget": null,
          "group_size": null,
          "accessibility": true,
          "time_of_day": "night",
          "season": null
        },
        "You could enjoy the Vatican Museums Night Tour or an evening stroll in Piazza Navona!"
      ],
      [
        "Both sound amazing! Are there any guided tours available for those activities?",
        {
          "name": null,
          "type": "cultural",
          "duration": null,
          "budget": null,
          "group_size": null,
          "accessibility": true,
          "time_of_day": "night",
          "season": null
        },
        "Yes, the Vatican Museums Night Tour is a guided experience! Would you like to know more about it?"
      ],
      [
        "Yes, please! What\u2019s included in the Vatican Museums Night Tour?",
        {
          "name": "Vatican Museums Night Tour",
          "type": "cultural",
          "duration": null,
          "budget": null,
          "group_size": null,
          "accessibility": true,
          "time_of_day": "night",
          "season": null
        },
        "The Vatican Museums Night Tour includes access to the museums, a guided tour, and stunning views of the artwork!"
      ],
      [
        "That sounds incredible! How long does the tour last?",
        {
          "name": "Vatican Museums Night Tour",
          "type": "cultural",
          "duration": 2,
          "budget": 200.0,
          "group_size": null,
          "accessibility": true,
          "time_of_day": "night",
          "season": null
        },
        "The Vatican Museums Night Tour lasts about four hours!"
      ],
      [
        "Perfect! What\u2019s the cost for the Vatican Museums Night Tour?",
        {
          "name": "Vatican Museums Night Tour",
          "type": "cultural",
          "duration": 4,
          "budget": null,
          "group_size": null,
          "accessibility": null,
          "time_of_day": "night",
          "season": null
        },
        "The cost for the Vatican Museums Night Tour is 80 euros per person."
      ],
      [
        "Great! I\u2019d like to book the Vatican Museums Night Tour for my trip!",
        {
          "name": "Vatican Museums Night Tour",
          "type": "cultural",
          "duration": 4,
          "budget": 80.0,
          "group_size": null,
          "accessibility": true,
          "time_of_day": "night",
          "season": null
        },
        "Awesome choice! Enjoy the tour of the Vatican Museums!"
      ]
    ],
    "preferences_code": "```python\npreferences = LocalActivitiesCriteria(\n    name='Vatican Museums Night Tour',\n    type='cultural',\n    duration=4,\n    budget=80.0,\n    group_size=8,\n    accessibility=True,\n    time_of_day='night',\n    season='spring',\n)\n```",
    "red_herrings_code": "```python\n# Global variable containing a list of Local Activities examples\nlocal_activities_examples = [\n    LocalActivity(\n        name='Trastevere Wine Tasting',\n        type='cultural',\n        duration=2,\n        budget=50.0,\n        group_size=6,\n        accessibility=False,\n        time_of_day='evening',\n        season='spring',\n    ),\n    LocalActivity(\n        name='Rome Street Food Tour',\n        type='cultural',\n        duration=3,\n        budget=45.0,\n        group_size=10,\n        accessibility=True,\n        time_of_day='afternoon',\n        season='spring',\n    ),\n    LocalActivity(\n        name='Vatican Museums Night Tour',\n        type='cultural',\n        duration=4,\n        budget=80.0,\n        group_size=8,\n        accessibility=True,\n        time_of_day='night',\n        season='spring',\n    ),\n]\n```",
    "database_code": "```python\n# Global variable to store a list of Local Activities examples\nlocal_activities_list = [\n    LocalActivity(name=\"Vatican Museums Tour\", type=\"cultural\", duration=3, budget=50.0, group_size=10, accessibility=True, time_of_day=\"morning\", season=\"spring\"),\n    LocalActivity(name=\"Cooking Class\", type=\"cultural\", duration=4, budget=80.0, group_size=5, accessibility=False, time_of_day=\"afternoon\", season=\"autumn\"),\n    LocalActivity(name=\"Colosseum Guided Tour\", type=\"cultural\", duration=2, budget=30.0, group_size=15, accessibility=True, time_of_day=\"morning\", season=\"summer\"),\n    LocalActivity(name=\"Tiber River Kayaking\", type=\"adventure\", duration=2, budget=40.0, group_size=6, accessibility=True, time_of_day=\"afternoon\", season=\"summer\"),\n    LocalActivity(name=\"Trastevere Food Tour\", type=\"cultural\", duration=3, budget=60.0, group_size=8, accessibility=False, time_of_day=\"evening\", season=\"spring\"),\n    LocalActivity(name=\"Roman Gladiator School\", type=\"entertainment\", duration=1, budget=70.0, group_size=4, accessibility=True, time_of_day=\"morning\", season=\"winter\"),\n    LocalActivity(name=\"Wine Tasting in Frascati\", type=\"relaxation\", duration=5, budget=100.0, group_size=12, accessibility=False, time_of_day=\"afternoon\", season=\"autumn\"),\n    LocalActivity(name=\"Visit to the Borghese Gallery\", type=\"cultural\", duration=2, budget=20.0, group_size=20, accessibility=True, time_of_day=\"morning\", season=\"spring\"),\n    LocalActivity(name=\"Evening Stroll in Piazza Navona\", type=\"relaxation\", duration=1, budget=0.0, group_size=30, accessibility=True, time_of_day=\"evening\", season=\"summer\"),\n    LocalActivity(name=\"Cycling Tour of Ancient Rome\", type=\"adventure\", duration=3, budget=50.0, group_size=10, accessibility=True, time_of_day=\"afternoon\", season=\"spring\"),\n]\n```",
    "database": [
      {
        "name": "Cooking Class",
        "type": "cultural",
        "duration": 4,
        "budget": 80.0,
        "group_size": 5,
        "accessibility": false,
        "time_of_day": "afternoon",
        "season": "autumn"
      },
      {
        "name": "Evening Stroll in Piazza Navona",
        "type": "relaxation",
        "duration": 1,
        "budget": 0.0,
        "group_size": 30,
        "accessibility": true,
        "time_of_day": "evening",
        "season": "summer"
      },
      {
        "name": "Trastevere Food Tour",
        "type": "cultural",
        "duration": 3,
        "budget": 60.0,
        "group_size": 8,
        "accessibility": false,
        "time_of_day": "evening",
        "season": "spring"
      },
      {
        "name": "Wine Tasting in Frascati",
        "type": "relaxation",
        "duration": 5,
        "budget": 100.0,
        "group_size": 12,
        "accessibility": false,
        "time_of_day": "afternoon",
        "season": "autumn"
      },
      {
        "name": "Tiber River Kayaking",
        "type": "adventure",
        "duration": 2,
        "budget": 40.0,
        "group_size": 6,
        "accessibility": true,
        "time_of_day": "afternoon",
        "season": "summer"
      },
      {
        "name": "Vatican Museums Night Tour",
        "type": "cultural",
        "duration": 4,
        "budget": 80.0,
        "group_size": 8,
        "accessibility": true,
        "time_of_day": "night",
        "season": "spring"
      },
      {
        "name": "Trastevere Wine Tasting",
        "type": "cultural",
        "duration": 2,
        "budget": 50.0,
        "group_size": 6,
        "accessibility": false,
        "time_of_day": "evening",
        "season": "spring"
      },
      {
        "name": "Rome Street Food Tour",
        "type": "cultural",
        "duration": 3,
        "budget": 45.0,
        "group_size": 10,
        "accessibility": true,
        "time_of_day": "afternoon",
        "season": "spring"
      },
      {
        "name": "Vatican Museums Tour",
        "type": "cultural",
        "duration": 3,
        "budget": 50.0,
        "group_size": 10,
        "accessibility": true,
        "time_of_day": "morning",
        "season": "spring"
      },
      {
        "name": "Visit to the Borghese Gallery",
        "type": "cultural",
        "duration": 2,
        "budget": 20.0,
        "group_size": 20,
        "accessibility": true,
        "time_of_day": "morning",
        "season": "spring"
      },
      {
        "name": "Colosseum Guided Tour",
        "type": "cultural",
        "duration": 2,
        "budget": 30.0,
        "group_size": 15,
        "accessibility": true,
        "time_of_day": "morning",
        "season": "summer"
      },
      {
        "name": "Roman Gladiator School",
        "type": "entertainment",
        "duration": 1,
        "budget": 70.0,
        "group_size": 4,
        "accessibility": true,
        "time_of_day": "morning",
        "season": "winter"
      },
      {
        "name": "Cycling Tour of Ancient Rome",
        "type": "adventure",
        "duration": 3,
        "budget": 50.0,
        "group_size": 10,
        "accessibility": true,
        "time_of_day": "afternoon",
        "season": "spring"
      }
    ],
    "goal": {
      "name": "Vatican Museums Night Tour",
      "type": "cultural",
      "duration": 4,
      "budget": 80.0,
      "group_size": 8,
      "accessibility": true,
      "time_of_day": "night",
      "season": "spring"
    },
    "status": "complete"
  }
]