[
  {
    "searcher": "Travel Enthusiast",
    "recommender": "Travel Blogger",
    "dialogue": "A Travel Enthusiast is getting help from a Travel Blogger to find the right Destination",
    "item_type": "Destination",
    "criteria": [
      "location",
      "budget"
    ],
    "searcher_schema_code": "```python\nfrom dataclasses import dataclass\nfrom typing import Optional, Literal\n\n@dataclass\nclass TravelPreferences:\n    \"\"\"Dataclass to represent preferences and criteria for finding a destination.\"\"\"\n\n    name: Optional[str] = None\n    \"\"\"Name of the destination if searching for a specific one.\"\"\"\n\n    location: Optional[str] = None\n    \"\"\"Preferred location or region for the destination.\"\"\"\n\n    budget: Optional[int] = None\n    \"\"\"Maximum budget for the trip.\"\"\"\n\n    travel_type: Optional[Literal['adventure', 'relaxation', 'cultural', 'nature']] = None\n    \"\"\"Type of travel experience preferred: adventure, relaxation, cultural, or nature.\"\"\"\n\n    climate: Optional[Literal['tropical', 'temperate', 'cold']] = None\n    \"\"\"Preferred climate type: tropical, temperate, or cold.\"\"\"\n\n    accommodation_type: Optional[Literal['hotel', 'hostel', 'airbnb', 'resort']] = None\n    \"\"\"Preferred type of accommodation: hotel, hostel, airbnb, or resort.\"\"\"\n\n    duration_days: Optional[int] = None\n    \"\"\"Preferred duration of the stay in days.\"\"\"\n\n    activities: Optional[list[str]] = None\n    \"\"\"List of preferred activities or attractions at the destination.\"\"\"\n\n    accessibility: Optional[Literal['high', 'medium', 'low']] = None\n    \"\"\"Accessibility need, rating the ease of access to the destination: high, medium, or low.\"\"\"\n\n    cuisine_preference: Optional[str] = None\n    \"\"\"Preferred type of cuisine available at the destination.\"\"\"\n```\n",
    "recommender_schema_code": "```python\nfrom dataclasses import dataclass\nfrom typing import Optional, List, Literal\n\n@dataclass\nclass Destination:\n    \"\"\"Dataclass to represent a travel destination with various attributes.\"\"\"\n\n    name: Optional[str] = None\n    \"\"\"Name of the destination.\"\"\"\n\n    location: Optional[str] = None\n    \"\"\"Location or region of the destination.\"\"\"\n\n    cost: Optional[int] = None\n    \"\"\"Estimated cost for visiting the destination.\"\"\"\n\n    travel_type: Optional[Literal['adventure', 'relaxation', 'cultural', 'nature']] = None\n    \"\"\"Type of travel experience the destination offers: adventure, relaxation, cultural, or nature.\"\"\"\n\n    climate: Optional[Literal['tropical', 'temperate', 'cold']] = None\n    \"\"\"Climate type of the destination: tropical, temperate, or cold.\"\"\"\n\n    accommodation_type: Optional[Literal['hotel', 'hostel', 'airbnb', 'resort']] = None\n    \"\"\"Available type of accommodation at the destination: hotel, hostel, airbnb, or resort.\"\"\"\n\n    duration_days: Optional[int] = None\n    \"\"\"Typical duration of stay for visitors in days.\"\"\"\n\n    activities: Optional[List[str]] = None\n    \"\"\"List of activities or attractions available at the destination.\"\"\"\n\n    accessibility: Optional[Literal['high', 'medium', 'low']] = None\n    \"\"\"Accessibility rating of the destination: high, medium, or low.\"\"\"\n\n    cuisine: Optional[str] = None\n    \"\"\"Type of cuisine available at the destination.\"\"\"\n\n    def matches_criteria(self, preferences: 'TravelPreferences') -> bool:\n        \"\"\"\n        Determine if the destination matches the given travel preferences.\n\n        :param preferences: TravelPreferences object containing search criteria.\n        :return: True if the destination matches the criteria, False otherwise.\n        \"\"\"\n        if preferences.name and self.name and preferences.name != self.name:\n            return False\n        if preferences.location and self.location != preferences.location:\n            return False\n        if preferences.budget and (self.cost is None or self.cost > preferences.budget):\n            return False\n        if preferences.travel_type and self.travel_type != preferences.travel_type:\n            return False\n        if preferences.climate and self.climate != preferences.climate:\n            return False\n        if preferences.accommodation_type and self.accommodation_type != preferences.accommodation_type:\n            return False\n        if preferences.duration_days and self.duration_days != preferences.duration_days:\n            return False\n        if preferences.activities:\n            if not self.activities or not any(activity in self.activities for activity in preferences.activities):\n                return False\n        if preferences.accessibility and self.accessibility != preferences.accessibility:\n            return False\n        if preferences.cuisine_preference and self.cuisine != preferences.cuisine_preference:\n            return False\n        return True\n```",
    "searcher_schema": {
      "name": {
        "type": "typing.Optional[str]",
        "desc": "Name of the destination if searching for a specific one."
      },
      "location": {
        "type": "typing.Optional[str]",
        "desc": "Preferred location or region for the destination."
      },
      "budget": {
        "type": "typing.Optional[int]",
        "desc": "Maximum budget for the trip."
      },
      "travel_type": {
        "type": "typing.Optional[typing.Literal['adventure', 'relaxation', 'cultural', 'nature']]",
        "desc": "Type of travel experience preferred: adventure, relaxation, cultural, or nature."
      },
      "climate": {
        "type": "typing.Optional[typing.Literal['tropical', 'temperate', 'cold']]",
        "desc": "Preferred climate type: tropical, temperate, or cold."
      },
      "accommodation_type": {
        "type": "typing.Optional[typing.Literal['hotel', 'hostel', 'airbnb', 'resort']]",
        "desc": "Preferred type of accommodation: hotel, hostel, airbnb, or resort."
      },
      "duration_days": {
        "type": "typing.Optional[int]",
        "desc": "Preferred duration of the stay in days."
      },
      "activities": {
        "type": "typing.Optional[list[str]]",
        "desc": "List of preferred activities or attractions at the destination."
      },
      "accessibility": {
        "type": "typing.Optional[typing.Literal['low', 'medium', 'high']]",
        "desc": "Accessibility need, rating the ease of access to the destination: high, medium, or low."
      },
      "cuisine_preference": {
        "type": "typing.Optional[str]",
        "desc": "Preferred type of cuisine available at the destination."
      }
    },
    "recommender_schema": {
      "name": {
        "type": "typing.Optional[str]",
        "desc": "Name of the destination."
      },
      "location": {
        "type": "typing.Optional[str]",
        "desc": "Location or region of the destination."
      },
      "cost": {
        "type": "typing.Optional[int]",
        "desc": "Estimated cost for visiting the destination."
      },
      "travel_type": {
        "type": "typing.Optional[typing.Literal['adventure', 'relaxation', 'cultural', 'nature']]",
        "desc": "Type of travel experience the destination offers: adventure, relaxation, cultural, or nature."
      },
      "climate": {
        "type": "typing.Optional[typing.Literal['tropical', 'temperate', 'cold']]",
        "desc": "Climate type of the destination: tropical, temperate, or cold."
      },
      "accommodation_type": {
        "type": "typing.Optional[typing.Literal['hotel', 'hostel', 'airbnb', 'resort']]",
        "desc": "Available type of accommodation at the destination: hotel, hostel, airbnb, or resort."
      },
      "duration_days": {
        "type": "typing.Optional[int]",
        "desc": "Typical duration of stay for visitors in days."
      },
      "activities": {
        "type": "typing.Optional[typing.List[str]]",
        "desc": "List of activities or attractions available at the destination."
      },
      "accessibility": {
        "type": "typing.Optional[typing.Literal['low', 'medium', 'high']]",
        "desc": "Accessibility rating of the destination: high, medium, or low."
      },
      "cuisine": {
        "type": "typing.Optional[str]",
        "desc": "Type of cuisine available at the destination."
      }
    }
  },
  {
    "searcher": "Travel Enthusiast",
    "recommender": "Travel Blogger",
    "dialogue": "A Travel Enthusiast is getting help from a Travel Blogger to find the right Accommodation",
    "item_type": "Accommodation",
    "criteria": [
      "type",
      "rating"
    ],
    "searcher_schema_code": "```python\nfrom dataclasses import dataclass\nfrom typing import Optional, Literal\n\n@dataclass\nclass AccommodationCriteria:\n    \"\"\"\n    A data class to represent the criteria and preferences for searching for an accommodation.\n    \"\"\"\n\n    name: Optional[str] = None\n    \"\"\"The specific name of the accommodation, if the Travel Enthusiast is looking for a particular one.\"\"\"\n\n    type: Optional[Literal['hotel', 'hostel', 'apartment', 'villa', 'cottage']] = None\n    \"\"\"The type of accommodation, such as hotel, hostel, apartment, villa, or cottage.\"\"\"\n\n    min_rating: Optional[float] = None\n    \"\"\"The minimum rating of the accommodation, represented as a float (e.g., 4.5 for 4.5-star rating).\"\"\"\n\n    max_price_per_night: Optional[float] = None\n    \"\"\"The maximum price per night that the Travel Enthusiast is willing to pay for the accommodation.\"\"\"\n\n    location: Optional[str] = None\n    \"\"\"The preferred location or area where the accommodation should be situated.\"\"\"\n\n    amenities: Optional[list[str]] = None\n    \"\"\"A list of amenities that the accommodation should have, such as Wi-Fi, pool, gym, etc.\"\"\"\n\n    pet_friendly: Optional[bool] = None\n    \"\"\"A boolean indicating whether the accommodation should be pet-friendly.\"\"\"\n\n    free_cancellation: Optional[bool] = None\n    \"\"\"A boolean indicating whether the accommodation should offer free cancellation.\"\"\"\n\n    breakfast_included: Optional[bool] = None\n    \"\"\"A boolean indicating whether breakfast should be included with the accommodation booking.\"\"\"\n\n    distance_from_city_center: Optional[float] = None\n    \"\"\"The maximum acceptable distance from the city center, in kilometers.\"\"\"\n```\n",
    "recommender_schema_code": "```python\nfrom dataclasses import dataclass\nfrom typing import Optional, List, Literal\n\n@dataclass\nclass AccommodationKnowledge:\n    \"\"\"\n    A data class to represent the Travel Blogger's knowledge of a specific accommodation.\n    \"\"\"\n\n    name: Optional[str] = None\n    \"\"\"The name of the accommodation.\"\"\"\n\n    type: Optional[Literal['hotel', 'hostel', 'apartment', 'villa', 'cottage']] = None\n    \"\"\"The type of accommodation.\"\"\"\n\n    rating: Optional[float] = None\n    \"\"\"The rating of the accommodation.\"\"\"\n\n    price_per_night: Optional[float] = None\n    \"\"\"The price per night for the accommodation.\"\"\"\n\n    location: Optional[str] = None\n    \"\"\"The location or area of the accommodation.\"\"\"\n\n    amenities: Optional[List[str]] = None\n    \"\"\"A list of amenities available at the accommodation.\"\"\"\n\n    pet_friendly: Optional[bool] = None\n    \"\"\"Indicates if the accommodation is pet-friendly.\"\"\"\n\n    free_cancellation: Optional[bool] = None\n    \"\"\"Indicates if the accommodation offers free cancellation.\"\"\"\n\n    breakfast_included: Optional[bool] = None\n    \"\"\"Indicates if breakfast is included with the accommodation booking.\"\"\"\n\n    distance_from_city_center: Optional[float] = None\n    \"\"\"The distance from the city center in kilometers.\"\"\"\n\n    def matches_criteria(self, criteria: 'AccommodationCriteria') -> bool:\n        \"\"\"\n        Determines if the accommodation matches the given search criteria.\n\n        Parameters:\n            criteria (AccommodationCriteria): The search criteria to match against.\n\n        Returns:\n            bool: True if the accommodation matches the criteria, False otherwise.\n        \"\"\"\n        if criteria.name and self.name != criteria.name:\n            return False\n        if criteria.type and self.type != criteria.type:\n            return False\n        if criteria.min_rating and (self.rating is None or self.rating < criteria.min_rating):\n            return False\n        if criteria.max_price_per_night and (self.price_per_night is None or self.price_per_night > criteria.max_price_per_night):\n            return False\n        if criteria.location and self.location != criteria.location:\n            return False\n        if criteria.amenities:\n            if not self.amenities or not all(amenity in self.amenities for amenity in criteria.amenities):\n                return False\n        if criteria.pet_friendly is not None and self.pet_friendly != criteria.pet_friendly:\n            return False\n        if criteria.free_cancellation is not None and self.free_cancellation != criteria.free_cancellation:\n            return False\n        if criteria.breakfast_included is not None and self.breakfast_included != criteria.breakfast_included:\n            return False\n        if criteria.distance_from_city_center and (self.distance_from_city_center is None or self.distance_from_city_center > criteria.distance_from_city_center):\n            return False\n\n        return True\n```",
    "searcher_schema": {
      "name": {
        "type": "typing.Optional[str]",
        "desc": ""
      },
      "type": {
        "type": "typing.Optional[typing.Literal['hotel', 'hostel', 'apartment', 'villa', 'cottage']]",
        "desc": "The specific name of the accommodation, if the Travel Enthusiast is looking for a particular one."
      },
      "min_rating": {
        "type": "typing.Optional[float]",
        "desc": "The type of accommodation, such as hotel, hostel, apartment, villa, or cottage."
      },
      "max_price_per_night": {
        "type": "typing.Optional[float]",
        "desc": "The minimum rating of the accommodation, represented as a float (e.g., 4.5 for 4.5-star rating)."
      },
      "location": {
        "type": "typing.Optional[str]",
        "desc": "The maximum price per night that the Travel Enthusiast is willing to pay for the accommodation."
      },
      "amenities": {
        "type": "typing.Optional[list[str]]",
        "desc": "The preferred location or area where the accommodation should be situated."
      },
      "pet_friendly": {
        "type": "typing.Optional[bool]",
        "desc": "A list of amenities that the accommodation should have, such as Wi-Fi, pool, gym, etc."
      },
      "free_cancellation": {
        "type": "typing.Optional[bool]",
        "desc": "A boolean indicating whether the accommodation should be pet-friendly."
      },
      "breakfast_included": {
        "type": "typing.Optional[bool]",
        "desc": "A boolean indicating whether the accommodation should offer free cancellation."
      },
      "distance_from_city_center": {
        "type": "typing.Optional[float]",
        "desc": "A boolean indicating whether breakfast should be included with the accommodation booking."
      }
    },
    "recommender_schema": {
      "name": {
        "type": "typing.Optional[str]",
        "desc": ""
      },
      "type": {
        "type": "typing.Optional[typing.Literal['hotel', 'hostel', 'apartment', 'villa', 'cottage']]",
        "desc": "The name of the accommodation."
      },
      "rating": {
        "type": "typing.Optional[float]",
        "desc": "The type of accommodation."
      },
      "price_per_night": {
        "type": "typing.Optional[float]",
        "desc": "The rating of the accommodation."
      },
      "location": {
        "type": "typing.Optional[str]",
        "desc": "The price per night for the accommodation."
      },
      "amenities": {
        "type": "typing.Optional[typing.List[str]]",
        "desc": "The location or area of the accommodation."
      },
      "pet_friendly": {
        "type": "typing.Optional[bool]",
        "desc": "A list of amenities available at the accommodation."
      },
      "free_cancellation": {
        "type": "typing.Optional[bool]",
        "desc": "Indicates if the accommodation is pet-friendly."
      },
      "breakfast_included": {
        "type": "typing.Optional[bool]",
        "desc": "Indicates if the accommodation offers free cancellation."
      },
      "distance_from_city_center": {
        "type": "typing.Optional[float]",
        "desc": "Indicates if breakfast is included with the accommodation booking."
      }
    }
  },
  {
    "searcher": "Travel Enthusiast",
    "recommender": "Travel Blogger",
    "dialogue": "A Travel Enthusiast is getting help from a Travel Blogger to find the right Local Activities",
    "item_type": "Local Activities",
    "criteria": [
      "type",
      "duration"
    ],
    "searcher_schema_code": "```python\nfrom dataclasses import dataclass\nfrom typing import Optional, Literal\n\n@dataclass\nclass LocalActivitiesCriteria:\n    \"\"\"\n    A data class to represent criteria and preferences for finding local activities.\n    Each attribute represents a possible preference or criterion for searching.\n    \"\"\"\n\n    name: Optional[str] = None\n    \"\"\"The name of a specific local activity the Travel Enthusiast might be looking for.\"\"\"\n\n    type: Optional[Literal['adventure', 'cultural', 'relaxation', 'sports', 'entertainment']] = None\n    \"\"\"The type of local activity desired, such as adventure, cultural, relaxation, sports, or entertainment.\"\"\"\n\n    duration: Optional[int] = None\n    \"\"\"The expected duration of the activity in hours.\"\"\"\n\n    budget: Optional[float] = None\n    \"\"\"The budget allocated for the activity in the preferred currency.\"\"\"\n\n    group_size: Optional[int] = None\n    \"\"\"The size of the group for which the activity is planned.\"\"\"\n\n    accessibility: Optional[bool] = None\n    \"\"\"Whether or not the activity needs to be accessible for individuals with disabilities.\"\"\"\n\n    time_of_day: Optional[Literal['morning', 'afternoon', 'evening', 'night']] = None\n    \"\"\"The preferred time of day for the activity to take place.\"\"\"\n\n    season: Optional[Literal['spring', 'summer', 'autumn', 'winter']] = None\n    \"\"\"The preferred season in which the activity is to be undertaken.\"\"\"\n```\n",
    "recommender_schema_code": "```python\nfrom dataclasses import dataclass\nfrom typing import Optional, Literal\n\n@dataclass\nclass LocalActivity:\n    \"\"\"\n    A data class to represent the knowledge of a Travel Blogger about local activities.\n    Each attribute represents specific information about a local activity.\n    \"\"\"\n\n    name: Optional[str] = None\n    \"\"\"The name of the local activity.\"\"\"\n\n    type: Optional[Literal['adventure', 'cultural', 'relaxation', 'sports', 'entertainment']] = None\n    \"\"\"The type of local activity, such as adventure, cultural, relaxation, sports, or entertainment.\"\"\"\n\n    duration: Optional[int] = None\n    \"\"\"The duration of the activity in hours.\"\"\"\n\n    budget: Optional[float] = None\n    \"\"\"The cost of the activity in the preferred currency.\"\"\"\n\n    group_size: Optional[int] = None\n    \"\"\"The suggested group size for the activity.\"\"\"\n\n    accessibility: Optional[bool] = None\n    \"\"\"Indicates if the activity is accessible for individuals with disabilities.\"\"\"\n\n    time_of_day: Optional[Literal['morning', 'afternoon', 'evening', 'night']] = None\n    \"\"\"The usual time of day when the activity is conducted.\"\"\"\n\n    season: Optional[Literal['spring', 'summer', 'autumn', 'winter']] = None\n    \"\"\"The season in which the activity is best experienced.\"\"\"\n\n    def matches_criteria(self, criteria: 'LocalActivitiesCriteria') -> bool:\n        \"\"\"\n        Determines if this activity matches the given search criteria.\n        \n        :param criteria: An instance of LocalActivitiesCriteria containing the search preferences.\n        :return: True if the activity matches the criteria, False otherwise.\n        \"\"\"\n        if criteria.name is not None and self.name != criteria.name:\n            return False\n        if criteria.type is not None and self.type != criteria.type:\n            return False\n        if criteria.duration is not None and self.duration != criteria.duration:\n            return False\n        if criteria.budget is not None and (self.budget is None or self.budget > criteria.budget):\n            return False\n        if criteria.group_size is not None and self.group_size != criteria.group_size:\n            return False\n        if criteria.accessibility is not None and self.accessibility != criteria.accessibility:\n            return False\n        if criteria.time_of_day is not None and self.time_of_day != criteria.time_of_day:\n            return False\n        if criteria.season is not None and self.season != criteria.season:\n            return False\n        return True\n```",
    "searcher_schema": {
      "name": {
        "type": "typing.Optional[str]",
        "desc": ""
      },
      "type": {
        "type": "typing.Optional[typing.Literal['adventure', 'cultural', 'relaxation', 'sports', 'entertainment']]",
        "desc": "The name of a specific local activity the Travel Enthusiast might be looking for."
      },
      "duration": {
        "type": "typing.Optional[int]",
        "desc": "The type of local activity desired, such as adventure, cultural, relaxation, sports, or entertainment."
      },
      "budget": {
        "type": "typing.Optional[float]",
        "desc": "The expected duration of the activity in hours."
      },
      "group_size": {
        "type": "typing.Optional[int]",
        "desc": "The budget allocated for the activity in the preferred currency."
      },
      "accessibility": {
        "type": "typing.Optional[bool]",
        "desc": "The size of the group for which the activity is planned."
      },
      "time_of_day": {
        "type": "typing.Optional[typing.Literal['morning', 'afternoon', 'evening', 'night']]",
        "desc": "Whether or not the activity needs to be accessible for individuals with disabilities."
      },
      "season": {
        "type": "typing.Optional[typing.Literal['spring', 'summer', 'autumn', 'winter']]",
        "desc": "The preferred time of day for the activity to take place."
      }
    },
    "recommender_schema": {
      "name": {
        "type": "typing.Optional[str]",
        "desc": ""
      },
      "type": {
        "type": "typing.Optional[typing.Literal['adventure', 'cultural', 'relaxation', 'sports', 'entertainment']]",
        "desc": "The name of the local activity."
      },
      "duration": {
        "type": "typing.Optional[int]",
        "desc": "The type of local activity, such as adventure, cultural, relaxation, sports, or entertainment."
      },
      "budget": {
        "type": "typing.Optional[float]",
        "desc": "The duration of the activity in hours."
      },
      "group_size": {
        "type": "typing.Optional[int]",
        "desc": "The cost of the activity in the preferred currency."
      },
      "accessibility": {
        "type": "typing.Optional[bool]",
        "desc": "The suggested group size for the activity."
      },
      "time_of_day": {
        "type": "typing.Optional[typing.Literal['morning', 'afternoon', 'evening', 'night']]",
        "desc": "Indicates if the activity is accessible for individuals with disabilities."
      },
      "season": {
        "type": "typing.Optional[typing.Literal['spring', 'summer', 'autumn', 'winter']]",
        "desc": "The usual time of day when the activity is conducted."
      }
    }
  }
]