[
  {
    "domain": "dog food",
    "turns": [
      [
        "I'm looking for a grain-free adult dog food, preferably from Brand A.",
        {
          "name": null,
          "brand": "Brand A",
          "diet_type": "grain_free",
          "age_appropriate": "adult",
          "price_range": null,
          "flavor": null,
          "size_of_bag": null,
          "ingredient_avoidance": null
        },
        "I have a grain-free option from Brand A called \"Grain-Free Delight.\" Would you like to know more?"
      ],
      [
        "Yes, what flavor is it?",
        {
          "name": null,
          "brand": "Brand A",
          "diet_type": "grain_free",
          "age_appropriate": "adult",
          "price_range": null,
          "flavor": null,
          "size_of_bag": null,
          "ingredient_avoidance": null
        },
        "The flavor is chicken. Does that sound good to you?"
      ],
      [
        "That sounds perfect! What size does it come in?",
        {
          "name": "Grain-Free Delight",
          "brand": "Brand A",
          "diet_type": "grain_free",
          "age_appropriate": "adult",
          "price_range": null,
          "flavor": "chicken",
          "size_of_bag": null,
          "ingredient_avoidance": null
        },
        "It comes in a 25-pound bag. Would you like to go with that?"
      ],
      [
        "Yes, let's go with the 25-pound bag!",
        {
          "name": "Grain-Free Delight",
          "brand": "Brand A",
          "diet_type": "grain_free",
          "age_appropriate": "adult",
          "price_range": null,
          "flavor": "chicken",
          "size_of_bag": 25,
          "ingredient_avoidance": null
        },
        "Great choice! \"Grain-Free Delight\" from Brand A is all set for you!"
      ]
    ],
    "preferences_code": "```python\npreferences = DogFoodCriteria(\n    name='Grain-Free Delight',\n    brand='Brand A',\n    diet_type='grain_free',\n    age_appropriate='adult',\n    price_range='premium',\n    flavor='chicken',\n    size_of_bag=25,\n    ingredient_avoidance=None\n)\n```",
    "red_herrings_code": "```python\n# Global variable representing a list of similar dog food examples\nsimilar_dog_foods = [\n    DogFood(\n        name='Grain-Free Delight',\n        brand='Brand A',\n        diet_type=['grain_free'],\n        age_appropriate=['adult', 'senior'],\n        price_range='premium',\n        flavor='chicken',\n        size_of_bag=25,\n        ingredients=['chicken', 'potatoes', 'peas'],\n    ),\n    DogFood(\n        name='Grain-Free Delight',\n        brand='Brand C',\n        diet_type=['grain_free'],\n        age_appropriate=['adult'],\n        price_range='premium',\n        flavor='salmon',\n        size_of_bag=15,\n        ingredients=['salmon', 'potatoes', 'carrots'],\n    ),\n    DogFood(\n        name='Grain-Free Delight',\n        brand='Brand B',\n        diet_type=['high_protein'],\n        age_appropriate=['senior'],\n        price_range='moderate',\n        flavor='beef',\n        size_of_bag=25,\n        ingredients=['beef', 'potatoes', 'peas'],\n    ),\n]\n```",
    "database_code": "```python\n# Global variable representing a list of dog food examples\ndog_food_examples = [\n    DogFood(\n        name=\"Puppy Chow\",\n        brand=\"Brand A\",\n        diet_type=[\"high_protein\"],\n        age_appropriate=[\"puppy\"],\n        price_range=\"budget\",\n        flavor=\"chicken\",\n        size_of_bag=15,\n        ingredients=[\"chicken\", \"rice\", \"corn\"]\n    ),\n    DogFood(\n        name=\"Senior Select\",\n        brand=\"Brand B\",\n        diet_type=[\"low_fat\"],\n        age_appropriate=[\"senior\"],\n        price_range=\"moderate\",\n        flavor=\"beef\",\n        size_of_bag=30,\n        ingredients=[\"beef\", \"barley\", \"carrots\"]\n    ),\n    DogFood(\n        name=\"Grain-Free Delight\",\n        brand=\"Brand C\",\n        diet_type=[\"grain_free\"],\n        age_appropriate=[\"adult\", \"senior\"],\n        price_range=\"premium\",\n        flavor=\"salmon\",\n        size_of_bag=25,\n        ingredients=[\"salmon\", \"potatoes\", \"peas\"]\n    ),\n    DogFood(\n        name=\"Veggie Feast\",\n        brand=\"Brand D\",\n        diet_type=[\"vegetarian\"],\n        age_appropriate=[\"adult\"],\n        price_range=\"moderate\",\n        flavor=\"vegetable medley\",\n        size_of_bag=20,\n        ingredients=[\"peas\", \"carrots\", \"potatoes\"]\n    ),\n    DogFood(\n        name=\"High Energy Formula\",\n        brand=\"Brand E\",\n        diet_type=[\"high_protein\"],\n        age_appropriate=[\"puppy\", \"adult\"],\n        price_range=\"premium\",\n        flavor=\"lamb\",\n        size_of_bag=40,\n        ingredients=[\"lamb\", \"rice\", \"oats\"]\n    ),\n    DogFood(\n        name=\"Budget Bites\",\n        brand=\"Brand F\",\n        diet_type=[\"grain_free\"],\n        age_appropriate=[\"adult\"],\n        price_range=\"budget\",\n        flavor=\"chicken\",\n        size_of_bag=10,\n        ingredients=[\"chicken\", \"sweet potatoes\"]\n    ),\n    DogFood(\n        name=\"Classic Beef\",\n        brand=\"Brand G\",\n        diet_type=[\"high_protein\"],\n        age_appropriate=[\"puppy\", \"adult\"],\n        price_range=\"moderate\",\n        flavor=\"beef\",\n        size_of_bag=20,\n        ingredients=[\"beef\", \"rice\", \"vegetables\"]\n    ),\n    DogFood(\n        name=\"Sensitive Stomach\",\n        brand=\"Brand H\",\n        diet_type=[\"low_fat\"],\n        age_appropriate=[\"adult\"],\n        price_range=\"premium\",\n        flavor=\"turkey\",\n        size_of_bag=15,\n        ingredients=[\"turkey\", \"brown rice\", \"pumpkin\"]\n    ),\n    DogFood(\n        name=\"Puppy Love\",\n        brand=\"Brand I\",\n        diet_type=[\"high_protein\"],\n        age_appropriate=[\"puppy\"],\n        price_range=\"budget\",\n        flavor=\"chicken\",\n        size_of_bag=5,\n        ingredients=[\"chicken\", \"rice\", \"fish meal\"]\n    ),\n    DogFood(\n        name=\"Senior Wellness\",\n        brand=\"Brand J\",\n        diet_type=[\"low_fat\"],\n        age_appropriate=[\"senior\"],\n        price_range=\"moderate\",\n        flavor=\"lamb\",\n        size_of_bag=30,\n        ingredients=[\"lamb\", \"brown rice\", \"carrots\"]\n    )\n]\n```",
    "database": [
      {
        "name": "Sensitive Stomach",
        "brand": "Brand H",
        "diet_type": [
          "low_fat"
        ],
        "age_appropriate": [
          "adult"
        ],
        "price_range": "premium",
        "flavor": "turkey",
        "size_of_bag": 15,
        "ingredients": [
          "turkey",
          "brown rice",
          "pumpkin"
        ]
      },
      {
        "name": "Budget Bites",
        "brand": "Brand F",
        "diet_type": [
          "grain_free"
        ],
        "age_appropriate": [
          "adult"
        ],
        "price_range": "budget",
        "flavor": "chicken",
        "size_of_bag": 10,
        "ingredients": [
          "chicken",
          "sweet potatoes"
        ]
      },
      {
        "name": "Puppy Chow",
        "brand": "Brand A",
        "diet_type": [
          "high_protein"
        ],
        "age_appropriate": [
          "puppy"
        ],
        "price_range": "budget",
        "flavor": "chicken",
        "size_of_bag": 15,
        "ingredients": [
          "chicken",
          "rice",
          "corn"
        ]
      },
      {
        "name": "Puppy Love",
        "brand": "Brand I",
        "diet_type": [
          "high_protein"
        ],
        "age_appropriate": [
          "puppy"
        ],
        "price_range": "budget",
        "flavor": "chicken",
        "size_of_bag": 5,
        "ingredients": [
          "chicken",
          "rice",
          "fish meal"
        ]
      },
      {
        "name": "Classic Beef",
        "brand": "Brand G",
        "diet_type": [
          "high_protein"
        ],
        "age_appropriate": [
          "puppy",
          "adult"
        ],
        "price_range": "moderate",
        "flavor": "beef",
        "size_of_bag": 20,
        "ingredients": [
          "beef",
          "rice",
          "vegetables"
        ]
      },
      {
        "name": "Grain-Free Delight",
        "brand": "Brand C",
        "diet_type": [
          "grain_free"
        ],
        "age_appropriate": [
          "adult",
          "senior"
        ],
        "price_range": "premium",
        "flavor": "salmon",
        "size_of_bag": 25,
        "ingredients": [
          "salmon",
          "potatoes",
          "peas"
        ]
      },
      {
        "name": "Grain-Free Delight",
        "brand": "Brand B",
        "diet_type": [
          "high_protein"
        ],
        "age_appropriate": [
          "senior"
        ],
        "price_range": "moderate",
        "flavor": "beef",
        "size_of_bag": 25,
        "ingredients": [
          "beef",
          "potatoes",
          "peas"
        ]
      },
      {
        "name": "Senior Select",
        "brand": "Brand B",
        "diet_type": [
          "low_fat"
        ],
        "age_appropriate": [
          "senior"
        ],
        "price_range": "moderate",
        "flavor": "beef",
        "size_of_bag": 30,
        "ingredients": [
          "beef",
          "barley",
          "carrots"
        ]
      },
      {
        "name": "Grain-Free Delight",
        "brand": "Brand A",
        "diet_type": [
          "grain_free"
        ],
        "age_appropriate": [
          "adult",
          "senior"
        ],
        "price_range": "premium",
        "flavor": "chicken",
        "size_of_bag": 25,
        "ingredients": [
          "chicken",
          "potatoes",
          "peas"
        ]
      },
      {
        "name": "Veggie Feast",
        "brand": "Brand D",
        "diet_type": [
          "vegetarian"
        ],
        "age_appropriate": [
          "adult"
        ],
        "price_range": "moderate",
        "flavor": "vegetable medley",
        "size_of_bag": 20,
        "ingredients": [
          "peas",
          "carrots",
          "potatoes"
        ]
      },
      {
        "name": "High Energy Formula",
        "brand": "Brand E",
        "diet_type": [
          "high_protein"
        ],
        "age_appropriate": [
          "puppy",
          "adult"
        ],
        "price_range": "premium",
        "flavor": "lamb",
        "size_of_bag": 40,
        "ingredients": [
          "lamb",
          "rice",
          "oats"
        ]
      },
      {
        "name": "Senior Wellness",
        "brand": "Brand J",
        "diet_type": [
          "low_fat"
        ],
        "age_appropriate": [
          "senior"
        ],
        "price_range": "moderate",
        "flavor": "lamb",
        "size_of_bag": 30,
        "ingredients": [
          "lamb",
          "brown rice",
          "carrots"
        ]
      },
      {
        "name": "Grain-Free Delight",
        "brand": "Brand C",
        "diet_type": [
          "grain_free"
        ],
        "age_appropriate": [
          "adult"
        ],
        "price_range": "premium",
        "flavor": "salmon",
        "size_of_bag": 15,
        "ingredients": [
          "salmon",
          "potatoes",
          "carrots"
        ]
      }
    ],
    "goal": {
      "name": "Grain-Free Delight",
      "brand": "Brand A",
      "diet_type": [
        "grain_free"
      ],
      "age_appropriate": [
        "adult",
        "senior"
      ],
      "price_range": "premium",
      "flavor": "chicken",
      "size_of_bag": 25,
      "ingredients": [
        "chicken",
        "potatoes",
        "peas"
      ]
    },
    "status": "complete"
  },
  {
    "domain": "grooming service",
    "turns": [
      [
        "Thanks! By the way, could you help me find a grooming service?",
        {
          "name": null,
          "location": null,
          "service_type": null,
          "price_range": null,
          "pet_size": null,
          "rating": null,
          "availability_days": null,
          "special_requirements": null
        },
        "Of course! What specific traits are you looking for in a grooming service?"
      ],
      [
        "I'm looking for a grooming service in Downtown.",
        {
          "name": null,
          "location": "Downtown",
          "service_type": null,
          "price_range": null,
          "pet_size": null,
          "rating": null,
          "availability_days": null,
          "special_requirements": null
        },
        "Got it! Do you have a preferred type of grooming service, like full groom or wash and dry?"
      ],
      [
        "I need a wash and dry service.",
        {
          "name": null,
          "location": "Downtown",
          "service_type": "wash_and_dry",
          "price_range": null,
          "pet_size": null,
          "rating": null,
          "availability_days": null,
          "special_requirements": null
        },
        "In Downtown, we have \"The Dog Spa\" for wash and dry, rated 4.6. Does that work for you?"
      ],
      [
        "That sounds good, but what's the price range for their service?",
        {
          "name": "The Dog Spa",
          "location": "Downtown",
          "service_type": "wash_and_dry",
          "price_range": null,
          "pet_size": null,
          "rating": 4.6,
          "availability_days": null,
          "special_requirements": null
        },
        "\"The Dog Spa\" is in the $$$ price range. Is that okay for you?"
      ],
      [
        "Yes, that fits my budget! What about the size of pets they accommodate?",
        {
          "name": "The Dog Spa",
          "location": "Downtown",
          "service_type": "wash_and_dry",
          "price_range": "$$$",
          "pet_size": null,
          "rating": 4.6,
          "availability_days": null,
          "special_requirements": null
        },
        "They accommodate large pets. Does that suit your needs?"
      ],
      [
        "Yes, that works perfectly! What days are they available?",
        {
          "name": "The Dog Spa",
          "location": "Downtown",
          "service_type": "wash_and_dry",
          "price_range": "$$$",
          "pet_size": "large",
          "rating": 4.6,
          "availability_days": null,
          "special_requirements": null
        },
        "They're available every day, from Monday to Sunday. Ready to book?"
      ],
      [
        "Yes, let's book it!",
        {
          "name": "The Dog Spa",
          "location": "Downtown",
          "service_type": "wash_and_dry",
          "price_range": "$$$",
          "pet_size": "large",
          "rating": 4.6,
          "availability_days": "Monday to Sunday",
          "special_requirements": null
        },
        "Awesome! \"The Dog Spa\" is all set for your large pet wash and dry!"
      ]
    ],
    "preferences_code": "```python\npreferences = GroomingServiceCriteria(\n    name='The Dog Spa',\n    location='Downtown',\n    service_type='wash_and_dry',\n    price_range='$$$',\n    pet_size='large',\n    rating=4.0,\n    availability_days='Mon-Sun',\n    special_requirements='Special shampoo available',\n)\n```",
    "red_herrings_code": "```python\n# Global variable representing a list of grooming service examples\ngrooming_services = [\n    GroomingService(\n        name='Bark Avenue Groomers',\n        location='Midtown',\n        service_type='full_groom',\n        price_range='$$$',\n        pet_size='large',\n        rating=4.7,\n        availability_days='Mon-Fri',\n        special_requirements='None',\n    ),\n    GroomingService(\n        name='Paws & Claws Grooming',\n        location='Midtown',\n        service_type='trim',\n        price_range='$$',\n        pet_size='large',\n        rating=4.9,\n        availability_days='Tue-Sat',\n        special_requirements='None',\n    ),\n    GroomingService(\n        name='The Dog Spa',\n        location='Downtown',\n        service_type='wash_and_dry',\n        price_range='$$$',\n        pet_size='large',\n        rating=4.6,\n        availability_days='Mon-Sun',\n        special_requirements='Special shampoo available',\n    ),\n]\n```",
    "database_code": "```python\ngrooming_services = [\n    GroomingService(\n        name=\"Paws & Claws Grooming\",\n        location=\"Downtown\",\n        service_type=\"full_groom\",\n        price_range=\"$$\",\n        pet_size=\"medium\",\n        rating=4.5,\n        availability_days=\"Mon-Sat\",\n        special_requirements=\"None\"\n    ),\n    GroomingService(\n        name=\"Furry Friends Spa\",\n        location=\"Uptown\",\n        service_type=\"wash_and_dry\",\n        price_range=\"$\",\n        pet_size=\"small\",\n        rating=4.0,\n        availability_days=\"Tue-Sun\",\n        special_requirements=\"Special shampoo for allergies\"\n    ),\n    GroomingService(\n        name=\"Bark Avenue Groomers\",\n        location=\"Midtown\",\n        service_type=\"trim\",\n        price_range=\"$$$\",\n        pet_size=\"large\",\n        rating=4.8,\n        availability_days=\"Mon-Fri\",\n        special_requirements=\"None\"\n    ),\n    GroomingService(\n        name=\"The Doggie Diner & Grooming\",\n        location=\"East Side\",\n        service_type=\"nail_clipping\",\n        price_range=\"$\",\n        pet_size=\"small\",\n        rating=4.2,\n        availability_days=\"Daily\",\n        special_requirements=\"None\"\n    ),\n    GroomingService(\n        name=\"Canine Comfort Grooming\",\n        location=\"West Side\",\n        service_type=\"full_groom\",\n        price_range=\"$$$\",\n        pet_size=\"medium\",\n        rating=5.0,\n        availability_days=\"Mon-Sun\",\n        special_requirements=\"Senior pet accommodations\"\n    ),\n    GroomingService(\n        name=\"Puppy Love Grooming\",\n        location=\"North End\",\n        service_type=\"wash_and_dry\",\n        price_range=\"$\",\n        pet_size=\"small\",\n        rating=3.9,\n        availability_days=\"Wed-Sun\",\n        special_requirements=\"None\"\n    ),\n    GroomingService(\n        name=\"Grooming Tails\",\n        location=\"South End\",\n        service_type=\"trim\",\n        price_range=\"$$\",\n        pet_size=\"large\",\n        rating=4.6,\n        availability_days=\"Mon-Sat\",\n        special_requirements=\"None\"\n    ),\n    GroomingService(\n        name=\"Pampered Paws\",\n        location=\"Central Park\",\n        service_type=\"nail_clipping\",\n        price_range=\"$$\",\n        pet_size=\"medium\",\n        rating=4.3,\n        availability_days=\"Tue-Sun\",\n        special_requirements=\"Special care for anxious pets\"\n    ),\n    GroomingService(\n        name=\"The Pet Parlor\",\n        location=\"Riverdale\",\n        service_type=\"full_groom\",\n        price_range=\"$$$\",\n        pet_size=\"large\",\n        rating=4.7,\n        availability_days=\"Mon-Fri\",\n        special_requirements=\"None\"\n    ),\n    GroomingService(\n        name=\"Wagging Tails Grooming\",\n        location=\"Lakeside\",\n        service_type=\"wash_and_dry\",\n        price_range=\"$\",\n        pet_size=\"small\",\n        rating=4.1,\n        availability_days=\"Daily\",\n        special_requirements=\"None\"\n    )\n]\n```",
    "database": [
      {
        "name": "Canine Comfort Grooming",
        "location": "West Side",
        "service_type": "full_groom",
        "price_range": "$$$",
        "pet_size": "medium",
        "rating": 5.0,
        "availability_days": "Mon-Sun",
        "special_requirements": "Senior pet accommodations"
      },
      {
        "name": "The Pet Parlor",
        "location": "Riverdale",
        "service_type": "full_groom",
        "price_range": "$$$",
        "pet_size": "large",
        "rating": 4.7,
        "availability_days": "Mon-Fri",
        "special_requirements": "None"
      },
      {
        "name": "Bark Avenue Groomers",
        "location": "Midtown",
        "service_type": "full_groom",
        "price_range": "$$$",
        "pet_size": "large",
        "rating": 4.7,
        "availability_days": "Mon-Fri",
        "special_requirements": "None"
      },
      {
        "name": "Furry Friends Spa",
        "location": "Uptown",
        "service_type": "wash_and_dry",
        "price_range": "$",
        "pet_size": "small",
        "rating": 4.0,
        "availability_days": "Tue-Sun",
        "special_requirements": "Special shampoo for allergies"
      },
      {
        "name": "Paws & Claws Grooming",
        "location": "Midtown",
        "service_type": "trim",
        "price_range": "$$",
        "pet_size": "large",
        "rating": 4.9,
        "availability_days": "Tue-Sat",
        "special_requirements": "None"
      },
      {
        "name": "Bark Avenue Groomers",
        "location": "Midtown",
        "service_type": "trim",
        "price_range": "$$$",
        "pet_size": "large",
        "rating": 4.8,
        "availability_days": "Mon-Fri",
        "special_requirements": "None"
      },
      {
        "name": "Puppy Love Grooming",
        "location": "North End",
        "service_type": "wash_and_dry",
        "price_range": "$",
        "pet_size": "small",
        "rating": 3.9,
        "availability_days": "Wed-Sun",
        "special_requirements": "None"
      },
      {
        "name": "The Doggie Diner & Grooming",
        "location": "East Side",
        "service_type": "nail_clipping",
        "price_range": "$",
        "pet_size": "small",
        "rating": 4.2,
        "availability_days": "Daily",
        "special_requirements": "None"
      },
      {
        "name": "Pampered Paws",
        "location": "Central Park",
        "service_type": "nail_clipping",
        "price_range": "$$",
        "pet_size": "medium",
        "rating": 4.3,
        "availability_days": "Tue-Sun",
        "special_requirements": "Special care for anxious pets"
      },
      {
        "name": "The Dog Spa",
        "location": "Downtown",
        "service_type": "wash_and_dry",
        "price_range": "$$$",
        "pet_size": "large",
        "rating": 4.6,
        "availability_days": "Mon-Sun",
        "special_requirements": "Special shampoo available"
      },
      {
        "name": "Paws & Claws Grooming",
        "location": "Downtown",
        "service_type": "full_groom",
        "price_range": "$$",
        "pet_size": "medium",
        "rating": 4.5,
        "availability_days": "Mon-Sat",
        "special_requirements": "None"
      },
      {
        "name": "Wagging Tails Grooming",
        "location": "Lakeside",
        "service_type": "wash_and_dry",
        "price_range": "$",
        "pet_size": "small",
        "rating": 4.1,
        "availability_days": "Daily",
        "special_requirements": "None"
      },
      {
        "name": "Grooming Tails",
        "location": "South End",
        "service_type": "trim",
        "price_range": "$$",
        "pet_size": "large",
        "rating": 4.6,
        "availability_days": "Mon-Sat",
        "special_requirements": "None"
      }
    ],
    "goal": {
      "name": "The Dog Spa",
      "location": "Downtown",
      "service_type": "wash_and_dry",
      "price_range": "$$$",
      "pet_size": "large",
      "rating": 4.6,
      "availability_days": "Mon-Sun",
      "special_requirements": "Special shampoo available"
    },
    "status": "complete"
  },
  {
    "domain": "trainer",
    "turns": [
      [
        "Thanks! Now, could you help me find a trainer for service dog training?",
        {
          "name": null,
          "training_type": "service",
          "methods": null,
          "experience_level": null,
          "location": "Downtown",
          "availability": null,
          "cost_range": null
        },
        "Sure! Do you have any specific preferences for the trainer, like experience level or location?"
      ],
      [
        "I'm looking for a trainer in Downtown.",
        {
          "name": null,
          "training_type": "service",
          "methods": null,
          "experience_level": null,
          "location": "Downtown",
          "availability": null,
          "cost_range": null
        },
        "Great! Are you looking for an expert or someone with intermediate experience?"
      ],
      [
        "I don't have a preference for experience level.",
        {
          "name": null,
          "training_type": "service",
          "methods": null,
          "experience_level": null,
          "location": "Downtown",
          "availability": null,
          "cost_range": null
        },
        "Okay! We have two trainers in Downtown for service dog training: Fiona Garcia (expert) and Charlie Johnson (intermediate). Any preference?"
      ],
      [
        "I'll go with Fiona Garcia, the expert trainer.",
        {
          "name": "Fiona Garcia",
          "training_type": "service",
          "methods": null,
          "experience_level": "expert",
          "location": "Downtown",
          "availability": null,
          "cost_range": null
        },
        "Perfect choice! Fiona Garcia is set for your service dog training!"
      ]
    ],
    "preferences_code": "```python\npreferences = TrainerSearchCriteria(\n    name='Alice Smith',\n    training_type='service',\n    methods='positive reinforcement',\n    experience_level='beginner',\n    location='Downtown',\n    availability='Weekdays',\n    cost_range='$'\n)\n```",
    "red_herrings_code": "```python\n# Global variable to represent a list of trainer examples\ntrainer_examples = [\n    Trainer(\n        name='Alice Smith',\n        training_type='service',\n        methods='positive reinforcement',\n        experience_level='beginner',\n        location='Downtown',\n        availability='Weekdays',\n        cost_range='$',\n    ),\n    Trainer(\n        name='Charlie Johnson',\n        training_type='service',\n        methods='science-based',\n        experience_level='intermediate',\n        location='Downtown',\n        availability='Weekends',\n        cost_range='$$',\n    ),\n    Trainer(\n        name='Diana White',\n        training_type='obedience',\n        methods='science-based',\n        experience_level='beginner',\n        location='Downtown',\n        availability='Weekdays',\n        cost_range='$',\n    ),\n]\n```",
    "database_code": "```python\n# Global variable to store a list of trainer examples\ntrainers = [\n    Trainer(name=\"John Doe\", training_type=\"obedience\", methods=\"positive reinforcement\", \n            experience_level=\"expert\", location=\"Downtown\", availability=\"Weekends\", \n            cost_range=\"$$\"),\n    \n    Trainer(name=\"Jane Smith\", training_type=\"agility\", methods=\"clicker\", \n            experience_level=\"intermediate\", location=\"Uptown\", availability=\"Weekdays\", \n            cost_range=\"$$$\"),\n    \n    Trainer(name=\"Alice Johnson\", training_type=\"protection\", methods=\"electronic collar\", \n            experience_level=\"expert\", location=\"Midtown\", availability=\"Evenings\", \n            cost_range=\"$$$$\"),\n    \n    Trainer(name=\"Bob Brown\", training_type=\"service\", methods=\"science-based\", \n            experience_level=\"beginner\", location=\"Downtown\", availability=\"Weekdays\", \n            cost_range=\"$\"),\n    \n    Trainer(name=\"Charlie Davis\", training_type=\"therapy\", methods=\"relationship-based\", \n            experience_level=\"intermediate\", location=\"Suburbs\", availability=\"Weekends\", \n            cost_range=\"$$\"),\n    \n    Trainer(name=\"Diana Wilson\", training_type=\"obedience\", methods=\"mirror\", \n            experience_level=\"expert\", location=\"Downtown\", availability=\"Flexible\", \n            cost_range=\"$$$\"),\n    \n    Trainer(name=\"Ethan Martinez\", training_type=\"agility\", methods=\"positive reinforcement\", \n            experience_level=\"beginner\", location=\"Uptown\", availability=\"Weekdays\", \n            cost_range=\"$\"),\n    \n    Trainer(name=\"Fiona Garcia\", training_type=\"service\", methods=\"science-based\", \n            experience_level=\"expert\", location=\"Midtown\", availability=\"Evenings\", \n            cost_range=\"$$$$\"),\n    \n    Trainer(name=\"George Lee\", training_type=\"therapy\", methods=\"clicker\", \n            experience_level=\"intermediate\", location=\"Downtown\", availability=\"Weekends\", \n            cost_range=\"$$\"),\n    \n    Trainer(name=\"Hannah Clark\", training_type=\"protection\", methods=\"relationship-based\", \n            experience_level=\"expert\", location=\"Suburbs\", availability=\"Flexible\", \n            cost_range=\"$$$\")\n]\n```",
    "database": [
      {
        "name": "Alice Johnson",
        "training_type": "protection",
        "methods": "electronic collar",
        "experience_level": "expert",
        "location": "Midtown",
        "availability": "Evenings",
        "cost_range": "$$$$"
      },
      {
        "name": "Charlie Davis",
        "training_type": "therapy",
        "methods": "relationship-based",
        "experience_level": "intermediate",
        "location": "Suburbs",
        "availability": "Weekends",
        "cost_range": "$$"
      },
      {
        "name": "Fiona Garcia",
        "training_type": "service",
        "methods": "science-based",
        "experience_level": "expert",
        "location": "Midtown",
        "availability": "Evenings",
        "cost_range": "$$$$"
      },
      {
        "name": "George Lee",
        "training_type": "therapy",
        "methods": "clicker",
        "experience_level": "intermediate",
        "location": "Downtown",
        "availability": "Weekends",
        "cost_range": "$$"
      },
      {
        "name": "Alice Smith",
        "training_type": "service",
        "methods": "positive reinforcement",
        "experience_level": "beginner",
        "location": "Downtown",
        "availability": "Weekdays",
        "cost_range": "$"
      },
      {
        "name": "Jane Smith",
        "training_type": "agility",
        "methods": "clicker",
        "experience_level": "intermediate",
        "location": "Uptown",
        "availability": "Weekdays",
        "cost_range": "$$$"
      },
      {
        "name": "Bob Brown",
        "training_type": "service",
        "methods": "science-based",
        "experience_level": "beginner",
        "location": "Downtown",
        "availability": "Weekdays",
        "cost_range": "$"
      },
      {
        "name": "Charlie Johnson",
        "training_type": "service",
        "methods": "science-based",
        "experience_level": "intermediate",
        "location": "Downtown",
        "availability": "Weekends",
        "cost_range": "$$"
      },
      {
        "name": "Diana Wilson",
        "training_type": "obedience",
        "methods": "mirror",
        "experience_level": "expert",
        "location": "Downtown",
        "availability": "Flexible",
        "cost_range": "$$$"
      },
      {
        "name": "Hannah Clark",
        "training_type": "protection",
        "methods": "relationship-based",
        "experience_level": "expert",
        "location": "Suburbs",
        "availability": "Flexible",
        "cost_range": "$$$"
      },
      {
        "name": "Diana White",
        "training_type": "obedience",
        "methods": "science-based",
        "experience_level": "beginner",
        "location": "Downtown",
        "availability": "Weekdays",
        "cost_range": "$"
      },
      {
        "name": "John Doe",
        "training_type": "obedience",
        "methods": "positive reinforcement",
        "experience_level": "expert",
        "location": "Downtown",
        "availability": "Weekends",
        "cost_range": "$$"
      },
      {
        "name": "Ethan Martinez",
        "training_type": "agility",
        "methods": "positive reinforcement",
        "experience_level": "beginner",
        "location": "Uptown",
        "availability": "Weekdays",
        "cost_range": "$"
      }
    ],
    "goal": {
      "name": "Alice Smith",
      "training_type": "service",
      "methods": "positive reinforcement",
      "experience_level": "beginner",
      "location": "Downtown",
      "availability": "Weekdays",
      "cost_range": "$"
    },
    "status": "complete"
  }
]