[
  {
    "domain": "curriculum",
    "turns": [
      [
        "I'm looking for a medium difficulty online Art curriculum for 11th grade.",
        {
          "name": null,
          "difficulty": "medium",
          "subject": "Art",
          "grade_level": 11,
          "format": "online",
          "duration_weeks": null,
          "cost": null,
          "language": null,
          "certification": null
        },
        "I have \"Introduction to Digital Art,\" which is medium difficulty, online, and for 11th grade. Would you like to know more about it?"
      ],
      [
        "Yes, please tell me more about it!",
        {
          "name": "Introduction to Digital Art",
          "difficulty": "medium",
          "subject": "Art",
          "grade_level": 11,
          "format": "online",
          "duration_weeks": null,
          "cost": null,
          "language": null,
          "certification": null
        },
        "It's a 6-week online course in English, but it doesn't offer certification. Does that work for you?"
      ],
      [
        "That sounds good! What's the cost for the course?",
        {
          "name": "Introduction to Digital Art",
          "difficulty": "medium",
          "subject": "Art",
          "grade_level": 11,
          "format": "online",
          "duration_weeks": 6,
          "cost": null,
          "language": "English",
          "certification": false
        },
        "The cost for \"Introduction to Digital Art\" is medium. Are you ready to go with this option?"
      ],
      [
        "Yes, let's go with \"Introduction to Digital Art\"!",
        {
          "name": "Introduction to Digital Art",
          "difficulty": "medium",
          "subject": "Art",
          "grade_level": 11,
          "format": "online",
          "duration_weeks": 6,
          "cost": "medium",
          "language": "English",
          "certification": false
        },
        "Great choice! I'll mark you down for \"Introduction to Digital Art.\" Happy learning!"
      ]
    ],
    "preferences_code": "```python\npreferences = CurriculumCriteria(\n    name='Introduction to Digital Art',\n    difficulty='medium',\n    subject='Art',\n    grade_level=11,\n    format='online',\n    duration_weeks=6,\n    cost='medium',\n    language='English',\n    certification=False,\n)\n```",
    "red_herrings_code": "```python\n# Global variable representing a list of curriculum examples\ncurriculum_examples = [\n    Curriculum(\n        name='Graphic Design Basics',\n        difficulty='medium',\n        subject='Art',\n        grade_level=12,\n        format='online',\n        duration_weeks=8,\n        cost='medium',\n        language='English',\n        certification=True,\n    ),\n    Curriculum(\n        name='Advanced Graphic Design',\n        difficulty='hard',\n        subject='Art',\n        grade_level=12,\n        format='online',\n        duration_weeks=6,\n        cost='high',\n        language='English',\n        certification=True,\n    ),\n    Curriculum(\n        name='Introduction to Digital Art',\n        difficulty='medium',\n        subject='Art',\n        grade_level=11,\n        format='online',\n        duration_weeks=6,\n        cost='medium',\n        language='English',\n        certification=False,\n    ),\n]\n```",
    "database_code": "```python\ncurriculum_examples = [\n    Curriculum(\n        name=\"Introduction to Python\",\n        difficulty='easy',\n        subject=\"Computer Science\",\n        grade_level=9,\n        format='online',\n        duration_weeks=6,\n        cost='free',\n        language=\"English\",\n        certification=True\n    ),\n    Curriculum(\n        name=\"Advanced Algebra\",\n        difficulty='medium',\n        subject=\"Mathematics\",\n        grade_level=10,\n        format='offline',\n        duration_weeks=8,\n        cost='medium',\n        language=\"English\",\n        certification=False\n    ),\n    Curriculum(\n        name=\"World History 101\",\n        difficulty='easy',\n        subject=\"History\",\n        grade_level=9,\n        format='hybrid',\n        duration_weeks=10,\n        cost='low',\n        language=\"English\",\n        certification=True\n    ),\n    Curriculum(\n        name=\"Biology for Beginners\",\n        difficulty='medium',\n        subject=\"Biology\",\n        grade_level=11,\n        format='online',\n        duration_weeks=12,\n        cost='medium',\n        language=\"English\",\n        certification=False\n    ),\n    Curriculum(\n        name=\"Creative Writing Workshop\",\n        difficulty='hard',\n        subject=\"Language Arts\",\n        grade_level=12,\n        format='offline',\n        duration_weeks=4,\n        cost='high',\n        language=\"English\",\n        certification=True\n    ),\n    Curriculum(\n        name=\"Introduction to Spanish\",\n        difficulty='easy',\n        subject=\"Languages\",\n        grade_level=9,\n        format='online',\n        duration_weeks=6,\n        cost='low',\n        language=\"Spanish\",\n        certification=False\n    ),\n    Curriculum(\n        name=\"Physics Fundamentals\",\n        difficulty='hard',\n        subject=\"Physics\",\n        grade_level=11,\n        format='offline',\n        duration_weeks=10,\n        cost='medium',\n        language=\"English\",\n        certification=True\n    ),\n    Curriculum(\n        name=\"Economics Basics\",\n        difficulty='medium',\n        subject=\"Social Studies\",\n        grade_level=10,\n        format='hybrid',\n        duration_weeks=8,\n        cost='low',\n        language=\"English\",\n        certification=False\n    ),\n    Curriculum(\n        name=\"Introduction to Graphic Design\",\n        difficulty='medium',\n        subject=\"Art\",\n        grade_level=12,\n        format='online',\n        duration_weeks=6,\n        cost='medium',\n        language=\"English\",\n        certification=True\n    ),\n    Curriculum(\n        name=\"Data Science Bootcamp\",\n        difficulty='hard',\n        subject=\"Computer Science\",\n        grade_level=12,\n        format='hybrid',\n        duration_weeks=14,\n        cost='high',\n        language=\"English\",\n        certification=True\n    )\n]\n```",
    "database": [
      {
        "name": "Biology for Beginners",
        "difficulty": "medium",
        "subject": "Biology",
        "grade_level": 11,
        "format": "online",
        "duration_weeks": 12,
        "cost": "medium",
        "language": "English",
        "certification": false
      },
      {
        "name": "Introduction to Spanish",
        "difficulty": "easy",
        "subject": "Languages",
        "grade_level": 9,
        "format": "online",
        "duration_weeks": 6,
        "cost": "low",
        "language": "Spanish",
        "certification": false
      },
      {
        "name": "Data Science Bootcamp",
        "difficulty": "hard",
        "subject": "Computer Science",
        "grade_level": 12,
        "format": "hybrid",
        "duration_weeks": 14,
        "cost": "high",
        "language": "English",
        "certification": true
      },
      {
        "name": "Physics Fundamentals",
        "difficulty": "hard",
        "subject": "Physics",
        "grade_level": 11,
        "format": "offline",
        "duration_weeks": 10,
        "cost": "medium",
        "language": "English",
        "certification": true
      },
      {
        "name": "Introduction to Python",
        "difficulty": "easy",
        "subject": "Computer Science",
        "grade_level": 9,
        "format": "online",
        "duration_weeks": 6,
        "cost": "free",
        "language": "English",
        "certification": true
      },
      {
        "name": "Graphic Design Basics",
        "difficulty": "medium",
        "subject": "Art",
        "grade_level": 12,
        "format": "online",
        "duration_weeks": 8,
        "cost": "medium",
        "language": "English",
        "certification": true
      },
      {
        "name": "Introduction to Digital Art",
        "difficulty": "medium",
        "subject": "Art",
        "grade_level": 11,
        "format": "online",
        "duration_weeks": 6,
        "cost": "medium",
        "language": "English",
        "certification": false
      },
      {
        "name": "Introduction to Graphic Design",
        "difficulty": "medium",
        "subject": "Art",
        "grade_level": 12,
        "format": "online",
        "duration_weeks": 6,
        "cost": "medium",
        "language": "English",
        "certification": true
      },
      {
        "name": "World History 101",
        "difficulty": "easy",
        "subject": "History",
        "grade_level": 9,
        "format": "hybrid",
        "duration_weeks": 10,
        "cost": "low",
        "language": "English",
        "certification": true
      },
      {
        "name": "Advanced Graphic Design",
        "difficulty": "hard",
        "subject": "Art",
        "grade_level": 12,
        "format": "online",
        "duration_weeks": 6,
        "cost": "high",
        "language": "English",
        "certification": true
      },
      {
        "name": "Creative Writing Workshop",
        "difficulty": "hard",
        "subject": "Language Arts",
        "grade_level": 12,
        "format": "offline",
        "duration_weeks": 4,
        "cost": "high",
        "language": "English",
        "certification": true
      },
      {
        "name": "Economics Basics",
        "difficulty": "medium",
        "subject": "Social Studies",
        "grade_level": 10,
        "format": "hybrid",
        "duration_weeks": 8,
        "cost": "low",
        "language": "English",
        "certification": false
      },
      {
        "name": "Advanced Algebra",
        "difficulty": "medium",
        "subject": "Mathematics",
        "grade_level": 10,
        "format": "offline",
        "duration_weeks": 8,
        "cost": "medium",
        "language": "English",
        "certification": false
      }
    ],
    "goal": {
      "name": "Introduction to Digital Art",
      "difficulty": "medium",
      "subject": "Art",
      "grade_level": 11,
      "format": "online",
      "duration_weeks": 6,
      "cost": "medium",
      "language": "English",
      "certification": false
    },
    "status": "complete"
  },
  {
    "domain": "extracurricular",
    "turns": [
      [
        "Thanks! Now, can you help me find an academic extracurricular for my teen?",
        {
          "name": "Introduction to Digital Art",
          "activity_type": "arts",
          "duration": 6,
          "intensity": "medium",
          "cost": null,
          "age_group": "teen",
          "location": null,
          "schedule": null,
          "skill_level": null
        },
        "Sure! What specific characteristics are you looking for in an academic extracurricular?"
      ],
      [
        "I'm looking for something high intensity, around 10 weeks, and located in the Tech Lab.",
        {
          "name": null,
          "activity_type": "academic",
          "duration": 10,
          "intensity": "high",
          "cost": null,
          "age_group": "teen",
          "location": "Tech Lab",
          "schedule": null,
          "skill_level": null
        },
        "The \"Robotics Club\" fits your criteria: it's high intensity, lasts 10 weeks, and is located in the Tech Lab. Would you like to know more about it?"
      ],
      [
        "Yes, I'd love to hear more about the Robotics Club!",
        {
          "name": "Robotics Club",
          "activity_type": "academic",
          "duration": 10,
          "intensity": "high",
          "cost": null,
          "age_group": "teen",
          "location": "Tech Lab",
          "schedule": null,
          "skill_level": null
        },
        "The Robotics Club meets Thursdays from 3 PM to 5 PM and costs $100. Does that sound good?"
      ],
      [
        "The schedule works, but the cost is a bit high. Is there a lower-cost option?",
        {
          "name": "Robotics Club",
          "activity_type": "academic",
          "duration": 10,
          "intensity": "high",
          "cost": 100,
          "age_group": "teen",
          "location": "Tech Lab",
          "schedule": "Thursdays from 3 PM to 5 PM",
          "skill_level": null
        },
        "The \"Debate Team\" is a high-intensity academic option that lasts 10 weeks and is free. Would you like more details on that?"
      ],
      [
        "Yes, please share more details about the Debate Team!",
        {
          "name": "Debate Team",
          "activity_type": "academic",
          "duration": 10,
          "intensity": "high",
          "cost": 0,
          "age_group": "teen",
          "location": null,
          "schedule": "Thursdays from 3 PM to 5 PM",
          "skill_level": null
        },
        "The Debate Team meets Mondays from 5 PM to 7 PM and is for advanced skill levels. Does that work for your teen?"
      ],
      [
        "Actually, my teen is at an intermediate skill level. Is there an option for that?",
        {
          "name": "Debate Team",
          "activity_type": "academic",
          "duration": 10,
          "intensity": "high",
          "cost": 0,
          "age_group": "teen",
          "location": null,
          "schedule": "Mondays from 5 PM to 7 PM",
          "skill_level": "intermediate"
        },
        "The \"Speech Club\" is a medium-intensity academic activity for intermediate skill levels, lasting 8 weeks and free. Would you like to know more?"
      ],
      [
        "Yes, I\u2019d like to know more about the Speech Club!",
        {
          "name": "Speech Club",
          "activity_type": "academic",
          "duration": 8,
          "intensity": "medium",
          "cost": 0,
          "age_group": "teen",
          "location": null,
          "schedule": "Mondays from 5 PM to 7 PM",
          "skill_level": "intermediate"
        },
        "The Speech Club meets Wednesdays from 5 PM to 7 PM. Does that fit your teen's schedule?"
      ],
      [
        "Yes, that fits perfectly! Let's go with the Speech Club!",
        {
          "name": "Speech Club",
          "activity_type": "academic",
          "duration": 8,
          "intensity": "medium",
          "cost": 0,
          "age_group": "teen",
          "location": null,
          "schedule": "Wednesdays from 5 PM to 7 PM",
          "skill_level": "intermediate"
        },
        "Awesome choice! I'll sign your teen up for the Speech Club. Happy participating!"
      ]
    ],
    "preferences_code": "```python\npreferences = ExtracurricularCriteria(\n    name='Robotics Club',\n    activity_type='academic',\n    duration=10,\n    intensity='high',\n    cost=20,\n    age_group='teen',\n    location='Tech Lab',\n    schedule='Thursdays 3 PM - 5 PM',\n    skill_level='intermediate',\n)\n```",
    "red_herrings_code": "```python\n# Global variable containing a list of extracurricular examples\nextracurricular_examples = [\n    ExtracurricularActivity(\n        name='Speech Club',\n        activity_type='academic',\n        duration=8,\n        intensity='medium',\n        cost=0,\n        age_group='teen',\n        location='Lecture Hall',\n        schedule='Wednesdays 5 PM - 7 PM',\n        skill_level='intermediate',\n    ),\n    ExtracurricularActivity(\n        name='Model United Nations',\n        activity_type='academic',\n        duration=12,\n        intensity='high',\n        cost=50,\n        age_group='teen',\n        location='Conference Room',\n        schedule='Fridays 4 PM - 6 PM',\n        skill_level='advanced',\n    ),\n    ExtracurricularActivity(\n        name='Robotics Club',\n        activity_type='academic',\n        duration=10,\n        intensity='high',\n        cost=20,\n        age_group='teen',\n        location='Tech Lab',\n        schedule='Thursdays 3 PM - 5 PM',\n        skill_level='intermediate',\n    ),\n]\n```",
    "database_code": "```python\n# Global variable to hold a list of extracurricular activity examples\nextracurricular_activities = [\n    ExtracurricularActivity(\n        name=\"Basketball Team\",\n        activity_type=\"sports\",\n        duration=6,\n        intensity=\"high\",\n        cost=150,\n        age_group=\"teen\",\n        location=\"Gymnasium\",\n        schedule=\"Weekdays 4 PM - 6 PM\",\n        skill_level=\"intermediate\"\n    ),\n    ExtracurricularActivity(\n        name=\"Art Club\",\n        activity_type=\"arts\",\n        duration=12,\n        intensity=\"medium\",\n        cost=50,\n        age_group=\"teen\",\n        location=\"Art Room\",\n        schedule=\"Tuesdays 3 PM - 5 PM\",\n        skill_level=\"beginner\"\n    ),\n    ExtracurricularActivity(\n        name=\"Debate Team\",\n        activity_type=\"academic\",\n        duration=10,\n        intensity=\"high\",\n        cost=0,\n        age_group=\"teen\",\n        location=\"Lecture Hall\",\n        schedule=\"Mondays 5 PM - 7 PM\",\n        skill_level=\"advanced\"\n    ),\n    ExtracurricularActivity(\n        name=\"Choir\",\n        activity_type=\"music\",\n        duration=9,\n        intensity=\"medium\",\n        cost=20,\n        age_group=\"teen\",\n        location=\"Music Room\",\n        schedule=\"Wednesdays 4 PM - 6 PM\",\n        skill_level=\"beginner\"\n    ),\n    ExtracurricularActivity(\n        name=\"Volunteering at Local Shelter\",\n        activity_type=\"volunteer\",\n        duration=8,\n        intensity=\"low\",\n        cost=0,\n        age_group=\"teen\",\n        location=\"Community Center\",\n        schedule=\"Saturdays 10 AM - 2 PM\",\n        skill_level=\"beginner\"\n    ),\n    ExtracurricularActivity(\n        name=\"Robotics Club\",\n        activity_type=\"academic\",\n        duration=12,\n        intensity=\"high\",\n        cost=100,\n        age_group=\"teen\",\n        location=\"Tech Lab\",\n        schedule=\"Thursdays 3 PM - 5 PM\",\n        skill_level=\"intermediate\"\n    ),\n    ExtracurricularActivity(\n        name=\"Photography Workshop\",\n        activity_type=\"arts\",\n        duration=4,\n        intensity=\"medium\",\n        cost=75,\n        age_group=\"teen\",\n        location=\"Photography Studio\",\n        schedule=\"Fridays 3 PM - 5 PM\",\n        skill_level=\"beginner\"\n    ),\n    ExtracurricularActivity(\n        name=\"Guitar Lessons\",\n        activity_type=\"music\",\n        duration=6,\n        intensity=\"low\",\n        cost=60,\n        age_group=\"teen\",\n        location=\"Music Room\",\n        schedule=\"Mondays 4 PM - 5 PM\",\n        skill_level=\"beginner\"\n    ),\n    ExtracurricularActivity(\n        name=\"Chess Club\",\n        activity_type=\"academic\",\n        duration=10,\n        intensity=\"medium\",\n        cost=10,\n        age_group=\"teen\",\n        location=\"Library\",\n        schedule=\"Thursdays 5 PM - 7 PM\",\n        skill_level=\"intermediate\"\n    ),\n    ExtracurricularActivity(\n        name=\"Dance Team\",\n        activity_type=\"arts\",\n        duration=8,\n        intensity=\"high\",\n        cost=100,\n        age_group=\"teen\",\n        location=\"Dance Studio\",\n        schedule=\"Tuesdays 6 PM - 8 PM\",\n        skill_level=\"advanced\"\n    )\n]\n```",
    "database": [
      {
        "name": "Photography Workshop",
        "activity_type": "arts",
        "duration": 4,
        "intensity": "medium",
        "cost": 75,
        "age_group": "teen",
        "location": "Photography Studio",
        "schedule": "Fridays 3 PM - 5 PM",
        "skill_level": "beginner"
      },
      {
        "name": "Choir",
        "activity_type": "music",
        "duration": 9,
        "intensity": "medium",
        "cost": 20,
        "age_group": "teen",
        "location": "Music Room",
        "schedule": "Wednesdays 4 PM - 6 PM",
        "skill_level": "beginner"
      },
      {
        "name": "Debate Team",
        "activity_type": "academic",
        "duration": 10,
        "intensity": "high",
        "cost": 0,
        "age_group": "teen",
        "location": "Lecture Hall",
        "schedule": "Mondays 5 PM - 7 PM",
        "skill_level": "advanced"
      },
      {
        "name": "Robotics Club",
        "activity_type": "academic",
        "duration": 12,
        "intensity": "high",
        "cost": 100,
        "age_group": "teen",
        "location": "Tech Lab",
        "schedule": "Thursdays 3 PM - 5 PM",
        "skill_level": "intermediate"
      },
      {
        "name": "Art Club",
        "activity_type": "arts",
        "duration": 12,
        "intensity": "medium",
        "cost": 50,
        "age_group": "teen",
        "location": "Art Room",
        "schedule": "Tuesdays 3 PM - 5 PM",
        "skill_level": "beginner"
      },
      {
        "name": "Speech Club",
        "activity_type": "academic",
        "duration": 8,
        "intensity": "medium",
        "cost": 0,
        "age_group": "teen",
        "location": "Lecture Hall",
        "schedule": "Wednesdays 5 PM - 7 PM",
        "skill_level": "intermediate"
      },
      {
        "name": "Chess Club",
        "activity_type": "academic",
        "duration": 10,
        "intensity": "medium",
        "cost": 10,
        "age_group": "teen",
        "location": "Library",
        "schedule": "Thursdays 5 PM - 7 PM",
        "skill_level": "intermediate"
      },
      {
        "name": "Basketball Team",
        "activity_type": "sports",
        "duration": 6,
        "intensity": "high",
        "cost": 150,
        "age_group": "teen",
        "location": "Gymnasium",
        "schedule": "Weekdays 4 PM - 6 PM",
        "skill_level": "intermediate"
      },
      {
        "name": "Guitar Lessons",
        "activity_type": "music",
        "duration": 6,
        "intensity": "low",
        "cost": 60,
        "age_group": "teen",
        "location": "Music Room",
        "schedule": "Mondays 4 PM - 5 PM",
        "skill_level": "beginner"
      },
      {
        "name": "Robotics Club",
        "activity_type": "academic",
        "duration": 10,
        "intensity": "high",
        "cost": 20,
        "age_group": "teen",
        "location": "Tech Lab",
        "schedule": "Thursdays 3 PM - 5 PM",
        "skill_level": "intermediate"
      },
      {
        "name": "Volunteering at Local Shelter",
        "activity_type": "volunteer",
        "duration": 8,
        "intensity": "low",
        "cost": 0,
        "age_group": "teen",
        "location": "Community Center",
        "schedule": "Saturdays 10 AM - 2 PM",
        "skill_level": "beginner"
      },
      {
        "name": "Dance Team",
        "activity_type": "arts",
        "duration": 8,
        "intensity": "high",
        "cost": 100,
        "age_group": "teen",
        "location": "Dance Studio",
        "schedule": "Tuesdays 6 PM - 8 PM",
        "skill_level": "advanced"
      },
      {
        "name": "Model United Nations",
        "activity_type": "academic",
        "duration": 12,
        "intensity": "high",
        "cost": 50,
        "age_group": "teen",
        "location": "Conference Room",
        "schedule": "Fridays 4 PM - 6 PM",
        "skill_level": "advanced"
      }
    ],
    "goal": {
      "name": "Robotics Club",
      "activity_type": "academic",
      "duration": 10,
      "intensity": "high",
      "cost": 20,
      "age_group": "teen",
      "location": "Tech Lab",
      "schedule": "Thursdays 3 PM - 5 PM",
      "skill_level": "intermediate"
    },
    "status": "complete"
  },
  {
    "domain": "teacher",
    "turns": [
      [
        "Thanks! Now, can you help me find a suitable teacher for my child?",
        {
          "name": null,
          "subject": "Art",
          "years_of_experience": null,
          "teaching_style": null,
          "availability": null,
          "location": null,
          "education_level": null,
          "certification": null,
          "language": "English"
        },
        "Of course! What specific characteristics are you looking for in a teacher?"
      ],
      [
        "I'm looking for a teacher with at least 3 years of experience and a mixed teaching style.",
        {
          "name": null,
          "subject": null,
          "years_of_experience": 3,
          "teaching_style": "mixed",
          "availability": null,
          "location": null,
          "education_level": null,
          "certification": null,
          "language": null
        },
        "I have a couple of options: Catherine Lee with 4 years in Biology and another Catherine Lee with 3 years also in Biology. Would you like to know more about them?"
      ],
      [
        "Yes, please tell me more about both Catherine Lees!",
        {
          "name": null,
          "subject": "Biology",
          "years_of_experience": 3,
          "teaching_style": "mixed",
          "availability": null,
          "location": null,
          "education_level": null,
          "certification": null,
          "language": null
        },
        "The first Catherine Lee has 4 years of experience, a mixed teaching style, and is full-time in Room 303. The second has 3 years, also mixed, but is part-time in Room 303. Which one interests you more?"
      ],
      [
        "I prefer the part-time option with 3 years of experience.",
        {
          "name": null,
          "subject": "Biology",
          "years_of_experience": 3,
          "teaching_style": "mixed",
          "availability": "part-time",
          "location": null,
          "education_level": null,
          "certification": null,
          "language": null
        },
        "Great choice! I'll mark you down for the part-time Catherine Lee with 3 years of experience in Biology."
      ]
    ],
    "preferences_code": "```python\npreferences = TeacherSearchCriteria(\n    name='Catherine Lee',\n    subject='Biology',\n    years_of_experience=3,\n    teaching_style='mixed',\n    availability='part-time',\n    location='Room 303',\n    education_level='bachelor',\n    certification=True,\n    language='English',\n)\n```",
    "red_herrings_code": "```python\nteacher_profiles = [\n    TeacherProfile(\n        name='Catherine Lee',\n        subject='Biology',\n        years_of_experience=4,\n        teaching_style='mixed',\n        availability='full-time',\n        location='Room 303',\n        education_level='master',\n        certification=True,\n        language='English',\n    ),\n    TeacherProfile(\n        name='Catherine Lee',\n        subject='Biology',\n        years_of_experience=3,\n        teaching_style='traditional',\n        availability='full-time',\n        location='Room 304',\n        education_level='master',\n        certification=True,\n        language='English',\n    ),\n    TeacherProfile(\n        name='Catherine Lee',\n        subject='Biology',\n        years_of_experience=3,\n        teaching_style='mixed',\n        availability='part-time',\n        location='Room 303',\n        education_level='bachelor',\n        certification=True,\n        language='English',\n    ),\n]\n```",
    "database_code": "```python\nteachers_list = [\n    TeacherProfile(\n        name=\"Alice Johnson\",\n        subject=\"Mathematics\",\n        years_of_experience=5,\n        teaching_style=\"modern\",\n        availability=\"full-time\",\n        location=\"Room 101\",\n        education_level=\"master\",\n        certification=True,\n        language=\"English\"\n    ),\n    TeacherProfile(\n        name=\"Brian Smith\",\n        subject=\"History\",\n        years_of_experience=10,\n        teaching_style=\"traditional\",\n        availability=\"part-time\",\n        location=\"Room 202\",\n        education_level=\"bachelor\",\n        certification=False,\n        language=\"English\"\n    ),\n    TeacherProfile(\n        name=\"Catherine Lee\",\n        subject=\"Biology\",\n        years_of_experience=3,\n        teaching_style=\"mixed\",\n        availability=\"full-time\",\n        location=\"Room 303\",\n        education_level=\"master\",\n        certification=True,\n        language=\"English\"\n    ),\n    TeacherProfile(\n        name=\"David Brown\",\n        subject=\"Physics\",\n        years_of_experience=8,\n        teaching_style=\"modern\",\n        availability=\"full-time\",\n        location=\"Room 404\",\n        education_level=\"doctorate\",\n        certification=True,\n        language=\"English\"\n    ),\n    TeacherProfile(\n        name=\"Eva Green\",\n        subject=\"Chemistry\",\n        years_of_experience=2,\n        teaching_style=\"mixed\",\n        availability=\"part-time\",\n        location=\"Room 505\",\n        education_level=\"bachelor\",\n        certification=False,\n        language=\"English\"\n    ),\n    TeacherProfile(\n        name=\"Frank White\",\n        subject=\"Art\",\n        years_of_experience=15,\n        teaching_style=\"traditional\",\n        availability=\"full-time\",\n        location=\"Room 606\",\n        education_level=\"master\",\n        certification=True,\n        language=\"English\"\n    ),\n    TeacherProfile(\n        name=\"Grace Black\",\n        subject=\"Computer Science\",\n        years_of_experience=4,\n        teaching_style=\"modern\",\n        availability=\"full-time\",\n        location=\"Room 707\",\n        education_level=\"doctorate\",\n        certification=True,\n        language=\"English\"\n    ),\n    TeacherProfile(\n        name=\"Henry Adams\",\n        subject=\"English\",\n        years_of_experience=7,\n        teaching_style=\"mixed\",\n        availability=\"part-time\",\n        location=\"Room 808\",\n        education_level=\"master\",\n        certification=True,\n        language=\"English\"\n    ),\n    TeacherProfile(\n        name=\"Isabella Clark\",\n        subject=\"Geography\",\n        years_of_experience=6,\n        teaching_style=\"traditional\",\n        availability=\"full-time\",\n        location=\"Room 909\",\n        education_level=\"bachelor\",\n        certification=False,\n        language=\"English\"\n    ),\n    TeacherProfile(\n        name=\"Jack Wilson\",\n        subject=\"Music\",\n        years_of_experience=9,\n        teaching_style=\"mixed\",\n        availability=\"part-time\",\n        location=\"Room 100\",\n        education_level=\"master\",\n        certification=True,\n        language=\"English\"\n    )\n]\n```",
    "database": [
      {
        "name": "Grace Black",
        "subject": "Computer Science",
        "years_of_experience": 4,
        "teaching_style": "modern",
        "availability": "full-time",
        "location": "Room 707",
        "education_level": "doctorate",
        "certification": true,
        "language": "English"
      },
      {
        "name": "Frank White",
        "subject": "Art",
        "years_of_experience": 15,
        "teaching_style": "traditional",
        "availability": "full-time",
        "location": "Room 606",
        "education_level": "master",
        "certification": true,
        "language": "English"
      },
      {
        "name": "Catherine Lee",
        "subject": "Biology",
        "years_of_experience": 3,
        "teaching_style": "mixed",
        "availability": "full-time",
        "location": "Room 303",
        "education_level": "master",
        "certification": true,
        "language": "English"
      },
      {
        "name": "Catherine Lee",
        "subject": "Biology",
        "years_of_experience": 4,
        "teaching_style": "mixed",
        "availability": "full-time",
        "location": "Room 303",
        "education_level": "master",
        "certification": true,
        "language": "English"
      },
      {
        "name": "Brian Smith",
        "subject": "History",
        "years_of_experience": 10,
        "teaching_style": "traditional",
        "availability": "part-time",
        "location": "Room 202",
        "education_level": "bachelor",
        "certification": false,
        "language": "English"
      },
      {
        "name": "Catherine Lee",
        "subject": "Biology",
        "years_of_experience": 3,
        "teaching_style": "mixed",
        "availability": "part-time",
        "location": "Room 303",
        "education_level": "bachelor",
        "certification": true,
        "language": "English"
      },
      {
        "name": "Isabella Clark",
        "subject": "Geography",
        "years_of_experience": 6,
        "teaching_style": "traditional",
        "availability": "full-time",
        "location": "Room 909",
        "education_level": "bachelor",
        "certification": false,
        "language": "English"
      },
      {
        "name": "Catherine Lee",
        "subject": "Biology",
        "years_of_experience": 3,
        "teaching_style": "traditional",
        "availability": "full-time",
        "location": "Room 304",
        "education_level": "master",
        "certification": true,
        "language": "English"
      },
      {
        "name": "Eva Green",
        "subject": "Chemistry",
        "years_of_experience": 2,
        "teaching_style": "mixed",
        "availability": "part-time",
        "location": "Room 505",
        "education_level": "bachelor",
        "certification": false,
        "language": "English"
      },
      {
        "name": "Henry Adams",
        "subject": "English",
        "years_of_experience": 7,
        "teaching_style": "mixed",
        "availability": "part-time",
        "location": "Room 808",
        "education_level": "master",
        "certification": true,
        "language": "English"
      },
      {
        "name": "David Brown",
        "subject": "Physics",
        "years_of_experience": 8,
        "teaching_style": "modern",
        "availability": "full-time",
        "location": "Room 404",
        "education_level": "doctorate",
        "certification": true,
        "language": "English"
      },
      {
        "name": "Alice Johnson",
        "subject": "Mathematics",
        "years_of_experience": 5,
        "teaching_style": "modern",
        "availability": "full-time",
        "location": "Room 101",
        "education_level": "master",
        "certification": true,
        "language": "English"
      },
      {
        "name": "Jack Wilson",
        "subject": "Music",
        "years_of_experience": 9,
        "teaching_style": "mixed",
        "availability": "part-time",
        "location": "Room 100",
        "education_level": "master",
        "certification": true,
        "language": "English"
      }
    ],
    "goal": {
      "name": "Catherine Lee",
      "subject": "Biology",
      "years_of_experience": 3,
      "teaching_style": "mixed",
      "availability": "part-time",
      "location": "Room 303",
      "education_level": "bachelor",
      "certification": true,
      "language": "English"
    },
    "status": "complete"
  }
]