[
  {
    "searcher": "sports fan",
    "recommender": "ticket agent",
    "dialogue": "A sports fan is getting help from a ticket agent to find the right season tickets",
    "item_type": "season tickets",
    "criteria": [
      "team",
      "price range"
    ],
    "searcher_schema_code": "```python\nfrom dataclasses import dataclass\nfrom typing import Optional, Literal\n\n@dataclass\nclass SeasonTicketCriteria:\n    \"\"\"\n    A dataclass to represent the criteria and preferences for finding season tickets.\n    Each field corresponds to a preference or criterion that can be used for searching.\n    \"\"\"\n    \n    name: Optional[str] = None\n    \"\"\"The specific name or identifier of the season tickets, if applicable.\"\"\"\n    \n    team: Optional[str] = None\n    \"\"\"The name of the team for which the season tickets are desired.\"\"\"\n    \n    price_range_min: Optional[float] = None\n    \"\"\"The minimum price in the desired range for the season tickets.\"\"\"\n    \n    price_range_max: Optional[float] = None\n    \"\"\"The maximum price in the desired range for the season tickets.\"\"\"\n    \n    seat_location: Optional[Literal['Lower Level', 'Upper Level', 'Club Level', 'Suite']] = None\n    \"\"\"The preferred seating location within the venue.\"\"\"\n    \n    game_day: Optional[Literal['Weekdays', 'Weekends']] = None\n    \"\"\"The preferred days of the week for the games included in the season tickets.\"\"\"\n    \n    number_of_seats: Optional[int] = None\n    \"\"\"The preferred number of seats included in the season tickets package.\"\"\"\n    \n    parking_included: Optional[bool] = None\n    \"\"\"Whether parking is included with the season tickets.\"\"\"\n    \n    resale_allowed: Optional[bool] = None\n    \"\"\"Whether the tickets can be resold if necessary.\"\"\"\n    \n    access_to_events: Optional[bool] = None\n    \"\"\"Whether the tickets provide access to additional events beyond regular games.\"\"\"\n    \n    food_drink_included: Optional[bool] = None\n    \"\"\"Whether food and drink are included with the season tickets.\"\"\"\n```\n",
    "recommender_schema_code": "```python\nfrom dataclasses import dataclass\nfrom typing import Optional, Literal\n\n@dataclass\nclass SeasonTicket:\n    \"\"\"\n    A dataclass to represent the details of a season ticket package known to the ticket agent.\n    \"\"\"\n\n    name: Optional[str] = None\n    \"\"\"The specific name or identifier of the season tickets.\"\"\"\n\n    team: Optional[str] = None\n    \"\"\"The name of the team for which the season tickets are available.\"\"\"\n\n    price: Optional[float] = None\n    \"\"\"The price of the season tickets.\"\"\"\n\n    seat_location: Optional[Literal['Lower Level', 'Upper Level', 'Club Level', 'Suite']] = None\n    \"\"\"The seating location within the venue.\"\"\"\n\n    game_day: Optional[Literal['Weekdays', 'Weekends']] = None\n    \"\"\"The days of the week for the games included in the season tickets.\"\"\"\n\n    number_of_seats: Optional[int] = None\n    \"\"\"The number of seats included in the season tickets package.\"\"\"\n\n    parking_included: Optional[bool] = None\n    \"\"\"Whether parking is included with the season tickets.\"\"\"\n\n    resale_allowed: Optional[bool] = None\n    \"\"\"Whether the tickets can be resold if necessary.\"\"\"\n\n    access_to_events: Optional[bool] = None\n    \"\"\"Whether the tickets provide access to additional events beyond regular games.\"\"\"\n\n    food_drink_included: Optional[bool] = None\n    \"\"\"Whether food and drink are included with the season tickets.\"\"\"\n\n    def matches_criteria(self, criteria: SeasonTicketCriteria) -> bool:\n        \"\"\"\n        Determines whether this season ticket matches the given search criteria.\n\n        :param criteria: A SeasonTicketCriteria object containing search preferences.\n        :return: True if the season ticket matches all specified criteria, False otherwise.\n        \"\"\"\n        if criteria.name and self.name != criteria.name:\n            return False\n        if criteria.team and self.team != criteria.team:\n            return False\n        if criteria.price_range_min is not None and (self.price is None or self.price < criteria.price_range_min):\n            return False\n        if criteria.price_range_max is not None and (self.price is None or self.price > criteria.price_range_max):\n            return False\n        if criteria.seat_location and self.seat_location != criteria.seat_location:\n            return False\n        if criteria.game_day and self.game_day != criteria.game_day:\n            return False\n        if criteria.number_of_seats is not None and (self.number_of_seats is None or self.number_of_seats != criteria.number_of_seats):\n            return False\n        if criteria.parking_included is not None and self.parking_included != criteria.parking_included:\n            return False\n        if criteria.resale_allowed is not None and self.resale_allowed != criteria.resale_allowed:\n            return False\n        if criteria.access_to_events is not None and self.access_to_events != criteria.access_to_events:\n            return False\n        if criteria.food_drink_included is not None and self.food_drink_included != criteria.food_drink_included:\n            return False\n        return True\n```",
    "searcher_schema": {
      "name": {
        "type": "typing.Optional[str]",
        "desc": ""
      },
      "team": {
        "type": "typing.Optional[str]",
        "desc": "The specific name or identifier of the season tickets, if applicable."
      },
      "price_range_min": {
        "type": "typing.Optional[float]",
        "desc": "The name of the team for which the season tickets are desired."
      },
      "price_range_max": {
        "type": "typing.Optional[float]",
        "desc": "The minimum price in the desired range for the season tickets."
      },
      "seat_location": {
        "type": "typing.Optional[typing.Literal['Lower Level', 'Upper Level', 'Club Level', 'Suite']]",
        "desc": "The maximum price in the desired range for the season tickets."
      },
      "game_day": {
        "type": "typing.Optional[typing.Literal['Weekdays', 'Weekends']]",
        "desc": "The preferred seating location within the venue."
      },
      "number_of_seats": {
        "type": "typing.Optional[int]",
        "desc": "The preferred days of the week for the games included in the season tickets."
      },
      "parking_included": {
        "type": "typing.Optional[bool]",
        "desc": "The preferred number of seats included in the season tickets package."
      },
      "resale_allowed": {
        "type": "typing.Optional[bool]",
        "desc": "Whether parking is included with the season tickets."
      },
      "access_to_events": {
        "type": "typing.Optional[bool]",
        "desc": "Whether the tickets can be resold if necessary."
      },
      "food_drink_included": {
        "type": "typing.Optional[bool]",
        "desc": "Whether the tickets provide access to additional events beyond regular games."
      }
    },
    "recommender_schema": {
      "name": {
        "type": "typing.Optional[str]",
        "desc": ""
      },
      "team": {
        "type": "typing.Optional[str]",
        "desc": "The specific name or identifier of the season tickets."
      },
      "price": {
        "type": "typing.Optional[float]",
        "desc": "The name of the team for which the season tickets are available."
      },
      "seat_location": {
        "type": "typing.Optional[typing.Literal['Lower Level', 'Upper Level', 'Club Level', 'Suite']]",
        "desc": "The price of the season tickets."
      },
      "game_day": {
        "type": "typing.Optional[typing.Literal['Weekdays', 'Weekends']]",
        "desc": "The seating location within the venue."
      },
      "number_of_seats": {
        "type": "typing.Optional[int]",
        "desc": "The days of the week for the games included in the season tickets."
      },
      "parking_included": {
        "type": "typing.Optional[bool]",
        "desc": "The number of seats included in the season tickets package."
      },
      "resale_allowed": {
        "type": "typing.Optional[bool]",
        "desc": "Whether parking is included with the season tickets."
      },
      "access_to_events": {
        "type": "typing.Optional[bool]",
        "desc": "Whether the tickets can be resold if necessary."
      },
      "food_drink_included": {
        "type": "typing.Optional[bool]",
        "desc": "Whether the tickets provide access to additional events beyond regular games."
      }
    }
  },
  {
    "searcher": "sports fan",
    "recommender": "ticket agent",
    "dialogue": "A sports fan is getting help from a ticket agent to find the right single games",
    "item_type": "single games",
    "criteria": [
      "team",
      "section"
    ],
    "searcher_schema_code": "```python\nfrom dataclasses import dataclass\nfrom typing import Optional\nfrom typing import Literal\n\n@dataclass\nclass SingleGameCriteria:\n    \"\"\"\n    This class represents the criteria and preferences for finding a single game.\n    Each field is optional, allowing for flexible search capabilities based on \n    the user's specific needs and interests.\n    \"\"\"\n    \n    name: Optional[str] = None\n    \"\"\"The specific name or title of the single game, if known.\"\"\"\n    \n    team: Optional[str] = None\n    \"\"\"The name of the team that the sports fan is interested in watching.\"\"\"\n    \n    section: Optional[str] = None\n    \"\"\"The section of the stadium or arena where the sports fan prefers to sit.\"\"\"\n    \n    date: Optional[str] = None\n    \"\"\"The date of the game the sports fan wants to attend, in 'YYYY-MM-DD' format.\"\"\"\n    \n    time: Optional[str] = None\n    \"\"\"The time at which the game starts, in 'HH:MM' format.\"\"\"\n    \n    price_range: Optional[str] = None\n    \"\"\"The preferred price range for the ticket, described as a string (e.g., '$50-$100').\"\"\"\n    \n    seat_type: Optional[Literal['Standard', 'Premium', 'VIP']] = None\n    \"\"\"The type of seat the sports fan prefers. Options are 'Standard', 'Premium', 'VIP'.\"\"\"\n    \n    accessibility_needs: Optional[bool] = None\n    \"\"\"Indicates if the sports fan requires accessibility accommodations.\"\"\"\n    \n    home_away: Optional[Literal['Home', 'Away', 'Any']] = None\n    \"\"\"Preference for whether the game should be a home game, an away game, or either ('Any').\"\"\"\n    \n    weather_preference: Optional[Literal['Indoor', 'Outdoor', 'Any']] = None\n    \"\"\"Preference for whether the game is indoors, outdoors, or either ('Any').\"\"\"\n```\n",
    "recommender_schema_code": "```python\nfrom dataclasses import dataclass\nfrom typing import Optional\nfrom typing import Literal\n\n@dataclass\nclass SingleGame:\n    \"\"\"\n    This class represents the details about a single game known to the ticket agent.\n    Each field is optional to handle cases where some information might be missing.\n    \"\"\"\n\n    name: Optional[str] = None\n    \"\"\"The name or title of the game.\"\"\"\n\n    team: Optional[str] = None\n    \"\"\"The name of the team playing in the game.\"\"\"\n\n    section: Optional[str] = None\n    \"\"\"The section of the stadium or arena where seats are available.\"\"\"\n\n    date: Optional[str] = None\n    \"\"\"The date of the game, in 'YYYY-MM-DD' format.\"\"\"\n\n    time: Optional[str] = None\n    \"\"\"The start time of the game, in 'HH:MM' format.\"\"\"\n\n    price: Optional[str] = None\n    \"\"\"The price of the ticket, described as a string (e.g., '$50').\"\"\"\n\n    seat_type: Optional[Literal['Standard', 'Premium', 'VIP']] = None\n    \"\"\"The type of seat available for the game: 'Standard', 'Premium', or 'VIP'.\"\"\"\n\n    accessibility: Optional[bool] = None\n    \"\"\"Indicates if accessibility accommodations are available for the game.\"\"\"\n\n    home_away: Optional[Literal['Home', 'Away']] = None\n    \"\"\"Specifies if the game is a home game or an away game.\"\"\"\n\n    weather: Optional[Literal['Indoor', 'Outdoor']] = None\n    \"\"\"Specifies if the game is indoors or outdoors.\"\"\"\n\n    def matches_criteria(self, criteria: SingleGameCriteria) -> bool:\n        \"\"\"\n        Determines if the game matches the given search criteria.\n        \n        :param criteria: A SingleGameCriteria object containing the search preferences.\n        :return: True if the game matches the criteria, False otherwise.\n        \"\"\"\n        if criteria.name and self.name != criteria.name:\n            return False\n        if criteria.team and self.team != criteria.team:\n            return False\n        if criteria.section and self.section != criteria.section:\n            return False\n        if criteria.date and self.date != criteria.date:\n            return False\n        if criteria.time and self.time != criteria.time:\n            return False\n        if criteria.price_range and self.price:\n            min_price, max_price = map(lambda x: float(x.strip('$')), criteria.price_range.split('-'))\n            game_price = float(self.price.strip('$'))\n            if not (min_price <= game_price <= max_price):\n                return False\n        if criteria.seat_type and self.seat_type != criteria.seat_type:\n            return False\n        if criteria.accessibility_needs is not None and self.accessibility != criteria.accessibility_needs:\n            return False\n        if criteria.home_away and criteria.home_away != 'Any':\n            if self.home_away != criteria.home_away:\n                return False\n        if criteria.weather_preference and criteria.weather_preference != 'Any':\n            if self.weather != criteria.weather_preference:\n                return False\n        return True\n```",
    "searcher_schema": {
      "name": {
        "type": "typing.Optional[str]",
        "desc": ""
      },
      "team": {
        "type": "typing.Optional[str]",
        "desc": "The specific name or title of the single game, if known."
      },
      "section": {
        "type": "typing.Optional[str]",
        "desc": "The name of the team that the sports fan is interested in watching."
      },
      "date": {
        "type": "typing.Optional[str]",
        "desc": "The section of the stadium or arena where the sports fan prefers to sit."
      },
      "time": {
        "type": "typing.Optional[str]",
        "desc": "The date of the game the sports fan wants to attend, in 'YYYY-MM-DD' format."
      },
      "price_range": {
        "type": "typing.Optional[str]",
        "desc": "The time at which the game starts, in 'HH:MM' format."
      },
      "seat_type": {
        "type": "typing.Optional[typing.Literal['Standard', 'Premium', 'VIP']]",
        "desc": "The preferred price range for the ticket, described as a string (e.g., '$50-$100')."
      },
      "accessibility_needs": {
        "type": "typing.Optional[bool]",
        "desc": "The type of seat the sports fan prefers. Options are 'Standard', 'Premium', 'VIP'."
      },
      "home_away": {
        "type": "typing.Optional[typing.Literal['Home', 'Away', 'Any']]",
        "desc": "Indicates if the sports fan requires accessibility accommodations."
      },
      "weather_preference": {
        "type": "typing.Optional[typing.Literal['Indoor', 'Outdoor', 'Any']]",
        "desc": "Preference for whether the game should be a home game, an away game, or either ('Any')."
      }
    },
    "recommender_schema": {
      "name": {
        "type": "typing.Optional[str]",
        "desc": ""
      },
      "team": {
        "type": "typing.Optional[str]",
        "desc": "The name or title of the game."
      },
      "section": {
        "type": "typing.Optional[str]",
        "desc": "The name of the team playing in the game."
      },
      "date": {
        "type": "typing.Optional[str]",
        "desc": "The section of the stadium or arena where seats are available."
      },
      "time": {
        "type": "typing.Optional[str]",
        "desc": "The date of the game, in 'YYYY-MM-DD' format."
      },
      "price": {
        "type": "typing.Optional[str]",
        "desc": "The start time of the game, in 'HH:MM' format."
      },
      "seat_type": {
        "type": "typing.Optional[typing.Literal['Standard', 'Premium', 'VIP']]",
        "desc": "The price of the ticket, described as a string (e.g., '$50')."
      },
      "accessibility": {
        "type": "typing.Optional[bool]",
        "desc": "The type of seat available for the game: 'Standard', 'Premium', or 'VIP'."
      },
      "home_away": {
        "type": "typing.Optional[typing.Literal['Home', 'Away']]",
        "desc": "Indicates if accessibility accommodations are available for the game."
      },
      "weather": {
        "type": "typing.Optional[typing.Literal['Indoor', 'Outdoor']]",
        "desc": "Specifies if the game is a home game or an away game."
      }
    }
  },
  {
    "searcher": "sports fan",
    "recommender": "ticket agent",
    "dialogue": "A sports fan is getting help from a ticket agent to find the right merchandise",
    "item_type": "merchandise",
    "criteria": [
      "type",
      "size"
    ],
    "searcher_schema_code": "```python\nfrom dataclasses import dataclass\nfrom typing import Optional, Literal\n\n@dataclass\nclass MerchandiseCriteria:\n    \"\"\"\n    A data class to represent the criteria and preferences for finding sports merchandise.\n    \"\"\"\n    name: Optional[str] = None\n    \"\"\"The name of the specific merchandise the sports fan is looking for.\"\"\"\n\n    type: Optional[Literal['jersey', 'cap', 't-shirt', 'sweatshirt', 'shorts', 'poster']] = None\n    \"\"\"The type of merchandise, with a fixed set of possible values.\"\"\"\n\n    size: Optional[Literal['XS', 'S', 'M', 'L', 'XL', 'XXL']] = None\n    \"\"\"The size of the merchandise, applicable for clothing items.\"\"\"\n\n    color: Optional[str] = None\n    \"\"\"The preferred color of the merchandise.\"\"\"\n\n    team: Optional[str] = None\n    \"\"\"The name of the sports team related to the merchandise.\"\"\"\n\n    player: Optional[str] = None\n    \"\"\"The name of the player associated with the merchandise, if applicable.\"\"\"\n\n    price_range: Optional[str] = None\n    \"\"\"The preferred price range for the merchandise, expressed as a string like '10-50'.\"\"\"\n\n    material: Optional[Literal['cotton', 'polyester', 'wool', 'nylon']] = None\n    \"\"\"The preferred material of the merchandise, with a fixed set of possible values.\"\"\"\n\n    brand: Optional[str] = None\n    \"\"\"The brand of the merchandise.\"\"\"\n\n    in_stock: Optional[bool] = None\n    \"\"\"A flag to indicate whether only in-stock merchandise should be considered.\"\"\"\n```",
    "recommender_schema_code": "```python\nfrom dataclasses import dataclass\nfrom typing import Optional, Literal\n\n@dataclass\nclass MerchandiseKnowledge:\n    \"\"\"\n    A data class to represent the ticket agent's knowledge of each merchandise item.\n    \"\"\"\n    name: Optional[str] = None\n    \"\"\"The name of the merchandise item.\"\"\"\n\n    type: Optional[Literal['jersey', 'cap', 't-shirt', 'sweatshirt', 'shorts', 'poster']] = None\n    \"\"\"The type of merchandise, with a fixed set of possible values.\"\"\"\n\n    size: Optional[Literal['XS', 'S', 'M', 'L', 'XL', 'XXL']] = None\n    \"\"\"The size of the merchandise, applicable for clothing items.\"\"\"\n\n    color: Optional[str] = None\n    \"\"\"The color of the merchandise.\"\"\"\n\n    team: Optional[str] = None\n    \"\"\"The sports team related to the merchandise.\"\"\"\n\n    player: Optional[str] = None\n    \"\"\"The player associated with the merchandise, if applicable.\"\"\"\n\n    price: Optional[float] = None\n    \"\"\"The price of the merchandise.\"\"\"\n\n    material: Optional[Literal['cotton', 'polyester', 'wool', 'nylon']] = None\n    \"\"\"The material of the merchandise.\"\"\"\n\n    brand: Optional[str] = None\n    \"\"\"The brand of the merchandise.\"\"\"\n\n    in_stock: Optional[bool] = None\n    \"\"\"A flag to indicate whether the merchandise is in stock.\"\"\"\n\n    def matches_criteria(self, criteria: MerchandiseCriteria) -> bool:\n        \"\"\"\n        Checks if the merchandise matches the given search criteria.\n\n        Parameters:\n            criteria (MerchandiseCriteria): The search criteria provided by the sports fan.\n\n        Returns:\n            bool: True if the merchandise matches the criteria, False otherwise.\n        \"\"\"\n        if criteria.name and self.name != criteria.name:\n            return False\n        if criteria.type and self.type != criteria.type:\n            return False\n        if criteria.size and self.size != criteria.size:\n            return False\n        if criteria.color and self.color != criteria.color:\n            return False\n        if criteria.team and self.team != criteria.team:\n            return False\n        if criteria.player and self.player != criteria.player:\n            return False\n        if criteria.price_range:\n            min_price, max_price = map(float, criteria.price_range.split('-'))\n            if not (min_price <= (self.price or 0) <= max_price):\n                return False\n        if criteria.material and self.material != criteria.material:\n            return False\n        if criteria.brand and self.brand != criteria.brand:\n            return False\n        if criteria.in_stock is not None and self.in_stock != criteria.in_stock:\n            return False\n        return True\n```",
    "searcher_schema": {
      "name": {
        "type": "typing.Optional[str]",
        "desc": ""
      },
      "type": {
        "type": "typing.Optional[typing.Literal['jersey', 'cap', 't-shirt', 'sweatshirt', 'shorts', 'poster']]",
        "desc": "The name of the specific merchandise the sports fan is looking for."
      },
      "size": {
        "type": "typing.Optional[typing.Literal['XS', 'S', 'M', 'L', 'XL', 'XXL']]",
        "desc": "The type of merchandise, with a fixed set of possible values."
      },
      "color": {
        "type": "typing.Optional[str]",
        "desc": "The size of the merchandise, applicable for clothing items."
      },
      "team": {
        "type": "typing.Optional[str]",
        "desc": "The preferred color of the merchandise."
      },
      "player": {
        "type": "typing.Optional[str]",
        "desc": "The name of the sports team related to the merchandise."
      },
      "price_range": {
        "type": "typing.Optional[str]",
        "desc": "The name of the player associated with the merchandise, if applicable."
      },
      "material": {
        "type": "typing.Optional[typing.Literal['cotton', 'polyester', 'wool', 'nylon']]",
        "desc": "The preferred price range for the merchandise, expressed as a string like '10-50'."
      },
      "brand": {
        "type": "typing.Optional[str]",
        "desc": "The preferred material of the merchandise, with a fixed set of possible values."
      },
      "in_stock": {
        "type": "typing.Optional[bool]",
        "desc": "The brand of the merchandise."
      }
    },
    "recommender_schema": {
      "name": {
        "type": "typing.Optional[str]",
        "desc": ""
      },
      "type": {
        "type": "typing.Optional[typing.Literal['jersey', 'cap', 't-shirt', 'sweatshirt', 'shorts', 'poster']]",
        "desc": "The name of the merchandise item."
      },
      "size": {
        "type": "typing.Optional[typing.Literal['XS', 'S', 'M', 'L', 'XL', 'XXL']]",
        "desc": "The type of merchandise, with a fixed set of possible values."
      },
      "color": {
        "type": "typing.Optional[str]",
        "desc": "The size of the merchandise, applicable for clothing items."
      },
      "team": {
        "type": "typing.Optional[str]",
        "desc": "The color of the merchandise."
      },
      "player": {
        "type": "typing.Optional[str]",
        "desc": "The sports team related to the merchandise."
      },
      "price": {
        "type": "typing.Optional[float]",
        "desc": "The player associated with the merchandise, if applicable."
      },
      "material": {
        "type": "typing.Optional[typing.Literal['cotton', 'polyester', 'wool', 'nylon']]",
        "desc": "The price of the merchandise."
      },
      "brand": {
        "type": "typing.Optional[str]",
        "desc": "The material of the merchandise."
      },
      "in_stock": {
        "type": "typing.Optional[bool]",
        "desc": "The brand of the merchandise."
      }
    }
  }
]