[
  {
    "domain": "meal plan",
    "turns": [
      [
        "I'm looking for a vegetarian meal plan around 1300 calories.",
        {
          "name": null,
          "diet_type": "vegetarian",
          "calorie_goal": 1300,
          "protein_goal": null,
          "carb_goal": null,
          "fat_goal": null,
          "meal_count": null,
          "cooking_time_max": null,
          "budget_per_day": null,
          "cuisine_preference": null
        },
        "How many meals per day do you prefer?"
      ],
      [
        "I prefer three meals a day.",
        {
          "name": null,
          "diet_type": "vegetarian",
          "calorie_goal": 1300,
          "protein_goal": null,
          "carb_goal": null,
          "fat_goal": null,
          "meal_count": 3,
          "cooking_time_max": null,
          "budget_per_day": null,
          "cuisine_preference": null
        },
        "Great! How about the cooking time per meal? Any preferences?"
      ],
      [
        "I\u2019d like each meal to be under 20 minutes to prepare.",
        {
          "name": null,
          "diet_type": "vegetarian",
          "calorie_goal": 1300,
          "protein_goal": null,
          "carb_goal": null,
          "fat_goal": null,
          "meal_count": 3,
          "cooking_time_max": 20,
          "budget_per_day": null,
          "cuisine_preference": null
        },
        "I have a perfect match for you: the Asian Vegetarian meal plan! It has 1300 calories, 3 meals a day, and a cooking time of 20 minutes. Does that sound good?"
      ],
      [
        "That sounds perfect! Can you tell me more about the dishes included?",
        {
          "name": "Asian Vegetarian",
          "diet_type": "vegetarian",
          "calorie_goal": 1300,
          "protein_goal": null,
          "carb_goal": null,
          "fat_goal": null,
          "meal_count": 3,
          "cooking_time_max": 20,
          "budget_per_day": null,
          "cuisine_preference": "asian"
        },
        "I don\u2019t have specifics on the dishes, but it\u2019s a vegetarian plan with a focus on Asian cuisine. Would you like to confirm this choice?"
      ],
      [
        "Yes, let\u2019s go with the Asian Vegetarian meal plan!",
        {
          "name": "Asian Vegetarian",
          "diet_type": "vegetarian",
          "calorie_goal": 1300,
          "protein_goal": null,
          "carb_goal": null,
          "fat_goal": null,
          "meal_count": 3,
          "cooking_time_max": 20,
          "budget_per_day": null,
          "cuisine_preference": "asian"
        },
        "Awesome choice! Enjoy your meals!"
      ]
    ],
    "preferences_code": "```python\npreferences = MealPlanCriteria(\n    name='Asian Vegetarian',\n    diet_type='vegetarian',\n    calorie_goal=1300,\n    protein_goal=60,\n    carb_goal=215,\n    fat_goal=30,\n    meal_count=3,\n    cooking_time_max=20,\n    budget_per_day=24.0,\n    cuisine_preference='asian',\n)\n```",
    "red_herrings_code": "```python\n# Global variable to hold a list of similar meal plan examples\nsimilar_meal_plans = [\n    MealPlan(\n        name='Vegetarian Delight',\n        diet_type='vegetarian',\n        calories=1250,\n        protein=50,\n        carbs=200,\n        fats=25,\n        meal_count=3,\n        cooking_time=25,\n        budget=20.0,\n        cuisine='asian',\n    ),\n    MealPlan(\n        name='Asian Vegetarian',\n        diet_type='vegetarian',\n        calories=1300,\n        protein=60,\n        carbs=215,\n        fats=30,\n        meal_count=3,\n        cooking_time=20,\n        budget=24.0,\n        cuisine='asian',\n    ),\n    MealPlan(\n        name='Fusion Feast',\n        diet_type='vegetarian',\n        calories=1350,\n        protein=55,\n        carbs=210,\n        fats=35,\n        meal_count=3,\n        cooking_time=18,\n        budget=23.0,\n        cuisine='asian',\n    )\n]\n```",
    "database_code": "```python\n# Global variable to store a list of meal plan examples\nmeal_plans = [\n    MealPlan(\n        name=\"Vegetarian Delight\",\n        diet_type='vegetarian',\n        calories=1500,\n        protein=60,\n        carbs=200,\n        fats=40,\n        meal_count=3,\n        cooking_time=30,\n        budget=25.0,\n        cuisine='indian'\n    ),\n    MealPlan(\n        name=\"Keto Basics\",\n        diet_type='keto',\n        calories=1200,\n        protein=80,\n        carbs=20,\n        fats=90,\n        meal_count=2,\n        cooking_time=45,\n        budget=30.0,\n        cuisine='american'\n    ),\n    MealPlan(\n        name=\"Vegan Energy\",\n        diet_type='vegan',\n        calories=1600,\n        protein=70,\n        carbs=250,\n        fats=50,\n        meal_count=4,\n        cooking_time=25,\n        budget=20.0,\n        cuisine='mexican'\n    ),\n    MealPlan(\n        name=\"Paleo Power\",\n        diet_type='paleo',\n        calories=1800,\n        protein=100,\n        carbs=150,\n        fats=70,\n        meal_count=3,\n        cooking_time=40,\n        budget=35.0,\n        cuisine='american'\n    ),\n    MealPlan(\n        name=\"Gluten-Free Feast\",\n        diet_type='gluten-free',\n        calories=1400,\n        protein=65,\n        carbs=180,\n        fats=45,\n        meal_count=3,\n        cooking_time=35,\n        budget=28.0,\n        cuisine='italian'\n    ),\n    MealPlan(\n        name=\"Asian Fusion\",\n        diet_type='vegetarian',\n        calories=1300,\n        protein=55,\n        carbs=210,\n        fats=30,\n        meal_count=3,\n        cooking_time=20,\n        budget=22.0,\n        cuisine='asian'\n    ),\n    MealPlan(\n        name=\"Keto Gourmet\",\n        diet_type='keto',\n        calories=1100,\n        protein=90,\n        carbs=15,\n        fats=85,\n        meal_count=2,\n        cooking_time=50,\n        budget=40.0,\n        cuisine='american'\n    ),\n    MealPlan(\n        name=\"Vegan Comfort\",\n        diet_type='vegan',\n        calories=1700,\n        protein=75,\n        carbs=240,\n        fats=60,\n        meal_count=4,\n        cooking_time=30,\n        budget=18.0,\n        cuisine='indian'\n    ),\n    MealPlan(\n        name=\"Paleo Adventure\",\n        diet_type='paleo',\n        calories=1900,\n        protein=110,\n        carbs=160,\n        fats=80,\n        meal_count=3,\n        cooking_time=45,\n        budget=32.0,\n        cuisine='mexican'\n    ),\n    MealPlan(\n        name=\"Quick Gluten-Free\",\n        diet_type='gluten-free',\n        calories=1200,\n        protein=50,\n        carbs=170,\n        fats=35,\n        meal_count=2,\n        cooking_time=15,\n        budget=27.0,\n        cuisine='italian'\n    )\n]\n```",
    "database": [
      {
        "name": "Quick Gluten-Free",
        "diet_type": "gluten-free",
        "calories": 1200,
        "protein": 50,
        "carbs": 170,
        "fats": 35,
        "meal_count": 2,
        "cooking_time": 15,
        "budget": 27.0,
        "cuisine": "italian"
      },
      {
        "name": "Asian Vegetarian",
        "diet_type": "vegetarian",
        "calories": 1300,
        "protein": 60,
        "carbs": 215,
        "fats": 30,
        "meal_count": 3,
        "cooking_time": 20,
        "budget": 24.0,
        "cuisine": "asian"
      },
      {
        "name": "Vegan Comfort",
        "diet_type": "vegan",
        "calories": 1700,
        "protein": 75,
        "carbs": 240,
        "fats": 60,
        "meal_count": 4,
        "cooking_time": 30,
        "budget": 18.0,
        "cuisine": "indian"
      },
      {
        "name": "Keto Gourmet",
        "diet_type": "keto",
        "calories": 1100,
        "protein": 90,
        "carbs": 15,
        "fats": 85,
        "meal_count": 2,
        "cooking_time": 50,
        "budget": 40.0,
        "cuisine": "american"
      },
      {
        "name": "Gluten-Free Feast",
        "diet_type": "gluten-free",
        "calories": 1400,
        "protein": 65,
        "carbs": 180,
        "fats": 45,
        "meal_count": 3,
        "cooking_time": 35,
        "budget": 28.0,
        "cuisine": "italian"
      },
      {
        "name": "Vegetarian Delight",
        "diet_type": "vegetarian",
        "calories": 1250,
        "protein": 50,
        "carbs": 200,
        "fats": 25,
        "meal_count": 3,
        "cooking_time": 25,
        "budget": 20.0,
        "cuisine": "asian"
      },
      {
        "name": "Asian Fusion",
        "diet_type": "vegetarian",
        "calories": 1300,
        "protein": 55,
        "carbs": 210,
        "fats": 30,
        "meal_count": 3,
        "cooking_time": 20,
        "budget": 22.0,
        "cuisine": "asian"
      },
      {
        "name": "Keto Basics",
        "diet_type": "keto",
        "calories": 1200,
        "protein": 80,
        "carbs": 20,
        "fats": 90,
        "meal_count": 2,
        "cooking_time": 45,
        "budget": 30.0,
        "cuisine": "american"
      },
      {
        "name": "Paleo Power",
        "diet_type": "paleo",
        "calories": 1800,
        "protein": 100,
        "carbs": 150,
        "fats": 70,
        "meal_count": 3,
        "cooking_time": 40,
        "budget": 35.0,
        "cuisine": "american"
      },
      {
        "name": "Vegan Energy",
        "diet_type": "vegan",
        "calories": 1600,
        "protein": 70,
        "carbs": 250,
        "fats": 50,
        "meal_count": 4,
        "cooking_time": 25,
        "budget": 20.0,
        "cuisine": "mexican"
      },
      {
        "name": "Fusion Feast",
        "diet_type": "vegetarian",
        "calories": 1350,
        "protein": 55,
        "carbs": 210,
        "fats": 35,
        "meal_count": 3,
        "cooking_time": 18,
        "budget": 23.0,
        "cuisine": "asian"
      },
      {
        "name": "Paleo Adventure",
        "diet_type": "paleo",
        "calories": 1900,
        "protein": 110,
        "carbs": 160,
        "fats": 80,
        "meal_count": 3,
        "cooking_time": 45,
        "budget": 32.0,
        "cuisine": "mexican"
      },
      {
        "name": "Vegetarian Delight",
        "diet_type": "vegetarian",
        "calories": 1500,
        "protein": 60,
        "carbs": 200,
        "fats": 40,
        "meal_count": 3,
        "cooking_time": 30,
        "budget": 25.0,
        "cuisine": "indian"
      }
    ],
    "goal": {
      "name": "Asian Vegetarian",
      "diet_type": "vegetarian",
      "calories": 1300,
      "protein": 60,
      "carbs": 215,
      "fats": 30,
      "meal_count": 3,
      "cooking_time": 20,
      "budget": 24.0,
      "cuisine": "asian"
    },
    "status": "complete"
  },
  {
    "domain": "supplements",
    "turns": [
      [
        "Thanks! By the way, I also need help finding a mineral supplement.",
        {
          "name": null,
          "type": "mineral",
          "brand": null,
          "form": null,
          "dosage": null,
          "flavor": null,
          "dietary_restrictions": "vegetarian",
          "health_goal": null
        },
        "Sure! What specific mineral are you looking for?"
      ],
      [
        "I'm open to any mineral supplement, just looking for a tablet form.",
        {
          "name": null,
          "type": "mineral",
          "brand": null,
          "form": "tablet",
          "dosage": null,
          "flavor": null,
          "dietary_restrictions": "vegetarian",
          "health_goal": null
        },
        "I have a couple of options: Zinc and Calcium in tablet form. Do you have a preference for one of these?"
      ],
      [
        "I think Zinc would be a better choice for me.",
        {
          "name": "Zinc",
          "type": "mineral",
          "brand": null,
          "form": "tablet",
          "dosage": null,
          "flavor": null,
          "dietary_restrictions": "vegetarian",
          "health_goal": null
        },
        "Great choice! The Zinc supplement is 25mg in tablet form and is vegan. Would you like to confirm that?"
      ],
      [
        "Yes, that sounds good! I'll confirm the Zinc supplement.",
        {
          "name": "Zinc",
          "type": "mineral",
          "brand": null,
          "form": "tablet",
          "dosage": "25mg",
          "flavor": null,
          "dietary_restrictions": "vegan",
          "health_goal": null
        },
        "Perfect! Zinc supplement confirmed!"
      ]
    ],
    "preferences_code": "```python\npreferences = SupplementCriteria(\n    name='Calcium',\n    type='mineral',\n    brand='Brand A',\n    form='tablet',\n    dosage='500mg',\n    flavor='unflavored',\n    dietary_restrictions='vegetarian',\n    health_goal='bone health',\n)\n```",
    "red_herrings_code": "```python\nsupplement_examples = [\n    SupplementKnowledge(\n        name='Calcium',\n        type='mineral',\n        brand='Brand A',\n        form='tablet',\n        dosage='500mg',\n        flavor='unflavored',\n        dietary_restrictions='vegetarian',\n        health_goal='bone health',\n    ),\n    SupplementKnowledge(\n        name='Calcium',\n        type='mineral',\n        brand='Brand B',\n        form='capsule',\n        dosage='600mg',\n        flavor='berry',\n        dietary_restrictions='vegetarian',\n        health_goal='muscle growth',\n    ),\n    SupplementKnowledge(\n        name='Calcium',\n        type='mineral',\n        brand='Brand C',\n        form='powder',\n        dosage='600mg',\n        flavor='unflavored',\n        dietary_restrictions='vegan',\n        health_goal='bone health',\n    ),\n]\n```",
    "database_code": "```python\nsupplements_list = [\n    SupplementKnowledge(\n        name=\"Vitamin C\",\n        type=\"vitamin\",\n        brand=\"Brand A\",\n        form=\"tablet\",\n        dosage=\"500mg\",\n        flavor=\"orange\",\n        dietary_restrictions=\"vegan\",\n        health_goal=\"immune support\"\n    ),\n    SupplementKnowledge(\n        name=\"Calcium\",\n        type=\"mineral\",\n        brand=\"Brand B\",\n        form=\"capsule\",\n        dosage=\"600mg\",\n        flavor=\"unflavored\",\n        dietary_restrictions=\"vegetarian\",\n        health_goal=\"bone health\"\n    ),\n    SupplementKnowledge(\n        name=\"Whey Protein\",\n        type=\"protein\",\n        brand=\"Brand C\",\n        form=\"powder\",\n        dosage=\"30g\",\n        flavor=\"chocolate\",\n        dietary_restrictions=\"none\",\n        health_goal=\"muscle growth\"\n    ),\n    SupplementKnowledge(\n        name=\"Fish Oil\",\n        type=\"fatty acid\",\n        brand=\"Brand D\",\n        form=\"liquid\",\n        dosage=\"1000mg\",\n        flavor=\"lemon\",\n        dietary_restrictions=\"dairy-free\",\n        health_goal=\"heart health\"\n    ),\n    SupplementKnowledge(\n        name=\"Spirulina\",\n        type=\"herbal\",\n        brand=\"Brand E\",\n        form=\"tablet\",\n        dosage=\"1000mg\",\n        flavor=\"none\",\n        dietary_restrictions=\"vegan\",\n        health_goal=\"immune support\"\n    ),\n    SupplementKnowledge(\n        name=\"Magnesium\",\n        type=\"mineral\",\n        brand=\"Brand F\",\n        form=\"capsule\",\n        dosage=\"400mg\",\n        flavor=\"unflavored\",\n        dietary_restrictions=\"gluten-free\",\n        health_goal=\"muscle growth\"\n    ),\n    SupplementKnowledge(\n        name=\"BCAA\",\n        type=\"amino acid\",\n        brand=\"Brand G\",\n        form=\"powder\",\n        dosage=\"10g\",\n        flavor=\"fruit punch\",\n        dietary_restrictions=\"vegetarian\",\n        health_goal=\"muscle growth\"\n    ),\n    SupplementKnowledge(\n        name=\"Zinc\",\n        type=\"mineral\",\n        brand=\"Brand H\",\n        form=\"tablet\",\n        dosage=\"25mg\",\n        flavor=\"none\",\n        dietary_restrictions=\"vegan\",\n        health_goal=\"immune support\"\n    ),\n    SupplementKnowledge(\n        name=\"Herbal Tea\",\n        type=\"herbal\",\n        brand=\"Brand I\",\n        form=\"liquid\",\n        dosage=\"1 cup\",\n        flavor=\"peppermint\",\n        dietary_restrictions=\"vegan\",\n        health_goal=\"weight loss\"\n    ),\n    SupplementKnowledge(\n        name=\"Vitamin D\",\n        type=\"vitamin\",\n        brand=\"Brand J\",\n        form=\"capsule\",\n        dosage=\"1000 IU\",\n        flavor=\"none\",\n        dietary_restrictions=\"vegetarian\",\n        health_goal=\"bone health\"\n    )\n]\n```",
    "database": [
      {
        "name": "Calcium",
        "type": "mineral",
        "brand": "Brand B",
        "form": "capsule",
        "dosage": "600mg",
        "flavor": "unflavored",
        "dietary_restrictions": "vegetarian",
        "health_goal": "bone health"
      },
      {
        "name": "Spirulina",
        "type": "herbal",
        "brand": "Brand E",
        "form": "tablet",
        "dosage": "1000mg",
        "flavor": "none",
        "dietary_restrictions": "vegan",
        "health_goal": "immune support"
      },
      {
        "name": "Vitamin D",
        "type": "vitamin",
        "brand": "Brand J",
        "form": "capsule",
        "dosage": "1000 IU",
        "flavor": "none",
        "dietary_restrictions": "vegetarian",
        "health_goal": "bone health"
      },
      {
        "name": "BCAA",
        "type": "amino acid",
        "brand": "Brand G",
        "form": "powder",
        "dosage": "10g",
        "flavor": "fruit punch",
        "dietary_restrictions": "vegetarian",
        "health_goal": "muscle growth"
      },
      {
        "name": "Whey Protein",
        "type": "protein",
        "brand": "Brand C",
        "form": "powder",
        "dosage": "30g",
        "flavor": "chocolate",
        "dietary_restrictions": "none",
        "health_goal": "muscle growth"
      },
      {
        "name": "Fish Oil",
        "type": "fatty acid",
        "brand": "Brand D",
        "form": "liquid",
        "dosage": "1000mg",
        "flavor": "lemon",
        "dietary_restrictions": "dairy-free",
        "health_goal": "heart health"
      },
      {
        "name": "Zinc",
        "type": "mineral",
        "brand": "Brand H",
        "form": "tablet",
        "dosage": "25mg",
        "flavor": "none",
        "dietary_restrictions": "vegan",
        "health_goal": "immune support"
      },
      {
        "name": "Calcium",
        "type": "mineral",
        "brand": "Brand B",
        "form": "capsule",
        "dosage": "600mg",
        "flavor": "berry",
        "dietary_restrictions": "vegetarian",
        "health_goal": "muscle growth"
      },
      {
        "name": "Calcium",
        "type": "mineral",
        "brand": "Brand A",
        "form": "tablet",
        "dosage": "500mg",
        "flavor": "unflavored",
        "dietary_restrictions": "vegetarian",
        "health_goal": "bone health"
      },
      {
        "name": "Herbal Tea",
        "type": "herbal",
        "brand": "Brand I",
        "form": "liquid",
        "dosage": "1 cup",
        "flavor": "peppermint",
        "dietary_restrictions": "vegan",
        "health_goal": "weight loss"
      },
      {
        "name": "Vitamin C",
        "type": "vitamin",
        "brand": "Brand A",
        "form": "tablet",
        "dosage": "500mg",
        "flavor": "orange",
        "dietary_restrictions": "vegan",
        "health_goal": "immune support"
      },
      {
        "name": "Calcium",
        "type": "mineral",
        "brand": "Brand C",
        "form": "powder",
        "dosage": "600mg",
        "flavor": "unflavored",
        "dietary_restrictions": "vegan",
        "health_goal": "bone health"
      },
      {
        "name": "Magnesium",
        "type": "mineral",
        "brand": "Brand F",
        "form": "capsule",
        "dosage": "400mg",
        "flavor": "unflavored",
        "dietary_restrictions": "gluten-free",
        "health_goal": "muscle growth"
      }
    ],
    "goal": {
      "name": "Calcium",
      "type": "mineral",
      "brand": "Brand A",
      "form": "tablet",
      "dosage": "500mg",
      "flavor": "unflavored",
      "dietary_restrictions": "vegetarian",
      "health_goal": "bone health"
    },
    "status": "complete"
  },
  {
    "domain": "meal prep services",
    "turns": [
      [
        "Thanks! Now, can you help me find a meal prep service that fits my needs?",
        {
          "name": null,
          "service_area": null,
          "meal_types": [
            "vegetarian"
          ],
          "delivery_days": null,
          "budget": null,
          "subscription_type": null,
          "serving_size": 3,
          "dietary_restrictions": null,
          "preferred_cuisine": [
            "Asian"
          ],
          "eco_friendly_packaging": null
        },
        "Of course! What specific dietary preferences or restrictions do you have for the meal prep service?"
      ],
      [
        "I prefer vegan and gluten-free meals, and I need them to be nut-free.",
        {
          "name": null,
          "service_area": null,
          "meal_types": [
            "vegan",
            "gluten-free"
          ],
          "delivery_days": null,
          "budget": null,
          "subscription_type": null,
          "serving_size": null,
          "dietary_restrictions": [
            "nut-free"
          ],
          "preferred_cuisine": [
            "Asian"
          ],
          "eco_friendly_packaging": null
        },
        "Got it! I have a couple of options: Healthy Bites and Fresh Feast. Which one would you like to know more about?"
      ],
      [
        "I\u2019d like to know more about Healthy Bites.",
        {
          "name": "Healthy Bites",
          "service_area": null,
          "meal_types": [
            "vegan",
            "gluten-free"
          ],
          "delivery_days": null,
          "budget": null,
          "subscription_type": null,
          "serving_size": null,
          "dietary_restrictions": [
            "nut-free"
          ],
          "preferred_cuisine": [
            "Asian"
          ],
          "eco_friendly_packaging": null
        },
        "Healthy Bites offers vegan and gluten-free meals, nut-free options, and delivers on Tuesdays and Saturdays for $50 weekly. Sounds good?"
      ],
      [
        "That\u2019s a bit over my budget; can you check if Fresh Feast is more affordable?",
        {
          "name": null,
          "service_area": null,
          "meal_types": [
            "vegan",
            "gluten-free"
          ],
          "delivery_days": [
            "Tuesday",
            "Saturday"
          ],
          "budget": 50,
          "subscription_type": "weekly",
          "serving_size": null,
          "dietary_restrictions": [
            "nut-free"
          ],
          "preferred_cuisine": [
            "Asian"
          ],
          "eco_friendly_packaging": null
        },
        "Fresh Feast is $45 weekly, also offers vegan and gluten-free meals, and delivers on Wednesdays and Saturdays. Does that work for you?"
      ],
      [
        "Yes, Fresh Feast sounds great! Let\u2019s go with that.",
        {
          "name": "Fresh Feast",
          "service_area": null,
          "meal_types": [
            "vegan",
            "gluten-free"
          ],
          "delivery_days": [
            "Wednesday",
            "Saturday"
          ],
          "budget": 45,
          "subscription_type": "weekly",
          "serving_size": null,
          "dietary_restrictions": [
            "nut-free"
          ],
          "preferred_cuisine": [
            "Asian"
          ],
          "eco_friendly_packaging": null
        },
        "Awesome choice! Fresh Feast is confirmed! Enjoy your meals!"
      ]
    ],
    "preferences_code": "```python\npreferences = MealPrepServiceCriteria(\n    name=None,\n    service_area='Boulder',\n    meal_types=['vegan', 'gluten-free'],\n    delivery_days=['Wednesday', 'Saturday'],\n    budget=40,\n    subscription_type='weekly',\n    serving_size=3,\n    dietary_restrictions=['nut-free'],\n    preferred_cuisine=['Mediterranean'],\n    eco_friendly_packaging=True,\n)\n```",
    "red_herrings_code": "```python\nmeal_prep_services = [\n    MealPrepService(\n        name='Healthy Bites',\n        service_area='Denver',\n        meal_types=['vegan', 'gluten-free'],\n        delivery_days=['Tuesday', 'Saturday'],\n        budget=50,\n        subscription_type='weekly',\n        serving_size=4,\n        dietary_restrictions=['nut-free'],\n        preferred_cuisine=['American'],\n        eco_friendly_packaging=True,\n    ),\n    MealPrepService(\n        name='Green Plate',\n        service_area='Boulder',\n        meal_types=['vegan', 'gluten-free'],\n        delivery_days=['Wednesday', 'Saturday'],\n        budget=40,\n        subscription_type='weekly',\n        serving_size=3,\n        dietary_restrictions=['nut-free'],\n        preferred_cuisine=['Mediterranean'],\n        eco_friendly_packaging=True,\n    ),\n    MealPrepService(\n        name='Vegan Delights',\n        service_area='Denver',\n        meal_types=['vegan'],\n        delivery_days=['Wednesday', 'Saturday'],\n        budget=45,\n        subscription_type='monthly',\n        serving_size=4,\n        dietary_restrictions=['nut-free'],\n        preferred_cuisine=['American'],\n        eco_friendly_packaging=True,\n    ),\n]\n```",
    "database_code": "```python\n# Global variable representing a list of meal prep service examples\nmeal_prep_services = [\n    MealPrepService(\n        name=\"Green Eats\",\n        service_area=\"New York\",\n        meal_types=[\"vegetarian\", \"vegan\"],\n        delivery_days=[\"Monday\", \"Wednesday\", \"Friday\"],\n        budget=60,\n        subscription_type=\"weekly\",\n        serving_size=2,\n        dietary_restrictions=[\"nut-free\"],\n        preferred_cuisine=[\"Asian\", \"Mediterranean\"],\n        eco_friendly_packaging=True\n    ),\n    MealPrepService(\n        name=\"Healthy Plates\",\n        service_area=\"Los Angeles\",\n        meal_types=[\"paleo\", \"keto\"],\n        delivery_days=[\"Tuesday\", \"Thursday\"],\n        budget=75,\n        subscription_type=\"monthly\",\n        serving_size=1,\n        dietary_restrictions=[\"dairy-free\"],\n        preferred_cuisine=[\"American\"],\n        eco_friendly_packaging=False\n    ),\n    MealPrepService(\n        name=\"Vegan Delights\",\n        service_area=\"Chicago\",\n        meal_types=[\"vegan\"],\n        delivery_days=[\"Monday\", \"Thursday\"],\n        budget=50,\n        subscription_type=\"weekly\",\n        serving_size=3,\n        dietary_restrictions=[\"soy-free\"],\n        preferred_cuisine=[\"Italian\"],\n        eco_friendly_packaging=True\n    ),\n    MealPrepService(\n        name=\"Paleo Kitchen\",\n        service_area=\"San Francisco\",\n        meal_types=[\"paleo\"],\n        delivery_days=[\"Wednesday\", \"Saturday\"],\n        budget=80,\n        subscription_type=\"one-time\",\n        serving_size=4,\n        dietary_restrictions=[\"gluten-free\"],\n        preferred_cuisine=[\"Mexican\"],\n        eco_friendly_packaging=True\n    ),\n    MealPrepService(\n        name=\"Keto Bites\",\n        service_area=\"Austin\",\n        meal_types=[\"keto\"],\n        delivery_days=[\"Friday\", \"Sunday\"],\n        budget=70,\n        subscription_type=\"monthly\",\n        serving_size=2,\n        dietary_restrictions=[\"egg-free\"],\n        preferred_cuisine=[\"Asian\"],\n        eco_friendly_packaging=False\n    ),\n    MealPrepService(\n        name=\"Gluten-Free Gourmet\",\n        service_area=\"Miami\",\n        meal_types=[\"gluten-free\"],\n        delivery_days=[\"Monday\", \"Wednesday\", \"Friday\"],\n        budget=65,\n        subscription_type=\"weekly\",\n        serving_size=1,\n        dietary_restrictions=[\"nut-free\"],\n        preferred_cuisine=[\"Italian\", \"French\"],\n        eco_friendly_packaging=True\n    ),\n    MealPrepService(\n        name=\"NutriBox\",\n        service_area=\"Seattle\",\n        meal_types=[\"vegetarian\", \"gluten-free\"],\n        delivery_days=[\"Tuesday\", \"Thursday\"],\n        budget=55,\n        subscription_type=\"monthly\",\n        serving_size=3,\n        dietary_restrictions=[\"dairy-free\"],\n        preferred_cuisine=[\"Indian\"],\n        eco_friendly_packaging=True\n    ),\n    MealPrepService(\n        name=\"Balanced Meals\",\n        service_area=\"Boston\",\n        meal_types=[\"paleo\", \"keto\", \"vegetarian\"],\n        delivery_days=[\"Monday\", \"Thursday\"],\n        budget=90,\n        subscription_type=\"one-time\",\n        serving_size=2,\n        dietary_restrictions=[\"soy-free\"],\n        preferred_cuisine=[\"Mediterranean\"],\n        eco_friendly_packaging=False\n    ),\n    MealPrepService(\n        name=\"Fresh Feast\",\n        service_area=\"Denver\",\n        meal_types=[\"vegan\", \"gluten-free\"],\n        delivery_days=[\"Wednesday\", \"Saturday\"],\n        budget=45,\n        subscription_type=\"weekly\",\n        serving_size=4,\n        dietary_restrictions=[\"nut-free\"],\n        preferred_cuisine=[\"American\"],\n        eco_friendly_packaging=True\n    ),\n    MealPrepService(\n        name=\"Wholesome Eats\",\n        service_area=\"Phoenix\",\n        meal_types=[\"vegetarian\", \"vegan\", \"paleo\"],\n        delivery_days=[\"Monday\", \"Tuesday\", \"Friday\"],\n        budget=100,\n        subscription_type=\"monthly\",\n        serving_size=2,\n        dietary_restrictions=[\"dairy-free\", \"gluten-free\"],\n        preferred_cuisine=[\"Asian\", \"Mediterranean\"],\n        eco_friendly_packaging=True\n    )\n]\n```",
    "database": [
      {
        "name": "Healthy Bites",
        "service_area": "Denver",
        "meal_types": [
          "vegan",
          "gluten-free"
        ],
        "delivery_days": [
          "Tuesday",
          "Saturday"
        ],
        "budget": 50,
        "subscription_type": "weekly",
        "serving_size": 4,
        "dietary_restrictions": [
          "nut-free"
        ],
        "preferred_cuisine": [
          "American"
        ],
        "eco_friendly_packaging": true
      },
      {
        "name": "NutriBox",
        "service_area": "Seattle",
        "meal_types": [
          "vegetarian",
          "gluten-free"
        ],
        "delivery_days": [
          "Tuesday",
          "Thursday"
        ],
        "budget": 55,
        "subscription_type": "monthly",
        "serving_size": 3,
        "dietary_restrictions": [
          "dairy-free"
        ],
        "preferred_cuisine": [
          "Indian"
        ],
        "eco_friendly_packaging": true
      },
      {
        "name": "Green Plate",
        "service_area": "Boulder",
        "meal_types": [
          "vegan",
          "gluten-free"
        ],
        "delivery_days": [
          "Wednesday",
          "Saturday"
        ],
        "budget": 40,
        "subscription_type": "weekly",
        "serving_size": 3,
        "dietary_restrictions": [
          "nut-free"
        ],
        "preferred_cuisine": [
          "Mediterranean"
        ],
        "eco_friendly_packaging": true
      },
      {
        "name": "Wholesome Eats",
        "service_area": "Phoenix",
        "meal_types": [
          "vegetarian",
          "vegan",
          "paleo"
        ],
        "delivery_days": [
          "Monday",
          "Tuesday",
          "Friday"
        ],
        "budget": 100,
        "subscription_type": "monthly",
        "serving_size": 2,
        "dietary_restrictions": [
          "dairy-free",
          "gluten-free"
        ],
        "preferred_cuisine": [
          "Asian",
          "Mediterranean"
        ],
        "eco_friendly_packaging": true
      },
      {
        "name": "Vegan Delights",
        "service_area": "Chicago",
        "meal_types": [
          "vegan"
        ],
        "delivery_days": [
          "Monday",
          "Thursday"
        ],
        "budget": 50,
        "subscription_type": "weekly",
        "serving_size": 3,
        "dietary_restrictions": [
          "soy-free"
        ],
        "preferred_cuisine": [
          "Italian"
        ],
        "eco_friendly_packaging": true
      },
      {
        "name": "Fresh Feast",
        "service_area": "Denver",
        "meal_types": [
          "vegan",
          "gluten-free"
        ],
        "delivery_days": [
          "Wednesday",
          "Saturday"
        ],
        "budget": 45,
        "subscription_type": "weekly",
        "serving_size": 4,
        "dietary_restrictions": [
          "nut-free"
        ],
        "preferred_cuisine": [
          "American"
        ],
        "eco_friendly_packaging": true
      },
      {
        "name": "Green Eats",
        "service_area": "New York",
        "meal_types": [
          "vegetarian",
          "vegan"
        ],
        "delivery_days": [
          "Monday",
          "Wednesday",
          "Friday"
        ],
        "budget": 60,
        "subscription_type": "weekly",
        "serving_size": 2,
        "dietary_restrictions": [
          "nut-free"
        ],
        "preferred_cuisine": [
          "Asian",
          "Mediterranean"
        ],
        "eco_friendly_packaging": true
      },
      {
        "name": "Keto Bites",
        "service_area": "Austin",
        "meal_types": [
          "keto"
        ],
        "delivery_days": [
          "Friday",
          "Sunday"
        ],
        "budget": 70,
        "subscription_type": "monthly",
        "serving_size": 2,
        "dietary_restrictions": [
          "egg-free"
        ],
        "preferred_cuisine": [
          "Asian"
        ],
        "eco_friendly_packaging": false
      },
      {
        "name": "Gluten-Free Gourmet",
        "service_area": "Miami",
        "meal_types": [
          "gluten-free"
        ],
        "delivery_days": [
          "Monday",
          "Wednesday",
          "Friday"
        ],
        "budget": 65,
        "subscription_type": "weekly",
        "serving_size": 1,
        "dietary_restrictions": [
          "nut-free"
        ],
        "preferred_cuisine": [
          "Italian",
          "French"
        ],
        "eco_friendly_packaging": true
      },
      {
        "name": "Vegan Delights",
        "service_area": "Denver",
        "meal_types": [
          "vegan"
        ],
        "delivery_days": [
          "Wednesday",
          "Saturday"
        ],
        "budget": 45,
        "subscription_type": "monthly",
        "serving_size": 4,
        "dietary_restrictions": [
          "nut-free"
        ],
        "preferred_cuisine": [
          "American"
        ],
        "eco_friendly_packaging": true
      },
      {
        "name": "Paleo Kitchen",
        "service_area": "San Francisco",
        "meal_types": [
          "paleo"
        ],
        "delivery_days": [
          "Wednesday",
          "Saturday"
        ],
        "budget": 80,
        "subscription_type": "one-time",
        "serving_size": 4,
        "dietary_restrictions": [
          "gluten-free"
        ],
        "preferred_cuisine": [
          "Mexican"
        ],
        "eco_friendly_packaging": true
      },
      {
        "name": "Healthy Plates",
        "service_area": "Los Angeles",
        "meal_types": [
          "paleo",
          "keto"
        ],
        "delivery_days": [
          "Tuesday",
          "Thursday"
        ],
        "budget": 75,
        "subscription_type": "monthly",
        "serving_size": 1,
        "dietary_restrictions": [
          "dairy-free"
        ],
        "preferred_cuisine": [
          "American"
        ],
        "eco_friendly_packaging": false
      },
      {
        "name": "Balanced Meals",
        "service_area": "Boston",
        "meal_types": [
          "paleo",
          "keto",
          "vegetarian"
        ],
        "delivery_days": [
          "Monday",
          "Thursday"
        ],
        "budget": 90,
        "subscription_type": "one-time",
        "serving_size": 2,
        "dietary_restrictions": [
          "soy-free"
        ],
        "preferred_cuisine": [
          "Mediterranean"
        ],
        "eco_friendly_packaging": false
      }
    ],
    "goal": {
      "name": "Green Plate",
      "service_area": "Boulder",
      "meal_types": [
        "vegan",
        "gluten-free"
      ],
      "delivery_days": [
        "Wednesday",
        "Saturday"
      ],
      "budget": 40,
      "subscription_type": "weekly",
      "serving_size": 3,
      "dietary_restrictions": [
        "nut-free"
      ],
      "preferred_cuisine": [
        "Mediterranean"
      ],
      "eco_friendly_packaging": true
    },
    "status": "complete"
  }
]