[
  {
    "domain": "marketing position",
    "turns": [
      [
        "Hey, I'm looking for a full-time remote marketing job in the tech industry.",
        {
          "name": null,
          "job_type": "Full-time",
          "location": null,
          "industry": "Technology",
          "remote_option": "Yes",
          "required_experience": null,
          "company_size": null,
          "salary_range": null,
          "skills_required": null,
          "company_culture": null
        },
        "I have a few options for you; do you have a specific salary range in mind?"
      ],
      [
        "Yes, I'm looking for a salary range between $50,000 and $70,000.",
        {
          "name": null,
          "job_type": "Full-time",
          "location": null,
          "industry": "Technology",
          "remote_option": "Yes",
          "required_experience": null,
          "company_size": null,
          "salary_range": "$50,000 - $70,000",
          "skills_required": null,
          "company_culture": null
        },
        "Great! I have a couple of positions that fit that range. Are you looking for an entry-level or mid-level position?"
      ],
      [
        "I'm looking for an entry-level position.",
        {
          "name": null,
          "job_type": "Full-time",
          "location": null,
          "industry": "Technology",
          "remote_option": "Yes",
          "required_experience": "Entry-level",
          "company_size": null,
          "salary_range": "$50,000 - $70,000",
          "skills_required": null,
          "company_culture": null
        },
        "I found a position for a Content Marketing Specialist, it's remote and fits your criteria. Would you like to know more about it?"
      ],
      [
        "Yes, I\u2019d love to hear more about the Content Marketing Specialist position!",
        {
          "name": "Content Marketing Specialist",
          "job_type": "Full-time",
          "location": null,
          "industry": "Technology",
          "remote_option": "Yes",
          "required_experience": "Entry-level",
          "company_size": null,
          "salary_range": "$50,000 - $70,000",
          "skills_required": null,
          "company_culture": null
        },
        "The Content Marketing Specialist is a full-time remote role in the tech industry, offering a salary between $50,000 and $70,000, with skills required in Content Marketing and Social Media. How does that sound?"
      ],
      [
        "That sounds perfect! What can you tell me about the company culture?",
        {
          "name": "Content Marketing Specialist",
          "job_type": "Full-time",
          "location": null,
          "industry": "Technology",
          "remote_option": "Yes",
          "required_experience": "Entry-level",
          "company_size": null,
          "salary_range": "$50,000 - $70,000",
          "skills_required": [
            "Content Marketing",
            "Social Media"
          ],
          "company_culture": null
        },
        "The company culture is described as innovative and collaborative. Does that fit what you\u2019re looking for?"
      ],
      [
        "Yes, that fits my preference perfectly! When can I apply?",
        {
          "name": "Content Marketing Specialist",
          "job_type": "Full-time",
          "location": null,
          "industry": "Technology",
          "remote_option": "Yes",
          "required_experience": "Entry-level",
          "company_size": null,
          "salary_range": "$50,000 - $70,000",
          "skills_required": [
            "Content Marketing",
            "Social Media"
          ],
          "company_culture": "Innovative and collaborative"
        },
        "You can apply right away! Would you like me to assist you with the application process?"
      ]
    ],
    "preferences_code": "```python\npreferences = MarketingJobCriteria(\n    name='Content Marketing Specialist',\n    job_type='Full-time',\n    location='Remote',\n    industry='Technology',\n    remote_option='Yes',\n    required_experience='Entry-level',\n    company_size='Medium',\n    salary_range='$50,000 - $70,000',\n    skills_required=['Content Marketing', 'Social Media'],\n    company_culture='Innovative and collaborative environment.'\n)\n```",
    "red_herrings_code": "```python\n# Global variable containing a list of similar marketing position examples\nsimilar_marketing_positions = [\n    MarketingPosition(\n        name='Digital Marketing Manager',\n        job_type='Full-time',\n        location='New York, NY',\n        industry='Technology',\n        remote_option='Flexible',\n        required_experience='Mid-level',\n        company_size='Medium',\n        salary_range='$70,000 - $90,000',\n        skills_required=['SEO', 'Content Marketing', 'Social Media', 'PPC'],\n        company_culture='Innovative and collaborative environment.'\n    ),\n    MarketingPosition(\n        name='Content Marketing Specialist',\n        job_type='Full-time',\n        location='Remote',\n        industry='Technology',\n        remote_option='Yes',\n        required_experience='Entry-level',\n        company_size='Medium',\n        salary_range='$50,000 - $70,000',\n        skills_required=['Content Marketing', 'Social Media'],\n        company_culture='Innovative and collaborative environment.'\n    ),\n    MarketingPosition(\n        name='SEO Specialist',\n        job_type='Part-time',\n        location='New York, NY',\n        industry='Technology',\n        remote_option='Flexible',\n        required_experience='Mid-level',\n        company_size='Medium',\n        salary_range='$55,000 - $75,000',\n        skills_required=['SEO', 'Analytics'],\n        company_culture='Innovative and collaborative environment.'\n    )\n]\n```",
    "database_code": "```python\n# Global variable representing a list of marketing position examples\nmarketing_positions = [\n    MarketingPosition(\n        name=\"Digital Marketing Specialist\",\n        job_type=\"Full-time\",\n        location=\"New York, NY\",\n        industry=\"Technology\",\n        remote_option=\"Flexible\",\n        required_experience=\"Mid-level\",\n        company_size=\"Medium\",\n        salary_range=\"$60,000 - $80,000\",\n        skills_required=[\"SEO\", \"Content Marketing\", \"Social Media\"],\n        company_culture=\"Innovative and collaborative environment.\"\n    ),\n    MarketingPosition(\n        name=\"Marketing Coordinator\",\n        job_type=\"Part-time\",\n        location=\"Los Angeles, CA\",\n        industry=\"Entertainment\",\n        remote_option=\"Yes\",\n        required_experience=\"Entry-level\",\n        company_size=\"Small\",\n        salary_range=\"$25,000 - $35,000\",\n        skills_required=[\"Communication\", \"Organization\"],\n        company_culture=\"Fast-paced and creative.\"\n    ),\n    MarketingPosition(\n        name=\"Senior Brand Manager\",\n        job_type=\"Full-time\",\n        location=\"Chicago, IL\",\n        industry=\"Retail\",\n        remote_option=\"No\",\n        required_experience=\"Senior-level\",\n        company_size=\"Large\",\n        salary_range=\"$90,000 - $120,000\",\n        skills_required=[\"Brand Strategy\", \"Market Research\"],\n        company_culture=\"Results-driven and customer-focused.\"\n    ),\n    MarketingPosition(\n        name=\"Content Marketing Intern\",\n        job_type=\"Internship\",\n        location=\"Remote\",\n        industry=\"Education\",\n        remote_option=\"Yes\",\n        required_experience=\"Entry-level\",\n        company_size=\"Startup\",\n        salary_range=\"Unpaid\",\n        skills_required=[\"Writing\", \"Creativity\"],\n        company_culture=\"Supportive and learning-oriented.\"\n    ),\n    MarketingPosition(\n        name=\"Social Media Manager\",\n        job_type=\"Full-time\",\n        location=\"Austin, TX\",\n        industry=\"Technology\",\n        remote_option=\"Flexible\",\n        required_experience=\"Mid-level\",\n        company_size=\"Medium\",\n        salary_range=\"$50,000 - $70,000\",\n        skills_required=[\"Social Media Strategy\", \"Analytics\"],\n        company_culture=\"Dynamic and forward-thinking.\"\n    ),\n    MarketingPosition(\n        name=\"Product Marketing Manager\",\n        job_type=\"Contract\",\n        location=\"San Francisco, CA\",\n        industry=\"Technology\",\n        remote_option=\"No\",\n        required_experience=\"Senior-level\",\n        company_size=\"Large\",\n        salary_range=\"$100,000 - $130,000\",\n        skills_required=[\"Product Launch\", \"Market Analysis\"],\n        company_culture=\"Collaborative and innovative.\"\n    ),\n    MarketingPosition(\n        name=\"Email Marketing Specialist\",\n        job_type=\"Full-time\",\n        location=\"Seattle, WA\",\n        industry=\"Finance\",\n        remote_option=\"Yes\",\n        required_experience=\"Mid-level\",\n        company_size=\"Medium\",\n        salary_range=\"$70,000 - $90,000\",\n        skills_required=[\"Email Campaigns\", \"Copywriting\"],\n        company_culture=\"Data-driven and customer-centric.\"\n    ),\n    MarketingPosition(\n        name=\"Marketing Analyst\",\n        job_type=\"Full-time\",\n        location=\"Boston, MA\",\n        industry=\"Healthcare\",\n        remote_option=\"Flexible\",\n        required_experience=\"Mid-level\",\n        company_size=\"Large\",\n        salary_range=\"$80,000 - $100,000\",\n        skills_required=[\"Data Analysis\", \"Reporting\"],\n        company_culture=\"Analytical and research-focused.\"\n    ),\n    MarketingPosition(\n        name=\"Event Marketing Manager\",\n        job_type=\"Temporary\",\n        location=\"Miami, FL\",\n        industry=\"Entertainment\",\n        remote_option=\"No\",\n        required_experience=\"Mid-level\",\n        company_size=\"Small\",\n        salary_range=\"$60,000 - $80,000\",\n        skills_required=[\"Event Planning\", \"Networking\"],\n        company_culture=\"Energetic and fun-loving.\"\n    ),\n    MarketingPosition(\n        name=\"SEO Specialist\",\n        job_type=\"Full-time\",\n        location=\"Denver, CO\",\n        industry=\"Technology\",\n        remote_option=\"Yes\",\n        required_experience=\"Entry-level\",\n        company_size=\"Startup\",\n        salary_range=\"$45,000 - $65,000\",\n        skills_required=[\"SEO Tools\", \"Keyword Research\"],\n        company_culture=\"Innovative and growth-oriented.\"\n    ),\n]\n```",
    "database": [
      {
        "name": "Content Marketing Intern",
        "job_type": "Internship",
        "location": "Remote",
        "industry": "Education",
        "remote_option": "Yes",
        "required_experience": "Entry-level",
        "company_size": "Startup",
        "salary_range": "Unpaid",
        "skills_required": [
          "Writing",
          "Creativity"
        ],
        "company_culture": "Supportive and learning-oriented."
      },
      {
        "name": "Event Marketing Manager",
        "job_type": "Temporary",
        "location": "Miami, FL",
        "industry": "Entertainment",
        "remote_option": "No",
        "required_experience": "Mid-level",
        "company_size": "Small",
        "salary_range": "$60,000 - $80,000",
        "skills_required": [
          "Event Planning",
          "Networking"
        ],
        "company_culture": "Energetic and fun-loving."
      },
      {
        "name": "Digital Marketing Specialist",
        "job_type": "Full-time",
        "location": "New York, NY",
        "industry": "Technology",
        "remote_option": "Flexible",
        "required_experience": "Mid-level",
        "company_size": "Medium",
        "salary_range": "$60,000 - $80,000",
        "skills_required": [
          "SEO",
          "Content Marketing",
          "Social Media"
        ],
        "company_culture": "Innovative and collaborative environment."
      },
      {
        "name": "Marketing Analyst",
        "job_type": "Full-time",
        "location": "Boston, MA",
        "industry": "Healthcare",
        "remote_option": "Flexible",
        "required_experience": "Mid-level",
        "company_size": "Large",
        "salary_range": "$80,000 - $100,000",
        "skills_required": [
          "Data Analysis",
          "Reporting"
        ],
        "company_culture": "Analytical and research-focused."
      },
      {
        "name": "Email Marketing Specialist",
        "job_type": "Full-time",
        "location": "Seattle, WA",
        "industry": "Finance",
        "remote_option": "Yes",
        "required_experience": "Mid-level",
        "company_size": "Medium",
        "salary_range": "$70,000 - $90,000",
        "skills_required": [
          "Email Campaigns",
          "Copywriting"
        ],
        "company_culture": "Data-driven and customer-centric."
      },
      {
        "name": "SEO Specialist",
        "job_type": "Part-time",
        "location": "New York, NY",
        "industry": "Technology",
        "remote_option": "Flexible",
        "required_experience": "Mid-level",
        "company_size": "Medium",
        "salary_range": "$55,000 - $75,000",
        "skills_required": [
          "SEO",
          "Analytics"
        ],
        "company_culture": "Innovative and collaborative environment."
      },
      {
        "name": "Marketing Coordinator",
        "job_type": "Part-time",
        "location": "Los Angeles, CA",
        "industry": "Entertainment",
        "remote_option": "Yes",
        "required_experience": "Entry-level",
        "company_size": "Small",
        "salary_range": "$25,000 - $35,000",
        "skills_required": [
          "Communication",
          "Organization"
        ],
        "company_culture": "Fast-paced and creative."
      },
      {
        "name": "Social Media Manager",
        "job_type": "Full-time",
        "location": "Austin, TX",
        "industry": "Technology",
        "remote_option": "Flexible",
        "required_experience": "Mid-level",
        "company_size": "Medium",
        "salary_range": "$50,000 - $70,000",
        "skills_required": [
          "Social Media Strategy",
          "Analytics"
        ],
        "company_culture": "Dynamic and forward-thinking."
      },
      {
        "name": "SEO Specialist",
        "job_type": "Full-time",
        "location": "Denver, CO",
        "industry": "Technology",
        "remote_option": "Yes",
        "required_experience": "Entry-level",
        "company_size": "Startup",
        "salary_range": "$45,000 - $65,000",
        "skills_required": [
          "SEO Tools",
          "Keyword Research"
        ],
        "company_culture": "Innovative and growth-oriented."
      },
      {
        "name": "Product Marketing Manager",
        "job_type": "Contract",
        "location": "San Francisco, CA",
        "industry": "Technology",
        "remote_option": "No",
        "required_experience": "Senior-level",
        "company_size": "Large",
        "salary_range": "$100,000 - $130,000",
        "skills_required": [
          "Product Launch",
          "Market Analysis"
        ],
        "company_culture": "Collaborative and innovative."
      },
      {
        "name": "Content Marketing Specialist",
        "job_type": "Full-time",
        "location": "Remote",
        "industry": "Technology",
        "remote_option": "Yes",
        "required_experience": "Entry-level",
        "company_size": "Medium",
        "salary_range": "$50,000 - $70,000",
        "skills_required": [
          "Content Marketing",
          "Social Media"
        ],
        "company_culture": "Innovative and collaborative environment."
      },
      {
        "name": "Digital Marketing Manager",
        "job_type": "Full-time",
        "location": "New York, NY",
        "industry": "Technology",
        "remote_option": "Flexible",
        "required_experience": "Mid-level",
        "company_size": "Medium",
        "salary_range": "$70,000 - $90,000",
        "skills_required": [
          "SEO",
          "Content Marketing",
          "Social Media",
          "PPC"
        ],
        "company_culture": "Innovative and collaborative environment."
      },
      {
        "name": "Senior Brand Manager",
        "job_type": "Full-time",
        "location": "Chicago, IL",
        "industry": "Retail",
        "remote_option": "No",
        "required_experience": "Senior-level",
        "company_size": "Large",
        "salary_range": "$90,000 - $120,000",
        "skills_required": [
          "Brand Strategy",
          "Market Research"
        ],
        "company_culture": "Results-driven and customer-focused."
      }
    ],
    "goal": {
      "name": "Content Marketing Specialist",
      "job_type": "Full-time",
      "location": "Remote",
      "industry": "Technology",
      "remote_option": "Yes",
      "required_experience": "Entry-level",
      "company_size": "Medium",
      "salary_range": "$50,000 - $70,000",
      "skills_required": [
        "Content Marketing",
        "Social Media"
      ],
      "company_culture": "Innovative and collaborative environment."
    },
    "status": "complete"
  }
]