[
  {
    "searcher": "job seeker",
    "recommender": "recruiter",
    "dialogue": "A job seeker is getting help from a recruiter to find the right marketing position",
    "item_type": "marketing position",
    "criteria": [
      "type",
      "location",
      "industry"
    ],
    "searcher_schema_code": "```python\nfrom dataclasses import dataclass\nfrom typing import Optional, Literal\n\n@dataclass\nclass MarketingJobCriteria:\n    \"\"\"\n    A data class representing the criteria and preferences for finding a marketing position.\n    \"\"\"\n    \n    name: Optional[str] = None\n    \"\"\"The specific name of the marketing position the job seeker is looking for.\"\"\"\n    \n    job_type: Optional[Literal['Full-time', 'Part-time', 'Contract', 'Temporary', 'Internship']] = None\n    \"\"\"The type of job employment the job seeker prefers.\"\"\"\n    \n    location: Optional[str] = None\n    \"\"\"The preferred geographic location for the job.\"\"\"\n    \n    industry: Optional[Literal['Technology', 'Finance', 'Healthcare', 'Retail', 'Education', 'Entertainment']] = None\n    \"\"\"The industry in which the job seeker wishes to find a marketing position.\"\"\"\n    \n    remote_option: Optional[Literal['Yes', 'No', 'Flexible']] = None\n    \"\"\"Preference for remote work availability in the job.\"\"\"\n    \n    required_experience: Optional[Literal['Entry-level', 'Mid-level', 'Senior-level']] = None\n    \"\"\"The level of experience required for the job that matches the job seeker's profile.\"\"\"\n    \n    company_size: Optional[Literal['Startup', 'Small', 'Medium', 'Large']] = None\n    \"\"\"The preferred size of the company offering the job.\"\"\"\n    \n    salary_range: Optional[str] = None\n    \"\"\"The preferred salary range for the job position.\"\"\"\n    \n    skills_required: Optional[list] = None\n    \"\"\"A list of specific skills or competencies required for the job.\"\"\"\n    \n    company_culture: Optional[str] = None\n    \"\"\"Description or preference for the type of company culture desired.\"\"\"\n```",
    "recommender_schema_code": "```python\nfrom dataclasses import dataclass\nfrom typing import Optional, Literal\n\n@dataclass\nclass MarketingPosition:\n    \"\"\"\n    A data class representing a marketing position known to the recruiter.\n    \"\"\"\n\n    name: Optional[str] = None\n    \"\"\"The specific name of the marketing position.\"\"\"\n\n    job_type: Optional[Literal['Full-time', 'Part-time', 'Contract', 'Temporary', 'Internship']] = None\n    \"\"\"The type of job employment.\"\"\"\n\n    location: Optional[str] = None\n    \"\"\"The geographic location of the job.\"\"\"\n\n    industry: Optional[Literal['Technology', 'Finance', 'Healthcare', 'Retail', 'Education', 'Entertainment']] = None\n    \"\"\"The industry of the marketing position.\"\"\"\n\n    remote_option: Optional[Literal['Yes', 'No', 'Flexible']] = None\n    \"\"\"Remote work availability for the job.\"\"\"\n\n    required_experience: Optional[Literal['Entry-level', 'Mid-level', 'Senior-level']] = None\n    \"\"\"The level of experience required for the job.\"\"\"\n\n    company_size: Optional[Literal['Startup', 'Small', 'Medium', 'Large']] = None\n    \"\"\"The size of the company offering the job.\"\"\"\n\n    salary_range: Optional[str] = None\n    \"\"\"The salary range offered for the job position.\"\"\"\n\n    skills_required: Optional[list] = None\n    \"\"\"A list of specific skills or competencies required for the job.\"\"\"\n\n    company_culture: Optional[str] = None\n    \"\"\"Description of the company culture.\"\"\"\n\n    def matches_criteria(self, criteria: MarketingJobCriteria) -> bool:\n        \"\"\"\n        Determine if the marketing position matches the given job search criteria.\n        \n        :param criteria: A MarketingJobCriteria object containing the job seeker's preferences.\n        :return: True if the position matches the criteria, False otherwise.\n        \"\"\"\n        # Check each criterion and return False if a mismatch is found\n        if criteria.name and self.name != criteria.name:\n            return False\n        if criteria.job_type and self.job_type != criteria.job_type:\n            return False\n        if criteria.location and self.location != criteria.location:\n            return False\n        if criteria.industry and self.industry != criteria.industry:\n            return False\n        if criteria.remote_option and self.remote_option != criteria.remote_option:\n            return False\n        if criteria.required_experience and self.required_experience != criteria.required_experience:\n            return False\n        if criteria.company_size and self.company_size != criteria.company_size:\n            return False\n        if criteria.salary_range and self.salary_range != criteria.salary_range:\n            return False\n        if criteria.skills_required:\n            if not self.skills_required or not all(skill in self.skills_required for skill in criteria.skills_required):\n                return False\n        if criteria.company_culture and self.company_culture != criteria.company_culture:\n            return False\n\n        # If all criteria matched or were not specified, return True\n        return True\n```",
    "searcher_schema": {
      "name": {
        "type": "typing.Optional[str]",
        "desc": ""
      },
      "job_type": {
        "type": "typing.Optional[typing.Literal['Full-time', 'Part-time', 'Contract', 'Temporary', 'Internship']]",
        "desc": "The specific name of the marketing position the job seeker is looking for."
      },
      "location": {
        "type": "typing.Optional[str]",
        "desc": "The type of job employment the job seeker prefers."
      },
      "industry": {
        "type": "typing.Optional[typing.Literal['Technology', 'Finance', 'Healthcare', 'Retail', 'Education', 'Entertainment']]",
        "desc": "The preferred geographic location for the job."
      },
      "remote_option": {
        "type": "typing.Optional[typing.Literal['Yes', 'No', 'Flexible']]",
        "desc": "The industry in which the job seeker wishes to find a marketing position."
      },
      "required_experience": {
        "type": "typing.Optional[typing.Literal['Entry-level', 'Mid-level', 'Senior-level']]",
        "desc": "Preference for remote work availability in the job."
      },
      "company_size": {
        "type": "typing.Optional[typing.Literal['Startup', 'Small', 'Medium', 'Large']]",
        "desc": "The level of experience required for the job that matches the job seeker's profile."
      },
      "salary_range": {
        "type": "typing.Optional[str]",
        "desc": "The preferred size of the company offering the job."
      },
      "skills_required": {
        "type": "typing.Optional[list]",
        "desc": "The preferred salary range for the job position."
      },
      "company_culture": {
        "type": "typing.Optional[str]",
        "desc": "A list of specific skills or competencies required for the job."
      }
    },
    "recommender_schema": {
      "name": {
        "type": "typing.Optional[str]",
        "desc": ""
      },
      "job_type": {
        "type": "typing.Optional[typing.Literal['Full-time', 'Part-time', 'Contract', 'Temporary', 'Internship']]",
        "desc": "The specific name of the marketing position."
      },
      "location": {
        "type": "typing.Optional[str]",
        "desc": "The type of job employment."
      },
      "industry": {
        "type": "typing.Optional[typing.Literal['Technology', 'Finance', 'Healthcare', 'Retail', 'Education', 'Entertainment']]",
        "desc": "The geographic location of the job."
      },
      "remote_option": {
        "type": "typing.Optional[typing.Literal['Yes', 'No', 'Flexible']]",
        "desc": "The industry of the marketing position."
      },
      "required_experience": {
        "type": "typing.Optional[typing.Literal['Entry-level', 'Mid-level', 'Senior-level']]",
        "desc": "Remote work availability for the job."
      },
      "company_size": {
        "type": "typing.Optional[typing.Literal['Startup', 'Small', 'Medium', 'Large']]",
        "desc": "The level of experience required for the job."
      },
      "salary_range": {
        "type": "typing.Optional[str]",
        "desc": "The size of the company offering the job."
      },
      "skills_required": {
        "type": "typing.Optional[list]",
        "desc": "The salary range offered for the job position."
      },
      "company_culture": {
        "type": "typing.Optional[str]",
        "desc": "A list of specific skills or competencies required for the job."
      }
    }
  }
]